distance,objid,ra,dec,cModelMag_u,cModelMag_g,cModelMag_r,cModelMag_i,cModelMag_z,cModelMagErr_u,cModelMagErr_g,cModelMagErr_r,cModelMagErr_i,cModelMagErr_z,extinction_u,extinction_g,extinction_r,extinction_i,extinction_z,sdss_photo_redshift,sdss_photo_redshift_error,photoErrorClass,specObjID,spec_redshift,spec_redshift_error
1.04903637095984,1237679320163287420,0.42175263630412,11.1758884794213,21.93596,21.7651,20.27299,19.37345,18.7945,0.4843049,0.139954,0.06833037,0.04716909,0.1098154,0.2986684,0.2327204,0.1609949,0.1196365,0.08898755,0.498422,0.038678,1,6960529656866166784,0.5511317,0.0001678665
1.49420132594193,1237679320163287164,0.459981870376851,11.1770246133322,18.95205,17.40968,16.35541,15.83608,15.4913,0.06577896,0.006160393,0.00407237,0.003906975,0.007205465,0.2969422,0.2313753,0.1600644,0.118945,0.08847322,0.119487,0.015277,1,6960530481499887616,0.08758612,1.264535e-05
