distance,objid,ra,dec,cModelMag_u,cModelMag_g,cModelMag_r,cModelMag_i,cModelMag_z,cModelMagErr_u,cModelMagErr_g,cModelMagErr_r,cModelMagErr_i,cModelMagErr_z,extinction_u,extinction_g,extinction_r,extinction_i,extinction_z,sdss_photo_redshift,sdss_photo_redshift_error,photoErrorClass,specObjID,spec_redshift,spec_redshift_error
2.27335264668201,1237667292643721454,119.781696443483,11.901855683522,24.35999,22.36231,19.39219,19.12946,18.84859,0.9932312,0.133026,0.02781461,0.0243655,0.07520512,0.09489451,0.07394116,0.05115215,0.03801153,0.0282736,0.369808,0.041279,1,5073345755579963392,0.3714967,8.156084e-05
2.33739180815816,1237667292643722405,119.807859272064,11.9021040944413,20.45444,21.30003,19.61464,18.88162,18.43273,0.3476103,0.06760805,0.02699546,0.02020796,0.05802797,0.09424326,0.07343371,0.0508011,0.03775066,0.02807956,0.440993,0.054874,1,5073344381190428672,0.4732605,0.0001563615
3.75371553073762,1237667429547377277,119.757357339295,11.814168687514,19.91539,17.9606,16.8252,16.42185,16.0551,0.08105667,0.007959081,0.005039986,0.005200604,0.01063424,0.08967392,0.06987332,0.04833804,0.03592034,0.02671813,0.153891,0.008967,1,2550176544777594880,0.1707745,2.73984e-05
