distance,objid,ra,dec,cModelMag_u,cModelMag_g,cModelMag_r,cModelMag_i,cModelMag_z,cModelMagErr_u,cModelMagErr_g,cModelMagErr_r,cModelMagErr_i,cModelMagErr_z,extinction_u,extinction_g,extinction_r,extinction_i,extinction_z,sdss_photo_redshift,sdss_photo_redshift_error,photoErrorClass,specObjID,spec_redshift,spec_redshift_error
2.69369291908202,1237667781207654892,145.425882269696,16.6091908811888,22.52164,22.49926,21.56174,21.12955,20.89015,0.5638519,0.1515077,0.1198201,0.103807,0.2521787,0.1270911,0.09902852,0.06850747,0.05090839,0.03786649,0.433396,0.157825,3,10789607515060721664,0.8010786,6.885412e-05
2.76132010544964,1237667781207720435,145.517472055408,16.6222352149001,20.87309,21.72847,21.21794,19.74454,19.5684,0.2243016,0.1169499,0.09309793,0.03645705,0.09348576,0.1341284,0.104512,0.0723009,0.05372731,0.03996325,0.786119,0.068762,-1,5986461582393366528,0.722615,0.0001645025
2.88651437027997,1237667781207654704,145.487691706217,16.5599472448863,21.14406,21.54271,20.70462,19.56097,19.69946,0.2397024,0.1177335,0.06485639,0.04520158,0.189928,0.1446346,0.1126983,0.07796419,0.05793575,0.04309355,0.609135,0.056101,1,5986460757759645696,0.6410206,0.0001635723
3.14800368105311,1237667781207655156,145.41885996074,16.6158687721375,21.02277,21.82815,20.69085,19.68335,18.912,0.3169424,0.1780374,0.08435757,0.04298924,0.103221,0.125813,0.09803262,0.06781851,0.05039642,0.03748568,0.619449,0.051026,1,5986461307515459584,0.7355999,0.000241256
