distance,objid,ra,dec,cModelMag_u,cModelMag_g,cModelMag_r,cModelMag_i,cModelMag_z,cModelMagErr_u,cModelMagErr_g,cModelMagErr_r,cModelMagErr_i,cModelMagErr_z,extinction_u,extinction_g,extinction_r,extinction_i,extinction_z,sdss_photo_redshift,sdss_photo_redshift_error,photoErrorClass,specObjID,spec_redshift,spec_redshift_error
0.850247115243997,1237667429025907333,154.793574710366,23.3084834313451,21.22332,22.19542,20.44073,19.38318,19.01228,0.5472559,0.116012,0.03889141,0.02857173,0.08707668,0.09201062,0.07169405,0.04959761,0.03685634,0.02741435,0.531976,0.030887,1,7232935313290844160,0.5176989,0.0001121666
0.900018373851848,1237667429025907613,154.793984101855,23.3063029761889,21.38449,22.73915,22.18074,21.10773,19.84026,0.2708764,0.2117389,0.1823123,0.1317348,0.293693,0.09214438,0.07179828,0.04966972,0.03690992,0.0274542,0.802437,0.09967,-4,10824640429859035136,0.9320062,0.0001354375
2.99229009192205,1237667429025972904,154.832573923798,23.3088360300288,23.37847,21.94966,22.03708,21.14678,21.17132,0.6783117,0.2172388,0.15121,0.1424369,0.4966171,0.09091169,0.07083777,0.04900524,0.03641615,0.02708692,0.461847,0.0937,-7,10824653349120661504,0.7219492,0.0001236111
