distance,objid,ra,dec,cModelMag_u,cModelMag_g,cModelMag_r,cModelMag_i,cModelMag_z,cModelMagErr_u,cModelMagErr_g,cModelMagErr_r,cModelMagErr_i,cModelMagErr_z,extinction_u,extinction_g,extinction_r,extinction_i,extinction_z,sdss_photo_redshift,sdss_photo_redshift_error,photoErrorClass,specObjID,spec_redshift,spec_redshift_error
0.290979396888213,1237663783134101773,23.8446341910864,-0.731706795563288,20.52891,19.87122,19.10729,18.9161,18.56014,0.07151138,0.02031095,0.01544474,0.01922569,0.04695163,0.1487928,0.1159384,0.08020563,0.05960138,0.04433247,0.318581,0.038413,1,784755570950301696,0.3640232,1.531185e-05
0.954055444168241,1237663783134101667,23.8519703304377,-0.744775496926668,20.29234,18.52175,17.75934,17.37459,17.20513,0.06677002,0.008891405,0.006976092,0.006782785,0.01440493,0.1486899,0.1158581,0.08015012,0.05956013,0.04430179,0.097715,0.034884,1,785949640192190464,0.08151997,1.01459e-05
1.24858855711695,1237663783134101673,23.8569325651194,-0.746489868316316,20.22941,17.56017,16.55609,16.0792,15.82239,0.09035618,0.009316956,0.005781603,0.005335489,0.01120691,0.1483538,0.1155963,0.07996897,0.05942552,0.04420167,0.146767,0.011022,1,4097282339478198272,0.1563352,1.974373e-05
1.58314171648962,1237663783134101675,23.86416096719,-0.745272690493732,21.96102,21.26216,21.19768,21.10397,22.40598,0.2800221,0.04501162,0.08401354,0.070201,0.5132492,0.1478635,0.1152143,0.07970469,0.05922912,0.04405559,0.572756,0.075372,-7,1691132784044697600,0.08032659,8.233851e-06
