distance,objid,ra,dec,cModelMag_u,cModelMag_g,cModelMag_r,cModelMag_i,cModelMag_z,cModelMagErr_u,cModelMagErr_g,cModelMagErr_r,cModelMagErr_i,cModelMagErr_z,extinction_u,extinction_g,extinction_r,extinction_i,extinction_z,sdss_photo_redshift,sdss_photo_redshift_error,photoErrorClass,specObjID,spec_redshift,spec_redshift_error
0.983048434681943,1237651539799442260,242.968979331645,53.0578805544744,21.51518,25.10864,21.82591,20.3358,20.09781,0.4075817,0.5557491,0.1922434,0.08729464,0.1540667,0.05168749,0.04027455,0.02786174,0.02070426,0.01540017,0.601355,0.035037,-7,9081780629411223552,0.8195599,0.0004036045
1.910435046606,1237651539799376136,243.00277699633,53.0998648882981,20.64151,18.42459,17.36422,17.01465,16.68426,0.0988051,0.009260179,0.00615459,0.006603718,0.01912315,0.05111839,0.0398311,0.02755497,0.0204763,0.0152306,0.139482,0.007857,1,699197070766008320,0.1492762,3.250733e-05
