distance,objid,ra,dec,cModelMag_u,cModelMag_g,cModelMag_r,cModelMag_i,cModelMag_z,cModelMagErr_u,cModelMagErr_g,cModelMagErr_r,cModelMagErr_i,cModelMagErr_z,extinction_u,extinction_g,extinction_r,extinction_i,extinction_z,sdss_photo_redshift,sdss_photo_redshift_error,photoErrorClass,specObjID,spec_redshift,spec_redshift_error
0.935360484243095,1237662620264497411,246.026857318345,26.086300518533,20.36057,18.65811,17.48183,17.03222,16.74196,0.1781895,0.01312475,0.006644988,0.006201466,0.01571348,0.2263556,0.1763747,0.1220152,0.0906704,0.06744212,0.181407,0.009372,1,1774438652802263040,0.1818259,4.478509e-05
2.12730490548212,1237662620264497606,246.004789713741,26.0577238663241,20.83523,19.20181,18.0282,17.44846,17.04118,0.2268127,0.01690267,0.008964296,0.007742417,0.01943401,0.2070975,0.161369,0.1116343,0.08295625,0.06170421,0.174515,0.022343,1,5636314952770017280,0.1439976,2.684326e-05
2.67389154793515,1237662667499045057,246.070387966519,26.0406668771154,19.55604,17.90441,16.94513,16.49417,16.11826,0.05997876,0.006804804,0.004996343,0.004781907,0.01164085,0.1994555,0.1554144,0.1075149,0.07989513,0.0594273,0.102624,0.021473,1,1774439202558076928,0.1044339,1.179651e-05
3.0764658420302,1237662667499045077,246.079310554541,26.0388609259695,19.68666,18.33574,17.68884,17.28754,17.15943,0.07740202,0.009916304,0.008316382,0.009010158,0.02969911,0.1983443,0.1545485,0.106916,0.07945001,0.05909621,0.108045,0.022399,1,1772280586019301376,0.105533,1.136595e-05
4.05202902034362,1237662667499045117,246.091381851693,26.0267256067307,19.04385,17.81545,17.138,16.75527,16.3938,0.05316696,0.007086569,0.005988309,0.006132348,0.01814135,0.1902168,0.1482157,0.1025349,0.07619442,0.05667465,0.0861,0.020693,1,1774438377924356096,0.1006312,1.712325e-05
4.61923885260495,1237662667499045114,246.067336799079,26.0025631612228,19.12383,17.89516,17.37564,17.04876,16.79733,0.04516941,0.006816164,0.006008553,0.006370523,0.02007108,0.1812129,0.1411998,0.0976814,0.07258775,0.05399195,0.079587,0.022302,1,1774437828168542208,0.07211652,1.092568e-05
