distance,objid,ra,dec,cModelMag_u,cModelMag_g,cModelMag_r,cModelMag_i,cModelMag_z,cModelMagErr_u,cModelMagErr_g,cModelMagErr_r,cModelMagErr_i,cModelMagErr_z,extinction_u,extinction_g,extinction_r,extinction_i,extinction_z,sdss_photo_redshift,sdss_photo_redshift_error,photoErrorClass,specObjID,spec_redshift,spec_redshift_error
2.49967482251108,1237660241385685206,46.0930404503262,0.437171451559339,20.60594,19.95022,19.36251,18.96979,18.80089,0.0764135,0.01747251,0.01618746,0.0159845,0.04174694,0.3388193,0.2640057,0.1826379,0.1357195,0.1009504,0.184584,0.031959,1,1759920966835660800,0.186252,9.91225e-06
2.74456522309073,1237660241385685179,46.0706622186763,0.51988330072709,18.79918,17.18607,16.54851,16.1582,15.91899,0.03004222,0.00528137,0.004353069,0.004558376,0.009321171,0.3468796,0.2702862,0.1869828,0.1389482,0.103352,0.072513,0.013082,1,799484078574299136,0.04351792,8.230096e-06
2.96488474429881,1237663328935281235,46.0737679247277,0.42485463965525,20.89138,24.21194,21.66834,20.69547,19.15551,0.607482,0.8075185,0.1493707,0.08766303,0.2050773,0.3427967,0.2671049,0.1847819,0.1373128,0.1021355,0.387909,0.034414,-7,1759921241713567744,0.6903874,0.0002322074
3.06924248348314,1237660241385685189,46.0743952402929,0.525421470111177,18.63329,17.22411,16.57922,16.15783,15.93538,0.0560796,0.006775812,0.004972986,0.005062856,0.0104075,0.347967,0.2711335,0.1875689,0.1393838,0.103676,0.078015,0.017023,1,462883155783739392,0.1075503,1.998947e-05
3.37418028958686,1237660241385685827,46.0421306354102,0.520548426115228,25.23803,22.12486,21.6447,20.52725,19.80005,0.6250237,0.4588102,0.1206204,0.06625763,0.1427625,0.3453204,0.2690713,0.1861423,0.1383237,0.1028874,0.536051,0.03698,-5,1759920417079846912,0.639504,0.0002548238
3.8447607105316,1237660241385685840,46.051745806153,0.534329909730422,23.07117,21.89495,20.72947,19.70199,19.59374,0.5816105,0.2431798,0.07431712,0.04398054,0.1530862,0.348195,0.2713111,0.1876918,0.1394751,0.1037439,0.567796,0.04164,3,1759924540248451072,0.6337272,0.0001759297
4.0235418073765,1237660241385685291,46.020898254847,0.515119672418836,21.4543,19.87509,19.21928,18.85421,18.48155,0.2057819,0.02752364,0.02538593,0.03313224,0.08714265,0.3435228,0.2676707,0.1851733,0.1376036,0.1023518,0.099398,0.03901,1,1759919867324033024,0.04216045,2.088648e-05
