distance,objid,ra,dec,cModelMag_u,cModelMag_g,cModelMag_r,cModelMag_i,cModelMag_z,cModelMagErr_u,cModelMagErr_g,cModelMagErr_r,cModelMagErr_i,cModelMagErr_z,extinction_u,extinction_g,extinction_r,extinction_i,extinction_z
0.00104161381685494,1237662697570500658,230.273781154614,28.4482851788723,17.90346,16.87976,16.24324,15.88047,15.61779,0.01639138,0.00412958,0.0038012,0.003743237,0.008923636,0.1089285,0.08487632,0.05871704,0.04363305,0.03245498
1.47305159273316,1237662697570500906,230.299909338785,28.4569854000224,18.72807,16.8012,15.74018,15.35851,15.04839,0.03980759,0.004170483,0.003089478,0.003056048,0.006084006,0.1095727,0.08537827,0.0590643,0.0438911,0.03264692
