distance,objid,ra,dec,cModelMag_u,cModelMag_g,cModelMag_r,cModelMag_i,cModelMag_z,cModelMagErr_u,cModelMagErr_g,cModelMagErr_r,cModelMagErr_i,cModelMagErr_z,extinction_u,extinction_g,extinction_r,extinction_i,extinction_z
0.210880226176491,1237655743487738203,238.107221140109,4.29077453642762,20.90764,19.12394,18.24484,17.7962,17.55527,0.115463,0.0122627,0.008498113,0.008471605,0.02155138,0.3133036,0.244124,0.1688839,0.1254988,0.09334806
1.13567604054782,1237655743487738180,238.088619715007,4.27912560083291,19.19047,17.99698,17.54034,17.1741,17.07357,0.06721464,0.01035061,0.009307178,0.01021108,0.03629369,0.3196844,0.2490959,0.1723234,0.1280548,0.09524922
3.77596490810556,1237662267541685293,238.143223207632,4.33968414785106,24.96828,21.46061,20.21098,19.35874,18.76113,0.975173,0.1166128,0.04278703,0.0264782,0.0649012,0.3039488,0.2368348,0.1638412,0.1217516,0.09056082
