distance,objid,ra,dec,cModelMag_u,cModelMag_g,cModelMag_r,cModelMag_i,cModelMag_z,cModelMagErr_u,cModelMagErr_g,cModelMagErr_r,cModelMagErr_i,cModelMagErr_z,extinction_u,extinction_g,extinction_r,extinction_i,extinction_z
0.68892608410639,1237663232839582126,357.711880184066,33.1219825342626,20.02406,17.95919,16.93962,16.49333,16.08642,0.05988079,0.007144978,0.004806795,0.004702555,0.009319704,0.2299064,0.1791415,0.1239293,0.09209272,0.06850006
0.883989781883061,1237663232839582746,357.736195465735,33.1379110409801,24.32935,21.40136,19.57655,18.57489,18.24874,0.8631729,0.1027537,0.03059874,0.02116353,0.05885612,0.2377667,0.1852662,0.1281663,0.09524129,0.07084203
1.54170953100491,1237680312302109616,357.696407115212,33.1461094858938,20.85548,22.84435,21.00728,20.01664,19.70298,0.7389614,0.1438127,0.07333323,0.06282327,0.1140431,0.240734,0.1875783,0.1297658,0.09642991,0.07172614
