distance,objid,ra,dec,cModelMag_u,cModelMag_g,cModelMag_r,cModelMag_i,cModelMag_z,cModelMagErr_u,cModelMagErr_g,cModelMagErr_r,cModelMagErr_i,cModelMagErr_z,extinction_u,extinction_g,extinction_r,extinction_i,extinction_z
1.78169171042403,1237649920037028133,9.20695891294577,15.0202896726076,24.42797,20.46539,18.70425,18.09968,17.49774,2.668012,0.05592251,0.01662758,0.01336965,0.03343745,0.376558,0.2934114,0.2029807,0.1508364,0.1121946
