objID,ra,dec
109040001193163072,0.11934327100623532,0.8688427105307612
