objID,ra,dec
104330001934859953,0.1936077736664133,-3.0503957942203086
