objID,ra,dec
100510004412069636,0.4411918606311409,-6.233987629152351
