objID,ra,dec
107310009986780479,0.9987111256593674,-0.5749537835698526
