objID,ra,dec
108670008704909034,0.8705525674392603,0.5654460325580127
