objID,ra,dec
106010004465355061,0.44651347745256004,-1.6545851063977157
106010004463374792,0.44649471064108137,-1.6546094177619095
