objID,ra,dec
99540007326977783,0.7327522650789168,-7.043766313794385
