objID,ra,dec
109130006651911708,0.6652140021863725,0.9426921496100567
