objID,ra,dec
111150003271381634,0.3272077258003556,2.6259377121446312
