objID,ra,dec
111430006285389697,0.6285363223327051,2.8660447937904876
111430006283139480,0.62830136,2.86585825
