objID,ra,dec
104130008801232333,0.8801818540072481,-3.2234105380891696
