objID,ra,dec
96640004227539070,0.42296394959824496,-9.459466980282372
96640004232028748,0.42313773,-9.45966199
