objID,ra,dec
110290001116675401,0.11161901594236855,1.9125215116491303
