objID,ra,dec
104910004534066137,0.4534435087905002,-2.5702269503749053
