objID,ra,dec
95540007124372399,0.7125335323947588,-10.38165227434746
