objID,ra,dec
112670001299804610,0.13000493780300237,3.8950849639302927
