objID,ra,dec
103150002311639543,0.23116569937169254,-4.03401179240384
