objID,ra,dec
107120008551471999,0.855096056148017,-0.7320705255856488
