objID,ra,dec
103930004898632563,0.49000156459555716,-3.389840097743847
