objID,ra,dec
95490008824195259,0.8824901944415844,-10.420991787704555
