objID,ra,dec
103580001084371744,0.10833490008573182,-3.682282119270099
