objID,ra,dec
109330002323393213,0.23236783944899245,1.1106378582753522
