objID,ra,dec
108900003763913222,0.37640941917736886,0.7523295418293556
