objID,ra,dec
110420002273501741,0.22737990723474744,2.0177114158413003
