objID,ra,dec
113140008159616906,0.8159791568833342,4.288739890934954
