objID,ra,dec
108560007088616851,0.7088627222172175,0.471997841975466
