objID,ra,dec
108020000174237889,0.01754956,0.02291531
