objID,ra,dec
100660000335549690,0.03357263664119717,-6.109005390193761
