objID,ra,dec
107020003760754635,0.376129633679024,-0.8131721022560637
