objID,ra,dec
99700007411758191,0.7412164137179309,-6.9101803986078005
