objID,ra,dec
108540009280616728,0.92813487,0.45527389
