objID,ra,dec
109230003524481267,0.35250845541714615,1.025764228828453
