objID,ra,dec
110340001528340677,0.15283775,1.95020344
110340001525410764,0.15255971340126234,1.9502864335157923
