objID,ra,dec
106970009689293758,0.9688919673457422,-0.8554821239132229
