objID,ra,dec
108360007475745694,0.7476015149723538,0.30435275545093143
