objID,ra,dec
102530006859586059,0.6858227295227036,-4.553620271310971
