objID,ra,dec
96220000859608908,0.08597158533643648,-9.809574417384338
