objID,ra,dec
106090003452989213,0.3453753791840919,-1.5843753447173508
106090003455018853,0.34551251,-1.58463898
