objID,ra,dec
103150007565037833,0.7565524809253904,-4.035520820380007
