objID,ra,dec
103020005487655874,0.54877546524909,-4.145527148473965
