objID,ra,dec
108820000474797834,0.04746358706591568,0.6894285197273402
