objID,ra,dec
97880007521833661,0.7522082388756166,-8.430552593110844
