objID,ra,dec
114030007292109337,0.7291907416695441,5.0323909235206
