objID,ra,dec
107900007698757002,0.7699078154874149,-0.07784066407256221
