objID,ra,dec
109310007031735272,0.7031037016394499,1.0957329810309366
109310007029945559,0.7030960588792852,1.0957652944040912
