objID,ra,dec
111430004962018612,0.49623356608209235,2.8651162187885184
