objID,ra,dec
110230001882266430,0.1882280713140259,1.8632966075868256
