objID,ra,dec
110320005031962221,0.5032157126824801,1.934815463404131
