objID,ra,dec
102910006699627150,0.6699676674700592,-4.2360446666447675
