objID,ra,dec
109060008272876449,0.8273498859434679,0.8883429858253319
