objID,ra,dec
102500004328829611,0.432903619082938,-4.5756997483396535
