objID,ra,dec
109120009241535321,0.9242276236565503,0.9374173391222875
