objID,ra,dec
102810004227224464,0.4228499364145962,-4.321687061719967
