objID,ra,dec
104460004552724166,0.4553241138797634,-2.946921340802058
