objID,ra,dec
109210006662104035,0.6662489320101543,1.011294955078434
