objID,ra,dec
108410002272834875,0.22730198740125668,0.3453742184115757
