objID,ra,dec
102570008469630083,0.8469291723278306,-4.525267249657628
