objID,ra,dec
112820002378319151,0.23782714582852588,4.0239115132866505
112820002380818920,0.23803299,4.02374078
