objID,ra,dec
97970007590343653,0.7589401729861848,-8.355521408646535
97970007587673921,0.7589059222533101,-8.355522157802175
