objID,ra,dec
106130008921642801,0.8921666039156424,-1.5563536479323286
