objID,ra,dec
102850008778351042,0.8778506717491514,-4.291154997944414
