objID,ra,dec
106320000855246727,0.0854506409351578,-1.394757678894457
