objID,ra,dec
98120009678657448,0.9677522602208457,-8.22769477601738
