objID,ra,dec
112350006782077625,0.6782921691974508,3.630960103726352
