objID,ra,dec
103300003401325994,0.3401964677912635,-3.9119558098616563
