objID,ra,dec
114340000095646370,0.009589758087172226,5.288264792880637
