objID,ra,dec
110900001782865561,0.1783352361099452,2.420939970964669
