objID,ra,dec
107180006447121619,0.6446823718252133,-0.6823463077131303
