objID,ra,dec
101750005836988302,0.5837567138478512,-5.201789315723768
