objID,ra,dec
104690002073348609,0.20735071334121816,-2.751482868867576
