objID,ra,dec
94800009271963984,0.9271828045729609,-10.99699130839086
