objID,ra,dec
99460000151224955,0.01512862892252422,-7.1127762443748725
