objID,ra,dec
97900004648705090,0.46490996979377963,-8.412827446390885
