objID,ra,dec
110270003513209843,0.35134201570633117,1.8994839137107742
