objID,ra,dec
109300003950669439,0.3950885588084996,1.0908210942344447
