objID,ra,dec
108680004565100788,0.45653851828218306,0.5669559831834525
