objID,ra,dec
111970004862421770,0.48626605285138647,3.309484749790773
