objID,ra,dec
98500000458570643,0.045899360390061976,-7.916467735982389
98500000456310377,0.04563207,-7.91666454
