objID,ra,dec
103080002808063344,0.28091753656068263,-4.097659890208972
