objID,ra,dec
110700000249056035,0.024931991049601605,2.254715905732164
