objID,ra,dec
112040009405703449,0.940611231359279,3.3691315005496243
