objID,ra,dec
100420002258551224,0.22587121490453219,-6.316015374336998
