objID,ra,dec
111100008550453943,0.855012909841718,2.586179480439914
