objID,ra,dec
101790006765156274,0.6765630994472879,-5.170122833546964
