objID,ra,dec
96050007411404642,0.741179468357725,-9.954790428533542
