objID,ra,dec
102520000896466285,0.08960680614375424,-4.561824255094079
