objID,ra,dec
108890000278084704,0.02767423250727778,0.7451580923335236
