objID,ra,dec
107360001089016719,0.10890599351283943,-0.5281279299275663
