objID,ra,dec
96110000775994538,0.07761803792578224,-9.904876076133004
