objID,ra,dec
101040003019455702,0.30186482067790266,-5.795661035692251
