objID,ra,dec
107810000415652362,0.04156628,-0.15676268
107810000415062687,0.04151663,-0.15647597
107810000414882666,0.04149053,-0.15650654
