objID,ra,dec
100750006627810868,0.662772067279551,-6.041266628702485
