objID,ra,dec
96930002819832642,0.2820211430622495,-9.223058362947247
