objID,ra,dec
104810001286548135,0.12862367637382396,-2.6520771419543054
