objID,ra,dec
110080001829407308,0.18299119914527784,1.739030253241097
