objID,ra,dec
108390006694249174,0.6693831257700295,0.33223842870817005
