objID,ra,dec
105560009475860948,0.9475293977551462,-2.032889314979441
