objID,ra,dec
102760004264284909,0.42658616048903303,-4.36296146739347
