objID,ra,dec
106400003505720722,0.3506349390841061,-1.3330772492773677
