objID,ra,dec
105920005823525647,0.5824346723880511,-1.7289528899896804
