objID,ra,dec
110640009960155258,0.9960306156532432,2.203985982772674
