objID,ra,dec
98960008183514703,0.8184115116521938,-7.529726438579739
