objID,ra,dec
105110002800299477,0.28008526217471297,-2.4007431020861754
