objID,ra,dec
106560001851250259,0.1850586485693766,-1.2001636486662872
