objID,ra,dec
113070001146363964,0.11463190519697622,4.227890778359332
