objID,ra,dec
107820000868867306,0.08689479,-0.14430274
