objID,ra,dec
101160000359741415,0.03591828,-5.69917292
101160000357161549,0.035688787471219015,-5.699070030989977
