objID,ra,dec
97040007519788368,0.752057648614277,-9.126752469538978
