objID,ra,dec
111640003345068659,0.33449736027436683,3.04033089512567
