objID,ra,dec
105700006482493296,0.6481815207870547,-1.9143494184816878
