objID,ra,dec
98530002130752232,0.21314183804446366,-7.890211162665101
