objID,ra,dec
111390004874618609,0.4876750592011317,2.8316160156548538
