objID,ra,dec
101630001087484181,0.10876736739850275,-5.305250365585778
