objID,ra,dec
113020002256185232,0.22563841,4.18681578
113020002256294679,0.22563921533134051,4.18681581383083
