objID,ra,dec
107200004402962045,0.44033382241581936,-0.6653518160010345
