objID,ra,dec
97620008916382398,0.8917087795003334,-8.648359419626317
