objID,ra,dec
114280006605410599,0.66060927,5.23356813
114280006608020816,0.6607822418187593,5.233621169272785
