objID,ra,dec
110070000602408775,0.06025541402331712,1.7319212565622342
