objID,ra,dec
113550000363271488,0.03632309362576144,4.6258101445082955
