objID,ra,dec
112910000727929487,0.07274402098851357,4.099170159924651
