objID,ra,dec
106410001372138981,0.1370224702637094,-1.3179416253756047
106410001369928773,0.13700965312601426,-1.317937514487367
