objID,ra,dec
112210009105788024,0.9106038161999537,3.5146206122324157
