objID,ra,dec
113510007524911627,0.7524778074326739,4.5926193753440465
