objID,ra,dec
112100007354471889,0.7354863800636059,3.4178632344607682
112100007357741872,0.73573663,3.41774083
