objID,ra,dec
108610003211061066,0.32114989125826127,0.5088866354692507
