objID,ra,dec
108790006925694254,0.6925971555985304,0.6613343792794969
108790006926203914,0.6926645851636054,0.6612832919795801
