objID,ra,dec
102570005054939629,0.5054632923060881,-4.517472740618452
102570005053269362,0.5054446171406316,-4.517465224261425
102570005051479651,0.505395944848991,-4.51746177396606
