objID,ra,dec
105950004345743752,0.434657469719093,-1.7055681974311416
