objID,ra,dec
100450005025317937,0.5025496661541174,-6.285419643230617
