objID,ra,dec
106090005555681195,0.5557091738867972,-1.5908516854349235
106090005558311309,0.5557813263175003,-1.5908150545235917
