objID,ra,dec
113190008025032055,0.8025203740061343,4.326302562871691
