objID,ra,dec
103850003036887282,0.30375176596045617,-3.4526422793324434
