objID,ra,dec
94860000042604365,0.0042894970938650205,-10.946660637811538
