objID,ra,dec
108690009357080076,0.9357290509633418,0.574737380428256
