objID,ra,dec
106820009130866878,0.91309259,-0.97792567
