objID,ra,dec
112370009336183932,0.9336275444830664,3.6445425603508266
