objID,ra,dec
111640007172948734,0.7173124458586977,3.040227243687494
