objID,ra,dec
94880008944179108,0.8944348326080943,-10.926089920069485
