objID,ra,dec
110870000308451310,0.030883455295891874,2.392359791583281
