objID,ra,dec
99810007665507239,0.76655305,-6.81928427
99810007662977431,0.7663701176278104,-6.819166079543003
