objID,ra,dec
109980004964269038,0.4964837015935682,1.6571652141652844
