objID,ra,dec
110300005318894584,0.5320383208770332,1.9201728308541277
