objID,ra,dec
108090001407880299,0.14079417,0.07507347
