objID,ra,dec
107600006636208052,0.6636294582423486,-0.3269606081518454
