objID,ra,dec
103640000634913200,0.0634729744695976,-3.6310543195916214
