objID,ra,dec
108060005322898388,0.5324195854978122,0.05656419066131074
108060005326157964,0.53259178,0.05640432
