objID,ra,dec
96060009521272182,0.9521655090888306,-9.948523883317261
