objID,ra,dec
109280009993957752,0.9994662227347512,1.0727842829138239
