objID,ra,dec
108330008146235629,0.8146531189724492,0.27930447491127075
