objID,ra,dec
104760004331139614,0.43326418,-2.69214423
104760004334829763,0.43354427,-2.69221449
