objID,ra,dec
96990008976892487,0.8977878263876626,-9.17334427061719
