objID,ra,dec
110030003787775918,0.37880541297993614,1.696196993883088
