objID,ra,dec
100270000610967206,0.06112056,-6.43598876
100270000608297350,0.060874876071558455,-6.435901916695813
