objID,ra,dec
103470006174973785,0.6174946124698126,-3.7721477038391407
