objID,ra,dec
113230005842545684,0.5841820412996824,4.36275821641016
