objID,ra,dec
110760000373836079,0.037433159149998216,2.3046348996792574
