objID,ra,dec
108220007968178539,0.7968673579978861,0.19006957108763203
