objID,ra,dec
96830009298514234,0.9299325468183266,-9.305178658861657
