objID,ra,dec
105950008961462913,0.8961949114594217,-1.7061569633857387
