objID,ra,dec
109040007582835458,0.7582794159764215,0.8708045445284448
