objID,ra,dec
97460004312016635,0.43125485927966717,-8.778150379640142
