objID,ra,dec
106880003783756536,0.37846736,-0.92823842
