objID,ra,dec
97010001133152357,0.11332584815825565,-9.156671089364657
