objID,ra,dec
95130000138345121,0.01389340585175991,-10.721076257438483
