objID,ra,dec
98990009434212527,0.94342132,-7.50655797
98990009432673017,0.9432600103147327,-7.506363500961291
