objID,ra,dec
98090004816520368,0.4816721991587726,-8.258384643539577
