objID,ra,dec
107100008316977007,0.831640423741507,-0.7444382888040053
