objID,ra,dec
97720002276441302,0.22773022478415061,-8.565911341135383
