objID,ra,dec
109930005211199638,0.5210562147588982,1.616050342259387
