objID,ra,dec
103400003477803412,0.3478292103990605,-3.830802925558103
