objID,ra,dec
96340005450911581,0.5451228065521534,-9.715687846393585
