objID,ra,dec
101930006882712356,0.6883394282499192,-5.056686968512109
