objID,ra,dec
103880000410714906,0.041105362863234754,-3.4295764839180687
