objID,ra,dec
108910009399635822,0.9399931382198942,0.7628535414799069
