objID,ra,dec
106870005653494096,0.5654563064246332,-0.9387301826459339
