objID,ra,dec
103830004996352062,0.4997287140697247,-3.473513153242876
