objID,ra,dec
111170000355870566,0.03564397830426096,2.6417067160601677
