objID,ra,dec
102790007046283426,0.7046906827355168,-4.339150606018297
