objID,ra,dec
97510005475466190,0.5475761848719362,-8.736874498238288
97510005475435805,0.54750078,-8.73708204
