objID,ra,dec
99610003576505050,0.35771474991679264,-6.987876262693216
