objID,ra,dec
107320008784391727,0.8783840853856888,-0.565688022528647
107320008782351286,0.87833047,-0.56599499
