objID,ra,dec
96620005144466772,0.51455949,-9.47810835
96620005142456516,0.514297325324676,-9.478232513093943
