objID,ra,dec
98320004287156074,0.42878375751250597,-8.062037479463465
