objID,ra,dec
111700001408393815,0.14087287549889146,3.0861597883683434
