objID,ra,dec
106180004595888045,0.45959462845656873,-1.5104317299696417
