objID,ra,dec
99950007198706715,0.7198886865693418,-6.703096461334885
