objID,ra,dec
104730002776250305,0.27768803518020935,-2.725049992080957
