objID,ra,dec
103450003902630237,0.3904433088149434,-3.79177586736107
