objID,ra,dec
109830004656198425,0.4656540195129633,1.5316325890917852
109830004656758431,0.4656671148475905,1.5315995753562952
