objID,ra,dec
112050001101107268,0.1099963915799156,3.3806853315717396
