objID,ra,dec
104250004323299526,0.4324377588387808,-3.117328606728927
