objID,ra,dec
114070003463804530,0.34642722594909525,5.061694534593328
