objID,ra,dec
99200008205346702,0.8206121681563507,-7.328000759874923
