objID,ra,dec
107600006668794430,0.6668967,-0.3300256
107600006665924441,0.6666053301485791,-0.3300545910389421
