objID,ra,dec
107510000110798108,0.01106672,-0.40198354
