objID,ra,dec
94560002282133126,0.22818910562717515,-11.197758255116913
94560002278813358,0.22802513,-11.19766103
