objID,ra,dec
108010007194990428,0.7195580536547082,0.008332774564921683
