objID,ra,dec
108590006515245360,0.6515196717132038,0.49572846359107386
