objID,ra,dec
109330007939464239,0.7940021271579343,1.1115035134934559
