objID,ra,dec
108790000542568785,0.054151643535968845,0.6652448382947858
