objID,ra,dec
113250007103399894,0.7103354361466097,4.382952343723913
