objID,ra,dec
96810008105276117,0.8105213337768828,-9.320195077708318
