objID,ra,dec
106940003810074558,0.3811130538041194,-0.8799128050167351
