objID,ra,dec
112040006772400452,0.67723997,3.36666421
112040006772910785,0.67729144,3.36694839
