objID,ra,dec
95930009135316690,0.9135569992311793,-10.05308803092041
