objID,ra,dec
102610003944808134,0.39448741360566786,-4.485313102905003
102610003943807777,0.3944658698849761,-4.485419500215053
