objID,ra,dec
102090004806676555,0.48055624873600034,-4.920040053407893
102090004803746289,0.48045068016868486,-4.920121720499578
