objID,ra,dec
109390003137780803,0.3137907102165665,1.1586503029931043
