objID,ra,dec
112770009908210508,0.9908270156386794,3.9750696184490386
