objID,ra,dec
103090000961851505,0.09625587432073365,-4.090699991154182
