objID,ra,dec
107970003366900293,0.33671,-0.0251325
