objID,ra,dec
100230008724819028,0.8724944530866986,-6.4678584920028985
100230008721979328,0.87227863,-6.46769293
