objID,ra,dec
94880006114140736,0.61140851,-10.93289071
94880006110890878,0.611135624759779,-10.932933127734303
