objID,ra,dec
108060009339274362,0.9340319574540693,0.053237791611983394
