objID,ra,dec
103450008324277957,0.8324995554406295,-3.785427547037575
