objID,ra,dec
107040004757598804,0.4759301458273561,-0.7930408463288178
