objID,ra,dec
103690005378742555,0.5378917856708575,-3.589776436228149
