objID,ra,dec
111470005245582183,0.5244952654978425,2.8930900654487366
