objID,ra,dec
101830009680818908,0.968122208323612,-5.134666537623822
