objID,ra,dec
109090008990321473,0.8991142390312667,0.9092059491413369
