objID,ra,dec
112620000397715642,0.0397974808332683,3.8543478064359915
