objID,ra,dec
105880000971370924,0.09708387868872981,-1.7663561301911634
105880000971690575,0.09713543,-1.76654297
