objID,ra,dec
101220008803444325,0.8803524106113478,-5.646741557479694
