objID,ra,dec
109150002893582771,0.2893781379723129,0.9603159448256344
