objID,ra,dec
103190000825568559,0.08246987403195155,-4.001510396936028
