objID,ra,dec
99790003321211943,0.33213959474124266,-6.840455771875428
