objID,ra,dec
105900005823710545,0.58238206,-1.74992132
105900005822180256,0.5823841800933691,-1.7499869963952819
