objID,ra,dec
96180005354678548,0.5355413404690756,-9.843178125075172
