objID,ra,dec
106760003208601043,0.3208898497606852,-1.0328658250505238
