objID,ra,dec
111050007836770313,0.7836857341919475,2.5415346672335546
