objID,ra,dec
107150005865636614,0.5864830314754567,-0.7031959282435144
