objID,ra,dec
106720004921569090,0.492137378640669,-1.0594728225012824
