objID,ra,dec
94830009157514017,0.91582944,-10.97207893
94830009154913729,0.9156916185389579,-10.972281362433378
