objID,ra,dec
108010008993159460,0.8993379914953568,0.015863966503372656
