objID,ra,dec
100950007242692849,0.7242557339764469,-5.872976108115674
