objID,ra,dec
105160004529615612,0.45307812823903826,-2.362344894104777
