objID,ra,dec
110990000670058776,0.06711262893550918,2.4985718745072103
110990000673258581,0.06733118,2.49845028
