objID,ra,dec
110070000163981999,0.016465510055796388,1.7263152831449895
