objID,ra,dec
106000007090812438,0.7091002958971601,-1.665013519348148
