objID,ra,dec
112320005523988149,0.5524742117508461,3.6063911133107798
