objID,ra,dec
98380005696886185,0.5697774988656155,-8.01186880149422
