objID,ra,dec
107120003132471025,0.31328648790264996,-0.7328509321989457
