objID,ra,dec
104810009747645170,0.9747986556935555,-2.6545312049962213
104810009747724729,0.9747349673531641,-2.6547416206602277
