objID,ra,dec
112600003422735640,0.3423100148171985,3.837668279807153
