objID,ra,dec
109820006126160844,0.6126514086018431,1.5170404789569334
