objID,ra,dec
106970002333086414,0.23329297031203436,-0.8533576830460927
