objID,ra,dec
108330003757441041,0.3757507165331532,0.27547174738443436
