objID,ra,dec
108060002300676173,0.23006707,0.05479433
