objID,ra,dec
111620007973950280,0.7974262401541264,3.0165178939117254
