objID,ra,dec
109090005852844658,0.5853362683890587,0.9118214533635488
109090005853854255,0.58539259,0.91174006
