objID,ra,dec
98060007745192750,0.7745682280142201,-8.28143318186223
