objID,ra,dec
103140008617642783,0.8617788712431419,-4.048057462519946
103140008615442572,0.8616754957468866,-4.048151524849605
