objID,ra,dec
100520002366236127,0.2366445018954848,-6.22872458423165
