objID,ra,dec
105840004000853660,0.4001790337913323,-1.7972887393608774
