objID,ra,dec
105070000330978931,0.03311383032171409,-2.4345453927813496
