objID,ra,dec
109050008028047280,0.8030043079709712,0.8807039584706633
109050008030917331,0.803075353498741,0.8807107218327341
