objID,ra,dec
96280009576443667,0.9576977360963699,-9.763908367331585
