objID,ra,dec
108080002556593999,0.25567416,0.06968476
