objID,ra,dec
100910009461400539,0.946158277820815,-5.9082536067043785
