objID,ra,dec
109210007465259351,0.7465832942758287,1.0157354418611484
