objID,ra,dec
98500008896679122,0.889617631345967,-7.9094004693731925
