objID,ra,dec
99620007959613198,0.7959950961198693,-6.981005385580858
