objID,ra,dec
112080000571230931,0.05714448284079139,3.4004048798442583
