objID,ra,dec
104240007780944878,0.7780717834693089,-3.1295525828035244
