objID,ra,dec
107660008581017975,0.8582313636995108,-0.2771403297763508
