objID,ra,dec
106480005292968144,0.52927897,-1.25996893
106480005292228584,0.5291900720569668,-1.2598465999596256
106480005289848794,0.5289986,-1.25979117
