objID,ra,dec
109190003338292487,0.33382146816109,0.9934345805846344
