objID,ra,dec
108530007125049376,0.7125211801287806,0.4491025481513918
