objID,ra,dec
112440006572803874,0.6572860511850245,3.702770045107083
