objID,ra,dec
110660003240736570,0.3240448865160524,2.2217552248736157
