objID,ra,dec
112890002769486416,0.27696388522639626,4.079980971238442
