objID,ra,dec
101180009751148291,0.9750701872589488,-5.676818576068039
