objID,ra,dec
104140003262672681,0.3262915170142842,-3.214766245401604
