objID,ra,dec
102550006655453105,0.66550505,-4.53943252
