objID,ra,dec
98970003792661604,0.3793008060165618,-7.523997360825053
