objID,ra,dec
111630006404868465,0.6405492842704933,3.031609082331672
