objID,ra,dec
97780008319556824,0.8319740471173096,-8.511346977457181
