objID,ra,dec
101100002174161204,0.21740506253531278,-5.749343059412023
