objID,ra,dec
102360008783035207,0.8783147906511208,-4.6959625871096
