objID,ra,dec
111660006785154452,0.6785342361806899,3.053269604449751
