objID,ra,dec
108800007461376567,0.7462161850831677,0.6717357513948138
