objID,ra,dec
98690007869851849,0.7869182294274673,-7.757165148344358
