objID,ra,dec
95880001751060576,0.17517072049557486,-10.099782539856644
