objID,ra,dec
113710006275017347,0.62761851,4.76415308
113710006278387616,0.627767598458162,4.764269010169244
