objID,ra,dec
104970002408293188,0.24082072125201628,-2.5228016810075777
104970002406732867,0.2408128143317219,-2.5228006919245485
