objID,ra,dec
113670008146724894,0.814715357346348,4.728661501560421
