objID,ra,dec
111370008170151400,0.8169743758659447,2.8090745683229685
