objID,ra,dec
95680002245907920,0.22456003526922122,-10.260353244812128
