objID,ra,dec
110190001141205680,0.11418376127842922,1.829343115622342
