objID,ra,dec
108710006794686726,0.67948459,0.59691057
108710006795266329,0.6795681379811619,0.5966300204264438
