objID,ra,dec
99840000963510854,0.09639834171951096,-6.799607908136042
