objID,ra,dec
108410000774809386,0.07745972228722724,0.34911212263248415
