objID,ra,dec
112120005610547273,0.5610811965532845,3.4390208129575064
