objID,ra,dec
110650008770377811,0.8770305751522866,2.2144780991212922
