objID,ra,dec
109690005888509778,0.5888852604359395,1.4160983253318224
