objID,ra,dec
105320000128202416,0.012858795238795163,-2.2317058230701274
