objID,ra,dec
99570008411696354,0.841248623189701,-7.019962256082461
99570008414346548,0.8412927531989752,-7.019916294955362
