objID,ra,dec
109970002797355667,0.2797510534346333,1.6459727939216855
