objID,ra,dec
113340007228425764,0.72282300020063,4.454453906796746
