objID,ra,dec
100590000608021493,0.060943207397977234,-6.174090949452693
