objID,ra,dec
107610008751502112,0.8751847786450604,-0.3236365188924549
