objID,ra,dec
111740007089486358,0.7089475363697242,3.121682315278946
