objID,ra,dec
96730009833408586,0.983417129660956,-9.384755997024824
96730009834829006,0.9835017,-9.38452314
