objID,ra,dec
112120009803523900,0.9803436880228398,3.4361957615940915
