objID,ra,dec
106740008025450087,0.8026169109702945,-1.0502530711873037
106740008025310472,0.80265313,-1.05021329
