objID,ra,dec
105130000564940405,0.05670518843583738,-2.3918148152958856
105130000566350016,0.0566823425239398,-2.3918205679474696
105130000567760423,0.05669647896917049,-2.391785131358284
