objID,ra,dec
95980009511816939,0.95121814,-10.01117534
95980009512967396,0.9514258065963909,-10.01103080640742
95980009514977075,0.951459943262562,-10.011090898533102
