objID,ra,dec
102680002107932323,0.2108139103720735,-4.431717457379381
