objID,ra,dec
111530003848302895,0.3847641258428591,2.9436639837726615
