objID,ra,dec
108120001746343194,0.17467233,0.10228783
