objID,ra,dec
107780004401785675,0.44018404,-0.17897899
