objID,ra,dec
95620009717522254,0.9717349707424964,-10.315165378645528
