objID,ra,dec
105730007943532735,0.7944928294772338,-1.8897723089587366
