objID,ra,dec
110110004892776974,0.4893635356215382,1.7637262320522709
