objID,ra,dec
113540008313843447,0.8314100631392564,4.619157627313803
