objID,ra,dec
110270007396828735,0.7397213318061956,1.8986776809297436
