objID,ra,dec
99450009678062360,0.9679443033520472,-7.123429701261115
