objID,ra,dec
112100004002766192,0.4002443974678,3.4214008861019276
