objID,ra,dec
106450009267317116,0.9267696062204103,-1.2860703340079267
