objID,ra,dec
109490002813540778,0.2813399611248032,1.2419457201541664
