objID,ra,dec
104890006635866368,0.66362488,-2.58680731
