objID,ra,dec
100330009884893741,0.9885085111656188,-6.388926155243304
