objID,ra,dec
112350009332093966,0.9332158983525503,3.627922580124665
