objID,ra,dec
112810009625540453,0.96283533,4.0083485
112810009628370514,0.9628391038155459,4.008347116989124
