objID,ra,dec
99780008942953411,0.8943008534188795,-6.847509833689502
