objID,ra,dec
95380001987376277,0.1987400838543391,-10.511839928482186
