objID,ra,dec
113350008028121137,0.8027778043621888,4.458901857036284
