objID,ra,dec
107130000110979236,0.011182446377344188,-0.7176908530912085
