objID,ra,dec
109070003307346891,0.3308208613478092,0.8969535832183699
109070003305256643,0.33067788182236096,0.8968624372975207
