objID,ra,dec
99940008122053733,0.8121670838222024,-6.713918994296431
99940008118273426,0.81213421,-6.71388116
