objID,ra,dec
114210005910907775,0.591045145691249,5.181079429643696
