objID,ra,dec
98980007119717040,0.7120109380644345,-7.511184620354161
