objID,ra,dec
100200009221244969,0.92199397,-6.4963288
100200009218144850,0.9219266463399671,-6.496299497346567
