objID,ra,dec
107000009164990709,0.916387761473631,-0.8330528806345479
