objID,ra,dec
109220009307464492,0.9308256944514142,1.0200397010186557
