objID,ra,dec
105570005509913170,0.5511290832242054,-2.02273892610373
105570005511422812,0.5511227979453888,-2.0228871360782894
