objID,ra,dec
96900001996026645,0.19965529813054017,-9.24481312406764
