objID,ra,dec
99850003300229852,0.329904,-6.78379
99850003297449932,0.32984206519400106,-6.783697995100997
