objID,ra,dec
106340001985014486,0.19843415527819658,-1.3800139493735848
