objID,ra,dec
99140009400710173,0.9400818193608371,-7.3835832525569804
