objID,ra,dec
96960007474931232,0.7475534384145741,-9.19933878332505
