objID,ra,dec
95580009909419410,0.9909471819724524,-10.342539893529322
95580009911419146,0.99114049,-10.34271133
