objID,ra,dec
110330003272053163,0.32729249396341037,1.943932686248369
