objID,ra,dec
97820008623256102,0.862348733001759,-8.478573909189887
