objID,ra,dec
109060008702643247,0.8704093846628697,0.8856322813758478
109060008705353059,0.8704710788182272,0.8855730259143098
