objID,ra,dec
107670009081539934,0.9081955858248923,-0.26704394356970096
