objID,ra,dec
104910003740906835,0.37413289732483845,-2.5696563262368337
