objID,ra,dec
101120004993694182,0.49934699452135456,-5.730226382865262
101120004992183876,0.49923876,-5.73042077
