objID,ra,dec
109400004614895299,0.46145159,1.17062344
109400004611045169,0.4611927313403573,1.1706033592006868
