objID,ra,dec
108290002671723338,0.2672357428762687,0.24411668814275966
