objID,ra,dec
109420004705246904,0.4705415485771432,1.1887331736501396
