objID,ra,dec
108710000204792800,0.02052487479713954,0.5936295812898065
