objID,ra,dec
108360007289906777,0.7289728378258153,0.3052807068574921
