objID,ra,dec
108330009472045695,0.94721205,0.27928022
108330009472385319,0.947332864818842,0.2789837332534822
