objID,ra,dec
106150001453389172,0.1451784183897904,-1.5344903836028472
