objID,ra,dec
108800000615329917,0.06150214482026645,0.6745438750292366
