objID,ra,dec
96560000089658150,0.009010432740929558,-9.526896511618423
