objID,ra,dec
106840007725454702,0.7724421119112966,-0.9629016836952714
106840007723725238,0.7723947636313474,-0.9628145986326113
