objID,ra,dec
112750009592439173,0.9592035928676628,3.965604389638005
