objID,ra,dec
110520008752291431,0.8752190976213681,2.100796886042179
