objID,ra,dec
98920008607274387,0.8607762873829157,-7.56334304548381
