objID,ra,dec
102160008105255977,0.8104889635160224,-4.862016749836496
