objID,ra,dec
98650004196336048,0.41965246154191066,-7.786971275021646
