objID,ra,dec
111790008077896447,0.8078269467181399,3.16330030068488
