objID,ra,dec
103010009073758888,0.9075028252323515,-4.1512993332480965
