objID,ra,dec
106100001228901282,0.12294366327882984,-1.5827117650849407
