objID,ra,dec
109990004520172577,0.45205372360923063,1.6601019614914816
