objID,ra,dec
107630005143705570,0.51437038,-0.30404963
107630005145085847,0.5145179130159907,-0.3038401902863086
