objID,ra,dec
106440002881621692,0.2881411638980983,-1.29900259618305
