objID,ra,dec
111650003654784068,0.3655182125541833,3.0446640782281977
