objID,ra,dec
100850007087202843,0.7086589001468041,-5.9562054343088136
