objID,ra,dec
107070006051612219,0.6050804824154467,-0.7735538285117327
