objID,ra,dec
99580003747175653,0.37488880712386324,-7.01226848945586
99580003750125761,0.3748874818719489,-7.012257869141018
