objID,ra,dec
105280007710431168,0.7709626283406499,-2.2660940178052655
105280007707521267,0.7708347487553355,-2.266074736440584
105280007707070785,0.77071558,-2.26636732
