objID,ra,dec
110480004003024373,0.40026695930809175,2.0698627507965535
