objID,ra,dec
108810006456845893,0.6456982329416329,0.6795146730755043
108810006454376083,0.64545982,0.6796648
