objID,ra,dec
97240002701857117,0.270182692000048,-8.961031422395358
