objID,ra,dec
102990007377011059,0.737691664985904,-4.174378798243236
102990007374041364,0.73748476,-4.17430084
