objID,ra,dec
102200008390068879,0.8389303879756211,-4.826301735353992
