objID,ra,dec
100440005836220207,0.583669422303415,-6.300188519299467
