objID,ra,dec
96480001842153102,0.18436270235108707,-9.597668512775302
96480001843953368,0.18439350716118738,-9.597633391579134
96480001846843333,0.18458961,-9.59765688
