objID,ra,dec
108950008015575263,0.8016434736077037,0.7956352343329625
