objID,ra,dec
106880007839555718,0.7839335611083826,-0.9288494628961516
106880007840586035,0.7839612088872911,-0.9288244121239638
