objID,ra,dec
111540000063286957,0.006367753154982472,2.9554199994671864
