objID,ra,dec
104380002589956304,0.25910025389454155,-3.0117817231284953
104380002592696383,0.2591004346769938,-3.011779254404911
