objID,ra,dec
111350008050411822,0.8050356879235796,2.7927677557259543
111350008047192015,0.8049340728148583,2.7928507537128358
