objID,ra,dec
109230006787454200,0.678782981646442,1.0280939884101985
