objID,ra,dec
113730004262709670,0.42633201454754743,4.782667786609232
