objID,ra,dec
107490005365102223,0.5365176555446984,-0.423531768684114
107490005365072194,0.536514702595257,-0.42355542815411157
107490005364442370,0.53645001,-0.42338165
107490005363502270,0.53635007,-0.42346643
