objID,ra,dec
97930000067887610,0.006872519294724117,-8.38564174636398
