objID,ra,dec
107460003504148016,0.35044708,-0.44369294
