objID,ra,dec
99590004963353896,0.4964290101646086,-7.0054536957809885
