objID,ra,dec
110440003164681205,0.31628262666097773,2.0338566179229876
110440003162211038,0.31626095327786286,2.0338331702498174
