objID,ra,dec
107750006606816921,0.6607122821981692,-0.20292071025489639
