objID,ra,dec
103470003122685538,0.31232214085358034,-3.770618011491411
