objID,ra,dec
101420002297960534,0.22984001099509693,-5.4832562229968245
