objID,ra,dec
101340009340199717,0.9340362031008561,-5.542272261749978
