objID,ra,dec
96700007834072868,0.7834694458978707,-9.414688284506349
