objID,ra,dec
109660003223973559,0.32244165695537025,1.3859192146602222
