objID,ra,dec
95200006041978600,0.6043050959586853,-10.659856660177446
