objID,ra,dec
113030004000203628,0.4000315877471271,4.194301404171912
