objID,ra,dec
107600002164223922,0.21644447,-0.3304464
