objID,ra,dec
103390004146094221,0.4146101448687432,-3.838388633160212
