objID,ra,dec
103250007809285383,0.7809185850370871,-3.954239572740622
103250007806305333,0.78067114,-3.95425062
