objID,ra,dec
97930007576558469,0.7577622886454748,-8.384958132265576
