objID,ra,dec
108100000694447978,0.06944726,0.08960061
