objID,ra,dec
108880000076149094,0.007606649538012972,0.7405079036930743
