objID,ra,dec
100230006202685359,0.6202918818455383,-6.470853732110262
