objID,ra,dec
103030004487925065,0.44888469621366855,-4.137853950210022
