objID,ra,dec
107320004173873560,0.41741591664699895,-0.564067974549306
