objID,ra,dec
98070005078741643,0.5079160682872712,-8.273995273986642
