objID,ra,dec
95200003262709550,0.32617046871675964,-10.65885825715432
95200003260919846,0.32614059630465936,-10.658828362234015
