objID,ra,dec
111080002031740293,0.20326332,2.56649409
