objID,ra,dec
113770002044261926,0.20443793455106582,4.809506770328173
113770002046891796,0.2046848,4.80940099
