objID,ra,dec
114420009760149644,0.9760020389141887,5.357633778926445
