objID,ra,dec
104160008187266099,0.818765603528553,-3.195303073382518
