objID,ra,dec
101930008947918201,0.8949166400964179,-5.051908633963602
