objID,ra,dec
106380004925616984,0.4923810370580447,-1.344641037990141
106380004922926848,0.49238027108362387,-1.3446265880676176
