objID,ra,dec
110810005597815203,0.5596812235470645,2.3456131550579076
