objID,ra,dec
95350000514626864,0.05149001531919773,-10.536292082862262
