objID,ra,dec
105480007780686798,0.77805906,-2.09473613
