objID,ra,dec
112140005536459019,0.55366551,3.45717571
