objID,ra,dec
102330006422308019,0.6423349962585466,-4.718685785869601
