objID,ra,dec
111370006714048117,0.671382310062039,2.8146751447028304
