objID,ra,dec
107210004619935897,0.4620542237491477,-0.6537991347650773
