objID,ra,dec
102630007558772675,0.755869268873199,-4.4730868443107195
