objID,ra,dec
99580005707221044,0.5708228604372318,-7.016120239621232
