objID,ra,dec
109190006238362409,0.6238532722796462,0.9932897694425756
