objID,ra,dec
96270009296450197,0.9296595856338806,-9.775117225375672
