objID,ra,dec
114270007002527701,0.7001980594449873,5.230993886354038
