objID,ra,dec
101570007938617157,0.79400397,-5.35241894
101570007940417499,0.794044991734713,-5.35243691431823
