objID,ra,dec
113510006892158852,0.6892593978890689,4.598680460897544
