objID,ra,dec
109670009772143257,0.9772331184643105,1.394021159602736
