objID,ra,dec
108390000777497330,0.07774116365513777,0.3307291721879904
