objID,ra,dec
107380008948874684,0.8948612055626313,-0.5132424100525522
