objID,ra,dec
96280002198722139,0.21982696,-9.76519179
96280002196572480,0.2196769044678114,-9.764965951776054
