objID,ra,dec
106600000491944739,0.049161691014989795,-1.1631071454975044
