objID,ra,dec
97300009662034632,0.9662240824388332,-8.913146454573315
