objID,ra,dec
100180004155020771,0.4156047534804278,-6.516273027186103
