objID,ra,dec
108310008364998863,0.8365526321711834,0.2652783842806684
