objID,ra,dec
112920006717378018,0.6717625035134134,4.106303366693689
