objID,ra,dec
107500006960560030,0.6960420005907606,-0.4170522554281377
