objID,ra,dec
112260005307592697,0.5306888218020617,3.5518640695096524
