objID,ra,dec
104730009869465555,0.9869900975853421,-2.7207713087033607
