objID,ra,dec
101890009121280566,0.9121485043916736,-5.091536494528852
