objID,ra,dec
100510000730018328,0.07279632358654395,-6.235114199414415
100510000726968369,0.07279031084780106,-6.235106343551584
