objID,ra,dec
111670005527507281,0.552731554442195,3.064018143341942
