objID,ra,dec
103240008990471431,0.8990910797553139,-3.9658492222470816
