objID,ra,dec
105860003946266700,0.3945989294982419,-1.7780871673685728
