objID,ra,dec
106580005485895868,0.5485661458990106,-1.1788286787213291
