objID,ra,dec
107090007877747634,0.7877356976087857,-0.7522731688140425
