objID,ra,dec
110120005938198505,0.5939037667070266,1.7734620435831223
