objID,ra,dec
99490001412653460,0.14137643998925292,-7.089161117674704
