objID,ra,dec
106880009593261051,0.9593300392448729,-0.9328225554752875
106880009592580644,0.9592819459239557,-0.9330619121431449
