objID,ra,dec
113750006546205673,0.6546309604442864,4.796013331673024
