objID,ra,dec
101020002023599505,0.20232973103459045,-5.809125100723923
