objID,ra,dec
113950007329587567,0.7328992729826839,4.9641442593592116
