objID,ra,dec
109380007597492022,0.7598090411320884,1.1512963655952997
