objID,ra,dec
109150006971345646,0.6968421867860658,0.9625142104645491
109150006968055501,0.6968423943309361,0.9624963061830679
