objID,ra,dec
108590008903681060,0.8903417404064772,0.4921990414309466
