objID,ra,dec
104030006633092244,0.6633836940031071,-3.306843838263757
