objID,ra,dec
100160009713537581,0.9713172934927703,-6.527381590727344
100160009711227813,0.97113179,-6.52721921
