objID,ra,dec
96800008881864667,0.8883106345086252,-9.329819603397043
