objID,ra,dec
101600003230655639,0.32307359559637033,-5.3289967259176665
