objID,ra,dec
109200002688922021,0.2688556770697933,1.001330590421985
