objID,ra,dec
110590007961611625,0.7962134888108172,2.1592561522835276
