objID,ra,dec
108350004108724308,0.41082000517836154,0.295027303759226
108350004105944621,0.4107912497895247,0.29504271354748224
