objID,ra,dec
114390007908485058,0.7908425706396346,5.328813728965102
