objID,ra,dec
100510005094977452,0.5094968720362069,-6.235902416650675
100510005092097238,0.50924548,-6.23600974
