objID,ra,dec
109690006059045480,0.6059823627942715,1.4124167641339291
