objID,ra,dec
108990004421305446,0.44214199107340657,0.8291730557136495
