objID,ra,dec
113790003297703149,0.32978965985869535,4.827115879793578
