objID,ra,dec
108760004829049672,0.48291854,0.64101197
