objID,ra,dec
106640001377058272,0.13756866993303699,-1.126986271364254
106640001374618080,0.13753139099482772,-1.12703821087655
