objID,ra,dec
108600003699484844,0.36995671291421395,0.5036628015345616
