objID,ra,dec
97350007456856207,0.7457709145077761,-8.870123019390812
