objID,ra,dec
108390008893847666,0.88940214,0.33105942
