objID,ra,dec
111890000096861064,0.009705740475960843,3.2421665215780617
111890000098910816,0.00987047,3.24197208
