objID,ra,dec
100310008095799820,0.8095775066496818,-6.400475388595254
