objID,ra,dec
104060002233789017,0.22341065725450152,-3.276213726157411
