objID,ra,dec
107520005349428078,0.5349521112797303,-0.3936556329700591
