objID,ra,dec
95330004956901756,0.4957113078130978,-10.55718652544584
