objID,ra,dec
96280002626548137,0.26278256183357646,-9.76021176042271
