objID,ra,dec
95250004077081231,0.40771530095988695,-10.62430313151677
