objID,ra,dec
95370004884864607,0.48849715706769115,-10.52148181359877
