objID,ra,dec
98170004214406596,0.4214487630428288,-8.18658639004331
