objID,ra,dec
96580008945316799,0.8945801105777341,-9.511336570340836
