objID,ra,dec
103810004556860468,0.45570408410172847,-3.491467099475076
103810004556230901,0.45570901790816476,-3.491387377426006
