objID,ra,dec
108860008570394350,0.8571066812939193,0.7199233761901118
