objID,ra,dec
103830004204591086,0.42051326670783384,-3.4745459587355545
