objID,ra,dec
111850000841800484,0.08423221799024201,3.2082566327528412
111850000843430101,0.08424258756533431,3.2080506521491614
