objID,ra,dec
109000007528389928,0.7528053605966347,0.8413806719323754
109010007527010242,0.7527850373317504,0.8414028315572736
