objID,ra,dec
108160006169157930,0.6169456072483506,0.13955451249327563
