objID,ra,dec
107700003759884965,0.37600665,-0.24623796
