objID,ra,dec
98510005365772656,0.5366344365507328,-7.906502776750185
