objID,ra,dec
95260008677038651,0.8677310876328186,-10.60983840222026
