objID,ra,dec
110160005922202280,0.5922566162574281,1.801525730800281
