objID,ra,dec
108010004533774342,0.45333897,0.01154286
