objID,ra,dec
112360006450319473,0.6451501221918818,3.640827721884248
