objID,ra,dec
106870005864510387,0.5864068289358516,-0.9417761444108367
106870005861770264,0.5863473211550418,-0.941773470746041
