objID,ra,dec
107320006737995753,0.673841499777225,-0.5621707768290353
