objID,ra,dec
114530005291707283,0.5291602805894067,5.447343401842299
