objID,ra,dec
111370009012744738,0.9013218371999605,2.8119511714641776
