objID,ra,dec
106540000560454104,0.05598514365612591,-1.2136378140451307
