objID,ra,dec
99340002069284934,0.207015356067302,-7.212916883614092
