objID,ra,dec
110100005060446207,0.5060664679664186,1.7548075519657114
