objID,ra,dec
103510001348775341,0.13488201853574197,-3.737560151888139
