objID,ra,dec
102260006583219870,0.6583443100285389,-4.775469912371282
