objID,ra,dec
95490005391517258,0.5391292999684394,-10.419311229787915
