objID,ra,dec
109910001306413965,0.1306339283173947,1.594619495356934
