objID,ra,dec
104920005598494524,0.5598788939586109,-2.5632332787373553
