objID,ra,dec
108830004286711835,0.4286873515400418,0.6928288221890184
