objID,ra,dec
109990002430176143,0.24298452601354348,1.6630435033278903
