objID,ra,dec
109060003821492033,0.38214976711166854,0.8846242575505084
