objID,ra,dec
106960005414576378,0.5412630201491286,-0.8615931440867796
106960005411966794,0.5412465160175554,-0.8615659003044193
