objID,ra,dec
105760002220436714,0.22205068,-1.86144902
105760002222696424,0.22216227479686806,-1.8616237484843219
