objID,ra,dec
107570005216013783,0.5216094562669177,-0.3555655243216584
