objID,ra,dec
98390008825156559,0.882394569285108,-8.003216408972431
