objID,ra,dec
102800004951732049,0.4953797528755289,-4.33192076782904
