objID,ra,dec
95200008727581810,0.8728618279926865,-10.665500447080188
95200008724631629,0.87262468,-10.66535922
