objID,ra,dec
104140009173508561,0.9172690997542978,-3.2100198374604774
