objID,ra,dec
97540006276124019,0.6277324604204647,-8.7136958085733
