objID,ra,dec
114370007757276531,0.7757254343053953,5.313409107329279
