objID,ra,dec
108970001716037943,0.17165673424840247,0.8147641415977069
108970001718098217,0.17168263911460327,0.8147396395718484
