objID,ra,dec
102460009046103559,0.904590589968242,-4.614096446351301
