objID,ra,dec
98780001436585919,0.1437302528933722,-7.678763811839358
