objID,ra,dec
110420004558354672,0.45586783804294917,2.020187129510656
