objID,ra,dec
97360007183497638,0.7183638243798683,-8.860638068469772
