objID,ra,dec
95130008519710532,0.8520119121232199,-10.724901080831168
