objID,ra,dec
108350007026705444,0.7026823187405057,0.2958340955113503
