objID,ra,dec
113350000479861268,0.04799838029105813,4.459103662793374
113350000480971580,0.048007076147031806,4.459135054801445
