objID,ra,dec
110220005032046701,0.5032432555623271,1.8551739092718207
