objID,ra,dec
107110008191156380,0.8191554475199767,-0.7367891417750604
107110008189226659,0.8191197734934852,-0.7367766495168651
