objID,ra,dec
107770009512702792,0.95126874,-0.18969481
107770009510373009,0.9509908454976357,-0.1897184774829899
107770009507822806,0.9510020800854647,-0.18970413683591264
