objID,ra,dec
104020000372904848,0.037183521724489535,-3.313007085471014
