objID,ra,dec
101860007687487846,0.7687623596510179,-5.110499813865247
