objID,ra,dec
113060007956787643,0.79576374,4.22260269
113060007959117444,0.7959964359950842,4.222546683517877
