objID,ra,dec
106670002458530845,0.24584666429155386,-1.1080318237238564
