objID,ra,dec
106540009429941977,0.94302215,-1.21538268
106540009429211542,0.9430049237527406,-1.215640349398594
