objID,ra,dec
109070007093645404,0.7093220718062089,0.8957918508591817
