objID,ra,dec
95640006393596259,0.6394331075691619,-10.29510179497154
