objID,ra,dec
109280002883063622,0.28833334331582133,1.0692949478666252
