objID,ra,dec
107240006271029814,0.62705771,-0.62549248
107240006267589736,0.6267932183789119,-0.6255124212162337
