objID,ra,dec
106620009072857405,0.9072900693796742,-1.144134225954543
