objID,ra,dec
103410009977014372,0.9977644236652234,-3.821574697940203
103410009973674510,0.99743244,-3.82164205
