objID,ra,dec
96390001684243078,0.16835820133202986,-9.672757068088279
96390001682523404,0.16833167,-9.67267726
