objID,ra,dec
98740009062926703,0.9062929970075908,-7.711454036366911
