objID,ra,dec
104630001794360301,0.1796030031758358,-2.8084975839429296
