objID,ra,dec
95620005253565945,0.525406304089833,-10.312032858666702
