objID,ra,dec
98270006956623544,0.6955770548175769,-8.105702226700998
