objID,ra,dec
107550002783531625,0.27839175,-0.37401322
107550002783911638,0.27846529,-0.37399773
