objID,ra,dec
111200004851563774,0.48521661,2.66934059
