objID,ra,dec
108430009720269132,0.9719896217319824,0.3655467580065492
