objID,ra,dec
97840006941605649,0.694185748567615,-8.462501369661453
