objID,ra,dec
107380005803336268,0.5803419257149564,-0.5118250918425907
