objID,ra,dec
109430002553122837,0.2553261508517546,1.1936332084951875
