objID,ra,dec
103960007009008206,0.7009351130348868,-3.360240611253554
