objID,ra,dec
102940000734345736,0.07345842416254217,-4.212393528774359
