objID,ra,dec
96540002556723108,0.2556751274081596,-9.547768039860317
