objID,ra,dec
96090009721964513,0.972219982868806,-9.921568640533737
