objID,ra,dec
106780007964412152,0.7963886121050786,-1.0152546713758912
