objID,ra,dec
111330005126288819,0.5125478158811853,2.7821417075511015
111330005124469119,0.5125045745233088,2.7823063332105726
