objID,ra,dec
104050007993895511,0.799477883580921,-3.287357740579025
