objID,ra,dec
108940004870637720,0.48705072569269325,0.7894093263599036
