objID,ra,dec
113260006959719029,0.6959826695600454,4.390499566201103
