objID,ra,dec
107880000064629357,0.0064683,-0.09259216
