objID,ra,dec
109760001283497671,0.1282551311284275,1.4728306486669613
109760001281937998,0.1282011248415657,1.4728648773164943
