objID,ra,dec
108030001756472403,0.17563794,0.02664491
