objID,ra,dec
109100008774440204,0.8775089463262169,0.9164879107604109
