objID,ra,dec
112850009515027139,0.9514980982258762,4.047228100200654
