objID,ra,dec
99600002690406256,0.2690551043641738,-6.995044683460146
99600002688286571,0.26898651625388154,-6.994878470474077
