objID,ra,dec
105710008292362725,0.829169071144403,-1.9065532853207383
