objID,ra,dec
104850002164948882,0.21646001323101813,-2.6178769547778855
