objID,ra,dec
110090002379328935,0.23792096290986753,1.7487495060917175
