objID,ra,dec
100940007517771861,0.7516444293030627,-5.881955090206476
