objID,ra,dec
96190005156617745,0.515699348077464,-9.835550484837647
