objID,ra,dec
108620006222117559,0.6221865169621262,0.5225581435036285
