objID,ra,dec
95180005724916741,0.5725475547303491,-10.678056312674757
