objID,ra,dec
107080003934577573,0.39341071492812596,-0.7607453979890676
