objID,ra,dec
104920012740563760,1.274049770821987,-2.5639070676033175
