objID,ra,dec
109480012078946850,1.2079305546071861,1.2386516096636533
