objID,ra,dec
103490011922266813,1.1922567574116643,-3.752973978174421
