objID,ra,dec
107040017810483483,1.78090417,-0.79738966
