objID,ra,dec
102190014920360096,1.4920717602224807,-4.841889817788272
