objID,ra,dec
109120018606634040,1.8606581860720477,0.9362677746712516
