objID,ra,dec
105090012310419243,1.2310945497993366,-2.4177105964855485
