objID,ra,dec
105230012082335442,1.2082912105043329,-2.3042777660587426
