objID,ra,dec
112660019057055438,1.905723295427174,3.887540862658849
