objID,ra,dec
112580017172650171,1.7173041989711828,3.816456512095375
