objID,ra,dec
100500013913827952,1.3914548464248904,-6.243748505200293
