objID,ra,dec
100040019711021638,1.9711436039257526,-6.632381371193535
