objID,ra,dec
113450014802923647,1.4803033401920491,4.544321681984659
113450014806113780,1.48052479,4.5444336
