objID,ra,dec
107530014567294575,1.4567839030165664,-0.3882765492450672
