objID,ra,dec
104350013592873328,1.3593120746711327,-3.0392537777635518
