objID,ra,dec
114180014889948074,1.4890688741998157,5.156352004235419
