objID,ra,dec
104240019514535954,1.95148726,-3.12870379
