objID,ra,dec
109380012853914197,1.2853863390082414,1.1530812569449784
