objID,ra,dec
108360017224539399,1.7225036005161696,0.3074584445750398
