objID,ra,dec
102850018429708356,1.8430358254697656,-4.285091865290404
