objID,ra,dec
104720012861010441,1.2860858571879845,-2.7334035045114544
