objID,ra,dec
107210011134855825,1.1134510573745606,-0.6538905975094548
107210011131815779,1.1133787921018825,-0.6538774586710469
