objID,ra,dec
109670012158085471,1.215822630025522,1.3958208999470618
