objID,ra,dec
99080013371596512,1.3371903278626398,-7.428239912654074
