objID,ra,dec
108570018377158822,1.83773133840944,0.481986068358105
