objID,ra,dec
103400011638947522,1.1638561099076365,-3.8276101692210416
