objID,ra,dec
111770016982214792,1.6982456142353437,3.145372910980115
