objID,ra,dec
106990018725359405,1.8724729141020304,-0.8342441803520305
