objID,ra,dec
95330014317631069,1.43171177,-10.5577175
95330014314940930,1.4315336603464166,-10.55783011535783
