objID,ra,dec
108460011796679402,1.1796870470825371,0.3907928671852587
