objID,ra,dec
109330010990507302,1.0989880107736425,1.1139806536134964
