objID,ra,dec
108360014018859154,1.4019185467736954,0.3072584183152896
