objID,ra,dec
107140010145677484,1.0146337778166805,-0.7108870093113757
