objID,ra,dec
109040019843151996,1.9843111735939407,0.8679478936623134
109040019840001973,1.98406687,0.86799117
