objID,ra,dec
104640013303734007,1.33050577,-2.79686163
104640013305694341,1.3305410516231313,-2.7968554365376557
