objID,ra,dec
103530012819671777,1.2820045005256326,-3.723817629054337
