objID,ra,dec
109500015427699319,1.5427765342044104,1.2573503238377914
