objID,ra,dec
111470012327482804,1.2328082925043438,2.8937039995802922
