objID,ra,dec
108590016115236243,1.61142842,0.49629758
108590016113285898,1.611383781244603,0.49620744816830314
108590016110225895,1.61108612,0.4961954
