objID,ra,dec
104480013396280243,1.33955072,-2.93355064
104470013394069928,1.3394590050254014,-2.9336416937913383
