objID,ra,dec
106270014390378569,1.4390753677917296,-1.4347127134856623
106270014391898862,1.4391926713075542,-1.434705360959465
