objID,ra,dec
110450010212086996,1.0212412463673801,2.04712012635979
