objID,ra,dec
108930010566735951,1.0566972896653017,0.7795853120542855
