objID,ra,dec
107250019510596070,1.9511181804888578,-0.6202768048150474
