objID,ra,dec
107390014191232639,1.4192506317420612,-0.5065355339636295
