objID,ra,dec
102460014924381710,1.4924322964759846,-4.61555079823574
