objID,ra,dec
110730016877516145,1.687873509715968,2.279825137684997
