objID,ra,dec
105140010000027959,1.0000206401658858,-2.3769712579674978
