objID,ra,dec
108630015513585185,1.5514226757401959,0.5289186454675058
