objID,ra,dec
109170013230802395,1.3231237187680163,0.9766255376401403
