objID,ra,dec
97390018127004824,1.8127043393729063,-8.83797904813549
