objID,ra,dec
113950015350058943,1.5351666704775773,4.965377712953757
