objID,ra,dec
104260014831466951,1.4831716894571039,-3.1112710153051824
