objID,ra,dec
109970019187322785,1.9187647373575314,1.643575143750541
