objID,ra,dec
107570010247705667,1.024775876748861,-0.35398428703245044
