objID,ra,dec
99810013240098845,1.3241168082459285,-6.818003820295174
