objID,ra,dec
108460018863246466,1.8863523030027518,0.38832561579574404
