objID,ra,dec
95860010651124263,1.0650996230924452,-10.113471012878298
95860010648764576,1.06495822,-10.11327807
