objID,ra,dec
106070016398393024,1.6398749594388666,-1.6061980466556245
