objID,ra,dec
98580014216201864,1.42173610707192,-7.848935451483234
