objID,ra,dec
104580010870305343,1.08707559,-2.84594186
104580010873495086,1.0872908576725324,-2.846050460957742
