objID,ra,dec
112550018572175166,1.8572782331461717,3.795598785500625
