objID,ra,dec
108010011701756664,1.1702128307224324,0.013504021239826636
