objID,ra,dec
102380014805238753,1.4805682633393173,-4.676368158288382
