objID,ra,dec
111130012004862809,1.2005383773231502,2.610175943677443
111130012003462509,1.2003749471270415,2.610156450995774
