objID,ra,dec
107820011123634905,1.1123405037618284,-0.14646986915913005
107820011127494881,1.11262934,-0.14646665
