objID,ra,dec
106960011807492876,1.180826596370106,-0.8647617815569043
106960011810482701,1.180873563767761,-0.8647582867913236
