objID,ra,dec
107310016488305166,1.6488676314637238,-0.5710948516980489
