objID,ra,dec
97150013448077663,1.3447931105079092,-9.035629150010406
