objID,ra,dec
108790012471971953,1.2472560164153976,0.6595804359808819
