objID,ra,dec
94930016226076017,1.6226088781010697,-10.88699342788436
