objID,ra,dec
103340019819727727,1.9820495116655195,-3.877279005177746
