objID,ra,dec
111540015008844243,1.50088494,2.95309624
