objID,ra,dec
101230016936166241,1.6934163022151174,-5.636774754445991
101230016933356236,1.6933946139345968,-5.6367892795743275
