objID,ra,dec
109270012454338199,1.2454764857333827,1.0647993623288898
109270012456288446,1.24558403,1.06499577
