objID,ra,dec
102310013216505320,1.321742813481268,-4.737548267662699
