objID,ra,dec
108650014072429853,1.4072820865862372,0.5494913433279061
