objID,ra,dec
107440013763394442,1.3763073773033718,-0.4632815425650679
107440013761694807,1.37624887,-0.46315772
