objID,ra,dec
112280013703689766,1.3703048726243243,3.574378320339927
