objID,ra,dec
106080016735371737,1.6735894145321446,-1.5989619567969555
106080016734212074,1.67349159,-1.59870794
