objID,ra,dec
113790014888892370,1.4888971844843053,4.826576370056958
