objID,ra,dec
114410016439112473,1.6439053370003536,5.3433543573242765
