objID,ra,dec
96630018463459373,1.846335315542581,-9.46758213493196
