objID,ra,dec
100350018503384423,1.8504109875007597,-6.371668909809877
