objID,ra,dec
111890014892451424,1.4892815459993958,3.2424346235337906
