objID,ra,dec
99520011063437303,1.106242839328297,-7.060849047305549
