objID,ra,dec
107130015971899329,1.5971939797236816,-0.7175065409629017
107130015971829757,1.5971808,-0.71722831
