objID,ra,dec
107030011411039413,1.1411340972252098,-0.8008045684192833
