objID,ra,dec
108620018076803077,1.807643919968274,0.5188711646902391
