objID,ra,dec
104380014697563076,1.46976365,-3.01444055
104380014700312841,1.4699459317843246,-3.014606907060182
