objID,ra,dec
104190016420974087,1.6422325101693926,-3.172090208823194
