objID,ra,dec
100110016159435326,1.6159430710831915,-6.570883624254657
