objID,ra,dec
109800011472070207,1.147228658565896,1.4997959595898702
