objID,ra,dec
104900015301990831,1.530213812022702,-2.58304821634397
