objID,ra,dec
102030017960239288,1.796150323676316,-4.967659028732053
102030017961568990,1.79618719,-4.96790358
