objID,ra,dec
109640015467510873,1.5467128482461607,1.367069683359618
