objID,ra,dec
111880019187523877,1.9187532064514323,3.236179063696354
