objID,ra,dec
108220012232232482,1.2232755423393007,0.18501903197498323
