objID,ra,dec
108140010266012471,1.0266220836379745,0.11832514322961767
