objID,ra,dec
109220018521850793,1.8523263958229201,1.0168915325260235
