objID,ra,dec
113750014234112935,1.42350549,4.79388929
113750014235533295,1.4235399483209292,4.793958318575599
