objID,ra,dec
103840015183987680,1.518444399569552,-3.460644381332639
