objID,ra,dec
107190019615750484,1.9615491377992333,-0.6749874286210062
