objID,ra,dec
96400010202255947,1.0202002594808208,-9.662014602398626
