objID,ra,dec
106990018464459026,1.8464208737915373,-0.8345526075361654
