objID,ra,dec
107630016944961969,1.6945242324850354,-0.3071029070809909
