objID,ra,dec
106500010423022165,1.0422984311576857,-1.248569633820563
