objID,ra,dec
102610016676685548,1.6677319339857322,-4.487341680766987
