objID,ra,dec
113830014847753045,1.4846552358107261,4.8604036763326555
