objID,ra,dec
95170016080618793,1.6080930447063686,-10.684664428493555
95170016078248588,1.60787567,-10.68476616
