objID,ra,dec
113140014915020737,1.4915025945193685,4.28358700773832
