objID,ra,dec
101400010066277874,1.0066523258461497,-5.493823360345381
