objID,ra,dec
109920018335967662,1.8336265674552226,1.6060164927878067
109920018334367147,1.83347733,1.60583823
