objID,ra,dec
102070016815528380,1.6815902377805545,-4.935072670934931
