objID,ra,dec
105500010518629137,1.051885468537203,-2.0760987241178146
