objID,ra,dec
98060018288731446,1.82881833,-8.28247478
98060018286101596,1.8286645312209049,-8.28242712106444
