objID,ra,dec
109500019150840715,1.9151459908026192,1.2502648244169525
