objID,ra,dec
113290012040778899,1.2040716957545134,4.415390965052957
