objID,ra,dec
112270019835292962,1.9835582703898205,3.5604662019889632
