objID,ra,dec
106570017116543200,1.7116701322063748,-1.1893484562253887
