objID,ra,dec
107940014564760956,1.4564978659271466,-0.04955174977454335
