objID,ra,dec
102110015244408307,1.5244353046101748,-4.901770515766609
