objID,ra,dec
107960012029565936,1.2029955600005815,-0.028756206839628744
