objID,ra,dec
104480019883232945,1.9883627198040004,-2.9312342119589045
