objID,ra,dec
97500016816621963,1.6816823750197727,-8.74868158318686
