objID,ra,dec
113160012009359796,1.2009066271963937,4.307787487599501
