objID,ra,dec
107950013751267201,1.3751416672317422,-0.03601118725040963
