objID,ra,dec
106760017841760903,1.7841779654883205,-1.0329577924554663
