objID,ra,dec
106610017394416704,1.7394628161505883,-1.1531218332519964
