objID,ra,dec
106630019120530080,1.9119896773479637,-1.1419863776098733
