objID,ra,dec
112530012676204440,1.2676531121124788,3.778227323909725
