objID,ra,dec
102140017564957712,1.7565363736854507,-4.877253001468218
