objID,ra,dec
107800010939467224,1.094037533180988,-0.1610096090989908
