objID,ra,dec
106890019281724668,1.9281595561074425,-0.9214855462143496
106890019280594350,1.92806577,-0.92172528
