objID,ra,dec
113890018391970938,1.8391240638763924,4.90871289089432
