objID,ra,dec
111640014976143563,1.497529097593211,3.0359295844063277
111640014974883917,1.49748535,3.03622588
