objID,ra,dec
109900010090529974,1.009097747787198,1.5912544275146017
