objID,ra,dec
108210013002285833,1.3002287,0.17950092
