objID,ra,dec
107970011743994234,1.1744401624967695,-0.021866087578048907
