objID,ra,dec
108790012346294445,1.2345878471597995,0.6617698303371738
