objID,ra,dec
104350018876626287,1.8876459363426425,-3.036797270626174
