objID,ra,dec
108380010455721061,1.0455816930109032,0.3171743458273115
