objID,ra,dec
113400010708180253,1.0708454525168134,4.499815308878284
