objID,ra,dec
103670019314695667,1.931517398617036,-3.6039050196021614
