objID,ra,dec
104760019575968413,1.957652773192514,-2.6933202676301766
