objID,ra,dec
109040019957424757,1.9957707386434942,0.8703628278293947
109040019958155145,1.995804306325304,0.8705189111223455
