objID,ra,dec
100730012230586884,1.223021603445066,-6.05281843535306
