objID,ra,dec
110680011486129576,1.1486423194646813,2.240939180256599
