objID,ra,dec
108000014269582650,1.42689164395331,0.0019671157844590847
108000014267252895,1.42675425,0.00203666
