objID,ra,dec
107670016672556804,1.6673220364446337,-0.26966261714965906
