objID,ra,dec
105760016012223811,1.6012571027916365,-1.8638258554444822
