objID,ra,dec
100640012158315999,1.215892373382377,-6.128599886183885
