objID,ra,dec
101910013717552934,1.3717911407000585,-5.072882195675145
