objID,ra,dec
107430016697923243,1.6698531312687475,-0.47261380847892853
