objID,ra,dec
113970019398051435,1.9397472997599972,4.975935429740833
