objID,ra,dec
102350019540578862,1.95406275,-4.70129182
102350019537538959,1.953835929440901,-4.701224077539718
