objID,ra,dec
108440018151948837,1.8152222461710328,0.37366870575384165
