objID,ra,dec
94930018975078704,1.89750773,-10.8847295
94930018973398958,1.8973950424371984,-10.884487931087419
