objID,ra,dec
96200013945023754,1.3944919458446776,-9.830588219384769
