objID,ra,dec
105240013656623088,1.3656882144187001,-2.2977883904281455
