objID,ra,dec
97200017342857748,1.7343664435132586,-8.993871751149735
