objID,ra,dec
104490012759990655,1.2759409003963589,-2.9249307009134493
104490012757790355,1.2757425,-2.92494763
