objID,ra,dec
108170018830270312,1.8830684037243073,0.14153000983520367
