objID,ra,dec
107040012182876220,1.21836983,-0.79515847
107040012185825928,1.21860927,-0.7954404
107040012187026236,1.218596305290637,-0.7951972381756747
