objID,ra,dec
109440010944111217,1.09435675,1.20061065
