objID,ra,dec
103600010831271033,1.0833788673405538,-3.666198215190893
103600010830811233,1.0831259,-3.66608343
