objID,ra,dec
110660013567608474,1.3568506827541265,2.22338268679868
