objID,ra,dec
98250011508964764,1.150923559879095,-8.12126639073061
