objID,ra,dec
113950011184844106,1.1185130695680428,4.961358132254782
