objID,ra,dec
95570018281546286,1.82795949,-10.35358106
95570018278106080,1.8278476870728086,-10.353536445408896
