objID,ra,dec
95880015823129815,1.5823583053374328,-10.092160839638842
