objID,ra,dec
111410014683214520,1.4683117878851064,2.845046921948994
