objID,ra,dec
96060013768930350,1.3768362615337937,-9.950238668232966
96050013768519987,1.3768056555992154,-9.950291148616175
