objID,ra,dec
95430015481083871,1.5481024728135728,-10.472070041056714
