objID,ra,dec
95320015450831777,1.5450820456984884,-10.565511125495656
