objID,ra,dec
103720013453474185,1.3453863101369383,-3.5635661226134063
