objID,ra,dec
95850011866582182,1.1866391307774478,-10.123517151891818
