objID,ra,dec
109100018624954620,1.8625084609313634,0.9201217660403769
