objID,ra,dec
97440016678867157,1.667867520484786,-8.7943812709191
