objID,ra,dec
95660019820994706,1.9822656065619222,-10.279755306075208
