objID,ra,dec
105670013377653647,1.337760360553711,-1.9390668752158213
105670013376243318,1.33765717,-1.93930183
