objID,ra,dec
111340015437792822,1.5437101876208899,2.7852307504779463
