objID,ra,dec
102910017250074375,1.7249868671717399,-4.238381263289423
