objID,ra,dec
102510014248189680,1.4247822265648014,-4.567131052843452
