objID,ra,dec
107210010689597165,1.0690106818915308,-0.6527327961341798
