objID,ra,dec
108330018567225418,1.8568377527734645,0.2789725058953026
