objID,ra,dec
108050014796504611,1.4797096460045724,0.045121061131450674
