objID,ra,dec
112020015409294166,1.5410297482763249,3.353067065466321
