objID,ra,dec
99430017915543142,1.7915154,-7.13947897
99430017914132726,1.7914295915426846,-7.139638426037683
