objID,ra,dec
96400014958739725,1.4959174684937384,-9.658915386980716
