objID,ra,dec
95830010358443459,1.0358210478886238,-10.139158735967024
