objID,ra,dec
100070013374200453,1.3374514812710125,-6.608294448253127
