objID,ra,dec
107690010318125334,1.0318578539828076,-0.25423269291570877
