objID,ra,dec
111500019729916158,1.9730587823569208,2.9214191331649615
