objID,ra,dec
108470016480661602,1.6481238285627204,0.39264185372345434
