objID,ra,dec
107810010849642860,1.0849410980841687,-0.15632182046748144
