objID,ra,dec
107940011690267582,1.1690521713166047,-0.044051086844513365
