objID,ra,dec
97130011427577331,1.1427719920877322,-9.05257144673538
