objID,ra,dec
105070014373950988,1.4374420399968344,-2.4411444603042867
105070014372591324,1.43729266,-2.44094442
