objID,ra,dec
95180019307371068,1.93066724,-10.6827381
95180019305181305,1.9306284136617364,-10.682688760580808
95180019303321584,1.9305754401251878,-10.682500035613261
