objID,ra,dec
99330012731893625,1.2730846841359476,-7.222276185667806
