objID,ra,dec
100280016037415414,1.6037940982245729,-6.429124993142971
