objID,ra,dec
99510015561670380,1.5561091407564944,-7.07496842565851
99510015559480157,1.55593353,-7.07518872
