objID,ra,dec
109320014002081779,1.4001756329165775,1.1010527742412062
