objID,ra,dec
107910015509510167,1.5509454595209033,-0.07524225607416549
