objID,ra,dec
103830010219393445,1.0218976,-3.47248859
103830010217293798,1.0218071726960205,-3.472274014495098
