objID,ra,dec
105110013172241659,1.3171764092065386,-2.40730189000956
