objID,ra,dec
96990019363422311,1.9363247004707695,-9.173451491045643
