objID,ra,dec
112840017871355641,1.7871265394004399,4.037675967104689
