objID,ra,dec
97300015373824877,1.5374215346757798,-8.912948851691695
