objID,ra,dec
111240018473719804,1.8473819083804266,2.7079104522079387
