objID,ra,dec
107030012134303617,1.2132820951068906,-0.8058751270256107
107030012131543284,1.2132506012239603,-0.8059482125359368
