objID,ra,dec
99460010677121198,1.067721098602956,-7.1159993388478675
