objID,ra,dec
109490012565689740,1.2567170041225262,1.2494114369120501
