objID,ra,dec
110160015288391027,1.5288341406276533,1.800430808624313
