objID,ra,dec
94880015502330920,1.550261083504368,-10.932886918505249
