objID,ra,dec
97320012250916838,1.225118227744113,-8.894640726104074
