objID,ra,dec
106200010403274630,1.0403544886666904,-1.496427119364866
