objID,ra,dec
106200014326521650,1.4325293395450802,-1.4989836748896275
