objID,ra,dec
97370014460026631,1.4459794811924103,-8.85311580341305
