objID,ra,dec
108440018030196667,1.8030377454688211,0.37187835425657867
