objID,ra,dec
112400014108551985,1.4108764244152792,3.667901000901428
