objID,ra,dec
111670017837050493,1.7837758160924762,3.05835516817219
