objID,ra,dec
109350010849173834,1.0849804365407427,1.1278527005915366
