objID,ra,dec
113140010279059736,1.0279490254993644,4.291066814894588
