objID,ra,dec
98270019924793755,1.9925266669933859,-8.105497196721757
