objID,ra,dec
96660016125050302,1.612579935484881,-9.450095152369085
