objID,ra,dec
102930010419373186,1.0419794332889096,-4.222767549690992
