objID,ra,dec
108330012105085579,1.2105637916997776,0.27928733314025705
