objID,ra,dec
95250018209618223,1.8210269618705914,-10.61849254400401
