objID,ra,dec
111510017649616547,1.7649681430762594,2.9300379801930534
