objID,ra,dec
114380011752143508,1.175303265432166,5.319198913868618
