objID,ra,dec
109220015731619648,1.5731641997954822,1.024308954193325
