objID,ra,dec
103760018632920300,1.863339457106091,-3.5334220498705338
