objID,ra,dec
103870018330566909,1.8330766865998698,-3.436305853012456
