objID,ra,dec
110570012069264584,1.2069701023395158,2.145098031583041
