objID,ra,dec
107280019242641181,1.9242387200107813,-0.5994546937364299
