objID,ra,dec
104810011301461108,1.1302108760112044,-2.657812627051149
