objID,ra,dec
96930017469340383,1.747011138623574,-9.22497972984221
