objID,ra,dec
108210017359150382,1.7359352646364345,0.17481176824960626
