objID,ra,dec
109940016686413253,1.668699563994857,1.618982712394363
