objID,ra,dec
102030011218094404,1.1218325233943494,-4.971745138210843
