objID,ra,dec
104450014360211581,1.4360477896748334,-2.9574382898780196
