objID,ra,dec
113890014225119088,1.422516452306491,4.91552426285007
