objID,ra,dec
108740017815282357,1.7815809872237187,0.6182801399355655
