objID,ra,dec
113070010567216350,1.0567700045195096,4.229831414903037
