objID,ra,dec
95510014110061556,1.411010211942108,-10.407379750282754
