objID,ra,dec
102900014412078689,1.4412124624263665,-4.243152124543568
