objID,ra,dec
104340014575602845,1.4575231743863333,-3.04801943845107
