objID,ra,dec
96770014893711060,1.4894240097533153,-9.357814732325208
