objID,ra,dec
98980013115605290,1.3114078357490957,-7.512707676575585
98980013113355009,1.3113846399751186,-7.512720425075623
98980013110775259,1.311299691292593,-7.512740997274092
