objID,ra,dec
107390013697481161,1.369742823934739,-0.5077671515128398
