objID,ra,dec
109130011664125005,1.1664900643828227,0.9455688270062532
109130011664465343,1.1664837586035903,0.9456133795116112
