objID,ra,dec
112200016134012698,1.6134297320319306,3.501779887825099
