objID,ra,dec
112960019204075112,1.920378841487448,4.137234017705193
112960019203254793,1.92035659,4.13692691
