objID,ra,dec
110650010961583858,1.0961540182877403,2.2111629523341065
