objID,ra,dec
111520013016632953,1.3017060989488431,2.9354162556522434
