objID,ra,dec
104970015302930674,1.5302566103994304,-2.5248597092578016
104970015300950434,1.5301162400846602,-2.5249486665463547
