objID,ra,dec
104220016958759803,1.6958455359701692,-3.1421963646362085
