objID,ra,dec
114430016964266088,1.6964782607500335,5.362996766736751
