objID,ra,dec
95830010355007920,1.0354611886545249,-10.13544398531539
