objID,ra,dec
105980018112192112,1.8113577642019247,-1.6818426254109256
