objID,ra,dec
108710018570471348,1.8570761032552263,0.592427609323135
