objID,ra,dec
109960013680751812,1.3681439884004714,1.634437696172891
