objID,ra,dec
107980010175099652,1.017559275754484,-0.009006166190729354
