objID,ra,dec
104040011043373071,1.104404298082615,-3.2978029725722977
