objID,ra,dec
106100018401773659,1.8402952209203687,-1.5806669879219888
