objID,ra,dec
110170015111143242,1.5111207402179696,1.810625328513304
