objID,ra,dec
104390018287472585,1.8287139881468994,-3.0064954476437
