objID,ra,dec
113330019201999230,1.9202380743419996,4.448967601837198
