objID,ra,dec
110910011691123889,1.169222312495808,2.4277511055076166
