objID,ra,dec
107390017009033482,1.7009102194702714,-0.5058522237956439
