objID,ra,dec
109700019378333122,1.9378828503585657,1.4188602907892398
