objID,ra,dec
104400019374867323,1.9375135208170133,-2.9942165267473992
