objID,ra,dec
108890010997826096,1.0997637335737305,0.746432137576636
