objID,ra,dec
102820015411692024,1.5412007592735033,-4.315457942237919
