objID,ra,dec
98220014967989413,1.4968593191462816,-8.142507323839503
