objID,ra,dec
106900019407122145,1.9406504680522214,-0.915258700389329
