objID,ra,dec
105080016869877045,1.6870441298806915,-2.4278070832517495
