objID,ra,dec
111500015271871821,1.5271733471090596,2.917796636609069
