objID,ra,dec
110650019237293134,1.9237746781369807,2.2105716913161575
