objID,ra,dec
112690019791162658,1.9791136546190118,3.9101616058548645
