objID,ra,dec
96740013317811700,1.3318276356976713,-9.38224549685617
