objID,ra,dec
110390011558955949,1.1559253234258817,1.9961889813558011
110390011558845438,1.15599221,1.99589918
