objID,ra,dec
102470014432809437,1.4433350716428015,-4.6007929467684425
102470014435569618,1.44354831,-4.60062433
