objID,ra,dec
109230012233257285,1.22336647161671,1.0307066570618748
