objID,ra,dec
109510017568093997,1.7568502487242146,1.2612827437238754
