objID,ra,dec
109960016213428314,1.6213641747116367,1.6398710095210276
