objID,ra,dec
107050012019860348,1.2019842773471974,-0.7917452262210143
