objID,ra,dec
108970019123629244,1.9123907063578716,0.8156833349080287
