objID,ra,dec
111420019591980136,1.9592361795538153,2.849695555053747
