objID,ra,dec
110310018791264428,1.8792520274116786,1.928099890963703
110310018793584112,1.8792811282029396,1.9280754862051444
