objID,ra,dec
110110014509056077,1.4509259747369252,1.7629911807185819
