objID,ra,dec
99190018816568367,1.881705167500562,-7.335059415226505
