objID,ra,dec
103850013513138178,1.3512896964418397,-3.4518838178491005
