objID,ra,dec
106480015055075457,1.50548995,-1.26248609
106480015057155175,1.5057488680694489,-1.2626904674987824
