objID,ra,dec
97920017740124630,1.7740232143738588,-8.39649375740069
