objID,ra,dec
109420016512226205,1.651275449918732,1.1881881573094895
