objID,ra,dec
113240014376339067,1.4375583829957594,4.373865711209675
