objID,ra,dec
104080010839739550,1.08399340409627,-3.259181219218318
