objID,ra,dec
110490011186095751,1.1186441014551023,2.0794794890266206
