objID,ra,dec
107890014099793259,1.4100070485205338,-0.08925362289945929
107890014096813323,1.40970337,-0.08926506
