objID,ra,dec
113080011898600686,1.1898496235599831,4.233482520646582
