objID,ra,dec
110360014138652459,1.41382869,1.96833982
110360014136052246,1.4136547325035267,1.9683876482149527
110360014135622679,1.4136391745962167,1.9685707079917414
