objID,ra,dec
111680019325100917,1.9325350612095271,3.067123919266842
111680019324791259,1.9325166707855468,3.0672608331981333
