objID,ra,dec
107430016240691719,1.6242206945813382,-0.47387194389264486
