objID,ra,dec
108890010490813761,1.0490995208477887,0.7444349793239324
