objID,ra,dec
99740010256146892,1.0256574239189824,-6.8779070242581835
