objID,ra,dec
108610018030309873,1.80310625,0.51620207
108610018033319952,1.8033706432689156,0.5163467073565026
