objID,ra,dec
113160010923670301,1.092429086766643,4.2998498018919715
