objID,ra,dec
106910017841369871,1.7841235482849003,-0.9004698289199871
