objID,ra,dec
111930011423213268,1.1425253002558449,3.2774903724554414
111930011427993543,1.14264858,3.27751623
