objID,ra,dec
108710016555089757,1.65555786,0.59950914
108720016552150080,1.65537266,0.5997302
