objID,ra,dec
102090015598081153,1.5597906461361823,-4.924412573710158
