objID,ra,dec
100030011583253243,1.1583869722200395,-6.639307292899537
