objID,ra,dec
113970018734678083,1.8734516029417692,4.981334601654889
