objID,ra,dec
109220013749554012,1.37510659,1.01940123
109220013751913642,1.375224544541623,1.0193262198956978
