objID,ra,dec
104450015070877398,1.507041840413378,-2.9525696434118522
104450015070796933,1.50700764,-2.95286377
