objID,ra,dec
98720019037634990,1.9037698335791777,-7.7295939481521625
