objID,ra,dec
112810015895593813,1.5894945045368791,4.011178523898401
