objID,ra,dec
106900013508275579,1.3509128942319257,-0.9122870690723291
