objID,ra,dec
107040017185612543,1.718590062473447,-0.798173639226822
107040017185372951,1.7185465,-0.79790517
