objID,ra,dec
108210010651364525,1.0650791012745564,0.17840084690723418
