objID,ra,dec
110920019667937119,1.96677837,2.43893269
