objID,ra,dec
108870019449817606,1.9451133270241334,0.7308762693103589
108870019452847532,1.9451194315640052,0.7308698652809296
