objID,ra,dec
95810011638786982,1.163894959415441,-10.1527239764492
