objID,ra,dec
102410010471185420,1.04720226,-4.6541317
102410010470035229,1.04712894,-4.65423753
