objID,ra,dec
108550012813087587,1.281353050710841,0.4642721207573488
