objID,ra,dec
110400010822872628,1.082348473694992,2.001824531603348
