objID,ra,dec
105330019773054445,1.977309640711588,-2.2216563492281165
