objID,ra,dec
107220013141118781,1.3141852673586703,-0.6430184293790645
