objID,ra,dec
104440019467169833,1.9467258095116735,-2.9587860044743244
