objID,ra,dec
99770016900793443,1.690173557947127,-6.855806510387286
