objID,ra,dec
110020010804813139,1.0804324846612483,1.6855578458396248
