objID,ra,dec
110580010465238836,1.0465593334666299,2.1569859961258384
