objID,ra,dec
106560015415405609,1.5415562466258763,-1.195655757816316
