objID,ra,dec
97240016315989861,1.6316432436519455,-8.958798478942358
