objID,ra,dec
103990014032024307,1.40321001,-3.33836973
103990014029284537,1.40306776,-3.33824291
