objID,ra,dec
107340019526559682,1.9527180178558083,-0.5423481458020989
