objID,ra,dec
111910012746422763,1.2746398142453284,3.26022704686418
