objID,ra,dec
108100013911831289,1.3912548861756566,0.0840244080575804
108100013909141154,1.39101163,0.08389548
