objID,ra,dec
99770017259613360,1.7260300866499778,-6.855870806662098
