objID,ra,dec
107000014105877702,1.4106256000772006,-0.827229878280677
