objID,ra,dec
107800013488039160,1.3488582613893314,-0.15945222405685588
