objID,ra,dec
104470016975763016,1.6975704846411934,-2.939627177343004
104470016977402739,1.6977040211034842,-2.9397470017874836
