objID,ra,dec
96960014952079074,1.4952258593683152,-9.192803194774363
