objID,ra,dec
109450015119607398,1.5117978504468699,1.2141160030735187
109450015116887502,1.5117815933349272,1.2141192444189028
