objID,ra,dec
108540014742194840,1.4742773969721403,0.45364324940642986
