objID,ra,dec
105070013163315175,1.316248434149874,-2.437799356728813
