objID,ra,dec
106520012484134058,1.2485566481792207,-1.230281652133313
