objID,ra,dec
101820013346405766,1.334624739993337,-5.145516242725108
