objID,ra,dec
105060011489414858,1.1488431849660683,-2.4463304658868785
105060011486584802,1.1488352108401996,-2.446339241043219
