objID,ra,dec
98910012732050162,1.2732154583519313,-7.575157533052616
