objID,ra,dec
107740013401735739,1.34026383,-0.21222887
107740013403855997,1.3403468093116757,-0.21209793211279238
