objID,ra,dec
113860017928798121,1.792879782411249,4.889698089778606
113860017931307917,1.79308351,4.88952264
