objID,ra,dec
107360015012700086,1.5012238086697207,-0.5336918528883885
