objID,ra,dec
110680019826543210,1.98272783,2.23564151
