objID,ra,dec
101510012501096648,1.2500706457405866,-5.403119620059325
101510012497156738,1.2500624335026254,-5.403117648347977
