objID,ra,dec
103550019064311107,1.9064838091311016,-3.7077653926428487
