objID,ra,dec
101670014231079539,1.4231212197607475,-5.267391004578975
