objID,ra,dec
96710019625276377,1.9625466763473465,-9.403362172623586
