objID,ra,dec
96170011395383739,1.139542604028846,-9.85555545191948
