objID,ra,dec
99350010803278998,1.0803207228699447,-7.201187704013387
