objID,ra,dec
98540017982898000,1.7982185869527392,-7.876974582125297
