objID,ra,dec
96640017106644657,1.7107092619634376,-9.463111900270594
