objID,ra,dec
104170012575645622,1.2575893549028616,-3.187435949922214
