objID,ra,dec
106610017395021145,1.7395373533789926,-1.157721887093025
