objID,ra,dec
111010013924320141,1.392455534379746,2.5080399908419513
