objID,ra,dec
107390010643872702,1.0643166010863636,-0.5065712146661892
