objID,ra,dec
111940017070438135,1.707187989641467,3.2897656163663718
