objID,ra,dec
109120010190667082,1.0190988488011063,0.9388612971047363
