objID,ra,dec
106730012882451046,1.288288123915008,-1.0577526652232678
