objID,ra,dec
100720011238948469,1.123918557650993,-6.059926520832307
