objID,ra,dec
111780016037118140,1.6037097521717902,3.1563908011711335
