objID,ra,dec
109530015046808474,1.5046748426289922,1.2816524402426877
