objID,ra,dec
113020011978636888,1.19788454020447,4.188714363340473
