objID,ra,dec
107980017191963648,1.7192711,-0.01406638
107980017194853528,1.719540108613609,-0.014184330490441559
