objID,ra,dec
101780017879541108,1.7879768089362602,-5.182800047684477
