objID,ra,dec
112370014586975970,1.4586691528098252,3.6462487184262744
