objID,ra,dec
104390018777925257,1.87780892,-3.00440192
104390018778314895,1.8778000851386323,-3.004538002986911
