objID,ra,dec
111780018436625202,1.843648007857276,3.1538814899435375
