objID,ra,dec
109070012613082006,1.2613509246836672,0.8929736879158336
