objID,ra,dec
103510018991751943,1.8992332147294626,-3.740370435607255
