objID,ra,dec
95400016469373320,1.6468860943365358,-10.497723129491648
95400016468802901,1.6468901194146315,-10.497711762681167
