objID,ra,dec
97840017063549222,1.7063536687878822,-8.459328783146528
