objID,ra,dec
112160010923084985,1.092339547546809,3.470494951694465
