objID,ra,dec
109240015404788333,1.5404849121345594,1.0398579205769094
