objID,ra,dec
108780017508557583,1.7508716739233652,0.6559478718769893
