objID,ra,dec
107630017073256899,1.7073752109827234,-0.30289687167741075
