objID,ra,dec
106130012882464920,1.2882890432424459,-1.5545975679505721
