objID,ra,dec
101370014009730016,1.4009146378146522,-5.525297972599325
