objID,ra,dec
113380012114931420,1.211519272174837,4.484157446231445
