objID,ra,dec
110050013998829535,1.3999297174929062,1.7158864704855201
