objID,ra,dec
106730012484060193,1.248369645778037,-1.0585518877221858
