objID,ra,dec
96970011748071195,1.17479838,-9.19102375
96970011743251439,1.1745725281611485,-9.190875714428005
