objID,ra,dec
111080013189136613,1.3190039371606617,2.5717808138879787
