objID,ra,dec
110310018867332288,1.88674709,1.92646612
110310018869882125,1.8869822789801995,1.9263616137449606
