objID,ra,dec
102580013019996924,1.302048044329946,-4.51114633352797
102580013019607298,1.3019703381887338,-4.51105751485689
