objID,ra,dec
108230010618833160,1.0618935842378199,0.19392719192761532
