objID,ra,dec
109370017931898187,1.79317985958005,1.1481195263703756
