objID,ra,dec
109140012039051826,1.2039392419448043,0.951151852657886
