objID,ra,dec
103700013106064589,1.3105411067772779,-3.5798270027337655
