objID,ra,dec
103780011253018664,1.1253584037895374,-3.509819812432442
