objID,ra,dec
112530018332019317,1.8332214146115406,3.7823559773296482
