objID,ra,dec
95030019901414027,1.9902031374915252,-10.80533327648302
