objID,ra,dec
108550015722554200,1.5723164161232626,0.46141067646406086
