objID,ra,dec
106040017991316768,1.7991677765479832,-1.6280887421046173
