objID,ra,dec
104870014379822142,1.4381540024603923,-2.6069434762796013
