objID,ra,dec
109830014620573504,1.4620963175839399,1.5274633569818274
