objID,ra,dec
108470012670448640,1.2670963659987104,0.3984933726327782
