objID,ra,dec
106120014617949665,1.4618320611166788,-1.5589927819171496
