objID,ra,dec
110080014624661883,1.4624611199375854,1.7344737066079134
