objID,ra,dec
98590018682875329,1.8682640591261965,-7.837569995055192
