objID,ra,dec
97860019632777950,1.9632427962484098,-8.443752338079614
