objID,ra,dec
108970010334154576,1.0333721399459443,0.8117495761018243
