objID,ra,dec
107900017482080414,1.7481780940956297,-0.08350269763034539
