objID,ra,dec
110370016302851400,1.6303098156909748,1.9758133709006422
