objID,ra,dec
106740010651647112,1.0651076321912751,-1.0444576547420839
