objID,ra,dec
107990011123697085,1.1124648047211618,-0.00277726357951932
107990011126407329,1.11264436,-0.0026126
