objID,ra,dec
106910017246713742,1.7247859614680363,-0.9053349653330358
106910017247664191,1.7248059541476217,-0.9052078315135416
