objID,ra,dec
104120011861038260,1.1861892732952073,-3.2269054526540013
