objID,ra,dec
106970014109917432,1.4110240256086943,-0.8525643686658415
