objID,ra,dec
113290012886886468,1.2887304667803188,4.4133851258631225
