objID,ra,dec
98190017780664978,1.7780696066651203,-8.17113553227871
98190017778705309,1.77790839,-8.17092747
