objID,ra,dec
94940012084733256,1.2084508789794213,-10.880969420217076
