objID,ra,dec
113740010347881032,1.0346853149071693,4.783728446334477
