objID,ra,dec
111430016845530619,1.6845732591261826,2.858506239029328
