objID,ra,dec
109790016275615571,1.6276029415101678,1.495946588785825
