objID,ra,dec
114440013829933873,1.3830875633223365,5.369530068703775
