objID,ra,dec
96360017362093945,1.7362944871929495,-9.697051058633104
