objID,ra,dec
108700011684811254,1.1685123890180902,0.5840257843322093
