objID,ra,dec
110430015753084130,1.5754390049002673,2.028093126859
110430015751964516,1.57553465,2.0282312
