objID,ra,dec
112280018373976785,1.8373783145589262,3.5719254241402005
