objID,ra,dec
109610014513888775,1.451296714074333,1.3484534156306032
