objID,ra,dec
98690011919124880,1.1919351281256454,-7.754552543507023
