objID,ra,dec
105950012362517423,1.2361555903425074,-1.7024694077104092
