objID,ra,dec
104930016071531642,1.6072328780667804,-2.5573218652953558
