objID,ra,dec
101430012884889316,1.2884707050060158,-5.467557301034896
