objID,ra,dec
96610016058511420,1.6058899480647917,-9.490839829731831
