objID,ra,dec
113070014289467571,1.4289012232605658,4.231008445333158
