objID,ra,dec
108750014073293773,1.4073724775122753,0.6277232578983101
