objID,ra,dec
108580016254538789,1.6255827828647038,0.4903370940782721
