objID,ra,dec
109020012571571076,1.2570975559157602,0.8507620545597339
109020012570121684,1.257090716918874,0.8507712016425355
