objID,ra,dec
101380012308262252,1.2308187786243645,-5.515150903809458
