objID,ra,dec
107790018503909883,1.8504348490692646,-0.1671617375099224
