objID,ra,dec
109370012618746110,1.2619031734341553,1.1463871923204543
