objID,ra,dec
106700012341172517,1.2341601215579951,-1.0816487932339707
