objID,ra,dec
108590018365152326,1.8365435112124457,0.493236856913223
