objID,ra,dec
103840014919166857,1.4919888215051378,-3.461209701655372
