objID,ra,dec
100790011050646116,1.105213072018479,-6.003540626359698
100790011054146270,1.10522656,-6.00353557
