objID,ra,dec
103300016144712635,1.6144754580830514,-3.914834792798058
