objID,ra,dec
106750017695567865,1.7695281512585765,-1.0355253496249508
