objID,ra,dec
109520014013308952,1.4013788470568205,1.2737129053901763
