objID,ra,dec
107980010952505457,1.095436,-0.012565
107980010952705115,1.0953085284026696,-0.012787822276566685
