objID,ra,dec
106570016091756785,1.6092168608426596,-1.186353483950709
