objID,ra,dec
109090011350930957,1.135134807286514,0.9087643081353016
