objID,ra,dec
104290016288114063,1.6287492487905861,-3.088619558419564
104290016285783841,1.62864309,-3.0888693
