objID,ra,dec
104890017363702599,1.7363009937491005,-2.5898812132822386
