objID,ra,dec
97890010037884498,1.0038026193063978,-8.421586566993975
