objID,ra,dec
107870019806136245,1.9806615573470534,-0.10345959934667064
