objID,ra,dec
106180010115149149,1.011548572274277,-1.5093815021591626
