objID,ra,dec
102060011349463250,1.1349572176991416,-4.9476491066141435
