objID,ra,dec
102350013088849947,1.308964223596368,-4.70037437112087
