objID,ra,dec
109390015880424946,1.588195076652386,1.1620463594721853
