objID,ra,dec
95410012944141493,1.29434715,-10.49086486
95410012942681089,1.2942982663777174,-10.491073043448786
