objID,ra,dec
97750010311188067,1.0312073932583619,-8.535296382719766
