objID,ra,dec
108820014135835755,1.41361666,0.6877398
108820014132795929,1.413391152454829,0.6878037152516618
