objID,ra,dec
106210013217258489,1.3217828585690266,-1.4849842676170226
106210013219558175,1.32200061,-1.4850766
