objID,ra,dec
112790018601057065,1.8601314555438393,3.997138921661399
