objID,ra,dec
107110010919431361,1.0919255933479952,-0.7409180261806977
