objID,ra,dec
112460012767575807,1.2767703559247627,3.721119377617002
