objID,ra,dec
108810015433189260,1.5433765763402336,0.6823270808654897
