objID,ra,dec
112070013853293034,1.385367691932129,3.3938948972889227
