objID,ra,dec
97990019414840991,1.941518755404158,-8.341194683844256
