objID,ra,dec
95390015484849454,1.54864619,-10.50066663
95390015489189530,1.5487366261624242,-10.500649390293873
