objID,ra,dec
109090011622064835,1.1622630601009214,0.9120136696067435
