objID,ra,dec
109170012424886453,1.242532140583492,0.9800007956662047
