objID,ra,dec
95540011533099164,1.1533100668590806,-10.376055702713447
