objID,ra,dec
96920019911087980,1.99113318,-9.2271165
96920019910397576,1.9909814948504108,-9.227360913396865
96920019907757230,1.9909927222485713,-9.227365318425642
