objID,ra,dec
109970011804015054,1.180404810234032,1.6454406157601293
