objID,ra,dec
95550019805230551,1.9805560033742844,-10.37491114419434
