objID,ra,dec
102380010534195229,1.053495891572502,-4.679383898188987
