objID,ra,dec
107310014683767228,1.4684263341980797,-0.5693441060141481
