objID,ra,dec
110280019905590445,1.9905458,1.89999002
110280019905500824,1.990580732981872,1.9002144669968721
