objID,ra,dec
107420013690834237,1.3691045577191001,-0.48015974009013473
