objID,ra,dec
107150018614043284,1.8613511618181366,-0.7059967446095019
