objID,ra,dec
111740016812606214,1.6813150804696813,3.1215399470750063
