objID,ra,dec
114380016278978150,1.6279484898646002,5.323027984357906
