objID,ra,dec
103390015391047673,1.5390467509107046,-3.8356646963409444
