objID,ra,dec
107090016549478278,1.6549475864805832,-0.7518823658367125
