objID,ra,dec
105170012967794213,1.2966802080388586,-2.355229338661481
105170012964684071,1.2966092721928753,-2.355251541586587
