objID,ra,dec
108670010292090671,1.0291998713488608,0.5585510091883511
108670010289160824,1.02905412,0.55863904
