objID,ra,dec
94950015102416835,1.5103314568788841,-10.869593795862217
