objID,ra,dec
109580014230520135,1.42305261,1.31640292
109580014228400394,1.4229085163828334,1.316576910643719
109580014225500084,1.42266833,1.31649826
