objID,ra,dec
103620013411630707,1.3410416840586508,-3.6496650094414087
103620013410991328,1.341030458854587,-3.64945783462279
