objID,ra,dec
106530018029267711,1.8028675165187822,-1.2191868588781212
106530018028247291,1.8028557477502152,-1.2192071364943782
