objID,ra,dec
110330018836963101,1.8838233298121532,1.9437067812763325
