objID,ra,dec
101900014096758019,1.4097271806890317,-5.076976286303532
