objID,ra,dec
107000010527138282,1.052775379338325,-0.8267604093555087
