objID,ra,dec
106860013956607064,1.395677378389703,-0.9444880177343153
