objID,ra,dec
109360015624335078,1.5622901697388274,1.1373074241156402
109360015622365369,1.5622906676276174,1.1373456691933332
