objID,ra,dec
105160010082640234,1.0082728524067368,-2.3670383070606555
105150010081409921,1.0082595275834225,-2.367070937708313
