objID,ra,dec
103250018208992639,1.820943441592354,-3.956514362317659
