objID,ra,dec
102620019609452026,1.961017383051165,-4.481979693961342
