objID,ra,dec
102120015685690132,1.5686353581307144,-4.900289491907133
