objID,ra,dec
106930017542525839,1.7542235785545743,-0.8871473172795804
