objID,ra,dec
112100012880455499,1.2880407687970055,3.4209668119017906
