objID,ra,dec
102280012418079905,1.2418066167467465,-4.758748810517065
102280012417759549,1.24175618,-4.75872119
