objID,ra,dec
99370018912594959,1.8913309203838915,-7.187908323913389
