objID,ra,dec
109920016039986590,1.6038488494330891,1.605081540644054
