objID,ra,dec
102420015880414097,1.5880557027559952,-4.646956176864107
