objID,ra,dec
109200010574761710,1.0577272929434791,1.0011760068584907
