objID,ra,dec
111170010745263540,1.0745416206704925,2.644182312032955
