objID,ra,dec
109390010130673684,1.0130842841221168,1.1609802416099921
