objID,ra,dec
113310012709835666,1.27107457797156,4.429393603396682
