objID,ra,dec
109820012906013616,1.2908140346112498,1.5192795873030476
