objID,ra,dec
112090016797109078,1.679756146587898,3.4154859946254996
