objID,ra,dec
110570018449131877,1.8449246659645078,2.142747236022572
