objID,ra,dec
99790012085783355,1.2087390215970608,-6.839204190203434
