objID,ra,dec
96260018165287111,1.8165652999299917,-9.777709944706578
