objID,ra,dec
109240015620999400,1.5621290509676202,1.0407716712488126
