objID,ra,dec
104280015326853043,1.5326665982262686,-3.097790938255471
