objID,ra,dec
108350013277935367,1.3278593552215878,0.2957649422783588
