objID,ra,dec
110640018932459446,1.8932881932114585,2.2074930116524207
