objID,ra,dec
108050014019395847,1.401941332316234,0.046086715620843814
108050014016575812,1.4018483905215544,0.04606793106150646
