objID,ra,dec
114470018078618834,1.8078753915477372,5.3986254841376216
