objID,ra,dec
111920018686300235,1.8686109978456318,3.266594022153296
111920018683190276,1.86853912,3.26663977
