objID,ra,dec
97850019724860404,1.9725208347845744,-8.458393037008864
