objID,ra,dec
114520011756255399,1.1756821813641067,5.437429774343167
