objID,ra,dec
114290019223141222,1.9223082166313854,5.242317578531532
