objID,ra,dec
96610014749294791,1.4749761898634357,-9.48801990401033
96610014752124665,1.47521177,-9.48809655
