objID,ra,dec
113880015211334647,1.52125975,4.90347831
113880015211515042,1.5213431200919743,4.903660531860909
