objID,ra,dec
101390018128088897,1.8129625843022574,-5.501224053123931
101390018130179157,1.813005635929919,-5.501200554508147
101390018132258723,1.81323048,-5.50140994
