objID,ra,dec
107540014420202423,1.4420102818454987,-0.3816660228678011
