objID,ra,dec
106730010160284087,1.0161305118013029,-1.0553446128756405
