objID,ra,dec
113820017136200199,1.7136782623755136,4.849885879499854
113820017134770506,1.71354376,4.84997018
