objID,ra,dec
109080015284172837,1.5284766975936015,0.9019566052714105
