objID,ra,dec
100030014950866234,1.495138985116958,-6.6368003776773365
