objID,ra,dec
103070014935919188,1.4935778700439246,-4.100999461037027
