objID,ra,dec
110630017893969263,1.7894106998641413,2.198964833369377
