objID,ra,dec
109600011818536597,1.1819247663506536,1.3382826018338276
109600011818096195,1.18187913,1.33823062
