objID,ra,dec
113000016704657582,1.670455459162776,4.172621469840643
