objID,ra,dec
104070018323542644,1.8323175866794934,-3.2730072014851577
104070018321553206,1.832275595686422,-3.272919430007175
