objID,ra,dec
101920012221145256,1.2221132,-5.06263022
101920012219594840,1.2220056029525765,-5.062889489751282
