objID,ra,dec
110230014205652534,1.4205971461445426,1.8599757295101953
