objID,ra,dec
106700011527667170,1.1527191475434497,-1.0778300531907457
106700011529706906,1.15297165,-1.07793156
