objID,ra,dec
112810018038811418,1.8038880130828878,4.0091316570955104
