objID,ra,dec
111360016076704019,1.6077089090577217,2.803011637881402
