objID,ra,dec
111060015061108045,1.506119589294618,2.556281033075982
