objID,ra,dec
102140019606139722,1.960662342402345,-4.87555972082602
