objID,ra,dec
107290019989143212,1.99891461,-0.58934689
107290019985083220,1.9986616839247044,-0.5892885139259353
