objID,ra,dec
95150011022497324,1.1023239542355443,-10.702539386796007
