objID,ra,dec
96360018891892972,1.8892576868716864,-9.69786054152575
