objID,ra,dec
109940015828283711,1.582880463604215,1.6193237690242204
