objID,ra,dec
108650015680287418,1.5680748709185222,0.5474427875928309
