objID,ra,dec
96270010552749239,1.05522103,-9.7675597
96270010549169290,1.0549297552713155,-9.76751925337222
