objID,ra,dec
104010012861539414,1.2862003492012488,-3.317514625107237
