objID,ra,dec
112960016835267460,1.6835336043161198,4.13915490316257
