objID,ra,dec
106290016009943413,1.6009742956436428,-1.4224705325805425
