objID,ra,dec
98930017641728970,1.7641138302135968,-7.551256222207084
98930017638838821,1.76411667,-7.55126865
