objID,ra,dec
108220010674470032,1.0674323939730685,0.18304859995469938
