objID,ra,dec
104780016686733361,1.6685788608394392,-2.680864979790962
