objID,ra,dec
101920019070098597,1.9070402608122254,-5.0598513582689035
