objID,ra,dec
98410014023935938,1.4022841765732441,-7.987091108368811
98410014020995716,1.4022151483017726,-7.98708739421624
