objID,ra,dec
96120017727678910,1.7728084974278155,-9.892907611710736
