objID,ra,dec
113520013929583385,1.3930311808068072,4.602461995181002
