objID,ra,dec
108110014614213855,1.4615489500760601,0.09449437996103296
108110014615794207,1.46166629,0.09462265
