objID,ra,dec
97210013150297927,1.3149769085199297,-8.985387952679197
97210013148897594,1.31489738,-8.98566305
