objID,ra,dec
113180016481828338,1.6481994252753898,4.323259565891577
