objID,ra,dec
113570016150608858,1.615167721232009,4.648678634852892
