objID,ra,dec
110020013484973181,1.34852864,1.68562391
110020013482363305,1.3482755479057904,1.6856628188519551
