objID,ra,dec
97220013729793191,1.3729445952581047,-8.980989036915492
