objID,ra,dec
106250014466131422,1.446622824250712,-1.4576951592474876
106250014465361083,1.4465850493943353,-1.4577466825001537
