objID,ra,dec
110540019374852383,1.9375677987332343,2.118279185512462
