objID,ra,dec
99190015237823539,1.5237146470006862,-7.338965140231005
99190015236313834,1.5237223433010063,-7.3389806019410235
