objID,ra,dec
107490013176468089,1.3176570571606436,-0.41866515758848843
