objID,ra,dec
97230019601770430,1.9601746716480826,-8.974968178025271
