objID,ra,dec
109380013470359737,1.3471134852863051,1.1578000781173878
109390013470280110,1.34699037,1.15789527
