objID,ra,dec
108190011939875314,1.1940629355016616,0.16239408814424716
