objID,ra,dec
107110015376484562,1.53767980820886,-0.7382719226350711
