objID,ra,dec
104080014754309567,1.4754579212202938,-3.2591613920181635
