objID,ra,dec
107750013694740273,1.36947386,-0.20846597
107750013691050380,1.3692562907845354,-0.20832657633907872
