objID,ra,dec
109900012986635731,1.2985933092900177,1.5878367942786242
109900012983776164,1.2985901213823683,1.587860264017765
