objID,ra,dec
100330018373064602,1.837284694321013,-6.388309841964525
100330018371814298,1.837281122285664,-6.388315799638573
