objID,ra,dec
110680013421860054,1.3422108931739698,2.233075225575786
