objID,ra,dec
113330016669648456,1.6669399335598973,4.448349180281894
