objID,ra,dec
111240013547707753,1.354870383216186,2.7061157186165437
