objID,ra,dec
102300019353262017,1.93538549,-4.7486765
102300019350551906,1.935159762731368,-4.748707583518537
