objID,ra,dec
95260016063219193,1.6064010862456715,-10.609351525818477
