objID,ra,dec
113260017421041630,1.7420696043665496,4.3844086328259975
