objID,ra,dec
110300015787915142,1.57877745,1.9206615
110300015785205362,1.5786199138366008,1.9206051809619828
