objID,ra,dec
108430010520901867,1.0520899143249767,0.3595373535315278
