objID,ra,dec
108270012807336796,1.2807544348004514,0.23022860661893027
