objID,ra,dec
106200018813217675,1.8814869305387634,-1.4940118178945074
