objID,ra,dec
97480015008283675,1.5008481169393377,-8.763975184555504
97480015007123260,1.50074651,-8.76421013
