objID,ra,dec
108570010432913957,1.043268693600015,0.4779545364048521
