objID,ra,dec
108800014940373223,1.4940682677479467,0.6689574993196863
