objID,ra,dec
108410012499708837,1.2501501184136636,0.3486636352249899
108410012500998837,1.250156133545267,0.34866198004737786
