objID,ra,dec
113980019841422767,1.9841516944934965,4.985345736122628
113980019839743034,1.98397836,4.9854769
