objID,ra,dec
107160013630342871,1.3630502892125511,-0.6979569644303789
