objID,ra,dec
104050012964427060,1.29648144,-3.2861773
104050012967497147,1.2967483993818167,-3.2860718366240746
