objID,ra,dec
103650013095577019,1.30944334,-3.61930296
103650013093277296,1.3094190520943527,-3.619327005764791
