objID,ra,dec
113070013620132141,1.3620392696321302,4.226309411228696
