objID,ra,dec
110090012496549002,1.2496971845191718,1.7488972971396908
