objID,ra,dec
102840019931694223,1.9932259637792253,-4.2968024063610875
102840019934573939,1.99342608,-4.29705515
