objID,ra,dec
105870014512586782,1.4511728211999797,-1.7699503652904442
105870014511616401,1.4511745990133498,-1.7699403425846734
