objID,ra,dec
107190018843847295,1.8844368656594568,-0.6692592921518895
