objID,ra,dec
97100019149105051,1.9148821,-9.07940742
97100019148895038,1.91485449263354,-9.079414272625199
