objID,ra,dec
102640017825675700,1.78275396995659,-4.462156822766829
