objID,ra,dec
108470018496202431,1.8496550018143272,0.3933240548006609
