objID,ra,dec
112680011019625233,1.1019719423608427,3.9039760390477816
112680011022405304,1.10225159,3.90404178
