objID,ra,dec
110070012255353356,1.2255828020222466,1.7274172783974189
