objID,ra,dec
102400014984705223,1.4985631231833096,-4.662724059815562
