objID,ra,dec
103690014097116441,1.4097277995405013,-3.58666689420456
