objID,ra,dec
104560012567504693,1.2567570348135506,-2.8631038366752404
