objID,ra,dec
95230017625548323,1.7625324731707492,-10.634959784458614
