objID,ra,dec
108330017861662999,1.7861863981503876,0.2770837825034266
