objID,ra,dec
111330018350530358,1.8350931001507642,2.7749224261618552
