objID,ra,dec
104000016122507548,1.6122744631127233,-3.3273803856535826
