objID,ra,dec
103730019916693995,1.9916394695308846,-3.5552813294005983
