objID,ra,dec
103180015094400784,1.5093459267710576,-4.016496412611052
103180015090710636,1.5092985137576558,-4.016403369773581
