objID,ra,dec
105760010372167092,1.0372211533594773,-1.8611065906989335
