objID,ra,dec
107090016643819913,1.6644199838435485,-0.7504587579952539
