objID,ra,dec
105630014840497877,1.4840689804450071,-1.9688247176404483
105630014843317662,1.48422531,-1.96888082
