objID,ra,dec
102690015839014365,1.583970732609624,-4.42173874434628
