objID,ra,dec
97530019320824694,1.9320638124508,-8.721758097314325
97530019320364333,1.9320655408416465,-8.721749757130409
