objID,ra,dec
101600027677376944,2.7677851602121373,-5.327905914478212
