objID,ra,dec
106090025059980025,2.5060643025011413,-1.591983051064969
106080025060409693,2.50607971,-1.59215276
