objID,ra,dec
111010024031942898,2.4032915689201433,2.5102711790209247
