objID,ra,dec
112510023463930011,2.34639842885223,3.7580103195330268
