objID,ra,dec
100010026910234953,2.691107217093778,-6.654460617880681
