objID,ra,dec
109100027064356321,2.7064323070234795,0.9215690611079111
