objID,ra,dec
109190023851164645,2.3851125378368434,0.9952236317012866
