objID,ra,dec
110030023650710042,2.3651244412070818,1.6913710529439476
