objID,ra,dec
106490028427325498,2.842762858559301,-1.254138147931645
