objID,ra,dec
105670025164985354,2.5166597265274073,-1.9375200236209282
