objID,ra,dec
107590029605323175,2.96039969,-0.33935224
107590029602103226,2.9603042741696908,-0.3393525307474626
