objID,ra,dec
107160024021268088,2.4022159017835847,-0.693648145957602
