objID,ra,dec
109580026276527442,2.62763154,1.3224697
109580026273287330,2.62741821,1.32245577
