objID,ra,dec
96530023351829053,2.335151640831084,-9.551141273321152
