objID,ra,dec
103820028422068379,2.8422696617258096,-3.4766966028743673
