objID,ra,dec
108290022199860766,2.220047280972696,0.2419430123943367
