objID,ra,dec
106860020851502833,2.0852191723159366,-0.9480469074079149
