objID,ra,dec
114040020595824241,2.0595992553705873,5.036546546173188
