objID,ra,dec
104880020027516027,2.0028384814432867,-2.5953081407025715
