objID,ra,dec
104120028803335718,2.8803077947643345,-3.2289812893864327
