objID,ra,dec
104620027249688631,2.7250106466422648,-2.8098233868592133
