objID,ra,dec
105520028056816588,2.805735393230159,-2.0615252008459612
