objID,ra,dec
103160020839054307,2.0839198292808567,-4.030071779963753
