objID,ra,dec
107770023456262291,2.345735165539552,-0.19014305712339472
