objID,ra,dec
108380022567851438,2.2568510471315246,0.317577692050973
