objID,ra,dec
110700028261493047,2.8261744829809565,2.2521798876344126
