objID,ra,dec
111890025224983561,2.5225248871264982,3.2442613703089616
