objID,ra,dec
107960023464382399,2.3465066300853668,-0.031703431301416035
107960023463992057,2.34645232,-0.03198142
