objID,ra,dec
113480021556432608,2.1557011144810003,4.568475630079682
