objID,ra,dec
98700021201416166,2.120197217833096,-7.745223572892499
