objID,ra,dec
109010028782930558,2.8782990504306274,0.8417607974376473
