objID,ra,dec
108190023888405452,2.3889147792899363,0.16248225415815815
