objID,ra,dec
109880028287310244,2.8287283025324617,1.5664833320282796
