objID,ra,dec
105820021952992449,2.1953642303331153,-1.8150992998180606
105820021957462557,2.19561138,-1.81501861
