objID,ra,dec
105930028703122324,2.870342906664842,-1.723411743196756
