objID,ra,dec
107920028272063033,2.8272808108704726,-0.06456906623563402
