objID,ra,dec
96960021924705300,2.192583762190142,-9.196000105222076
