objID,ra,dec
108510023089575275,2.3090219900998017,0.4290407704045889
