objID,ra,dec
108930023523009474,2.3523186419780324,0.782526375290152
