objID,ra,dec
97440023394692219,2.3394805805151995,-8.798446791995856
