objID,ra,dec
107900022687129394,2.268763622480805,-0.07600675497976296
