objID,ra,dec
96470027068026292,2.7068975793511747,-9.603493841076324
