objID,ra,dec
108260022009506507,2.20100837,0.22175986
