objID,ra,dec
107140026696551248,2.669715659037354,-0.7159174923392535
107140026698331574,2.66984398,-0.71573237
