objID,ra,dec
111410028487786290,2.848817828460091,2.8465001446387683
