objID,ra,dec
108540028121064721,2.8121322703041374,0.4536226624129661
