objID,ra,dec
107250021980155686,2.1980174561524417,-0.6206668865450831
