objID,ra,dec
103740026258711690,2.625953761467795,-3.548883745498352
