objID,ra,dec
104030025904852787,2.590448742514146,-3.306339886790104
