objID,ra,dec
102860022390619595,2.239019331783332,-4.275817272643436
102860022388339366,2.2390033723041345,-4.275814242333468
