objID,ra,dec
108810024454909907,2.4455689518882466,0.6828721830915591
