objID,ra,dec
103320029456666885,2.9458761,-3.89466104
