objID,ra,dec
108810021431829301,2.143258478305683,0.6824545439253166
108810021430179016,2.14304702,0.68233699
