objID,ra,dec
100540020515935875,2.051461344702179,-6.211998548522157
100540020514556229,2.0514839919300005,-6.211894470785986
