objID,ra,dec
97490027449913579,2.7449812476211193,-8.75576402989671
97490027447493260,2.744861,-8.755956
