objID,ra,dec
108880023351275992,2.3351895253627846,0.7379957940352269
