objID,ra,dec
108850025808376082,2.5808966669988007,0.7130118633233301
