objID,ra,dec
108350026118480181,2.6118478139039625,0.29146845731669907
