objID,ra,dec
107040023012555602,2.301280600928797,-0.7956844380088742
