objID,ra,dec
96770024722113499,2.472129546163343,-9.355730362951155
