objID,ra,dec
107360022945858623,2.2946051199242876,-0.5265241234116161
