objID,ra,dec
109360022177000919,2.2177806325763942,1.1337186228106624
