objID,ra,dec
95960028049080700,2.8049903348068708,-10.033048638551374
