objID,ra,dec
102440022945059118,2.2945857300647106,-4.62605393252187
