objID,ra,dec
96210022158052342,2.2158021156299665,-9.823402642029048
