objID,ra,dec
108980020087244547,2.008718898850631,0.8201165165654449
