objID,ra,dec
113830029646543835,2.9646451000740477,4.861151100953836
