objID,ra,dec
109260024040902473,2.404073294349591,1.0517041589847924
