objID,ra,dec
108900024185453225,2.418600707678803,0.7522979117193609
