objID,ra,dec
106690028717886344,2.8717957692338225,-1.0867864323864345
