objID,ra,dec
98990020550267654,2.055133694840887,-7.5023027187899896
