objID,ra,dec
104340025568237980,2.556837965254733,-3.0436964094646988
