objID,ra,dec
110360027484086933,2.74838668501576,1.9720705412984658
