objID,ra,dec
109340020653842494,2.065426080792713,1.118415430991784
