objID,ra,dec
107920027740666947,2.7741137694501097,-0.061205572922087594
107920027743007152,2.7741592493431506,-0.06119768955993512
