objID,ra,dec
103100027937463511,2.793759397214824,-4.080765811295425
