objID,ra,dec
108800024965552085,2.4965718007748903,0.6679687030742355
