objID,ra,dec
111330026569779122,2.6570446253991786,2.782184484518232
