objID,ra,dec
110270026372696003,2.6371478191307602,1.8962240668873105
110270026370016202,2.63704842,1.89642847
