objID,ra,dec
96040023053514712,2.3053605801082457,-9.963061138530914
