objID,ra,dec
109240021370177154,2.1370315542178298,1.0389091665519645
