objID,ra,dec
108320022143848284,2.214430515461382,0.2731703764412001
