objID,ra,dec
103060024362878012,2.4363198620670006,-4.110401436335629
