objID,ra,dec
113190026829977795,2.6830558059918794,4.3310433508673745
