objID,ra,dec
109130025805382117,2.580589042932288,0.9430258049948219
