objID,ra,dec
108800024524428842,2.4525142125792776,0.6735707956645361
