objID,ra,dec
95040026276128059,2.62762894853319,-10.793608803303718
95040026277018377,2.62770702,-10.79335859
