objID,ra,dec
101160023947967909,2.3948522526639953,-5.693771723989013
