objID,ra,dec
105860029972381614,2.997163776675897,-1.782281876825064
105860029970831919,2.997167349319627,-1.7822736234575116
105860029968961668,2.99692996,-1.78233075
