objID,ra,dec
112640022562714842,2.25625101,3.87032159
112640022560564622,2.256044270615399,3.8701334431051913
