objID,ra,dec
109110024636156321,2.463667078770034,0.9298729039509114
