objID,ra,dec
113780023707723586,2.3707958449667617,4.81926492129462
