objID,ra,dec
94900026760433770,2.6760571083252453,-10.913855794707363
