objID,ra,dec
107680026395003977,2.6395770910253797,-0.2636389632516073
107680026393724301,2.6395742614448463,-0.26363673303836394
