objID,ra,dec
111370023565167317,2.356665288783432,2.8140883853944283
