objID,ra,dec
95350028130916698,2.8130824208848524,-10.53642272281526
