objID,ra,dec
94750022415400318,2.24141728,-11.04177049
94750022412590067,2.241233082289512,-11.041924041249072
