objID,ra,dec
110800029622851044,2.9623767313421956,2.3337982446330687
