objID,ra,dec
110940026043474684,2.6044488569925934,2.453542893604145
