objID,ra,dec
108220028466218317,2.8466365,0.18992332
108220028464208566,2.846442038309214,0.19013062648143844
