objID,ra,dec
99990024364126095,2.4364329874765223,-6.670228058099866
