objID,ra,dec
95670026233864366,2.6234055295023326,-10.271743636939817
