objID,ra,dec
103930022227326609,2.222724972623746,-3.3863826071394354
103930022227096954,2.222702166006598,-3.3862943667049823
