objID,ra,dec
103940029469645863,2.9469783448648257,-3.3787606175288465
