objID,ra,dec
95730025808234702,2.5808644524161033,-10.221345655832716
95730025806585044,2.58066396,-10.22110463
