objID,ra,dec
97160028465634369,2.8465334824819606,-9.030078965287737
97160028462654432,2.8463443239180246,-9.0300119603456
