objID,ra,dec
109070029316789281,2.931681180696848,0.8991070402926126
