objID,ra,dec
108510023377945138,2.3379667259684553,0.4288476270343794
108510023379244795,2.33799486,0.42867337
