objID,ra,dec
108430020963588979,2.0964103531829603,0.365414170229808
