objID,ra,dec
94500022721447231,2.2721792460258605,-11.244260807154575
