objID,ra,dec
106510028805812532,2.880620205001257,-1.239938428892893
