objID,ra,dec
104710020624822495,2.062524985530767,-2.740004719379098
