objID,ra,dec
109950029127907282,2.9125862265959204,1.6308902718290874
109950029125477504,2.9125538862347318,1.630904676171536
