objID,ra,dec
105240026169278524,2.61697338,-2.29325548
