objID,ra,dec
110020021748941104,2.17491896,1.68399647
110020021747961633,2.1748266923758033,1.684256804870982
