objID,ra,dec
106910026580282328,2.6580717689049322,-0.9068232240145726
