objID,ra,dec
98090022655541010,2.265601611773058,-8.257853760059588
