objID,ra,dec
104940027643542170,2.764426558502487,-2.5485752924753835
