objID,ra,dec
106470024039674576,2.404098124844192,-1.2715195219253852
