objID,ra,dec
98590028048634383,2.80468935,-7.83838529
98590028047194734,2.8048047672893492,-7.838120662652489
