objID,ra,dec
113350025971846138,2.597269937827482,4.463008456068507
