objID,ra,dec
109990027068077353,2.7068243111032766,1.6641279784118976
