objID,ra,dec
106810027678860138,2.767897053479445,-0.9919424893122375
