objID,ra,dec
101450020515609799,2.0515499040494736,-5.450519223415698
