objID,ra,dec
106020027130597113,2.71305567,-1.64454041
106020027131976650,2.71324728,-1.64483358
