objID,ra,dec
98210025698412117,2.5699184658564223,-8.1569342843562
