objID,ra,dec
94810029700959883,2.9701371636687917,-10.983789247731531
