objID,ra,dec
110240021835884831,2.1836642406857205,1.8703659160707986
