objID,ra,dec
105350020601466941,2.06018924,-2.20290498
