objID,ra,dec
107690024446106718,2.4445728239254465,-0.2531041221193667
