objID,ra,dec
107840023137524121,2.313794765613834,-0.13028111895718128
