objID,ra,dec
97210020988036953,2.098935117196789,-8.986237653646523
