objID,ra,dec
106550023864653288,2.38647165,-1.20595498
106550023861793044,2.386306359625408,-1.206113197181035
106550023858322938,2.38615325,-1.20612603
