objID,ra,dec
110390024872240531,2.4872550740647075,1.9916959584616287
