objID,ra,dec
108850026398923208,2.63982975,0.71038208
108850026396273032,2.6396261517790838,0.7103745834425652
