objID,ra,dec
112670022513014378,2.251359718182226,3.895014838706441
112670022515864588,2.251361131755199,3.8950085281371165
