objID,ra,dec
100860025029274534,2.5029915587940486,-5.946564395421242
