objID,ra,dec
104150021146837664,2.1146821233920603,-3.2023262386198943
