objID,ra,dec
111650024808385231,2.4809061634014684,3.04562372412056
111650024810314970,2.48110036,3.04540071
