objID,ra,dec
113190022271109590,2.227101905649928,4.332611212222618
