objID,ra,dec
107900021637211457,2.163767219137142,-0.08251697057397452
