objID,ra,dec
98750024555023010,2.455493554223985,-7.706160535540104
