objID,ra,dec
108700020849758727,2.0848448512949944,0.590254734604809
108700020846438801,2.0848222855144987,0.5902520446071748
