objID,ra,dec
112470029261580654,2.92614555584593,3.72506835185992
