objID,ra,dec
101960024735665008,2.4736033482224755,-5.0294864486256925
