objID,ra,dec
107070021477609933,2.1477712358970775,-0.7670505078967529
