objID,ra,dec
99210026094651038,2.609457503003546,-7.324439815310265
