objID,ra,dec
95370028771284323,2.877168599492248,-10.521694224665366
95370028775144318,2.87753634,-10.52168249
