objID,ra,dec
107290020257511625,2.02580437,-0.59067888
107290020254661397,2.025589908575776,-0.5908072413249729
