objID,ra,dec
106750024059423238,2.405990564178656,-1.0394067060556982
106750024060342848,2.40600782,-1.0396633
