objID,ra,dec
104090022801721219,2.280126032159509,-3.2576487058524326
