objID,ra,dec
110260022808677114,2.2809781830158165,1.888847788336176
