objID,ra,dec
104400029436881591,2.9435707155200364,-2.999016014826362
104400029433271519,2.94337585,-2.99911261
