objID,ra,dec
108960026954862412,2.6954704388358532,0.8016337571055344
