objID,ra,dec
111220021226418592,2.12268819,2.69009184
