objID,ra,dec
108800025229728670,2.523022460353881,0.6734888847035003
