objID,ra,dec
98230025293170024,2.5293283681445042,-8.141988789318813
