objID,ra,dec
97050024135992195,2.413647225171109,-9.12350027206858
