objID,ra,dec
97010025206151774,2.5206112463274604,-9.157222450888401
