objID,ra,dec
108290023071669532,2.30730887,0.24927505
108290023073849910,2.3074718676644,0.24957760127592765
