objID,ra,dec
108440021105653552,2.1105410753132463,0.36923871320516183
108440021102203520,2.11043601,0.36920069
