objID,ra,dec
108250020677036049,2.0677187679722864,0.21300106100892555
