objID,ra,dec
106520027982391424,2.7982561698528645,-1.2325380478877166
