objID,ra,dec
96970022136678928,2.21364656221726,-9.184521394378322
