objID,ra,dec
96980029060601266,2.90611690425521,-9.182615126301362
