objID,ra,dec
106900028895014333,2.889522048135174,-0.913446675550768
