objID,ra,dec
110220026993188677,2.699342355232103,1.8568536537850604
