objID,ra,dec
103090020819511590,2.0818661160083254,-4.090754442592448
