objID,ra,dec
109400025651183717,2.5651482524455735,1.1694062607690159
