objID,ra,dec
111940026596954533,2.659741188484177,3.2867099849550288
