objID,ra,dec
106870020820220251,2.0820255475958556,-0.9418644962740068
