objID,ra,dec
100940028347951104,2.83486822,-5.88277278
100940028345220953,2.8347135117268194,-5.8829777378674235
