objID,ra,dec
102580025996216334,2.5996207571073033,-4.51172953436866
