objID,ra,dec
112070023453434582,2.3453796588807543,3.395115396318661
