objID,ra,dec
96850027845465598,2.784566452670868,-9.287357127972193
