objID,ra,dec
105600021479195505,2.148008802610982,-1.9957527123264536
