objID,ra,dec
108000028431554190,2.843162921955114,0.0031105501815870684
