objID,ra,dec
109050021332259453,2.1332696400160263,0.8825135089295034
