objID,ra,dec
100670025441270021,2.544190868975257,-6.108747814084065
100660025443549826,2.54434422,-6.10882873
