objID,ra,dec
103920029644755451,2.964488620410193,-3.395839254783743
