objID,ra,dec
106720024337225429,2.433519,-1.062569
106720024333535621,2.4335158189433472,-1.062370765820369
