objID,ra,dec
111930026392172077,2.6392861130564453,3.2762765306518364
