objID,ra,dec
101290025558522861,2.555837569599657,-5.589675995466604
101290025556182611,2.55562126,-5.58983457
