objID,ra,dec
107090023120893650,2.3121050062526294,-0.7556595438303865
