objID,ra,dec
95260020112765206,2.0113256598842075,-10.612694112064275
