objID,ra,dec
114590022001278114,2.200187923005545,5.498038126342572
