objID,ra,dec
111130020923051234,2.0923195006030535,2.609090358922087
