objID,ra,dec
101780028531113470,2.8531082637942653,-5.180806878907387
