objID,ra,dec
109240022164427637,2.2165218679212373,1.0393260659427077
