objID,ra,dec
96940023953777406,2.395355427809726,-9.210929875141051
96940023951347161,2.3952940239585954,-9.210956919470348
