objID,ra,dec
114250023240496218,2.324092524414723,5.21312204401743
