objID,ra,dec
108030020257800021,2.025757409237225,0.024547800466208528
