objID,ra,dec
107010028953528968,2.8953718916150435,-0.817858744204131
