objID,ra,dec
111010023115813081,2.3115048603954715,2.51056910688582
111010023113303312,2.3114036459002847,2.510644504338783
111010023111583604,2.311396438237076,2.51064549968849
