objID,ra,dec
103860023065239337,2.30651571,-3.44257499
103860023062489171,2.306310512317382,-3.4425965575082214
