objID,ra,dec
107610029602651318,2.9604034528940315,-0.3242638384796703
