objID,ra,dec
108080020969775413,2.097022804677533,0.07079524667448096
