objID,ra,dec
109780024593206166,2.4593513799849203,1.4881221697336622
