objID,ra,dec
114220027329551602,2.73288911,5.18425026
114220027327761291,2.732801217075266,5.183997408734423
