objID,ra,dec
105490021364144830,2.1364500961823865,-2.0879988511672187
