objID,ra,dec
110950022687453170,2.2687891651038137,2.4605095942715924
110950022686112839,2.26866277,2.46031048
