objID,ra,dec
109180020296109242,2.029631553626728,0.9906773054376479
109180020292879246,2.02942643,0.99058141
