objID,ra,dec
110030021066735305,2.10662997,1.69577065
110030021064895560,2.1065012211918104,1.6959577303208122
