objID,ra,dec
100400025559602613,2.5560304944137906,-6.331511891139536
