objID,ra,dec
109030021182264680,2.1183599208177197,0.8619002746567372
109030021184914381,2.11849162,0.86162114
