objID,ra,dec
107890028581202411,2.8582518934831693,-0.08999193449698642
107890028584512413,2.8583269474473023,-0.08999048846639655
