objID,ra,dec
109110026380181327,2.638003421132921,0.9255801162267059
109110026379180987,2.637977842314137,0.9254724777995369
