objID,ra,dec
106160028777579023,2.8777741611642664,-1.5261802784825442
