objID,ra,dec
95140029472878895,2.9472116,-10.70985484
95140029471808559,2.9471778983726566,-10.709847598631724
