objID,ra,dec
101780024413370137,2.44086735,-5.18314237
101780024409160529,2.4409153960882377,-5.183223887094396
