objID,ra,dec
113630024284492791,2.42842267,4.69350027
113630024284412307,2.42844311,4.69342304
