objID,ra,dec
108200022953351010,2.29533413,0.16707337
108200022953340649,2.295379005699475,0.16683374278369373
