objID,ra,dec
101730021587602184,2.158752502997181,-5.223545813376926
