objID,ra,dec
102290028360353432,2.836064598844682,-4.755848574774071
102290028362293161,2.83622389,-4.75604995
