objID,ra,dec
111930027602151740,2.7602271652501438,3.276043711862502
