objID,ra,dec
98900023870195135,2.3869513910640023,-7.579436601402227
