objID,ra,dec
104520029591832797,2.9592217425259744,-2.8980258717039358
