objID,ra,dec
103480023863695422,2.3863843392934574,-3.762438561492983
