objID,ra,dec
108000026978539489,2.6977823380391075,0.0073905585959000535
108000026978519011,2.697764112747427,0.0073133666796624955
108000026976429250,2.6977243583412243,0.007345877031114936
