objID,ra,dec
103230028969706510,2.896995375861758,-3.9699357998020415
