objID,ra,dec
107460024127748899,2.412857071632988,-0.44293007747811475
