objID,ra,dec
98740029661439153,2.966210116143365,-7.70939795574761
