objID,ra,dec
104050026574141838,2.657492764695661,-3.290461090280052
