objID,ra,dec
104010021689275737,2.169020486666381,-3.320567487396219
