objID,ra,dec
111940027285068013,2.728600746350971,3.2895783717867153
