objID,ra,dec
100700021074836776,2.107550813902462,-6.0780016991896515
