objID,ra,dec
96840020898563008,2.0899084238893284,-9.297832711865805
