objID,ra,dec
108540026124284387,2.6123519751550517,0.453319447772428
