objID,ra,dec
102210028302243863,2.8301923491138914,-4.822226149243806
