objID,ra,dec
111830021065161553,2.106592110070516,3.1925529002148054
