objID,ra,dec
110550022956933223,2.295773538714474,2.127342434486612
110550022956483553,2.295717108176499,2.127474180359835
