objID,ra,dec
109310021234597419,2.123498562814136,1.0974757610790258
