objID,ra,dec
110920026128396181,2.61289329100291,2.438065813038418
