objID,ra,dec
107100027698164995,2.76982376,-0.74617937
107100027701015035,2.7700938425943535,-0.746171316794869
