objID,ra,dec
107100025874840603,2.5874757,-0.74986548
