objID,ra,dec
108090024194003504,2.419392275221528,0.07748242403281883
