objID,ra,dec
111600028758190560,2.8760884768815522,3.0000226650078994
