objID,ra,dec
99530022726005323,2.272603487050805,-7.054226657231249
