objID,ra,dec
108380024829265594,2.4829492717377244,0.3209536080980572
