objID,ra,dec
104450024879777850,2.488046857800062,-2.952165126578297
