objID,ra,dec
108570027007896130,2.7008269036170183,0.4797669345570755
