objID,ra,dec
103760026283561963,2.62813101,-3.53198131
