objID,ra,dec
98620023762895077,2.3763261060766663,-7.812781075322291
