objID,ra,dec
101670029527341425,2.9525830541491906,-5.274102926205811
101670029524311361,2.952474426287053,-5.2741616545363925
