objID,ra,dec
95260029887355259,2.9887141669763055,-10.612593802340902
