objID,ra,dec
110240024718880445,2.47187537,1.86661473
