objID,ra,dec
97040027864956438,2.7865383304610085,-9.12834560376397
