objID,ra,dec
98010022745427976,2.27455517703655,-8.318704707399332
