objID,ra,dec
107710023517051644,2.3516671167531586,-0.24053557519828503
107710023516061984,2.3516559602647416,-0.2404401263154493
