objID,ra,dec
100830020551933529,2.055246136100316,-5.972410782478141
