objID,ra,dec
100280023411480646,2.341095970791604,-6.433163130390415
100280023410980303,2.34109388,-6.43341904
