objID,ra,dec
94760028098770768,2.809911716230416,-11.033062655497522
