objID,ra,dec
107750021101033693,2.110169193414745,-0.20563357247690137
