objID,ra,dec
109220029357331404,2.9358984096393774,1.017497201781119
109220029358771712,2.9359178727401987,1.0176724295318604
109220029360231325,2.9359445758147418,1.0174900364433757
