objID,ra,dec
100130019999301401,1.9999646384903536,-6.557519960856635
