objID,ra,dec
111920024865324011,2.4866118531935664,3.2696252860837114
