objID,ra,dec
110010021919648001,2.1920087512600936,1.681306873348615
