objID,ra,dec
114260020578807830,2.0578945,5.2228143
114260020578248166,2.0579253794128722,5.223051221195344
