objID,ra,dec
103160022556669421,2.255600770901776,-4.0258183877383145
