objID,ra,dec
113260026971958276,2.697119071043275,4.389752426223561
113260026970797960,2.6970975604309597,4.389715883440215
