objID,ra,dec
97910021479296207,2.1479794798721996,-8.403361133830254
97910021479116569,2.1479766073759023,-8.403350452978925
