objID,ra,dec
106740027098151289,2.7098177014943303,-1.0493131031488407
