objID,ra,dec
100790023643597435,2.364374622389687,-6.00244109707232
