objID,ra,dec
104100021600290724,2.1601150030058873,-3.2498077024124847
104100021599480360,2.159964778189241,-3.2499462732827715
104100021602960496,2.1602447544005345,-3.250001018511011
