objID,ra,dec
99110025240498748,2.524127751253817,-7.401407783161343
