objID,ra,dec
102210022607720428,2.2608154947135413,-4.825010049021317
