objID,ra,dec
101090029800232879,2.980023158775539,-5.756236852297668
