objID,ra,dec
114460023245016738,2.324546477628705,5.388585456179673
