objID,ra,dec
98180026285803921,2.628580539087847,-8.180409274958881
