objID,ra,dec
94700023642092767,2.364193817244778,-11.081307683335766
94700023641333093,2.36419589,-11.08130806
