objID,ra,dec
99850022249653374,2.224946518287944,-6.78921874496877
99850022246493464,2.2246869,-6.78911328
