objID,ra,dec
102690020249878753,2.02496697,-4.41805124
102690020246529141,2.0247597764134038,-4.4178031808914255
