objID,ra,dec
114010022360647612,2.2360821106761186,5.01427983932728
