objID,ra,dec
96180025941671391,2.594122226506416,-9.849452183657048
96180025941161021,2.5941345155333586,-9.849474217205517
