objID,ra,dec
109240029381736837,2.938253472561889,1.0386481937077083
