objID,ra,dec
104610023829849315,2.3828478252159897,-2.817669597809112
