objID,ra,dec
95130028431935603,2.843189032549276,-10.72062838898287
