objID,ra,dec
97600027884163909,2.7884946985208487,-8.663941297970801
