objID,ra,dec
112810021819994837,2.181974,4.01204061
112810021817134937,2.1818220532858645,4.012053217439541
