objID,ra,dec
105040028984883185,2.898400442483442,-2.4643767980026983
105040028983583486,2.8984004491593245,-2.4643284784179595
