objID,ra,dec
107080023686633945,2.36871043,-0.76371422
