objID,ra,dec
105010027667150010,2.76671558,-2.49200787
