objID,ra,dec
95610025274470031,2.527516650306712,-10.325113530997566
