objID,ra,dec
109060026839941158,2.6840830481206437,0.8839145552101548
