objID,ra,dec
101370023246650896,2.3246840844775383,-5.524586379513298
