objID,ra,dec
112040026404969533,2.640645726269581,3.374226374450127
112040026407709691,2.6407715035115027,3.3742916969846
