objID,ra,dec
102590027988599893,2.79891361,-4.50052122
102590027990409608,2.7990340410942545,-4.5006299825977205
