objID,ra,dec
113190020251991579,2.025233619661627,4.325993525048034
