objID,ra,dec
111170023902030837,2.3902961295489686,2.641936499887727
