objID,ra,dec
104770025420110969,2.541978283566612,-2.69110447867692
