objID,ra,dec
99030023884570177,2.38832646,-7.47543889
99020023882229990,2.388314957150097,-7.47542714237598
