objID,ra,dec
111200020571052586,2.0573358330304186,2.6684235584711415
