objID,ra,dec
109380023682765814,2.3683057313669043,1.1544569408391836
