objID,ra,dec
97450021432631788,2.1432669189580458,-8.790492998250791
