objID,ra,dec
96250027020919751,2.7021388710283993,-9.783922982904544
