objID,ra,dec
112420021244074578,2.1244393633498784,3.6867826729513378
