objID,ra,dec
107140020780400174,2.0779553356609712,-0.7169967756198653
