objID,ra,dec
113760027342073795,2.734223791952955,4.802768137079556
