objID,ra,dec
105650021224701448,2.122457807620897,-1.9574586009930293
