objID,ra,dec
103180029777908761,2.9778083858635584,-4.009710396183452
