objID,ra,dec
104740027105043167,2.7105345621860235,-2.714375973023625
