objID,ra,dec
109620020327360659,2.0327520469173406,1.3501403762359308
109620020324560791,2.032597545898218,1.350224786383993
