objID,ra,dec
98540027029638141,2.7030681519686097,-7.876851375835821
