objID,ra,dec
105340028398940539,2.8397973309498146,-2.2166066648960645
