objID,ra,dec
107480022895508282,2.289566304533411,-0.4268447648590404
