objID,ra,dec
98340028840893425,2.8841825746064402,-8.047546383299075
