objID,ra,dec
108390023385046251,2.3385368899414956,0.3298413133613665
