objID,ra,dec
102500028887547454,2.8887381968452,-4.577477994490574
