objID,ra,dec
109560028992785766,2.8991850108445774,1.304495981944953
