objID,ra,dec
108830021068527839,2.106830830054909,0.6978483725637468
