objID,ra,dec
114230022842830079,2.284308143493332,5.191318754399154
