objID,ra,dec
107480024556744724,2.45578327908248,-0.4298030924915772
