objID,ra,dec
112260020261663117,2.0262589905937345,3.5521288453189364
