objID,ra,dec
98780020698279430,2.069900766328897,-7.675844376048707
