objID,ra,dec
98320024467211142,2.446711034013894,-8.066053026938029
