objID,ra,dec
102820029966278231,2.9966637310550954,-4.310173289893358
