objID,ra,dec
112460029236373328,2.923538593236557,3.7191011503788975
