objID,ra,dec
108660025904278300,2.5904887217820676,0.5566047550997674
