objID,ra,dec
111250022124696797,2.212600854271659,2.7135728139080495
