objID,ra,dec
106670023503491645,2.350438270544514,-1.1073684322181907
