objID,ra,dec
111070025405089995,2.5405113117599174,2.5661780743052858
