objID,ra,dec
99290026698673287,2.669964210774212,-7.255878555838179
