objID,ra,dec
113730025363598894,2.5363791735660435,4.781969069916731
