objID,ra,dec
108040026712723546,2.671186650671459,0.036050180489311544
108040026710173402,2.67104523,0.03590218
