objID,ra,dec
113550024118886606,2.4118600440431273,4.630059267426834
