objID,ra,dec
106970021161003501,2.116132301671793,-0.8558243010294159
