objID,ra,dec
108090026659829753,2.665964869231221,0.08278358506654526
