objID,ra,dec
110580024366606453,2.4366064696660703,2.1550417506297825
110580024364756708,2.4364680986789193,2.1552682332018986
110580024362246964,2.436427506458064,2.1552874331043146
