objID,ra,dec
110390028151136094,2.8151531746735805,1.9963609428659037
