objID,ra,dec
105910026239121591,2.62388494,-1.74071436
