objID,ra,dec
94750026068535941,2.606916328751761,-11.037055115960506
