objID,ra,dec
110700028632346446,2.8632748902055036,2.2550091777843173
