objID,ra,dec
108420028531641456,2.8532762999544925,0.350916623389582
