objID,ra,dec
112010023176017261,2.317639589452936,3.347415634805797
