objID,ra,dec
113720026753770266,2.6753898355206207,4.766462181989113
