objID,ra,dec
105430022806528118,2.2806467402218042,-2.135260411837106
