objID,ra,dec
106760021977151804,2.197608105828831,-1.032181604260615
106760021975792227,2.19759643,-1.03187876
