objID,ra,dec
98580023683667973,2.368249283494046,-7.843769268220255
98580023680588064,2.36825103,-7.84375796
