objID,ra,dec
109730027336851386,2.733708759251143,1.4424233811188305
