objID,ra,dec
96750024340382561,2.4340162047732927,-9.373219834629447
