objID,ra,dec
110490027333157227,2.733316700879116,2.0806605619392537
