objID,ra,dec
107550022223336874,2.2223887673053317,-0.36965481969712943
