objID,ra,dec
109820028661136558,2.866098212905207,1.521809738196571
