objID,ra,dec
109450026684673475,2.668502033966439,1.2109844078280017
