objID,ra,dec
114300024981099965,2.4981381695299665,5.257951370631031
