objID,ra,dec
110530028758760497,2.8759133231720573,2.1083719679545982
