objID,ra,dec
98270026013754561,2.60135702181813,-8.104875552354716
