objID,ra,dec
108980025064891784,2.506547196723094,0.8177410415711427
