objID,ra,dec
111040023797080947,2.379753175396962,2.5337395569094547
