objID,ra,dec
105790024948138925,2.494799559490811,-1.8346058316557055
