objID,ra,dec
104630029522502475,2.9522210745158564,-2.806647524869428
