objID,ra,dec
111240021228945361,2.122851598236946,2.7039868848772013
