objID,ra,dec
113390025904141844,2.5905015664825632,4.49277359885002
