objID,ra,dec
106630024624717773,2.46237037,-1.13555881
106630024620727866,2.462227789204535,-1.1354998263861695
