objID,ra,dec
108690022391396429,2.23915155,0.57998052
108690022388386387,2.2388914241698608,0.5799574268614627
