objID,ra,dec
113630026264626960,2.6264812655701055,4.6971080217332535
113630026261726697,2.626233,4.6968685
