objID,ra,dec
98600021869507741,2.186908501122341,-7.827231685382001
