objID,ra,dec
106730021683803218,2.1684142915723874,-1.0560773666513241
