objID,ra,dec
99970023788578164,2.3788136,-6.685272
99970023785578161,2.3786685949078317,-6.685301177897375
