objID,ra,dec
109940026558802746,2.656048997539655,1.6187426257193642
