objID,ra,dec
104900022358412694,2.2358979759470206,-2.581575291956631
