objID,ra,dec
109310025142610160,2.5143474898256737,1.0915425838139365
