objID,ra,dec
108670026025630735,2.60257971730981,0.5585889345362721
