objID,ra,dec
112520020246654699,2.024680356868987,3.770202199525327
