objID,ra,dec
96700028638184740,2.863833611783515,-9.41308333719972
