objID,ra,dec
109610026354545043,2.635522075173527,1.3455304571929438
