objID,ra,dec
110190022592718467,2.259271847280641,1.8316741862401973
