objID,ra,dec
101900022477198589,2.2477577481573565,-5.076539417519725
