objID,ra,dec
107920024947073701,2.4947533906273565,-0.06379964207263915
107920024945864082,2.494674826808203,-0.06359819695531896
