objID,ra,dec
112600024671280114,2.467188533090745,3.8330722231286454
