objID,ra,dec
96570024690304769,2.4690186594215975,-9.521387024203422
