objID,ra,dec
109050025567378721,2.5567864452883726,0.8818410591136068
