objID,ra,dec
110220024997932040,2.499840299786326,1.8513497456832855
