objID,ra,dec
98840022912920555,2.2912831575506085,-7.633207605251636
