objID,ra,dec
105380029193744755,2.9192881529313714,-2.179669878659724
105380029190914918,2.919280954474338,-2.179656599931155
