objID,ra,dec
101740023444600104,2.3443424,-5.21708552
101740023441210125,2.344263874696172,-5.217017583779336
