objID,ra,dec
112560021337335983,2.1337174307620406,3.8046034590655733
