objID,ra,dec
109810026710811380,2.6712382920093938,1.5090449773331005
