objID,ra,dec
107790026245311006,2.624563771439659,-0.1745551609915815
