objID,ra,dec
113670026340647162,2.633966587480065,4.730587749497839
