objID,ra,dec
104970023093997816,2.309336878152295,-2.519031239155411
104970023093307375,2.309307738074984,-2.519175237473917
