objID,ra,dec
105600022464002398,2.246305810403477,-1.998333595650812
