objID,ra,dec
107560025101635272,2.510104537663557,-0.36248484166698525
107560025100775630,2.510066428940046,-0.3624419912685263
