objID,ra,dec
105290025718984404,2.5719680885963685,-2.2549733166502364
