objID,ra,dec
110670024813151372,2.4814559146869746,2.225722168125748
110670024814080948,2.4813234,2.2255088
