objID,ra,dec
103580027504976964,2.7505240462149176,-3.6779311347277615
