objID,ra,dec
96740023477906428,2.3478155731680075,-9.37833785417464
