objID,ra,dec
109430027596775486,2.759691555153014,1.195926171134893
109430027596445965,2.7598085735887077,1.1961540833576503
