objID,ra,dec
106640029096981692,2.909749194452869,-1.132297354203109
