objID,ra,dec
106420028797911786,2.87980593083728,-1.3156052329948609
