objID,ra,dec
103730025543819119,2.5544078378233146,-3.5511113751214345
103730025544118769,2.55439097,-3.55151398
