objID,ra,dec
99010022860026969,2.2859608889229346,-7.486222298646425
