objID,ra,dec
106320021457776429,2.1457824653958872,-1.3950488924305517
