objID,ra,dec
97460027559275708,2.755930257627224,-8.778896695388754
