objID,ra,dec
98810023682139706,2.3681520171773354,-7.6505619010641315
