objID,ra,dec
107090020192688893,2.019279848417853,-0.7512621472355223
