objID,ra,dec
107210025654198499,2.5654470217528815,-0.6516412933207208
