objID,ra,dec
106060029668344371,2.966827372371159,-1.613418200701091
