objID,ra,dec
103060029412296255,2.9412120489937,-4.111818355465577
