objID,ra,dec
100040022171292673,2.2170619597666064,-6.631368854398568
100040022167742825,2.21680596,-6.63136588
