objID,ra,dec
104620028406623412,2.84067676,-2.81410162
