objID,ra,dec
107360023581921975,2.3582332529405257,-0.5320426521680759
