objID,ra,dec
106660029140280690,2.9141719869979292,-1.1164313146189324
