objID,ra,dec
98850025104016038,2.510406469415945,-7.620309945703222
