objID,ra,dec
108130025924342394,2.592459454025211,0.10997221875136313
