objID,ra,dec
114360022250541558,2.22497672,5.30094456
114360022246991591,2.2247656377196234,5.300912137161933
