objID,ra,dec
112900027744341507,2.7744391955261514,4.084166615867424
