objID,ra,dec
107210023281548058,2.3281370437786473,-0.6519781274978619
