objID,ra,dec
112360028455608119,2.8455610260943276,3.639757261081623
