objID,ra,dec
107530022162665436,2.216318446618263,-0.3875218975052334
