objID,ra,dec
102590025148977423,2.5149019234321375,-4.502518061796665
