objID,ra,dec
99080027329144098,2.7328956325439644,-7.430233855160573
