objID,ra,dec
107130023597605013,2.3598018540638397,-0.7212055784958684
