objID,ra,dec
112230027555506744,2.7555922503966492,3.5302486679856258
