objID,ra,dec
110360020049539843,2.00499923,1.97445786
110370020050450160,2.005071981559378,1.9747398925944568
