objID,ra,dec
103730020561359434,2.056157200551984,-3.550830240311588
