objID,ra,dec
110770021604148581,2.1604435256370795,2.3150943434780267
