objID,ra,dec
112810023877898714,2.387825939587206,4.015211487671758
