objID,ra,dec
107690023194087557,2.31935029,-0.25229274
107690023191317389,2.3191261875912503,-0.25240784737393024
107690023190147820,2.3190757,-0.25234213
