objID,ra,dec
110290022679518095,2.2679911130299066,1.9145936911298311
110290022676877957,2.26773242,1.91457545
