objID,ra,dec
109080027831338984,2.7831466546917327,0.9071604553267633
