objID,ra,dec
105470025575080882,2.5575317928872257,-2.1080601786805175
105470025574090435,2.5575325533472135,-2.1081083156160414
