objID,ra,dec
96460024500608187,2.4500279473235085,-9.610199606634298
