objID,ra,dec
104000023565642447,2.3564630435028042,-3.3315606805584648
