objID,ra,dec
106680022967415782,2.296769579284605,-1.0955618299653251
