objID,ra,dec
102520029525508088,2.9526408659361856,-4.56040157379874
