objID,ra,dec
111610020330189958,2.0330083787317226,3.016284794953386
