objID,ra,dec
111530020649716327,2.06502591,2.94654886
111530020648905950,2.0649566475591765,2.9462971500466155
