objID,ra,dec
105690021412847000,2.141281988380008,-1.9195469149522704
