objID,ra,dec
104950022934120773,2.293395739256567,-2.5414311323326646
