objID,ra,dec
98560026557683023,2.6558045451613896,-7.86448199361523
