objID,ra,dec
107900023672673926,2.3673193858982033,-0.08043949774188541
