objID,ra,dec
98830023115817250,2.311574461598389,-7.635994381258612
