objID,ra,dec
107790023035051098,2.3035489988700717,-0.1744620139029016
