objID,ra,dec
108740023378406363,2.3378570960064606,0.62159108755367
