objID,ra,dec
99020020590521388,2.0591340979935002,-7.482525463640646
