objID,ra,dec
111460024286834328,2.428764494198753,2.8865927531791318
