objID,ra,dec
101760026905563626,2.6904927840113677,-5.197214175033251
