objID,ra,dec
111400023223452345,2.3223216360348085,2.8348590547273713
