objID,ra,dec
94680027117246174,2.7117298221146,-11.095093195916299
