objID,ra,dec
113420025002594763,2.5003506892921887,4.520190266702813
