objID,ra,dec
106680025229127260,2.522980643773822,-1.0943977455663043
106680025228596901,2.52298901,-1.09449698
