objID,ra,dec
95760021904412837,2.1905048662279203,-10.19800263450613
