objID,ra,dec
108580027134190135,2.7134190961597766,0.4831884479097619
