objID,ra,dec
110700021346676959,2.134677222172087,2.2553581946554244
110700021343306833,2.1346696263070393,2.2553656287996513
