objID,ra,dec
110500025987600801,2.59870611076682,2.083724470945156
