objID,ra,dec
100590025519711761,2.551848548802937,-6.173883380927398
100590025516981863,2.5518139655037197,-6.173860224774422
