objID,ra,dec
102790029047294288,2.904734075299636,-4.338444616340451
