objID,ra,dec
105020027063898298,2.7064011477447645,-2.476820536835739
