objID,ra,dec
97910026142274338,2.61416671747966,-8.405132285336023
