objID,ra,dec
102540020528592073,2.05290562,-4.54863177
102540020525401948,2.0526196692053866,-4.548712391778585
