objID,ra,dec
102270024642782367,2.464398739872979,-4.77344692583935
