objID,ra,dec
111630020755185839,2.0755424634162316,3.0294712502723438
