objID,ra,dec
107320028662264711,2.866328491608838,-0.5631126554521279
