objID,ra,dec
106830022874361319,2.2874632060864206,-0.9742634886094655
