objID,ra,dec
102030027597370242,2.7597754793176543,-4.975171672179238
