objID,ra,dec
108280024882623617,2.48830097827874,0.23605090896699155
108280024882373271,2.488297117363874,0.23602825170684483
