objID,ra,dec
108640024497280147,2.449755387043791,0.533123337315984
