objID,ra,dec
111090025730346300,2.573184418125984,2.5798625427213473
