objID,ra,dec
113310026766501519,2.67662395,4.42579315
113310026765401212,2.676563835098499,4.4256407225634184
