objID,ra,dec
102540024928265396,2.4927609834554403,-4.545733648522231
