objID,ra,dec
108380023065021532,2.3065717428176833,0.31755407036556615
108380023068751516,2.30676509,0.31755813
