objID,ra,dec
94800026394463752,2.639468642280309,-10.997167662971844
