objID,ra,dec
108410025977222967,2.597691647085369,0.34379527919806147
