objID,ra,dec
106640029844616179,2.9845101226650814,-1.1285473713944236
