objID,ra,dec
104150024348202446,2.434757524149722,-3.2067208144090102
