objID,ra,dec
97170027702298607,2.7702262071872124,-9.018159726195439
