objID,ra,dec
109650027844673187,2.784555251194945,1.3772187193422032
