objID,ra,dec
110800023480168489,2.34806567794114,2.339999803092946
