objID,ra,dec
110690020137256585,2.013838686196597,2.2468862979325523
