objID,ra,dec
104930020562661100,2.056362881229048,-2.5576439182263404
104930020562181552,2.05622373,-2.5573697
