objID,ra,dec
108770022529663443,2.253094804950823,0.6440941418845519
