objID,ra,dec
112460028207355113,2.820801771565299,3.7205625189205858
