objID,ra,dec
106850028088593572,2.808859037644638,-0.955748251709319
