objID,ra,dec
109420020233146337,2.023343941823813,1.1883395451633367
