objID,ra,dec
98320020323809565,2.0324016580671964,-8.059138880914837
