objID,ra,dec
107720024404485392,2.440495311262536,-0.2291914745782724
