objID,ra,dec
98470029047876561,2.9048206842885516,-7.936460243560402
