objID,ra,dec
97150022546558788,2.2546806379234994,-9.034696494756112
