objID,ra,dec
105230026108592506,2.6108939100316957,-2.3065649177613023
