objID,ra,dec
102840022920732704,2.292064753334498,-4.298092784573909
