objID,ra,dec
113530020452847560,2.0454214580747148,4.614254007000154
