objID,ra,dec
98220026819880315,2.681994706430793,-8.150096960237404
