objID,ra,dec
108470029955818926,2.9955597267585636,0.398760192174228
108470029958578851,2.99569737,0.39867983
