objID,ra,dec
106500024181040189,2.4181922689981463,-1.2502290080630003
