objID,ra,dec
96080027197666674,2.719826570090864,-9.928122199373759
