objID,ra,dec
114470020148356375,2.0148234552645934,5.396567067145669
