objID,ra,dec
95880023608760511,2.36088080325018,-10.099936780266832
