objID,ra,dec
112310023100751120,2.310092045935181,3.5922003084919645
