objID,ra,dec
112190022208593704,2.2208815928996133,3.4943734193868097
