objID,ra,dec
102660026745361448,2.6744946901230033,-4.449136748923839
