objID,ra,dec
110730022734966037,2.2736656588253252,2.2797130330349993
