objID,ra,dec
107490024136925678,2.4137369350609266,-0.42062546998521566
