objID,ra,dec
103280028914066787,2.8914208574500337,-3.9280790840506157
