objID,ra,dec
101670021482673444,2.148212872044201,-5.2725008491785195
