objID,ra,dec
109540026021598895,2.60200718,1.29030996
109540026020318512,2.6020482044058872,1.2900404638389917
