objID,ra,dec
98900021499924709,2.1500728510205396,-7.579776357656055
