objID,ra,dec
107570021291328612,2.129206996108204,-0.35152909830110934
