objID,ra,dec
104210025215617328,2.52156686,-3.1525667
104210025212787257,2.521314017700702,-3.152636733835102
