objID,ra,dec
112630024354070787,2.43540608368063,3.8584935755988234
