objID,ra,dec
111410021267419262,2.12702543,2.84899692
