objID,ra,dec
96590022433909703,2.243382187440118,-9.500538634622792
