objID,ra,dec
114470023323151512,2.3322871421877576,5.392638104472874
