objID,ra,dec
100880028954041598,2.895483751241173,-5.932251390012639
