objID,ra,dec
109080026040218577,2.604068358709611,0.9067449536665698
