objID,ra,dec
109410028371339251,2.837156371356033,1.1823588693353373
