objID,ra,dec
97470024391808558,2.43922886267248,-8.768172752209331
