objID,ra,dec
110390020293153733,2.0293537032408695,1.9943721741733633
110390020295473476,2.02954254,1.99419079
