objID,ra,dec
97870024856493547,2.485653524815837,-8.439039978641627
