objID,ra,dec
108210021593590123,2.1593933724185805,0.17480898000686157
