objID,ra,dec
108070028438110937,2.8438226344961652,0.0587395665731637
