objID,ra,dec
102730026738705202,2.6737729221563873,-4.387763360406633
