objID,ra,dec
108420029375522004,2.9375915786042914,0.35130571562137564
