objID,ra,dec
113100025855575638,2.58555862,4.254322
