objID,ra,dec
97560027426081357,2.742642940457087,-8.699217211809843
