objID,ra,dec
114230020389044499,2.03880867634452,5.195067931340522
