objID,ra,dec
103830023223059324,2.3223081,-3.46758946
103830023219869186,2.3220680480795273,-3.4676986412672925
