objID,ra,dec
103390028001868053,2.8002122948681967,-3.8352582546022096
