objID,ra,dec
113700020552328183,2.055265014239383,4.756430163434295
