objID,ra,dec
112120029300719398,2.93002001,3.44088945
