objID,ra,dec
110410021987589654,2.1988651111916178,2.0160802953229964
