objID,ra,dec
109490022698555020,2.269934518698444,1.2454671926307421
