objID,ra,dec
105250024664400987,2.466481739208731,-2.2912962384401196
105250024662450740,2.4664185867453017,-2.2913881325266834
