objID,ra,dec
109330021985281885,2.19839095,1.10959715
109330021983942363,2.19846836,1.10991866
109330021981942095,2.198375371087642,1.1095581119083993
