objID,ra,dec
107530025692708635,2.569332014438968,-0.38482482184390593
