objID,ra,dec
102930023976241470,2.3976520269612087,-4.224166097372333
