objID,ra,dec
107260026798817794,2.6798737139280573,-0.6105756649297064
