objID,ra,dec
110780028183570605,2.818431011244078,2.316788973344911
