objID,ra,dec
113590021463447081,2.1463974779787036,4.663841997632112
