objID,ra,dec
113670023092329081,2.309182790832307,4.7321396481031055
