objID,ra,dec
95660021354371472,2.1354694056804213,-10.282449785088442
