objID,ra,dec
108300028805047611,2.880574758322739,0.2560267355071893
