objID,ra,dec
98240028095320739,2.8095440077196163,-8.13306742187049
