objID,ra,dec
109160021155534004,2.1155870258808362,0.9696784867218703
