objID,ra,dec
106900022941103815,2.294152707013253,-0.9138871949240338
