objID,ra,dec
113370027373027604,2.737152477547672,4.4810029583535265
