objID,ra,dec
108530021573756745,2.1574554866629487,0.44694018254724127
