objID,ra,dec
108320027525097441,2.7525037574847504,0.2725484967359205
