objID,ra,dec
98030024861644593,2.4861757500371833,-8.304894205910779
