objID,ra,dec
113950028374815088,2.83730014,4.96215379
113950028370214826,2.837246394540883,4.962112314185554
