objID,ra,dec
101090024272405075,2.427286877808388,-5.754437114598252
