objID,ra,dec
112110021853370462,2.1853633982217135,3.424999660341644
