objID,ra,dec
113540021209080988,2.1209744470886753,4.617091057141952
