objID,ra,dec
98000021927273663,2.1927661421837517,-8.330635632709981
