objID,ra,dec
97620027006970147,2.7006604529200557,-8.650154864649993
