objID,ra,dec
97830023636709493,2.363695127911284,-8.467448451485387
97830023637589092,2.36371855,-8.4675489
