objID,ra,dec
108170023398060192,2.3399476240050716,0.14136307208694224
