objID,ra,dec
109860024451185115,2.44512125,1.55390247
109860024448225234,2.4449032459571804,1.5539732900488785
