objID,ra,dec
108840022969036314,2.296857359976674,0.7048423028483062
108840022966016420,2.296818889916383,0.7048525039564794
