objID,ra,dec
104810025731359203,2.5732048225589277,-2.650970859728062
