objID,ra,dec
96830022642546851,2.26425018731615,-9.303027318471925
