objID,ra,dec
103920024781745419,2.47808256,-3.39581838
103920024779135639,2.47795952,-3.39558624
