objID,ra,dec
106090023951791522,2.3952395118928975,-1.5908319566678433
