objID,ra,dec
109460024935228346,2.493545892957738,1.2232381435616386
