objID,ra,dec
113010027419832839,2.7419756797079087,4.176951005191673
