objID,ra,dec
114330025095964683,2.509679455106773,5.278458795169838
