objID,ra,dec
103030024355287202,2.43554132,-4.13602822
103030024354707554,2.4354835493141835,-4.135764884437823
