objID,ra,dec
96620025584246971,2.5584587767478912,-9.477879806095903
96620025583786559,2.55838644,-9.47816305
