objID,ra,dec
104680020597304396,2.0597762280078227,-2.7633558003399936
