objID,ra,dec
110040028024565407,2.8024151329047178,1.703998309876485
110040028023175112,2.802377512591695,1.7039804773488074
