objID,ra,dec
104800027899733751,2.789950595118653,-2.6639151825099248
