objID,ra,dec
97800028022433309,2.802244428386222,-8.497593120643154
