objID,ra,dec
99220028875611059,2.887521191904312,-7.316137552393579
