objID,ra,dec
108730026272573332,2.62729256201185,0.6107220656765197
