objID,ra,dec
104470028491089245,2.8491773590607163,-2.9343266519291373
