objID,ra,dec
108990022515607178,2.2515919685529235,0.8306162045745756
