objID,ra,dec
96250029834515481,2.983526002012249,-9.78715500958791
96250029834385825,2.9835088819857165,-9.787159313965967
