objID,ra,dec
108150024068798861,2.4069288739595,0.13202971427253718
