objID,ra,dec
112890023552992496,2.3553894225548597,4.07670787495399
