objID,ra,dec
96320024519574550,2.4519636718746356,-9.729942276865264
