objID,ra,dec
94520029752471075,2.975252301084187,-11.232780815885574
