objID,ra,dec
94630027070656080,2.7071207025016437,-11.136910748542757
