objID,ra,dec
114340024952917344,2.495330156491954,5.288976799288632
