objID,ra,dec
111370028968859378,2.89697627,2.81576591
