objID,ra,dec
96540020996171873,2.0996564423722868,-9.548784763759187
