objID,ra,dec
96840025243362247,2.5242886700072997,-9.298036150628256
96840025242782831,2.5242864207788385,-9.297992251927159
96840025239183056,2.5240652,-9.29785759
