objID,ra,dec
109980020795168990,2.079443162974608,1.6569351189410344
109980020794008626,2.0794418520476325,1.6568687651874785
