objID,ra,dec
97460029651313001,2.965138861893918,-8.781142344469453
