objID,ra,dec
109840021821513175,2.1821497791804068,1.5356280668588285
