objID,ra,dec
107840023920820451,2.3921391145164153,-0.1333006204651668
