objID,ra,dec
106510027531084617,2.7531260153195927,-1.2382251923836995
