objID,ra,dec
96530022920728134,2.2920720821451637,-9.55191131380052
