objID,ra,dec
108240026814982664,2.6814858163644817,0.20185669596845535
