objID,ra,dec
108230025132158440,2.51324113712835,0.19833154176211268
