objID,ra,dec
111780029806571264,2.9806521221459836,3.150592489298577
