objID,ra,dec
109580028374944012,2.8375751776597715,1.3197078713472645
