objID,ra,dec
107780021011193880,2.101134249979017,-0.18055518907607382
107780021009913578,2.10105759,-0.18073263
