objID,ra,dec
104690025184673745,2.518515593535953,-2.755573380912069
104690025182443952,2.51824926,-2.75537858
