objID,ra,dec
112760023864212896,2.3864546125226025,3.9687099168453734
