objID,ra,dec
114420020204975857,2.020467024301955,5.354512922451561
