objID,ra,dec
111820025798509692,2.5799354333570546,3.190962764293015
