objID,ra,dec
107650022690097510,2.2690466379881564,-0.2857976206412324
