objID,ra,dec
95230023336327202,2.3336052756030754,-10.635981253904015
