objID,ra,dec
98340027015918597,2.7016409735409743,-8.043156568546582
