objID,ra,dec
102680029678335357,2.967877041735417,-4.429229187816582
