objID,ra,dec
103800029417703885,2.941831722333234,-3.497112771242069
