objID,ra,dec
107370027847256575,2.7848450918972993,-0.5198945996183556
