objID,ra,dec
99050023037267613,2.3036832814664487,-7.452329582940282
