objID,ra,dec
108930025773477084,2.57735738,0.78053681
108930025771687375,2.5772081751141482,0.7807666885789489
108930025768767421,2.57700892,0.78084312
