objID,ra,dec
96170028614917804,2.8615576620534173,-9.852165752621142
