objID,ra,dec
111760027050806992,2.705092025982992,3.1388767773216135
