objID,ra,dec
111180021003349089,2.100416675691456,2.6572611264783133
