objID,ra,dec
103800026736213687,2.67367066,-3.49724837
103800026737354043,2.6737547,-3.49699559
