objID,ra,dec
105470029540374057,2.9540790839555284,-2.105320621525291
