objID,ra,dec
107520026961529693,2.696174274875052,-0.3923409983221076
