objID,ra,dec
109130029696133143,2.969621921479926,0.9438574024483709
