objID,ra,dec
103180029345023849,2.934492586647757,-4.013795148205494
