objID,ra,dec
99420029560350485,2.955970325128482,-7.149753159542898
