objID,ra,dec
106730029743880567,2.9744388878590766,-1.0581958894460923
