objID,ra,dec
114050023514134400,2.35147078227318,5.0448737700434165
