objID,ra,dec
100810027191512984,2.719234079803602,-5.989593645306739
