objID,ra,dec
107980024509945534,2.450933868534623,-0.012230082816593752
107980024507825803,2.4509189048174287,-0.012203107364547532
