objID,ra,dec
109520020489495923,2.0491493642946703,1.2713220699308134
