objID,ra,dec
108370027507411505,2.750745663147241,0.30926675346003085
