objID,ra,dec
112940022400871139,2.240129499913427,4.1172673728464515
