objID,ra,dec
102780038462010142,3.8463229331639273,-4.350354257855445
