objID,ra,dec
106650030077594508,3.007825737323828,-1.1216288329127637
