objID,ra,dec
110950034414716957,3.4413870579538206,2.4638386286882947
110950034413857337,3.44139997,2.4638371
110950034410846915,3.4413635717730147,2.463867479524082
