objID,ra,dec
97330031377855138,3.1377719910419954,-8.88768340949514
