objID,ra,dec
111140039263987826,3.9264454950572243,2.6229178185366813
111140039263038252,3.9264007512883703,2.623039653626059
