objID,ra,dec
104940039132921466,3.9133309205929394,-2.5491579674124867
