objID,ra,dec
104410034315163949,3.4316019367244506,-2.988813124653605
