objID,ra,dec
109060038921059090,3.892135116571619,0.8905024293815671
