objID,ra,dec
106780034781582531,3.4782425684818956,-1.0149481070261517
