objID,ra,dec
108470030566824232,3.05673441088551,0.3948248135808136
