objID,ra,dec
104970032085118715,3.2085436998617984,-2.5180595563143524
