objID,ra,dec
97330038473963165,3.84743015,-8.88939048
97330038472583489,3.847279598313964,-8.889129869209663
