objID,ra,dec
101780030162540858,3.0162332760055115,-5.182899793202744
