objID,ra,dec
95300035089068326,3.508946820872464,-10.576749360704108
