objID,ra,dec
110080036014427135,3.601535739076173,1.7388597686098601
110080036012696825,3.60146278,1.73861485
