objID,ra,dec
109400037758170911,3.775831926302113,1.1670471647181058
