objID,ra,dec
109080034800989752,3.480113760660689,0.9077363289206763
