objID,ra,dec
95570034426234303,3.442584167484858,-10.35502911451272
