objID,ra,dec
108700031645215951,3.164525970396704,0.5878890731218686
