objID,ra,dec
103150034169237424,3.4168747793607674,-4.036013835979015
103150034166587097,3.416737936141359,-4.0360744473052765
