objID,ra,dec
108030033499942579,3.349992248023539,0.02685765947557112
108030033497282724,3.34986453,0.0270665
