objID,ra,dec
113000035135066192,3.5135225116485107,4.171419986529618
