objID,ra,dec
109510030741955157,3.074202198396293,1.262256457784872
