objID,ra,dec
110910030909457780,3.090981607169302,2.431080327079111
110910030905668054,3.09078451,2.43108229
