objID,ra,dec
105140035957601917,3.5957902702596933,-2.3820638022406495
