objID,ra,dec
109270036092937403,3.609301470466237,1.0641463869659913
