objID,ra,dec
100980032823417926,3.2823547292924258,-5.843835188814732
