objID,ra,dec
95770039094187285,3.9093060584244403,-10.185914805273145
95770039091257360,3.9093165141214454,-10.185896242086363
