objID,ra,dec
98670032784464180,3.278438526736432,-7.771891140370751
