objID,ra,dec
96410030221838406,3.02222467730101,-9.65164644551384
96410030224008621,3.02236961,-9.65168237
