objID,ra,dec
101790030540858770,3.054092795088359,-5.168020138147121
