objID,ra,dec
110030036351809127,3.6352,1.69886841
110030036348339134,3.63488157,1.69884376
110030036348178771,3.63484159,1.69856742
