objID,ra,dec
108670039254310977,3.9253129937251376,0.5587452848807682
