objID,ra,dec
96110032906309710,3.2906569608133553,-9.90053835373523
