objID,ra,dec
105380030941300207,3.0941660910461035,-2.183503080668561
