objID,ra,dec
114170037748584493,3.77483217,5.14503679
114170037747124794,3.7747556126761115,5.145230452935404
