objID,ra,dec
102250035660814748,3.566190171954688,-4.787951323898002
