objID,ra,dec
98580032531088747,3.253142299200248,-7.8430900472783565
