objID,ra,dec
104480038852414026,3.885338349909987,-2.9304320729894746
