objID,ra,dec
105580036900042996,3.6900430224558693,-2.014618803634842
105580036898143122,3.68981424,-2.01441619
