objID,ra,dec
108100037780542446,3.778147977152661,0.08501170300906946
