objID,ra,dec
108280036246121205,3.6245759288824746,0.23397339534038783
