objID,ra,dec
110630036753148114,3.675250623846192,2.198149253981005
