objID,ra,dec
103410033435752955,3.3435619,-3.82291899
103410033438592947,3.3438565439557397,-3.8228748301412763
