objID,ra,dec
105940031543094287,3.1544613913199124,-1.7132889371388231
105940031541434417,3.15424376,-1.71337504
