objID,ra,dec
113750039122791677,3.912320995746823,4.792647158823842
