objID,ra,dec
99170039329594977,3.9330016163233603,-7.354521111733739
