objID,ra,dec
99600032677244354,3.2677857069148115,-6.996696610369052
