objID,ra,dec
94830033521528482,3.3521941350738422,-10.968259593194665
