objID,ra,dec
103160038951867484,3.8951213817293,-4.027325868449765
103160038952747833,3.89525259,-4.02720906
