objID,ra,dec
106010035703066319,3.57037127,-1.65343813
106010035699896629,3.57007497,-1.65337297
