objID,ra,dec
108650030471547632,3.0469936088726874,0.5476530823616191
108650030471178079,3.04714428,0.54797838
