objID,ra,dec
108370037831466436,3.783187606831536,0.3133110015818002
