objID,ra,dec
110020035716371132,3.57156156269713,1.6838277221672284
