objID,ra,dec
107650038475973415,3.847630857854048,-0.2891998563895042
