objID,ra,dec
98540035350426681,3.5350193564197694,-7.878080083972131
