objID,ra,dec
109160039634608277,3.963480650674672,0.9731509245427342
109160039637778207,3.9638178346239674,0.973060353291623
