objID,ra,dec
109040031683792693,3.168405540447647,0.8685390880535261
