objID,ra,dec
107940035585614734,3.5586008878547695,-0.04645158459830285
