objID,ra,dec
104010034566183498,3.456682422323557,-3.3224245718506036
