objID,ra,dec
109440031993985285,3.1994169367009215,1.204040974791914
