objID,ra,dec
101470031883970904,3.1884540067406104,-5.4412583148060305
