objID,ra,dec
108440032985446418,3.298491274549817,0.37161047720896717
108440032982376541,3.298332555274707,0.3716459553490779
