objID,ra,dec
100160037093886204,3.70939232,-6.52852244
100160037096555979,3.7096258997424636,-6.52865679656454
