objID,ra,dec
102610030242740207,3.024270715026603,-4.491868632392639
