objID,ra,dec
102870032628132073,3.2628701486429152,-4.273608451734295
