objID,ra,dec
111220031167826593,3.1168100875805202,2.688381566881087
