objID,ra,dec
95280039797101109,3.9797397998401522,-10.599402824498446
