objID,ra,dec
98870030851012672,3.0851122861411517,-7.6064395568888035
