objID,ra,dec
110230034465739093,3.4466882521665054,1.865483060034241
