objID,ra,dec
112470036834873545,3.683564396664916,3.7275661846332375
