objID,ra,dec
108420039133462791,3.9134196312454903,0.35190109978887835
