objID,ra,dec
104450031638454563,3.163870737938864,-2.9548841920156486
