objID,ra,dec
107030034613185784,3.46132896,-0.80388496
107030034610945503,3.461205114931432,-0.8041049968712629
