objID,ra,dec
112560032053330460,3.2053467872737733,3.799991022661948
