objID,ra,dec
110080033921438122,3.39221573,1.73972225
