objID,ra,dec
105620033891785612,3.3892276379058184,-1.9790570393568687
