objID,ra,dec
108110034099828530,3.41012348,0.09838485
