objID,ra,dec
105800037910640975,3.79111448,-1.83288968
