objID,ra,dec
111240031233375084,3.123361501872071,2.703934914522612
