objID,ra,dec
94900033772884560,3.3773360044101666,-10.913186540747642
