objID,ra,dec
104250034087060445,3.40877129,-3.12503103
104250034086570059,3.4086683848928927,-3.1252896923954947
