objID,ra,dec
114200036868287554,3.6868364741689748,5.172495299142129
