objID,ra,dec
107980038541135887,3.85418422,-0.01213847
