objID,ra,dec
109470039077051137,3.9077445577155907,1.225552846218122
