objID,ra,dec
106640030380367326,3.038071863213627,-1.1275976282960505
