objID,ra,dec
106730031726466332,3.1726919061565355,-1.053389020339864
