objID,ra,dec
113430035536854338,3.55380218,4.52819751
