objID,ra,dec
107770039858468251,3.9858684247204565,-0.18521164413726923
