objID,ra,dec
110200031616186447,3.161705832721524,1.8383653224384033
