objID,ra,dec
101730033539084691,3.3539133157064454,-5.221497026780576
