objID,ra,dec
105800038076576982,3.807728607970286,-1.8278544766149531
