objID,ra,dec
108300034527063784,3.45277172,0.25295712
