objID,ra,dec
104220030422941370,3.04233188750597,-3.149258387701244
