objID,ra,dec
97250031520223814,3.1520847226419986,-8.95546260281249
