objID,ra,dec
107910034383051190,3.4383086263560254,-0.07441406972050005
107910034380311088,3.438149871567966,-0.07447120265594326
