objID,ra,dec
104330038372905370,3.837388564958947,-3.054249548090064
