objID,ra,dec
108740030876021924,3.087640927551533,0.6178767489963362
