objID,ra,dec
105610036949103380,3.69494799295471,-1.989222640327119
105610036946453557,3.69492586,-1.98910334
