objID,ra,dec
103800035563822958,3.556438777211472,-3.4979114281045436
