objID,ra,dec
103130030283874751,3.0284288769424528,-4.05463403425231
103130030283435082,3.0283950616470015,-4.0545121413882645
