objID,ra,dec
109080039315176203,3.93151717,0.90479668
