objID,ra,dec
105200032921654226,3.292148109984973,-2.330137139992365
105200032919794487,3.29200182,-2.32996722
