objID,ra,dec
106550037457480211,3.7458029796554277,-1.2084634726097179
