objID,ra,dec
106190038334599536,3.833457467897543,-1.5007258657160394
