objID,ra,dec
107520034685404364,3.46856841492608,-0.3967271081444136
