objID,ra,dec
104320033952611311,3.395303769697341,-3.0659276245214393
