objID,ra,dec
111730030491705832,3.0491835078758807,3.1127843557421437
