objID,ra,dec
95890039080603041,3.90808612428847,-10.089488521603569
