objID,ra,dec
97100035588255240,3.558852629112165,-9.079330738231501
