objID,ra,dec
111630035433237459,3.5432136521036615,3.0306523081771486
111630035433227074,3.5432507511879314,3.0306228972758777
