objID,ra,dec
111080035031136736,3.503181816344689,2.571752230594286
111080035030936366,3.503187672487604,2.57171079528433
