objID,ra,dec
109210039710151152,3.971033919028765,1.0088613413212426
