objID,ra,dec
105930033663365046,3.3664215411618,-1.7211500351144258
