objID,ra,dec
110570034049629758,3.4049700933480325,2.1494457403305423
