objID,ra,dec
105650034832626179,3.4832642541263126,-1.9536163714519814
105650034830165960,3.483202372991416,-1.953647121909582
