objID,ra,dec
108680032282620036,3.228403423037666,0.5665075457959317
