objID,ra,dec
109390038364634263,3.83649688,1.16149906
109390038362504382,3.83628656026679,1.1615938740406966
