objID,ra,dec
111470036912432168,3.6913476083912,2.893101116674584
