objID,ra,dec
107950039838300533,3.983901745612782,-0.04165191266085344
107950039835540193,3.98371185,-0.0416517
