objID,ra,dec
113850031501513773,3.150230770326412,4.8776960929370405
