objID,ra,dec
112550032246555743,3.22468575,3.7960674
112550032249125586,3.2249637655102346,3.7959638646506404
