objID,ra,dec
112700039879079890,3.9879858126143835,3.9244736023024305
