objID,ra,dec
112980038108565400,3.81088467,4.15412013
