objID,ra,dec
108770032042622678,3.20436277386038,0.6435025808487416
