objID,ra,dec
103110033403384329,3.3403268121396645,-4.071689449526247
