objID,ra,dec
96220039816344960,3.9816843887156903,-9.81287589079687
