objID,ra,dec
106400030938529500,3.0938395534592478,-1.32577634955406
