objID,ra,dec
102540032208585295,3.2208311888522525,-4.545878791483171
102540032206835596,3.2207964048733206,-4.545780046237912
