objID,ra,dec
101800034617166653,3.4617050297207497,-5.161359882716954
