objID,ra,dec
109730038062328142,3.806261702671996,1.4480807974128667
