objID,ra,dec
104720030885284835,3.0885651789212134,-2.7297113742182715
