objID,ra,dec
96540032773346200,3.277362213576579,-9.54516058718632
