objID,ra,dec
103700031969789453,3.197084211165201,-3.5758725069755313
