objID,ra,dec
95740034614952425,3.46145802967996,-10.214953690375596
95740034618732614,3.4617029,-10.21481417
