objID,ra,dec
108690032844711734,3.284500213481447,0.5760358920830428
