objID,ra,dec
114440032949270103,3.2949617958320956,5.366349915819414
