objID,ra,dec
108230031960712618,3.1961089115823826,0.19346771597341994
