objID,ra,dec
114420035162023267,3.516392182214501,5.352349250231374
