objID,ra,dec
104350035101406881,3.5101906773865337,-3.0362583879825946
