objID,ra,dec
96160039413115060,3.941313996115392,-9.862813811801042
