objID,ra,dec
95990033820614682,3.3820830692714763,-10.004729772274125
