objID,ra,dec
109500036141185922,3.61427491,1.25459864
109500036143936144,3.6143983477417443,1.2547272948281256
