objID,ra,dec
97950036488470716,3.64889500373547,-8.374740764286017
