objID,ra,dec
106620033824873919,3.382484673011341,-1.1470863262780524
