objID,ra,dec
108540033678226491,3.367764984658177,0.45510468915403196
