objID,ra,dec
113830037818326486,3.781833517403752,4.863302308343299
