objID,ra,dec
103160032895762420,3.2895251709004114,-4.031642793044096
