objID,ra,dec
96140030932200458,3.0933014447755527,-9.883300755974597
