objID,ra,dec
94730039540376677,3.9541651305347,-11.053215048006228
94730039542626354,3.95430572,-11.05338875
