objID,ra,dec
110110037758763423,3.77589980018344,1.7607861730989767
