objID,ra,dec
106520033785000583,3.378456577377809,-1.2331308082484034
