objID,ra,dec
107300037641580669,3.764170156831083,-0.583151323438953
