objID,ra,dec
98650032079308216,3.207921017994867,-7.785222259604975
