objID,ra,dec
107630039662413308,3.966289293839317,-0.30599427592997
