objID,ra,dec
112360034801444834,3.4802706022466867,3.637061716671215
