objID,ra,dec
111160036783911771,3.6785626682561916,2.634482211909388
