objID,ra,dec
106760031945206791,3.1944828368390357,-1.0281785802389942
106760031943846394,3.194440939953682,-1.0282303422637626
