objID,ra,dec
110750030851557865,3.0852044636493883,2.2978507651960913
110750030850997535,3.08516476,2.29765788
