objID,ra,dec
112190030795247374,3.0795672529769305,3.497474694254801
