objID,ra,dec
100950032962602791,3.2962568855576686,-5.873085315250727
100950032959312650,3.29595972,-5.87311903
