objID,ra,dec
100570031574325554,3.157446115170404,-6.18744118107039
