objID,ra,dec
106840036269744649,3.62721076,-0.96301945
106840036273054972,3.6273609747954825,-0.9628374060127738
