objID,ra,dec
96270039814362147,3.9814818350835006,-9.77349030300874
