objID,ra,dec
108600033413895382,3.3413975796866118,0.5040902048254552
