objID,ra,dec
109030039846622049,3.98456582,0.85958913
109030039842761741,3.9843738344829145,0.8594846015706195
