objID,ra,dec
107050036675245788,3.6674823185356287,-0.7871981671226558
