objID,ra,dec
105150031058019152,3.10585274,-2.36773666
105150031060598986,3.106099584227405,-2.367888244543336
