objID,ra,dec
103430032378060775,3.2379078781687887,-3.8081277890871346
