objID,ra,dec
106880038586322217,3.8585914197413906,-0.931892042876452
106880038586061857,3.85860275,-0.93214542
