objID,ra,dec
97450031031191521,3.1032419053005875,-8.790620690476025
97450031033871874,3.10327483,-8.7905546
