objID,ra,dec
108140031299987120,3.1300072486142674,0.12222983213377096
