objID,ra,dec
95630034593727708,3.4593184456427277,-10.30229635138603
95630034591057912,3.45911072,-10.30212086
