objID,ra,dec
95660033122653003,3.31228876,-10.28114208
95660033121623328,3.312212767365501,-10.280862148243136
