objID,ra,dec
111830037773747706,3.77738972,3.19768288
111830037776587368,3.77759074,3.19747538
