objID,ra,dec
110930031943333194,3.194348999425015,2.44395819939186
