objID,ra,dec
108690037488290788,3.74885478,0.57527818
108690037485500879,3.74858251,0.57537717
