objID,ra,dec
105140031805591113,3.1806311528471296,-2.382732565599615
