objID,ra,dec
113070032301069151,3.2300770675038066,4.232204131300991
