objID,ra,dec
101980036403296166,3.640279968724808,-5.011954739527288
