objID,ra,dec
103520039941519075,3.99414536,-3.72610797
103520039939238814,3.99397365001878,-3.7262750276074477
