objID,ra,dec
109210038942718392,3.8942621383379197,1.0148549025699767
