objID,ra,dec
110260038614594921,3.8615012092699916,1.8870741012388352
