objID,ra,dec
107350036362125415,3.6362260786385807,-0.5375345921442309
