objID,ra,dec
109370038303637827,3.8304475531022253,1.1478040005918506
