objID,ra,dec
105370036653866914,3.6654957212601835,-2.1861396166091343
