objID,ra,dec
111450031944480283,3.1944656539138108,2.874823207257939
