objID,ra,dec
110680036221521384,3.62211703,2.23410433
