objID,ra,dec
102120037056212315,3.70558608783875,-4.89844278046046
