objID,ra,dec
98030036602890185,3.6603758592873548,-8.308518659794188
