objID,ra,dec
97460039583169054,3.958343334285637,-8.77613943306858
