objID,ra,dec
113370030436736509,3.0437013743014867,4.480024175626479
