objID,ra,dec
107110034749679024,3.47499317085303,-0.7345275501986
