objID,ra,dec
102160034300801436,3.430161881927447,-4.865873793803367
