objID,ra,dec
108050031993901450,3.1994158474076837,0.04247417344828192
