objID,ra,dec
101450034761636682,3.476049529347491,-5.453023610015576
