objID,ra,dec
111030036420384178,3.6421058887910878,2.5281333095825875
