objID,ra,dec
111320032876740602,3.287695979675959,2.766672895529555
