objID,ra,dec
104750036914891120,3.6914991423093135,-2.7077694383343847
