objID,ra,dec
103690036505397618,3.6506798276864605,-3.5855967042621466
