objID,ra,dec
106630036770161351,3.6770224834815664,-1.1409039317866603
