objID,ra,dec
106790031359103460,3.13591737,-1.00581158
106790031355573424,3.13558599,-1.00582375
