objID,ra,dec
111680031892044462,3.1892570514475573,3.0699806503092653
