objID,ra,dec
107340030820806041,3.082172183467759,-0.5453019477880439
