objID,ra,dec
97570039309644430,3.930997232831675,-8.688289435509988
