objID,ra,dec
101770039828738428,3.982942964796912,-5.185032896194952
