objID,ra,dec
105910035961056324,3.596079922517217,-1.7366206187603186
105910035958436733,3.59587199,-1.73641719
