objID,ra,dec
106950036653380811,3.665291956777564,-0.8746512059180158
