objID,ra,dec
113520031890527399,3.189083513448992,4.605774606489287
113520031893387386,3.18933892,4.60577682
