objID,ra,dec
103920037214615490,3.72141019,-3.39557628
103920037213515695,3.72139148,-3.3955148
