objID,ra,dec
112440034245932736,3.4246101042468626,3.7018751119614572
