objID,ra,dec
108780032630365850,3.2629885309783457,0.6544831305201093
