objID,ra,dec
106390033354379877,3.3355567669674393,-1.3337713388594947
