objID,ra,dec
108290036499951279,3.649988810836789,0.242323265196486
