objID,ra,dec
109350038826716654,3.882707368913941,1.1301542405976994
