objID,ra,dec
96840039456407875,3.945710099361633,-9.29375357960391
