objID,ra,dec
107090035376927824,3.537699120763281,-0.7521797035494383
