objID,ra,dec
108320030584503260,3.058464173074274,0.2690280877841447
