objID,ra,dec
104640034732601668,3.473341664618796,-2.79900189728734
