objID,ra,dec
108980038093857871,3.809511770423953,0.8227891547153935
