objID,ra,dec
110250039555248172,3.9556779206157784,1.881493655574103
