objID,ra,dec
110670036103520236,3.6102953449955066,2.224744247922476
