objID,ra,dec
107810032413251516,3.241398390963403,-0.15737918963047298
