objID,ra,dec
102770031007427286,3.1007694125845116,-4.352639891901121
