objID,ra,dec
105740032416786483,3.2416719555751166,-1.878301215192199
