objID,ra,dec
103640038060373115,3.80606233,-3.63121109
103640038059412712,3.80594924,-3.63141725
