objID,ra,dec
109720030039431014,3.003858624604043,1.4337295933252798
