objID,ra,dec
105210035651608315,3.5652305590476527,-2.3184362058420773
