objID,ra,dec
107870038557611186,3.855809583919134,-0.1077161791000606
