objID,ra,dec
113840031690218826,3.169078880178374,4.8736542972539265
