objID,ra,dec
104840036253528296,3.6253188603513937,-2.6269499676152064
104840036252617851,3.6252907931690936,-2.6269859432479494
