objID,ra,dec
113940034747202020,3.4747404974752563,4.951325203087435
