objID,ra,dec
109170033714453270,3.371489297895956,0.9773492906271422
