objID,ra,dec
104560039979739923,3.997897487062856,-2.8586823795126954
