objID,ra,dec
109760030627829864,3.0628067239559242,1.4745303307891944
