objID,ra,dec
114070037203427854,3.7201949722861487,5.064353089481258
