objID,ra,dec
109620038837422840,3.88379434,1.35196404
109620038839953012,3.883940979767646,1.3520873248466774
