objID,ra,dec
101780039540327032,3.954038404171528,-5.177731389447827
