objID,ra,dec
112840032961598603,3.2961209376677747,4.040096264309724
