objID,ra,dec
105050036674748675,3.6675015272464755,-2.4514825482733897
