objID,ra,dec
113020038807721281,3.88077191,4.18402528
