objID,ra,dec
96950033804941801,3.3804683069762627,-9.207177392258355
