objID,ra,dec
106440039210259803,3.9210723636239093,-1.292210450603862
