objID,ra,dec
103550039865691150,3.9865803269025113,-3.7077608424955137
