objID,ra,dec
103420039173014978,3.917286242613054,-3.8128322655252616
