objID,ra,dec
100720032090406414,3.2090811187238555,-6.061658383585964
