objID,ra,dec
96440037183038998,3.7183195547755283,-9.626174184259611
