objID,ra,dec
104040032653033487,3.265360200653242,-3.2974503102145682
