objID,ra,dec
104350032693741027,3.269418136705675,-3.041157452415424
