objID,ra,dec
104750035153192688,3.5153290340195977,-2.706493691271502
