objID,ra,dec
96870037233275417,3.7233112791108827,-9.270863729393408
