objID,ra,dec
110640035748845656,3.5749541648066256,2.2043562986614873
