objID,ra,dec
95810031011857791,3.1012225276377374,-10.15226986508255
