objID,ra,dec
101510030483100679,3.048388491192109,-5.40807769789795
