objID,ra,dec
106880035761342902,3.576187028570806,-0.9312493235723097
