objID,ra,dec
106650036442637112,3.6443133396890715,-1.11945618329517
