objID,ra,dec
99780032947696212,3.2947616146951484,-6.845135766819231
