objID,ra,dec
105680033566742304,3.356814540381124,-1.9315644443400275
105680033565672805,3.356613727620825,-1.9313534773080947
