objID,ra,dec
102220033636047899,3.3636427917053116,-4.810481511962716
