objID,ra,dec
104950033713320753,3.3713698984339926,-2.5413687415642774
