objID,ra,dec
97450036082572913,3.608287776386515,-8.789554901412943
