objID,ra,dec
102350032703080057,3.270324805406515,-4.708663723629237
