objID,ra,dec
101760033563707204,3.356393232263342,-5.194371663701616
