objID,ra,dec
99570032903654726,3.2904226018613456,-7.021366053214697
