objID,ra,dec
106250039281990228,3.928266206197418,-1.4586652717176396
