objID,ra,dec
107370035133272588,3.51334631191848,-0.5232412676551369
