objID,ra,dec
103560031484926875,3.1486017877143495,-3.6945546556743922
103560031485697196,3.1486255424743,-3.6944610262805666
