objID,ra,dec
95830038724416772,3.872497585374925,-10.13644518674493
