objID,ra,dec
113020034386314007,3.438655563391572,4.186222140808665
