objID,ra,dec
104960030921560532,3.0921892513973184,-2.533238031727265
