objID,ra,dec
107870035248843182,3.5248828,-0.10604393
107870035246713445,3.5247197903915457,-0.1058779489699669
