objID,ra,dec
109090033549028886,3.354911691720336,0.9153575551407005
