objID,ra,dec
103480034117243524,3.4116785035990143,-3.7641065056782215
