objID,ra,dec
98600037781179767,3.7779924083523735,-7.8256135064055155
98600037778959547,3.777985918330934,-7.8256137103459995
