objID,ra,dec
108080033462564396,3.346297813036271,0.0699488712572684
108080033459804503,3.34604714,0.07002267
