objID,ra,dec
105630030858120928,3.08585172,-1.97458263
