objID,ra,dec
114390034301281252,3.4302200496241526,5.32567013457886
