objID,ra,dec
98450039245118373,3.9245349983270934,-7.951646997687784
