objID,ra,dec
109650031619630282,3.161986393735261,1.3748730639542162
