objID,ra,dec
109630031310143148,3.13100078,1.36054385
