objID,ra,dec
114270033857763473,3.385831195252406,5.2274917471038105
