objID,ra,dec
95610032852569294,3.2852721447441073,-10.31755295845986
