objID,ra,dec
105170031873017284,3.1873343585346148,-2.3526027693258476
