objID,ra,dec
109480031933370644,3.193282815907751,1.2334787606050706
