objID,ra,dec
105190039855270672,3.98553674,-2.34144403
