objID,ra,dec
111090032958666409,3.295958204478777,2.5799140391890676
