objID,ra,dec
98380034689190067,3.468818946875178,-8.017012783438298
98380034686240149,3.468820665759149,-8.0170255974781
