objID,ra,dec
108290032498648817,3.2498776471629873,0.24855567754479127
