objID,ra,dec
98390032393180933,3.2393256348783157,-8.00793768625769
