objID,ra,dec
106920039807787558,3.980749383131726,-0.8940636922574414
