objID,ra,dec
106350033381419149,3.33824372058714,-1.3677726577186224
