objID,ra,dec
110650033654716254,3.36546392,2.21318389
110650033651755884,3.36517378,2.21286986
