objID,ra,dec
95840033464502422,3.3464660159825663,-10.131626943895924
