objID,ra,dec
108670039912696832,3.99126294571609,0.5636008164209539
