objID,ra,dec
107810038539513922,3.8539878986334304,-0.15545500114524155
