objID,ra,dec
103460037322863057,3.7323453943446414,-3.7811844593498565
