objID,ra,dec
103560037031685114,3.703182575227783,-3.696080434703086
