objID,ra,dec
102370035482223731,3.5482906570504738,-4.68890343329879
102370035481474083,3.548187069960343,-4.688641306825706
