objID,ra,dec
95750032697682888,3.26982807947412,-10.20633948683427
