objID,ra,dec
113450031120623648,3.1120534472670944,4.544300959907455
