objID,ra,dec
102290030586147607,3.0586363110753543,-4.752340428146185
