objID,ra,dec
108800037770396007,3.7770393965722926,0.6713332138950434
