objID,ra,dec
110840039746132236,3.9747301787248284,2.3681559163872583
