objID,ra,dec
105100032437856243,3.243782181067683,-2.4119271282798675
