objID,ra,dec
107470037849499427,3.785002108048543,-0.4341909309149794
