objID,ra,dec
112320034596803331,3.459650865130379,3.6023759419926584
