objID,ra,dec
104580033617387610,3.36168993,-2.84400257
