objID,ra,dec
106360031774738860,3.177491818076526,-1.3596616028404038
