objID,ra,dec
102280031514821069,3.1514956614744327,-4.766214240627357
