objID,ra,dec
112590037544526479,3.7544897621841398,3.8299731070400598
