objID,ra,dec
113270039419194780,3.941966170060872,4.395241471131937
