objID,ra,dec
109020030912810917,3.091398458311034,0.8504435703731422
