objID,ra,dec
109030032630793125,3.26313252,0.86059667
109030032633763325,3.2633866865336474,0.8607333544579124
