objID,ra,dec
96040033303737209,3.330465239547989,-9.960913887777865
