objID,ra,dec
113310033835071796,3.383558683384169,4.426155005436644
