objID,ra,dec
102720033268020636,3.3268404508946583,-4.399830721822823
