objID,ra,dec
102600033232467029,3.323106451988373,-4.4944056317045975
