objID,ra,dec
94900036387986351,3.638799813590058,-10.911692429816378
