objID,ra,dec
109180030296636731,3.029695336383565,0.9885396062046686
