objID,ra,dec
107300037686696463,3.7686956960954108,-0.5783118511187866
