objID,ra,dec
97450037058256075,3.705912357398517,-8.78702476206076
