objID,ra,dec
111030039540364251,3.9541172602121755,2.5280436486388087
