objID,ra,dec
109480035221350142,3.5221301836648484,1.233079575817397
