objID,ra,dec
100220031789964242,3.1789542277436675,-6.4800826136952745
