objID,ra,dec
102590031554409276,3.15545621,-4.50091368
102590031553179575,3.155342396155195,-4.500820919145954
