objID,ra,dec
109830030944846795,3.0945353107438063,1.53027182519533
