objID,ra,dec
98870031943389480,3.194291774996506,-7.600879055705239
