objID,ra,dec
101040030135486371,3.0135786261854594,-5.795018168964264
