objID,ra,dec
108980039532737258,3.9532827580784833,0.8223114153944995
