objID,ra,dec
110140031605530456,3.1605253258753683,1.7834224510525416
