objID,ra,dec
103700036499830312,3.6500285163936015,-3.583453537404085
