objID,ra,dec
99240037884399280,3.7884798776869535,-7.292623019557546
99240037882469568,3.78845869,-7.29256135
