objID,ra,dec
114070038396919212,3.8396920370999843,5.065558974501604
