objID,ra,dec
104260032140336453,3.214162033774199,-3.1116569191222254
