objID,ra,dec
102260035629993570,3.5630793206577778,-4.780572835800597
