objID,ra,dec
104730032132241406,3.2132805478017596,-2.724195097994893
