objID,ra,dec
105620035063899711,3.5064090598954802,-1.9756701018603147
