objID,ra,dec
109670031205620794,3.1205918681443006,1.3919727200074532
