objID,ra,dec
104910036757468112,3.675816145174891,-2.568672644754702
