objID,ra,dec
104440033601225525,3.360100678595673,-2.96225303404871
104440033599605799,3.3600555441926154,-2.962173433351336
