objID,ra,dec
108140030804732403,3.080453962480685,0.11829040090580854
