objID,ra,dec
110740038176541418,3.817659849907769,2.284158774884112
