objID,ra,dec
99420031488800842,3.148830566292694,-7.149651988247862
