objID,ra,dec
101370036474980786,3.6474968180696203,-5.524743255818687
