objID,ra,dec
101450033604527173,3.360515388389565,-5.452730863859575
