objID,ra,dec
94810037084327964,3.7083500268546823,-10.985232805652807
94810037081508198,3.70832781,-10.9852126
