objID,ra,dec
97890034867574654,3.48670216539755,-8.421481812142439
