objID,ra,dec
111130037640023915,3.7640021684886182,2.6111933522250896
