objID,ra,dec
106620037457044044,3.745781660941622,-1.1469981728038898
