objID,ra,dec
108760035383898470,3.5382008190591816,0.6398006645905191
108760035381648235,3.538199351450238,0.6397953370258093
