objID,ra,dec
109450035809718696,3.580995165175293,1.2152196938405757
