objID,ra,dec
108050036401509760,3.6401861841109553,0.04940373265502611
