objID,ra,dec
106260035599952283,3.5600604489775094,-1.4484796056123448
