objID,ra,dec
106770038123548971,3.8123953029943047,-1.0179783103483984
