objID,ra,dec
103850038083612323,3.808362697176553,-3.4567343602819833
