objID,ra,dec
106510039654234628,3.965350585221247,-1.2381568537436838
