objID,ra,dec
113720039432297794,3.9432139,4.7728255
113720039432248166,3.943274134291491,4.773051746046236
