objID,ra,dec
104880039310730196,3.93108185212148,-2.6002007728934204
