objID,ra,dec
113150036204837779,3.62045947,4.29773271
113150036205207440,3.62052487,4.29749471
