objID,ra,dec
111110039759197353,3.9759440744565513,2.597381103078816
