objID,ra,dec
112470035469807563,3.5470736214103873,3.730940391667068
