objID,ra,dec
108810033775944616,3.37760329691305,0.6784727393780614
