objID,ra,dec
109400035526113835,3.5526360721580277,1.1694993381805951
