objID,ra,dec
96460031125306242,3.1125438113453523,-9.611806945266512
