objID,ra,dec
108560039227141065,3.922762947925697,0.46713690328467244
