objID,ra,dec
106520033636408258,3.363689391046777,-1.2267818139266808
