objID,ra,dec
106820030635163987,3.0635599194821235,-0.9803716914339435
