objID,ra,dec
95750036470542152,3.64712975706779,-10.206861551509517
