objID,ra,dec
102910036167970963,3.616775261020573,-4.241259326178975
102910036165151110,3.6167280714560666,-4.241249886154715
