objID,ra,dec
105120034872717369,3.487215905041095,-2.394207234580544
