objID,ra,dec
110110036207612488,3.6207764451631093,1.7600321932264331
