objID,ra,dec
102860030492228331,3.0492063569346395,-4.276810266649193
