objID,ra,dec
103410037483107614,3.748350416509969,-3.8190376215268693
