objID,ra,dec
96510038354920189,3.8355198732432947,-9.575160896575662
