objID,ra,dec
97310033970135024,3.39689943,-8.90430924
97310033966575373,3.39667920926228,-8.90417749302993
