objID,ra,dec
99120031980266356,3.19815587,-7.39513055
99120031981396018,3.1981748452285212,-7.395303300140445
