objID,ra,dec
114050035232823731,3.5233377940351303,5.0443812581745435
