objID,ra,dec
109380034257369288,3.425744467406706,1.1574049386226424
