objID,ra,dec
113210033574217165,3.35747481,4.34738913
113210033575637467,3.357613339250739,4.347463106809759
