objID,ra,dec
105020036079904117,3.6080798107555725,-2.4802620598713463
