objID,ra,dec
107740038465214877,3.8465632225587756,-0.21296233193166053
