objID,ra,dec
111880035837579159,3.5837652715036814,3.240505275958889
