objID,ra,dec
109800030344057444,3.03440913,1.50583647
109800030341567225,3.03427226,1.50559428
