objID,ra,dec
110380035623909215,3.56238354,1.99055793
110380035622348870,3.5622701818109395,1.9904408585964022
