objID,ra,dec
113790034287046595,3.42874868,4.83011263
113790034284346456,3.4285249709821892,4.8300104876155645
