objID,ra,dec
106380032455208912,3.245548184151655,-1.3428964133216494
