objID,ra,dec
107390032438693831,3.2438497134885624,-0.5054453086503474
107390032438104169,3.24387585,-0.505222
