objID,ra,dec
108100034443635387,3.4443726891704833,0.08742501331677245
