objID,ra,dec
104150032162529675,3.21624309,-3.20049006
