objID,ra,dec
105700031386152559,3.1386040959630823,-1.9149048352622888
