objID,ra,dec
102650039717666947,3.971636,-4.45270468
102650039714467562,3.9715599999705002,-4.4526371497133885
102650039712907053,3.9715443195537383,-4.45267389657265
