objID,ra,dec
113080033374511417,3.3375801936759157,4.2340297060069085
