objID,ra,dec
107250037816167749,3.7816135130959037,-0.6189061995049809
