objID,ra,dec
98560031681580977,3.168014424283034,-7.86632862204907
98560031679030796,3.168020769000511,-7.866334026093817
