objID,ra,dec
109060033528247729,3.3528678374461465,0.8894496843796929
