objID,ra,dec
94550030304898395,3.030571,-11.20145
94550030308088867,3.0307581346036927,-11.20132354131714
