objID,ra,dec
108750032990591398,3.299019226985487,0.6257187205344178
