objID,ra,dec
96830038414735957,3.84147763015407,-9.303732956635088
