objID,ra,dec
103390031926641331,3.19247489,-3.84107389
103390031923251241,3.1924095322469213,-3.841046442274146
