objID,ra,dec
107720036562451190,3.6563098044538256,-0.23270027615289865
