objID,ra,dec
94990037373757338,3.7373879827017404,-10.835872907952657
