objID,ra,dec
109400038252553770,3.8252814283297196,1.1694199551220856
