objID,ra,dec
104190034235747182,3.4236076197816567,-3.1693988597874063
