objID,ra,dec
94880030484056609,3.0484457871502455,-10.928119813693181
