objID,ra,dec
107310034744146995,3.47441295,-0.56959034
107310034747407246,3.4747965406712984,-0.5694095157220521
