objID,ra,dec
103720030314594430,3.031551886210575,-3.5633590169283766
103720030317514336,3.03179241,-3.56346378
