objID,ra,dec
108620036499715563,3.6498955905218105,0.5209656041484387
