objID,ra,dec
96020034377628131,3.437799925471592,-9.97687794570584
