objID,ra,dec
113950031268665526,3.126900997671169,4.962478743038301
