objID,ra,dec
113720030752635197,3.0753142304168275,4.770644800394882
