objID,ra,dec
113540037904719100,3.7904925760392807,4.62374959805541
