objID,ra,dec
108130034459872797,3.446052194989185,0.11032009050367422
108130034461723130,3.44622015,0.11047316
