objID,ra,dec
110690030610757386,3.061085770972422,2.247418769922131
