objID,ra,dec
113570033692364172,3.3692676754014528,4.6447523708407825
