objID,ra,dec
105070038771193887,3.8771678186197835,-2.4388589456406815
105070038770873453,3.87713871,-2.43913074
