objID,ra,dec
101740037566202397,3.7565965506870898,-5.21506538109354
