objID,ra,dec
110260031495983244,3.1496097964617857,1.8856985017969232
