objID,ra,dec
106400037720904094,3.7721389478221723,-1.3302827715028005
