objID,ra,dec
96770037392838432,3.739265965102721,-9.351703066197743
