objID,ra,dec
111170036736266656,3.673729564515478,2.646982864912391
