objID,ra,dec
107030037497235369,3.7496744585643977,-0.8042640630294545
