objID,ra,dec
104430035074657820,3.50731488,-2.96871503
104430035071178137,3.5073097477239012,-2.9686326106308516
