objID,ra,dec
99310030716154090,3.0715292459692662,-7.238534267604434
99310030713614232,3.0715206079346298,-7.238521567143754
