objID,ra,dec
104300030528882531,3.0529108155283424,-3.0816179639903574
