objID,ra,dec
111470035319617969,3.531964626430765,2.8978419654280416
