objID,ra,dec
112860033493821156,3.3493971577450345,4.050539937483509
