objID,ra,dec
111250030015594174,3.00156919,2.71132614
