objID,ra,dec
106960037388966180,3.7388184892967047,-0.8619130717006378
