objID,ra,dec
101820033751128404,3.375115735516202,-5.143288672620279
