objID,ra,dec
95220038254314705,3.82531639,-10.64627811
95220038250165229,3.8251170498324725,-10.646118718113465
