objID,ra,dec
107940037010003336,3.701049717159688,-0.04760854907106157
