objID,ra,dec
98640038418642389,3.841774097206755,-7.7984984698215705
