objID,ra,dec
105750033511648026,3.3511938486797934,-1.8687285864627248
