objID,ra,dec
113270034172454159,3.41724824168958,4.3948014389841
