objID,ra,dec
107330037705143317,3.770431871813879,-0.5557426059552403
107330037704563764,3.77040930249448,-0.5555880461664244
