objID,ra,dec
104520038197289386,3.8197514551747256,-2.892485802927682
