objID,ra,dec
95820031288022554,3.1288401461521285,-10.148244090844319
