objID,ra,dec
109240036968526554,3.6968502017168428,1.038433450191967
