objID,ra,dec
113100037804083394,3.78073785,4.25241211
113100037807333495,3.7808002112065315,4.2525180349454965
