objID,ra,dec
107590034679810963,3.468024410868321,-0.3412317900341322
