objID,ra,dec
95070032906864433,3.2908628966892306,-10.771611303701247
