objID,ra,dec
99360032964486599,3.29637532450936,-7.1947503298207245
99360032961726749,3.2963145739979973,-7.194732499189291
