objID,ra,dec
108090032297324861,3.229762544270878,0.07863585676046043
