objID,ra,dec
106780039495180476,3.9495048783436135,-1.0166320962762494
