objID,ra,dec
105550038103511802,3.8104156439359453,-2.0405505411702194
