objID,ra,dec
103940030456878860,3.045716812098933,-3.3763298479574266
