objID,ra,dec
107600034310672915,3.430889,-0.331161
107600034306943300,3.430758748946796,-0.33099327084057023
