objID,ra,dec
109300038769491358,3.8770239578101804,1.0843171648695622
109300038768451675,3.877026128519878,1.0843143841574812
