objID,ra,dec
98600032039823578,3.2040606611845392,-7.830743973004932
