objID,ra,dec
101660034281047250,3.428069561854663,-5.277647753673366
101660034279256991,3.42790662,-5.27781831
