objID,ra,dec
105930034842428885,3.48433146,-1.71796745
105930034844909132,3.4845401723280793,-1.7178111704066223
