objID,ra,dec
111340032235987575,3.223576882758639,2.7892329057558856
111340032232537754,3.22328041,2.7893874
