objID,ra,dec
113270038357899694,3.8359656085871134,4.399301871173612
113270038360979725,3.836029784699126,4.399354121633837
