objID,ra,dec
107010031590773972,3.1591007821176778,-0.8219903837623429
