objID,ra,dec
102830035881207097,3.588243812411568,-4.302677942088418
102830035883277363,3.5882367042290197,-4.302679655949716
