objID,ra,dec
111670034791338975,3.47912848,3.06545553
111670034792948564,3.4792071199081516,3.06510584772896
