objID,ra,dec
105030033592866994,3.3592429686979997,-2.4695472691290994
