objID,ra,dec
100500030969556955,3.0969605516629324,-6.244551306281815
