objID,ra,dec
97520034183502594,3.418341401036712,-8.731408822397206
