objID,ra,dec
105550030851959227,3.085044115652304,-2.034044608003851
105550030850159768,3.0849478839729323,-2.0340138495677373
105550030848549393,3.084901111876071,-2.034025994160167
