objID,ra,dec
106630034935430420,3.493402638831116,-1.141552435762593
