objID,ra,dec
104710038406700495,3.8406986744846887,-2.741619239666327
