objID,ra,dec
105060035366505686,3.5367102007413718,-2.4456088953067985
