objID,ra,dec
110630039487787492,3.948754959492254,2.1975176435896966
