objID,ra,dec
111640033193972158,3.3193161,3.0346702
