objID,ra,dec
104570032034402976,3.2034622902386944,-2.8561902900665035
