objID,ra,dec
109440032285045194,3.2285286023411035,1.2039762901992022
