objID,ra,dec
99840030930420599,3.093141368871267,-6.799793293259384
99840030934250736,3.09340795,-6.79971327
