objID,ra,dec
105500037172788776,3.717322653858534,-2.076408859561489
