objID,ra,dec
99030037612438702,3.7613207451361705,-7.468149552507961
