objID,ra,dec
109140033756444590,3.37541127,0.95350784
109140033753724691,3.375389102203519,0.9535265289027092
