objID,ra,dec
101730030814482209,3.081455544154834,-5.223499441970242
