objID,ra,dec
110180030016000441,3.0016512483890048,1.816788637895042
