objID,ra,dec
110850033919855175,3.391980667289801,2.378973657066705
