objID,ra,dec
101970036821936590,3.682116445387515,-5.019930201122892
