objID,ra,dec
111720033854431496,3.385547472619518,3.100747857189802
