objID,ra,dec
113270039407144318,3.940765416601151,4.394877879302666
