objID,ra,dec
103550032474527952,3.24748856581373,-3.70206965068636
