objID,ra,dec
113400039502686220,3.9502288454456336,4.504784064523324
