objID,ra,dec
108880031352717006,3.13533375,0.73877181
