objID,ra,dec
102310031568494601,3.156856779637929,-4.738209431165206
