objID,ra,dec
96820039011859003,3.9012051132001937,-9.309506731419457
