objID,ra,dec
100710033141120089,3.3142295938883257,-6.075270608780344
