objID,ra,dec
96080031618807052,3.1618914556086675,-9.927804464814011
