objID,ra,dec
108770032909635234,3.2909583451479967,0.6456435905310057
