objID,ra,dec
111730032668470860,3.2668815546906664,3.108625844191857
