objID,ra,dec
108060032193205683,3.2193507664917953,0.0543126641260379
