objID,ra,dec
94850039464227685,3.9463931588065244,-10.952130267801472
