objID,ra,dec
112410039685697457,3.968579305797426,3.6808352193415996
