objID,ra,dec
103420032047798708,3.2047161224340526,-3.8098825137104115
103420032046578273,3.2047072896164686,-3.809908634726264
