objID,ra,dec
107360035740914715,3.5741502519481454,-0.529751850154467
