objID,ra,dec
106330032763211999,3.27634028,-1.39051243
106330032761211643,3.276209056759734,-1.3905833893790465
