objID,ra,dec
112260036502547985,3.65046049,3.55644852
112260036504468275,3.6504532531940224,3.55646667642925
