objID,ra,dec
109200037668723230,3.7668830565812548,1.0023100700798016
