objID,ra,dec
97340037738903541,3.7739342651005643,-8.88075027706413
