objID,ra,dec
101740033835654398,3.3835446586575944,-5.213263603581956
