objID,ra,dec
108480030345541748,3.0345531249797024,0.40103374395666846
