objID,ra,dec
106120035528898334,3.5529002601993174,-1.5601378881561978
