objID,ra,dec
109120037694436392,3.769433722342966,0.9382996773601678
