objID,ra,dec
95670039196674998,3.9196911423715033,-10.27125581420117
