objID,ra,dec
110440037121636790,3.712224671739814,2.038655179890191
