objID,ra,dec
106660036553747086,3.655437190863462,-1.1111209652293976
