objID,ra,dec
96780038309372758,3.8309314656383107,-9.348055537736613
