objID,ra,dec
111320035064046011,3.5063492929172217,2.7713192000142115
111320035060116007,3.5062813784318054,2.7712828997120478
