objID,ra,dec
102760039803513986,3.9804836032050606,-4.363601402229129
