objID,ra,dec
108010039700978298,3.970062402285242,0.014806362474669434
