objID,ra,dec
99820034393280115,3.439311728210127,-6.816865717443452
