objID,ra,dec
112530036253862332,3.6254532031222513,3.776552101224449
