objID,ra,dec
96780039600448297,3.960054723888982,-9.343444231809134
