objID,ra,dec
111650039631048719,3.963127631672954,3.0485241424149847
