objID,ra,dec
94630030265775432,3.026581840516838,-11.137479523454763
