objID,ra,dec
107310038387404268,3.83873227,-0.57180187
107310038386974607,3.838698881046039,-0.5715395493169169
