objID,ra,dec
106680039345194127,3.9346700429182713,-1.097018799603906
106680039348024075,3.934747007534466,-1.097042157069311
