objID,ra,dec
102850038324401432,3.8324825997933933,-4.290828729359268
