objID,ra,dec
106250031735783598,3.173578246807774,-1.455731924674542
