objID,ra,dec
94930038925172628,3.8925601977003517,-10.889739021336409
