objID,ra,dec
111880036525781864,3.652603522511347,3.234434334118502
