objID,ra,dec
107490035483158374,3.54835486,-0.41842048
107490035483788028,3.54845495,-0.41860839
