objID,ra,dec
108500030856675029,3.085700221737666,0.4202840815016305
