objID,ra,dec
108590036244579474,3.624456931464509,0.4992195719229757
