objID,ra,dec
110170037808707403,3.7809319235387733,1.8141828577084753
