objID,ra,dec
95560030063047172,3.0062105405657875,-10.361012603517525
95560030060307312,3.0061830559552396,-10.361007847190502
