objID,ra,dec
98490037661119245,3.766155741679015,-7.917693053101711
