objID,ra,dec
101300034935571902,3.4934085392455376,-5.581934506915631
101300034932962178,3.4933951395329728,-5.5819125268072955
