objID,ra,dec
99160039247849521,3.9248004859062555,-7.359089434244186
