objID,ra,dec
108800032322938774,3.2322509444944703,0.6735899900446909
