objID,ra,dec
105770031789234923,3.178927988314347,-1.8545773374741572
