objID,ra,dec
113550030404430757,3.0404962178150194,4.625109709279272
113550030402660550,3.04026671,4.62508011
