objID,ra,dec
96530032388273367,3.2388330110711294,-9.555929742394065
