objID,ra,dec
111880034957479418,3.4957639156657945,3.2407926779598872
