objID,ra,dec
104100037280913801,3.7281020139027077,-3.247089866255296
