objID,ra,dec
101880037493620359,3.7493902,-5.0999746
101880037493360785,3.7494014457775497,-5.099912167908827
