objID,ra,dec
110120039129363252,3.912966504559997,1.7690133622398996
