objID,ra,dec
111690038878275488,3.887871731181218,3.079186013651348
