objID,ra,dec
107130037069597182,3.7069262181498597,-0.7193318326168021
