objID,ra,dec
108470031050079032,3.105005834045341,0.39879408498866276
