objID,ra,dec
102230038361496969,3.8361319431582226,-4.802971581743272
