objID,ra,dec
106770035464625970,3.5464194882390316,-1.0203654712183436
