objID,ra,dec
114420030650985655,3.0650488669129015,5.354341924763749
