objID,ra,dec
95520039335377152,3.93352099869743,-10.39441236063305
