objID,ra,dec
112700033191346232,3.31912791,3.92144945
112700033188196137,3.318847003964098,3.921409427498755
