objID,ra,dec
100590034831237983,3.48311772,-6.16868596
100590034830007657,3.4830399367588107,-6.168919754875969
