objID,ra,dec
99860034240286397,3.424003741048397,-6.778291794402881
