objID,ra,dec
97610034470567179,3.4470554535511835,-8.65266405173439
97610034469376866,3.44697918,-8.65294651
