objID,ra,dec
97290037581428354,3.7581604326463056,-8.918375063129544
