objID,ra,dec
104630030830392591,3.082986216410205,-2.806464982830418
