objID,ra,dec
100330035408254726,3.5407573913462045,-6.388074194240221
