objID,ra,dec
108560031293265465,3.129290979090673,0.47077761531132944
