objID,ra,dec
111660030914963143,3.091532753749626,3.052166902411082
