objID,ra,dec
106530038636233788,3.86365932,-1.22219967
