objID,ra,dec
106930030258055334,3.0258370886783585,-0.8875869611367537
