objID,ra,dec
100380038608534321,3.8609206464129455,-6.346757462490917
