objID,ra,dec
108140031726181003,3.1726526432689393,0.11710876160529055
