objID,ra,dec
104920030639578714,3.0639737398786235,-2.55960628822061
104920030639299048,3.0639788071457668,-2.5595377894119222
