objID,ra,dec
102940034573868017,3.4572958711943493,-4.210360488511763
102940034571318180,3.457169561535043,-4.210240345556074
