objID,ra,dec
106700037588927630,3.7589446111150333,-1.0773427695891231
