objID,ra,dec
108770034363532987,3.436311135545478,0.6437622956076463
