objID,ra,dec
95100037551833798,3.755195952599141,-10.7471439273149
