objID,ra,dec
105020031636318893,3.1638166284606304,-2.476249103419655
