objID,ra,dec
108000031885710809,3.18841384,0.00032105
108000031883390593,3.18833431806609,9.67879866309344e-05
108000031881200302,3.18815234,-0.00012645
