objID,ra,dec
108010031983102549,3.19831349,0.01002438
