objID,ra,dec
102810031563960581,3.15645594607034,-4.324974527194511
