objID,ra,dec
111650038679011791,3.8679627474123177,3.0427715242536926
