objID,ra,dec
107440033111718710,3.3112721821642292,-0.459659992341086
107440033113438998,3.311304909840667,-0.45960742046650643
