objID,ra,dec
104790039645229813,3.964483081429409,-2.6672152933097792
