objID,ra,dec
108360037063102890,3.7063186086585325,0.3020155583293146
