objID,ra,dec
105990031642745577,3.164270188739938,-1.6706278831472883
105990031644965852,3.1644932,-1.6704939
