objID,ra,dec
107940031291319076,3.129132616067852,-0.042715070219475536
