objID,ra,dec
107880039380650542,3.938080162458339,-0.09995601840229464
