objID,ra,dec
99970032905120783,3.290552955265444,-6.69142158598807
99970032902640607,3.29043394,-6.69144056
