objID,ra,dec
97540030399637180,3.0398523729634626,-8.711096484751101
97540030395187053,3.039864549707433,-8.711093348238006
