objID,ra,dec
109410035258435450,3.525880547942051,1.179176052646217
