objID,ra,dec
102750032560237843,3.256076246349857,-4.36885649799689
