objID,ra,dec
97220031478252152,3.14776199,-8.98174849
97220031475092532,3.1476138726134946,-8.981606389776546
