objID,ra,dec
104400032832277690,3.28328088,-2.99399885
104400032834167426,3.283444395458589,-2.9941731726887353
