objID,ra,dec
113970038479663657,3.8479609131585275,4.977633475014074
