objID,ra,dec
109410031102969810,3.1103141867513844,1.1828025910126567
