objID,ra,dec
108970035110264614,3.511054354954202,0.8117849740349173
