objID,ra,dec
107550030730901342,3.0731687338043523,-0.3741929542488198
107550030729891659,3.07306327,-0.37395417
