objID,ra,dec
102170033517773375,3.3518319468768354,-4.855936074956783
