objID,ra,dec
105700034225849020,3.422623487049217,-1.9095372008072824
