objID,ra,dec
105970034310162633,3.430997052357863,-1.6897874672271713
105970034307822816,3.430902489420054,-1.689782059366365
