objID,ra,dec
108330030262427193,3.026254065599059,0.28061830506712376
