objID,ra,dec
101970040731731155,4.073202145714787,-5.0243808122823905
