objID,ra,dec
110250040450894600,4.045205211656406,1.878470510230086
