objID,ra,dec
107680049286756019,4.9286957188016975,-0.26202031718443275
