objID,ra,dec
104870043164466103,4.316456017561749,-2.6036821142202924
