objID,ra,dec
106530043543769488,4.354410844927105,-1.2174749724111018
106530043546479326,4.35445375,-1.21749781
