objID,ra,dec
100140048201368090,4.820199315873785,-6.543596662013719
