objID,ra,dec
109100040120606556,4.0121419115908,0.9216646322903361
