objID,ra,dec
95530044906749392,4.490609397056558,-10.384191921462174
