objID,ra,dec
110990049599029027,4.95993277,2.49879438
