objID,ra,dec
109040046883462722,4.688357348614744,0.8686288644001204
109040046881043210,4.688318822970744,0.8687689933207932
