objID,ra,dec
112900044372735077,4.437269718268569,4.087165062212622
