objID,ra,dec
111970042689030241,4.268890074932023,3.3081331000744223
