objID,ra,dec
109360040955994967,4.095651711562111,1.1371011014100847
