objID,ra,dec
105390049107063916,4.910662022204495,-2.1721075189476533
