objID,ra,dec
107180045229878938,4.5230271234227315,-0.6762453797951123
