objID,ra,dec
112370044464897121,4.446641122757304,3.647328599162919
