objID,ra,dec
112690049850259971,4.985057038898105,3.916260453762913
