objID,ra,dec
96380048016336464,4.801631457496822,-9.678284249577596
