objID,ra,dec
100450045185467014,4.518612427975083,-6.286139828539474
