objID,ra,dec
105150045853377152,4.585410408229128,-2.369494177532586
