objID,ra,dec
104760044131021766,4.413122865561052,-2.698949011133956
