objID,ra,dec
109060043906387082,4.390614891497443,0.8888972674275083
