objID,ra,dec
106740047980736355,4.798123892074787,-1.0450955587122748
