objID,ra,dec
99130040876101183,4.0875563694235915,-7.391012348652132
