objID,ra,dec
108920049538980181,4.9538104598857,0.7664666438650547
