objID,ra,dec
110710043187913820,4.31879115234707,2.2611345069834616
