objID,ra,dec
108360049800212379,4.980066952143957,0.30159583450094657
