objID,ra,dec
107500042161712345,4.216166400316001,-0.4150984189779834
107500042160492024,4.216135778326406,-0.41523101334370044
