objID,ra,dec
106140041129705642,4.11296706162598,-1.5457186778344694
