objID,ra,dec
104800042325558149,4.232558919141377,-2.660230019052375
