objID,ra,dec
105280047181884167,4.718221694816472,-2.2635785256266576
