objID,ra,dec
109570043919681491,4.39186573,1.309265
109570043918051874,4.391819172557817,1.3094837184762336
