objID,ra,dec
104950042597263688,4.259767080281086,-2.5389784686599346
