objID,ra,dec
100090046553898906,4.6552901448766315,-6.584491673337872
100090046552239209,4.655290957726137,-6.58444413283483
