objID,ra,dec
95740045000066960,4.499977494834449,-10.211282673401172
95740044999226618,4.49996556297987,-10.211304897990155
