objID,ra,dec
111710049314329787,4.9314245676743615,3.0994417719726
