objID,ra,dec
107000048801325264,4.880115512028127,-0.8293821253195499
