objID,ra,dec
108730045551112133,4.5551287285439965,0.609747697340391
