objID,ra,dec
106600045689427741,4.568949405194767,-1.1606161721658748
