objID,ra,dec
99310041772851695,4.177300350758891,-7.240595674266682
