objID,ra,dec
103960044238691777,4.423922439503963,-3.365442935347526
