objID,ra,dec
108170049815503097,4.981545912736702,0.1438574143547491
