objID,ra,dec
102180044010562439,4.40108324423615,-4.84840193253905
