objID,ra,dec
112130042517455517,4.25181509,3.44586139
112130042521065418,4.252013971821049,3.445796140425285
