objID,ra,dec
109410041842422073,4.184395512601072,1.1764183783580024
