objID,ra,dec
100900049489367181,4.948822216539526,-5.91108616272525
