objID,ra,dec
105280048932506041,4.893267077984607,-2.2619753565082563
