objID,ra,dec
113620048467451164,4.846745553392641,4.683893462158353
