objID,ra,dec
95640045182490843,4.518244424302357,-10.299593627214197
