objID,ra,dec
106010049284533352,4.9285715504618475,-1.656034395481631
