objID,ra,dec
111060048454463171,4.845475183045755,2.552371550230238
