objID,ra,dec
103720049934119175,4.993501351373197,-3.559434912256938
