objID,ra,dec
106350047169977073,4.717018558490206,-1.3695269906373828
