objID,ra,dec
102070043965395861,4.39651923,-4.93718223
102070043962215958,4.396244189512684,-4.937089727910191
