objID,ra,dec
100050049784786659,4.97855333350648,-6.619660589880771
