objID,ra,dec
102740044943643837,4.4944093605237505,-4.380517072336858
