objID,ra,dec
112380042886908675,4.288681711791248,3.6569537346111964
