objID,ra,dec
111630043177140029,4.31782696,3.02460024
