objID,ra,dec
107070045932397352,4.593322680663644,-0.7691840306316632
