objID,ra,dec
108100043262806841,4.32627445056012,0.0886325967669275
