objID,ra,dec
106780041553739369,4.1553914470684825,-1.009221626823704
