objID,ra,dec
105840048468152621,4.846715097650439,-1.7982352816029752
