objID,ra,dec
104140047151231467,4.715045727717462,-3.2156888957964984
104140047150581829,4.71504349292846,-3.2156075133923188
