objID,ra,dec
102710045905088011,4.590471854884731,-4.402053316097953
