objID,ra,dec
107440042298887401,4.229925583650311,-0.46086472989972854
