objID,ra,dec
107530041689723995,4.1689595151701955,-0.38873526373992656
