objID,ra,dec
108230049800197504,4.980020037947606,0.1975192756876691
