objID,ra,dec
109250046697229705,4.669773851831197,1.0493959977610323
109260046697710061,4.669860504176395,1.0495817419406568
