objID,ra,dec
103670042647500946,4.264760700541654,-3.6079989208015606
