objID,ra,dec
107890043893946692,4.38939357,-0.08634057
107890043890546801,4.3891824406293845,-0.08637311225183762
