objID,ra,dec
104500041050326426,4.105074991958705,-2.9116329854183265
