objID,ra,dec
103830041086372924,4.10858222,-3.47280139
103830041083332909,4.10850535701376,-3.4728298845789474
