objID,ra,dec
112320043630401274,4.3630059189827115,3.6007349826296364
