objID,ra,dec
108620044957140402,4.495709909309597,0.5165769234930806
