objID,ra,dec
108840041958755595,4.195873237668744,0.7042838631967747
108840041959085170,4.195873174168909,0.7042783051127447
