objID,ra,dec
95900041865421557,4.186590956717756,-10.082319302368406
