objID,ra,dec
101840048559303446,4.855921706393509,-5.130772190385407
