objID,ra,dec
108960046637819992,4.663798992732152,0.807942049760082
