objID,ra,dec
114050040313109250,4.03135363440974,5.049007725675168
