objID,ra,dec
103200041086116628,4.108609978259594,-3.994963777426501
