objID,ra,dec
111070047745302372,4.77454615847569,2.5598852576591713
