objID,ra,dec
112850048797169784,4.87977335290376,4.049453859941348
