objID,ra,dec
102680040123278223,4.01236942077519,-4.426875534238604
