objID,ra,dec
107660042992465625,4.299223002682958,-0.2791493652018579
107660042990445350,4.299162230161545,-0.27929258022803166
