objID,ra,dec
108640041432533624,4.143260499759323,0.5359556338200278
