objID,ra,dec
108450046764774540,4.67651753,0.3783765
