objID,ra,dec
108390046327683074,4.6327619147714545,0.3271623449466729
108390046324532933,4.632493956472288,0.3270850947586491
