objID,ra,dec
110040048488781064,4.8489180304274315,1.7004452351629407
