objID,ra,dec
101830048673437788,4.867143015311923,-5.135485898358365
101830048670257754,4.867142404235073,-5.135496096075288
