objID,ra,dec
104330045431003609,4.5431868987341355,-3.055673418290194
