objID,ra,dec
107470041071269098,4.107238683984366,-0.4343460493501895
