objID,ra,dec
97120043788038582,4.378831067830656,-9.059870021437348
97120043790658343,4.37906434,-9.06001182
