objID,ra,dec
109530046702119667,4.670220965245109,1.282699254776902
