objID,ra,dec
96070045307914344,4.530777473684771,-9.938326899338742
