objID,ra,dec
102180040616761322,4.061829058763792,-4.8492630584595915
