objID,ra,dec
111720042126126004,4.2126581715560265,3.1046151754833144
