objID,ra,dec
105600047475511208,4.74747116,-1.99933937
105600047473341432,4.747414560624133,-1.9991225398007095
