objID,ra,dec
108260049144549821,4.914474877878023,0.22445862156930924
