objID,ra,dec
110540047047485586,4.704866795548731,2.1209706466591136
