objID,ra,dec
106630046344395175,4.634478857425276,-1.1377538470777786
