objID,ra,dec
107330040232732636,4.023313293163193,-0.5565173936645882
