objID,ra,dec
109330043687477263,4.368749758880647,1.114035723870754
