objID,ra,dec
98400042325504064,4.232464100784963,-7.996951629205532
