objID,ra,dec
103010048501521447,4.850110731364762,-4.1575035442150154
