objID,ra,dec
108870040844959784,4.084494191611382,0.7328615589428324
