objID,ra,dec
109420044649802262,4.465001466804423,1.184814747191802
