objID,ra,dec
108340041007965304,4.100737925277214,0.28730593517553604
