objID,ra,dec
110370043538209606,4.353826031431461,1.9827247155418968
