objID,ra,dec
109790040282679780,4.0283001140416195,1.4994694059213693
