objID,ra,dec
100450044712447352,4.471281778546709,-6.2858627737133705
