objID,ra,dec
109150048574537862,4.85748749662245,0.9644722103317777
