objID,ra,dec
98870043510898895,4.351087302559215,-7.601312042040502
