objID,ra,dec
103800048748289360,4.8749429278751055,-3.4925367363254014
