objID,ra,dec
110090040016771104,4.001781581170601,1.7422458809368038
