objID,ra,dec
106220044284302129,4.428452895185935,-1.4819867499285184
