objID,ra,dec
104600046939936306,4.694051919797672,-2.8283948119813056
