objID,ra,dec
109730041256561345,4.12557387,1.44274126
109730041254271830,4.125548499875342,1.4427394904423974
