objID,ra,dec
107630040540523042,4.054054057831121,-0.30628505636314046
107630040537653081,4.053773686811222,-0.30615073339209836
