objID,ra,dec
100330045471309055,4.547214275188679,-6.384535792900037
