objID,ra,dec
108610045419384005,4.5419820985686545,0.5112812923685551
