objID,ra,dec
98620043871999111,4.387204641152681,-7.809434041185234
