objID,ra,dec
109420042795255452,4.279533666547427,1.1874845351386096
