objID,ra,dec
112720046450965141,4.6450994642984655,3.937186458449869
