objID,ra,dec
95540043068316703,4.306831776807008,-10.378041418180693
