objID,ra,dec
109470046359693026,4.6359780328025995,1.2271449506856875
