objID,ra,dec
107170046359280607,4.63601911571522,-0.6915261689685869
