objID,ra,dec
106550043699659617,4.370022615596235,-1.2006096212161013
