objID,ra,dec
96380048720211943,4.872021337554547,-9.682052912388887
