objID,ra,dec
100680049249656217,4.924978470902605,-6.095149488408678
