objID,ra,dec
103900042774145483,4.277498841131799,-3.412474634085891
