objID,ra,dec
113410044480900257,4.448103164684344,4.508149201380262
