objID,ra,dec
104660041621350485,4.162171216276082,-2.783242982284172
