objID,ra,dec
102730043843928218,4.38443118,-4.38507278
102730043843458650,4.38429985837279,-4.3849730102198645
