objID,ra,dec
107220047953684844,4.79542184589377,-0.6463349081250299
