objID,ra,dec
107510046722597730,4.672257807415215,-0.4022484131448578
