objID,ra,dec
110730043220662174,4.322047115370104,2.276372519835851
