objID,ra,dec
108120044510784037,4.451051923359752,0.10298181019901526
