objID,ra,dec
101320046684939727,4.668540652307086,-5.558909466950772
