objID,ra,dec
107460042202518099,4.22025731,-0.44360267
107460042199388089,4.2199635566678975,-0.4436303035655307
