objID,ra,dec
104130044398187166,4.439879927381841,-3.219356527156827
