objID,ra,dec
110700040325603703,4.032573274024891,2.2526758301697156
