objID,ra,dec
109290049953375592,4.995352475976387,1.0792885408058732
