objID,ra,dec
97030040744469488,4.074367593150934,-9.134180045604325
