objID,ra,dec
98440040229842482,4.022989661223713,-7.964928379707825
