objID,ra,dec
111980046411244673,4.641136636210948,3.3201548214350773
