objID,ra,dec
108350041173623059,4.117409941995691,0.29386885810123736
108350041173203421,4.11732044,0.29415004
