objID,ra,dec
107520049925675881,4.992588877499477,-0.39550186468365106
