objID,ra,dec
109880041868137231,4.186916313443254,1.5723333991948771
