objID,ra,dec
94670041422336053,4.1422803945678295,-11.103628975844984
