objID,ra,dec
113760049567634903,4.9569157,4.80377013
113760049570344960,4.95706362,4.80372716
