objID,ra,dec
95550045189443053,4.518945837705677,-10.372788433790973
