objID,ra,dec
107510043068932077,4.306918891621525,-0.40701787336214146
