objID,ra,dec
107050042206435173,4.220683488243214,-0.7877214098062681
