objID,ra,dec
107180043114062253,4.311430635964838,-0.6818204146473321
