objID,ra,dec
105260048135795927,4.813572737249633,-2.2786676435653606
