objID,ra,dec
114040048684890661,4.868570307406535,5.033277124256291
114040048685240247,4.868555394850536,5.03324308366833
