objID,ra,dec
107760040454347586,4.045415891581461,-0.19422804670743662
