objID,ra,dec
94510046602618683,4.66029372421247,-11.234746602164458
