objID,ra,dec
107740046971290938,4.697122934367182,-0.21618373997459708
