objID,ra,dec
97310042435580715,4.243572235863339,-8.908062280905435
