objID,ra,dec
105570047976579457,4.797740978700376,-2.017536323448924
