objID,ra,dec
107930048219225464,4.821927902727323,-0.05416435177911726
