objID,ra,dec
107600044084660273,4.40852333,-0.33346332
