objID,ra,dec
109010048104296305,4.810440031240676,0.8465221130321021
