objID,ra,dec
108300041533866024,4.1532438490883,0.2548007350175472
108300041533066414,4.153237165239757,0.25479627481225287
