objID,ra,dec
114460040284346867,4.028463261788528,5.388601046762695
