objID,ra,dec
112380044900407098,4.489989848389286,3.6555710391907117
