objID,ra,dec
110780049459936065,4.945928151825242,2.321228366408654
110780049458575772,4.945926997327857,2.3212357022408816
