objID,ra,dec
104430040023658217,4.002359382036492,-2.968527543647459
