objID,ra,dec
107360047462728335,4.746313654444901,-0.5267408757096548
