objID,ra,dec
95320045872831227,4.5872849336726125,-10.565964783911724
