objID,ra,dec
104770047795969557,4.779570147115878,-2.6840742325380282
