objID,ra,dec
96240041582077903,4.158119905823307,-9.793833673538078
