objID,ra,dec
108380041452897491,4.145324860140218,0.3225523913865789
