objID,ra,dec
95840042545508216,4.254512515626346,-10.126804793624645
