objID,ra,dec
110370043339828093,4.333940639792804,1.9813570518573618
