objID,ra,dec
95810044521383990,4.452089744048852,-10.155339734634216
