objID,ra,dec
109660041398484990,4.139861495924977,1.3871282101848197
