objID,ra,dec
107940043425580110,4.342555177991792,-0.050272780267881095
