objID,ra,dec
96740040208038318,4.020782052799129,-9.37674788756586
