objID,ra,dec
107860040312230997,4.03121861284883,-0.11639200636257618
