objID,ra,dec
105660042059830366,4.20605903091654,-1.9500214874457316
