objID,ra,dec
107400042702338411,4.27030091138489,-0.4933637876625728
