objID,ra,dec
110940042250086910,4.224988749648085,2.4554261954097707
