objID,ra,dec
110480045718602945,4.571742276633073,2.068799991076774
110480045715292743,4.5715657,2.06858524
