objID,ra,dec
110300043475698604,4.34756864045045,1.9234115533255118
