objID,ra,dec
107100045240667420,4.524014269960232,-0.7440704619695522
