objID,ra,dec
108480045051444724,4.50519625116427,0.4036811225881087
