objID,ra,dec
106570048787592470,4.878832497381168,-1.1899762272907173
