objID,ra,dec
98750040252339066,4.025281128296169,-7.70108485095217
