objID,ra,dec
102630043520322801,4.3519960945278156,-4.473031933331298
