objID,ra,dec
109880046061863641,4.606192668076388,1.5693191156201571
