objID,ra,dec
99770048691524927,4.869150959996776,-6.854555262495104
