objID,ra,dec
98840044676609421,4.467693988817907,-7.62586337319872
