objID,ra,dec
96760044962749185,4.496311366350287,-9.359369534682168
