objID,ra,dec
107450040514147351,4.051470525350593,-0.4525870512838074
