objID,ra,dec
107670041652917047,4.165287737307048,-0.26953455325565895
