objID,ra,dec
106680041073056330,4.107287966516285,-1.0950860330477599
