objID,ra,dec
98670042185876131,4.218533924532923,-7.770207992252929
