objID,ra,dec
112110047659288960,4.766074325557995,3.4319176839212995
