objID,ra,dec
101010042156088562,4.215578361767984,-5.818216898643555
