objID,ra,dec
107630043701991523,4.37019652882462,-0.3074399833925914
