objID,ra,dec
111090046556098555,4.655597224488157,2.581854964372947
