objID,ra,dec
97680040328700231,4.032897841339469,-8.600194165056239
