objID,ra,dec
108920044746968695,4.474705641472702,0.7735447602418568
