objID,ra,dec
111680042859425500,4.285915202353428,3.07090034190372
