objID,ra,dec
100080048849684402,4.885010537383885,-6.596633840396421
