objID,ra,dec
102910043462143535,4.346230599553982,-4.239096755194136
