objID,ra,dec
110090046684143227,4.668500399025446,1.7440442186568044
