objID,ra,dec
108360042674528288,4.267393733568697,0.3065071313400325
