objID,ra,dec
95550045401132480,4.5400368581953785,-10.373217234022087
