objID,ra,dec
96330043984227901,4.39838974479584,-9.718750246104701
