objID,ra,dec
108300047009196019,4.700958960436961,0.25465426910154726
