objID,ra,dec
105880041813795395,4.1816573,-1.76256469
