objID,ra,dec
112050044115118126,4.411511747229692,3.3812835493958726
