objID,ra,dec
109050048015234224,4.801533739112262,0.878086889165819
