objID,ra,dec
110100040295244038,4.029555874604309,1.7530080051832841
