objID,ra,dec
108350048925802563,4.89258611310052,0.2934336570243694
