objID,ra,dec
106840047765427346,4.77659445739366,-0.9609567987556946
