objID,ra,dec
108310047421975543,4.7422379488562045,0.2625768162402245
