objID,ra,dec
100000044492644215,4.449309114157033,-6.663487659141452
