objID,ra,dec
108420046647099537,4.664741963809682,0.35758383604330507
