objID,ra,dec
112050047997531627,4.799779117826844,3.376080115828914
