objID,ra,dec
109050044231448042,4.423153822693608,0.8813355108517088
