objID,ra,dec
95710041279041281,4.127896916958022,-10.240893488796068
