objID,ra,dec
97360042710455808,4.271071631496133,-8.86210691782564
