objID,ra,dec
106390047467097776,4.746719555096185,-1.3356207019548865
