objID,ra,dec
100020040301876032,4.030227382834696,-6.645335945100703
