objID,ra,dec
110860044794554781,4.4794834807558095,2.386907226692227
