objID,ra,dec
109230046980300630,4.6980898928301045,1.0251605253738185
