objID,ra,dec
110550046415762973,4.641645098476704,2.127151963010146
