objID,ra,dec
108080044481558991,4.448163962963857,0.07378387613384287
