objID,ra,dec
109630041575639323,4.157580785122261,1.365725092412317
