objID,ra,dec
110640046657604001,4.665760837035428,2.2029088739021128
