objID,ra,dec
109140040816133677,4.081637761328059,0.9526170023818238
