objID,ra,dec
111290049150580346,4.915113161728017,2.7415758636726464
