objID,ra,dec
102940046168308191,4.616843484702196,-4.210271181013293
