objID,ra,dec
109060041911105442,4.19118503973902,0.8875285153484416
