objID,ra,dec
102950043706738203,4.37066057,-4.20175486
