objID,ra,dec
108220049007119493,4.900683426903869,0.1908531093725121
