objID,ra,dec
108560042457192596,4.245737937077884,0.46840408527480937
