objID,ra,dec
112000048627031493,4.862743928234867,3.3342209451754443
