objID,ra,dec
112040041824348340,4.1824567479640065,3.373317629622373
