objID,ra,dec
112300048889875258,4.88903475,3.58721732
112300048892674983,4.889291134368303,3.5871785323415906
