objID,ra,dec
112700041728325196,4.172823449727683,3.9206196388483994
