objID,ra,dec
112720041144161147,4.11440455,3.93390685
112720041146221450,4.1147135139981925,3.9340355184995954
