objID,ra,dec
108720043749263639,4.374953173964935,0.6025850527251079
