objID,ra,dec
100100043881327170,4.388233729987218,-6.577672885545944
