objID,ra,dec
100060041724773160,4.1725028451883155,-6.614388838789318
