objID,ra,dec
101650040431605883,4.043407329080898,-5.287196580452115
