objID,ra,dec
107420044084441175,4.4084813,-0.48272846
107420044081601118,4.4082413221243835,-0.48287746145437516
