objID,ra,dec
100210042903203035,4.290440830684361,-6.489512126832758
