objID,ra,dec
106920044192029573,4.41927561,-0.89252386
106920044193309241,4.419378269562196,-0.892617375713475
