objID,ra,dec
112210042368769524,4.236867142893757,3.515729457258782
