objID,ra,dec
113250047104505598,4.710487121695305,4.379297994335657
