objID,ra,dec
109040046562536108,4.6563013605788095,0.8713612060459349
