objID,ra,dec
110090040207866479,4.02078303,1.74679438
