objID,ra,dec
112400042887308036,4.288742012457512,3.6730472204924984
