objID,ra,dec
109740045554936254,4.555552185330778,1.454805127874363
