objID,ra,dec
108480043839584975,4.38399330081568,0.40373724751386436
