objID,ra,dec
106460042407571774,4.24077531887082,-1.2822079124270462
