objID,ra,dec
103980049944456696,4.994508100818877,-3.3448204349103565
