objID,ra,dec
108920042452128830,4.24528794847686,0.7736510185276286
