objID,ra,dec
111220041770027614,4.17700257,2.68925663
