objID,ra,dec
107630044706465203,4.47058910102587,-0.30428939139663774
107630044703915406,4.47042526,-0.30424226
