objID,ra,dec
111600042005399255,4.20053818,3.00734094
