objID,ra,dec
110150047665183503,4.766549724526763,1.7942417453515684
