objID,ra,dec
107880047090017359,4.709042577982978,-0.09422978528239376
