objID,ra,dec
99170043473944264,4.347403399353864,-7.3551476480880345
