objID,ra,dec
99110046298782011,4.6300027680130045,-7.4072204630008285
99110046299261634,4.629979172416786,-7.407250450454292
