objID,ra,dec
109000045555035007,4.555516385096186,0.8371301646859287
