objID,ra,dec
107420041590529586,4.159078078785214,-0.47572056726062023
107420041590739931,4.15908733,-0.47571363
