objID,ra,dec
108490046704596773,4.670585799299412,0.41355097185459105
