objID,ra,dec
104650041850249375,4.184994911416119,-2.7841465945948847
104650041848199627,4.184937652570198,-2.784058369023182
