objID,ra,dec
105710042778016860,4.27783707,-1.90296507
105710042774937147,4.27762993913773,-1.9027546996908102
