objID,ra,dec
104960047073567350,4.707375905168398,-2.527560545708423
