objID,ra,dec
111750041331597917,4.13338285,3.13120453
111750041334438094,4.133416447039098,3.1313140792423497
