objID,ra,dec
96380049192336511,4.919224012580651,-9.678211310146892
