objID,ra,dec
107500042215113896,4.2215334775877755,-0.4137998412177734
