objID,ra,dec
106210048415687362,4.841596799897297,-1.4859440531745904
