objID,ra,dec
108130040091974330,4.009364129640994,0.11166975320489794
