objID,ra,dec
114200040993351669,4.099368712124463,5.167662595573553
