objID,ra,dec
104590042653493174,4.265378939254817,-2.8393602929968313
