objID,ra,dec
101270044247864758,4.424733085594196,-5.604757081705422
