objID,ra,dec
102100041491123120,4.149197749972397,-4.914419985826713
