objID,ra,dec
104850044685198010,4.4684966307635365,-2.618598494778592
