objID,ra,dec
107070049542547536,4.954242137564554,-0.7691058836859394
