objID,ra,dec
109610048129443002,4.81302059,1.34378005
