objID,ra,dec
102260048545668863,4.854602770937487,-4.776332321961923
