objID,ra,dec
111310044492860774,4.44937610256161,2.7586212999299593
