objID,ra,dec
111830043970216057,4.397020649732461,3.196328550775817
