objID,ra,dec
102690049759733925,4.976136197503793,-4.422144324364378
