objID,ra,dec
107660048303357992,4.8303443336082506,-0.277048315798921
