objID,ra,dec
110600044780906665,4.478209006048983,2.1718260805159617
110600044783516482,4.47834569,2.17170709
