objID,ra,dec
107830048349833265,4.83501943,-0.1394909
107830048349132912,4.834876969954628,-0.13968203207484994
