objID,ra,dec
108130041552757476,4.155268514895862,0.11413058315720652
108130041553677800,4.155341905310152,0.1142978983653269
108130041554197166,4.15543268,0.1138854
