objID,ra,dec
105310040693836865,4.069506132601376,-2.2363392095054153
