objID,ra,dec
96380042620784835,4.262054796877382,-9.679662243156857
