objID,ra,dec
107230041267179903,4.126740024700811,-0.6337916025702462
