objID,ra,dec
107770048456618608,4.845700695738559,-0.1849237373945738
