objID,ra,dec
107700043220068740,4.322026161890333,-0.24309559052113958
