objID,ra,dec
107910040426698654,4.042695536794275,-0.06820626078219603
