objID,ra,dec
111310045893424411,4.589375008726653,2.761635981697448
