objID,ra,dec
104490044881773031,4.488208264157842,-2.922749969364424
