objID,ra,dec
102220040356596374,4.035771322843202,-4.8117275197421945
