objID,ra,dec
95190045718574793,4.571846286626371,-10.67135111312042
