objID,ra,dec
107360045971384345,4.597226451958905,-0.5301203286673898
