objID,ra,dec
104560047240834029,4.724017818086664,-2.863722263288978
104560047237933885,4.72383222,-2.86379289
