objID,ra,dec
106870041789579550,4.17899708,-0.93407132
