objID,ra,dec
104840044210280975,4.421033732265457,-2.6329079014777226
