objID,ra,dec
108680048171488115,4.817177331573487,0.573059872875571
