objID,ra,dec
108600044164467989,4.41648570878049,0.5062430509115612
