objID,ra,dec
107970040003163872,4.00037482,-0.0221626
107970040000673638,4.000160272653063,-0.02220930766687391
