objID,ra,dec
112040047316072098,4.7315160471886815,3.3679699000567664
