objID,ra,dec
105760045399864023,4.539982955585033,-1.863762526447354
