objID,ra,dec
113010043884527722,4.388445727033476,4.1810334353826235
