objID,ra,dec
109850046467968066,4.646821488935019,1.5479291712640961
