objID,ra,dec
111850046591614770,4.659222449819211,3.212023732402654
