objID,ra,dec
103190046585628196,4.658587030829147,-4.001861389095794
