objID,ra,dec
99170047458390151,4.745885843219485,-7.358583716864637
99160047459139803,4.74592284,-7.35882176
