objID,ra,dec
106020045278298077,4.527819689405939,-1.6436537027317466
