objID,ra,dec
107020045088068839,4.508708017426451,-0.8097247687954059
107020045086098603,4.508699101507643,-0.8097258559249796
