objID,ra,dec
102320045878030692,4.587883889400713,-4.7330727781577835
