objID,ra,dec
108430042495622391,4.249568307785304,0.3599537809310709
