objID,ra,dec
105820047501219545,4.750178044509066,-1.8090591124076392
