objID,ra,dec
102370042057797038,4.205859398166577,-4.686155716391752
