objID,ra,dec
109320048654724916,4.865564511543501,1.1036952429310027
