objID,ra,dec
107790048590492329,4.85904307134656,-0.17340402784976067
