objID,ra,dec
110490046442077405,4.6442267902322625,2.0808222772228278
