objID,ra,dec
108920040017517121,4.001775971113234,0.7721888879343924
