objID,ra,dec
99820047755525356,4.775532134368246,-6.8125244088327435
