objID,ra,dec
106150048758205721,4.875711256736375,-1.5372545585948454
