objID,ra,dec
110030049446654811,4.944710824383494,1.695311038335366
