objID,ra,dec
102660047924852259,4.792483272735766,-4.448301979417273
