objID,ra,dec
113140044769214423,4.476967256325215,4.286545082640604
