objID,ra,dec
102720047643124180,4.76425734,-4.39702107
