objID,ra,dec
111740045081210290,4.5081816776123125,3.116651660068266
111740045083090743,4.50832633,3.11687398
