objID,ra,dec
97120045555959635,4.5555839635791395,-9.058982944523102
