objID,ra,dec
101690048665749883,4.8665657,-5.25043318
101690048663169615,4.8663711084186385,-5.2505921697607185
