objID,ra,dec
107260045464262743,4.546475132798308,-0.6147269073313277
