objID,ra,dec
101810048616910959,4.861706126131861,-5.1578299660727716
