objID,ra,dec
113350048937665476,4.893888634730924,4.4624700313152195
113350048938055812,4.89388293,4.46279845
