objID,ra,dec
98430048970458279,4.897028748391816,-7.968416496800389
