objID,ra,dec
108930049835766772,4.9835952930039555,0.7802801670573459
