objID,ra,dec
113200040180838546,4.018124838855229,4.340058438929802
