objID,ra,dec
108600046627022118,4.66269265,0.50141601
108600046624262172,4.662454715704481,0.5014416930623984
