objID,ra,dec
113970042997648742,4.299721767949884,4.98180849902409
