objID,ra,dec
107250040339438635,4.033979383494949,-0.6181718937689672
