objID,ra,dec
109600043727249673,4.372789984069421,1.341068083985126
