objID,ra,dec
97200043299072619,4.329939306757703,-8.998164878927591
