objID,ra,dec
112000041716970878,4.171795421102021,3.3337918262692106
