objID,ra,dec
107520043076325732,4.307773520125687,-0.3956195370990672
