objID,ra,dec
111690045594442415,4.559420851685313,3.076672123595637
