objID,ra,dec
107520042328846119,4.2328243160891486,-0.39528210342232417
