objID,ra,dec
100890041953281542,4.195321446619535,-5.924083902198148
