objID,ra,dec
103720040808226851,4.0808408181842974,-3.5613205033092465
