objID,ra,dec
104630041534630827,4.153491457151124,-2.8079713043750494
