objID,ra,dec
106220045043016730,4.5042866628356695,-1.47833354437016
