objID,ra,dec
109330044885055487,4.48851529348015,1.1125149456817054
