objID,ra,dec
114220045137488152,4.513623846800719,5.189811068603981
