objID,ra,dec
110530047341817868,4.734197719967268,2.1145082318142165
110530047345557971,4.73433201,2.11457595
