objID,ra,dec
106630040823786329,4.082245353567675,-1.1368666322879863
106630040822086037,4.082249395825848,-1.1368657207149762
