objID,ra,dec
111020045877062493,4.58776367054994,2.5183411336865418
