objID,ra,dec
106620042671617043,4.26721209,-1.14447661
106620042674437271,4.267509183150481,-1.1443491358207056
