objID,ra,dec
109700045051708803,4.505169737164029,1.4236650189217603
109700045050098521,4.5050413,1.42360912
