objID,ra,dec
99430048024491703,4.802411792495674,-7.140565424213903
