objID,ra,dec
102120048805328066,4.880705764499256,-4.8937540488305356
102120048807607853,4.88069012705922,-4.8937607891022274
