objID,ra,dec
105860049351008591,4.9350179485047505,-1.7765927327448732
105860049348738256,4.93490397,-1.77681194
