objID,ra,dec
96940048669502990,4.8669873964691535,-9.214539717557113
