objID,ra,dec
110960042458552803,4.245839642578488,2.4686997066627776
110960042455802718,4.24560022,2.46854634
