objID,ra,dec
107330042067018174,4.20674497322478,-0.551886289863964
