objID,ra,dec
106140047323823569,4.732238192721329,-1.5473795962357773
106140047322753906,4.73232845,-1.54717938
