objID,ra,dec
107890040449777229,4.044988798929023,-0.08606591727302056
107890040452827595,4.04514202,-0.08586404
