objID,ra,dec
109010045524508939,4.5525696011096395,0.8487523109972663
