objID,ra,dec
107710048931875710,4.8931189915473565,-0.23724439370497966
