objID,ra,dec
94530045765854342,4.576621646302718,-11.221713009891996
