objID,ra,dec
102270040914249245,4.091482513488278,-4.767639320989385
