objID,ra,dec
107740045096957238,4.50966012,-0.21106853
