objID,ra,dec
105340043187195564,4.3187590086419965,-2.2123794949769295
105340043186895981,4.318679757138634,-2.2123372467490903
