objID,ra,dec
109300049271899819,4.927213231791092,1.0912451809365047
109310049271490161,4.92716295,1.09141117
