objID,ra,dec
108230041453124894,4.145298540482821,0.1953575066705949
