objID,ra,dec
103620048109393372,4.8111002838046755,-3.647557736607044
