objID,ra,dec
114060044103667940,4.41031032,5.05617617
114060044103467571,4.410309401756122,5.055902829525521
