objID,ra,dec
98490042941243857,4.294108485856892,-7.922102058118909
