objID,ra,dec
99630042369940610,4.237032530632508,-6.974815216346166
