objID,ra,dec
94960045536153146,4.553678612187944,-10.864374724597141
