objID,ra,dec
107580041731929245,4.173224986765349,-0.342694160176505
