objID,ra,dec
108900045549735205,4.554980759481716,0.7539963236691565
