objID,ra,dec
106500044554535370,4.4554673211324465,-1.2459539323345068
