objID,ra,dec
99510044085552231,4.408566264728324,-7.073426121691076
