objID,ra,dec
112850049408253109,4.9408807,4.04386744
