objID,ra,dec
102580048015157296,4.801446695258512,-4.510947702529592
