objID,ra,dec
96350046172502704,4.6172295405160915,-9.706563599219592
