objID,ra,dec
108320047005731041,4.700606293080984,0.26715707304167624
