objID,ra,dec
102810045282300619,4.528342619697472,-4.324921912208062
