objID,ra,dec
99840043337628925,4.3338483650938295,-6.792935401161415
