objID,ra,dec
111790044216657061,4.4215577,3.16377153
111790044217216656,4.4216422617799225,3.163501361410126
