objID,ra,dec
96180042766297990,4.2766813701956785,-9.84369678366171
