objID,ra,dec
105550048885006658,4.888577166057423,-2.0364761950113333
