objID,ra,dec
110230044425898808,4.442628919772971,1.86530096773195
