objID,ra,dec
110120042748010036,4.274866486956029,1.7663011983229386
