objID,ra,dec
106770041634083818,4.16339561,-1.0221773
106770041632844209,4.163293482777362,-1.021879680424077
