objID,ra,dec
101720049671731760,4.967252282452786,-5.2321910378111225
