objID,ra,dec
112070041884886035,4.1884954028429275,3.396299228427203
