objID,ra,dec
108210045997337081,4.59977373870566,0.18047958827180885
