objID,ra,dec
98000041059391243,4.105959591034696,-8.332586080398402
