objID,ra,dec
100890048960806864,4.8960627083755925,-5.9196798660366605
