objID,ra,dec
106950044259286050,4.425957708924479,-0.870325891271674
