objID,ra,dec
106610042131735408,4.2131895035517255,-1.1541635602175309
