objID,ra,dec
97830045834143758,4.583449622353369,-8.47222277301836
