objID,ra,dec
106700043055100327,4.305598103059201,-1.0834215861000334
