objID,ra,dec
107690042009484642,4.20094847,-0.25482374
107690042007274363,4.20073778,-0.2551078
