objID,ra,dec
112940047506780697,4.75080972,4.11702426
112940047508971063,4.750988247024209,4.1171361659453956
