objID,ra,dec
107370049672927050,4.967308213066437,-0.5195063852605317
