objID,ra,dec
111700043929957043,4.393041997294998,3.088777841615422
