objID,ra,dec
108660045545226444,4.5545458086799995,0.5549956007949137
