objID,ra,dec
113000049478370915,4.947874473739525,4.167065522485967
