objID,ra,dec
112650044963587808,4.496390761827645,3.8810624945872347
