objID,ra,dec
107770047420844352,4.742045841442869,-0.18840261391987495
