objID,ra,dec
102470047070382392,4.707115565007964,-4.606640071588519
