objID,ra,dec
113680049867761516,4.986936418173333,4.7342568949997705
