objID,ra,dec
109320046097833431,4.609809213016934,1.1024899006943532
