objID,ra,dec
96210040267098376,4.026689142312335,-9.818349988411505
