objID,ra,dec
107540044668505163,4.466845779160948,-0.3794126591387314
