objID,ra,dec
107220041448491840,4.14496802939097,-0.6488268890626041
