objID,ra,dec
113920043650640079,4.365077462134942,4.9329892071618655
