objID,ra,dec
108480049228196071,4.922822780467144,0.4046759880268187
