objID,ra,dec
107140042898942593,4.289907371223888,-0.71485349060156
