objID,ra,dec
107400049869239688,4.986918919463137,-0.49224058294172524
