objID,ra,dec
106370046059844349,4.605986954103817,-1.3550555857796847
