objID,ra,dec
112350047602852144,4.760315475459584,3.6263959558183116
