objID,ra,dec
106510048138664723,4.813925417906361,-1.238213867811015
