objID,ra,dec
110720040081782529,4.008181649887004,2.268434137089578
