objID,ra,dec
112210041248835073,4.124999209498865,3.512208774562484
