objID,ra,dec
110020047296191971,4.72964759,1.68460231
