objID,ra,dec
108770046602265309,4.660371959830948,0.6457026956386167
108770046602905652,4.66031954,0.64597974
