objID,ra,dec
108770049897242246,4.98971679074395,0.6431355978460668
