objID,ra,dec
104890047343398889,4.734346579200024,-2.5846125105461617
