objID,ra,dec
99880049073342686,4.907385611003223,-6.764813732379297
