objID,ra,dec
107390043115757302,4.311584756312232,-0.5027151190898056
107390043115316924,4.311595742574172,-0.5028594689265143
107390043112206854,4.31149514,-0.50301316
