objID,ra,dec
106950041025836476,4.1025524022531785,-0.8699573962934968
