objID,ra,dec
108000040721114819,4.072097453407502,0.003488394797445081
108000040720404398,4.072104818223956,0.0033366285334174785
