objID,ra,dec
105700049322645723,4.932255812842536,-1.9122547302768131
