objID,ra,dec
113660048648481590,4.864950339269027,4.717606751683028
