objID,ra,dec
111700041909687573,4.19088759,3.08921727
