objID,ra,dec
111720040023775980,4.002418309126488,3.1044148558405325
