objID,ra,dec
103750040282191628,4.028231010321504,-3.5406962771458326
