objID,ra,dec
113560045858068482,4.58563787027769,4.639740449922922
113560045856448148,4.585639537912979,4.639737252951633
