objID,ra,dec
101250041792913082,4.179287349589462,-5.622804126874029
