objID,ra,dec
107640048249687980,4.824981439401281,-0.29374211741601586
