objID,ra,dec
111100043528513343,4.35287241416804,2.5857554679804635
