objID,ra,dec
106310046987434320,4.698782330451739,-1.4051701317771237
106310046986353919,4.69863517,-1.40542139
106310046984334224,4.698748291264012,-1.4051935227127477
