objID,ra,dec
100090041392363522,4.139195854773902,-6.589085104217504
