objID,ra,dec
96550043159433821,4.315899356267836,-9.538823529741677
