objID,ra,dec
107690048426521558,4.842662415533038,-0.2574370864531934
