objID,ra,dec
106410045186634548,4.51867223,-1.32161195
106410045184104343,4.518414030754322,-1.3217759451556068
