objID,ra,dec
103940045440712077,4.544177321392013,-3.3819253605199955
