objID,ra,dec
106360047460163843,4.746059138382993,-1.3638822663833616
