objID,ra,dec
112180042027149352,4.202835414616287,3.490598344180684
112180042030269277,4.202878961380474,3.490617144640267
