objID,ra,dec
98850043602918274,4.360287467432852,-7.61841554604462
