objID,ra,dec
104500047616435243,4.761622736688257,-2.912641783998587
