objID,ra,dec
108660041595902096,4.1595686319480585,0.5513384204176257
