objID,ra,dec
106630041882800905,4.188306511147929,-1.141261083181394
106630041885620840,4.18855989,-1.14131092
