objID,ra,dec
107350043564447865,4.3564940923943185,-0.5355037123888017
107350043565247493,4.356497205705133,-0.5355962748869705
