objID,ra,dec
113060044688441167,4.4687871935147285,4.217239240733961
