objID,ra,dec
105730042335223271,4.23353651,-1.88927903
105730042333773558,4.23339592749335,-1.8890125282117092
