objID,ra,dec
107840049141062693,4.914115631808134,-0.13147258418381447
