objID,ra,dec
102730045517238878,4.551689288757608,-4.384613125046964
