objID,ra,dec
107400043866107454,4.386404968664623,-0.49417572831701645
107400043863337494,4.386385276038614,-0.4941523739208753
