objID,ra,dec
107000045641847208,4.564202032643053,-0.8276879724044691
