objID,ra,dec
108090040551432002,4.055221733745001,0.0762754366922712
