objID,ra,dec
109180049786197451,4.978550939538632,0.9891425146000232
