objID,ra,dec
107380048858130988,4.8858678639974045,-0.5162296864628856
