objID,ra,dec
106680041899093047,4.1899229728791285,-1.0978209256590528
