objID,ra,dec
108280046886560182,4.688708893886115,0.23310588050487713
