objID,ra,dec
107430041948701873,4.194894453544666,-0.47380335861722866
