objID,ra,dec
108480045162377010,4.516232518276693,0.4056014114158649
