objID,ra,dec
106870043360946592,4.336133602523854,-0.936534280226021
