objID,ra,dec
106580042501764190,4.250427922823524,-1.1800845170478829
