objID,ra,dec
110240047018652731,4.701893299051801,1.8685280535965865
