objID,ra,dec
99530048388941448,4.838905256706537,-7.057431609942918
