objID,ra,dec
98440044332487028,4.43327001,-7.9612276
98440044331236707,4.433103104373028,-7.96142160487468
