objID,ra,dec
109180045989488556,4.598922790582602,0.990089570359861
