objID,ra,dec
97870040539998073,4.053990841636692,-8.43530637331162
