objID,ra,dec
112050040807565221,4.08079104,3.3789844
