objID,ra,dec
109130043567954426,4.356801758723517,0.944905540339606
