objID,ra,dec
110510041519738093,4.151898263996376,2.0980926561385123
