objID,ra,dec
101320047803136338,4.780258,-5.561595
101320047802286750,4.780155305443367,-5.561422023082097
