objID,ra,dec
106950044047690235,4.4047960620670015,-0.8751761869926765
