objID,ra,dec
110440046316326607,4.631635061310728,2.038457862958092
