objID,ra,dec
98720046274067414,4.627431115415948,-7.727530855130521
