objID,ra,dec
104740046229739015,4.622903396772527,-2.7095867360105332
