objID,ra,dec
95370045607266266,4.560697576614268,-10.520122794543706
