objID,ra,dec
99180049697660091,4.96986152491445,-7.3503362691120495
