objID,ra,dec
103330041050106207,4.105072733794219,-3.886828284847343
