objID,ra,dec
99090040405492356,4.040562251494751,-7.423501961150667
99090040403262037,4.040564976618619,-7.423505061300564
