objID,ra,dec
107610046869375203,4.686945817251196,-0.3210225948234243
