objID,ra,dec
107200045677775753,4.567947999602349,-0.6621522581012835
