objID,ra,dec
111000042992192312,4.299237793339204,2.5015469836253414
