objID,ra,dec
109590041369153803,4.136828645201041,1.327825334666442
109590041366223874,4.13669055,1.32783867
