objID,ra,dec
112900048203454305,4.82038254390787,4.086506616616981
