objID,ra,dec
105900043083372048,4.3083729483355375,-1.748729828246231
