objID,ra,dec
104680046934545235,4.693458492561932,-2.7626655552202712
104680046933265713,4.69329735,-2.76246045
