objID,ra,dec
102360041409962368,4.141054922806918,-4.698460275193127
