objID,ra,dec
107970047780566984,4.77798947,-0.01965543
107970047778526718,4.77790942,-0.01981254
