objID,ra,dec
106910049578835046,4.957888819138178,-0.9044794458155546
106910049578735551,4.95790459,-0.90438983
