objID,ra,dec
97570041379920126,4.138048248302297,-8.69196949635612
