objID,ra,dec
107240048686681082,4.868689143162501,-0.6328215536870043
