objID,ra,dec
103590049778317781,4.977882366765984,-3.668866922935632
