objID,ra,dec
107730046327405497,4.632761361584006,-0.2207909089201913
