objID,ra,dec
100660048598889796,4.859865644667818,-6.108884114169484
