objID,ra,dec
110170042252773338,4.225306801344264,1.8107537124122148
