objID,ra,dec
99580044494191899,4.449474339645082,-7.015427631484679
