objID,ra,dec
112100041737816141,4.173833035173503,3.421527011541101
