objID,ra,dec
95030048428363918,4.8428515,-10.80561629
95030048427373589,4.842738594418858,-10.805648304156444
