objID,ra,dec
113450040594833715,4.059517660826018,4.544258146641391
113450040594043395,4.059455072280812,4.5442356802139825
