objID,ra,dec
108310044243103406,4.42431073,0.26081108
