objID,ra,dec
109060044787229736,4.4787045318032375,0.8910725141211073
