objID,ra,dec
106600040638671936,4.063864919592671,-1.1654452300071076
