objID,ra,dec
95560041033652215,4.103376503773247,-10.365133501823166
95560041033362671,4.103396998909908,-10.365075909138156
