objID,ra,dec
112040042404774757,4.240505966212632,3.3700789914263773
