objID,ra,dec
104470044666676024,4.4667032183458675,-2.937052886025769
