objID,ra,dec
107640048046843228,4.8047268346012,-0.2975643709466254
