objID,ra,dec
106010044161333135,4.416197342885481,-1.6560207989428093
