objID,ra,dec
107600046185522411,4.618552363807209,-0.3317039236825644
