objID,ra,dec
109070044830163125,4.48301609,0.89390763
