objID,ra,dec
108120049282063640,4.928194580490973,0.1026530030274815
