objID,ra,dec
108950046019028170,4.601918303255578,0.7980905796809107
