objID,ra,dec
110650043712890507,4.37133416,2.20835196
