objID,ra,dec
107590046881197366,4.688124277167553,-0.33587126441452575
