objID,ra,dec
104080041558091223,4.1558097,-3.26599405
