objID,ra,dec
113950046139215077,4.61380329,4.96219706
113950046136284871,4.613715580995496,4.962095491536608
