objID,ra,dec
107550049404172654,4.9404158249834556,-0.3731598715263472
