objID,ra,dec
95290041214016555,4.121477982968511,-10.586540365772635
