objID,ra,dec
111250046369595740,4.636970079526031,2.7127435077793067
