objID,ra,dec
109560042989343990,4.29892158,1.30292542
