objID,ra,dec
105660043600243691,4.359996991213624,-1.9472666810747232
105660043597663893,4.3598769682203224,-1.9472613508809626
