objID,ra,dec
102770040300304250,4.030056068831312,-4.355143232085732
