objID,ra,dec
110930042867904192,4.2867932284497225,2.444875351406819
