objID,ra,dec
97560042928309910,4.292845305183855,-8.69211280416977
