objID,ra,dec
109190044406155170,4.440626220725371,0.9955794568358952
