objID,ra,dec
102660047586241118,4.75862488,-4.44940974
102660047584701336,4.758419102984534,-4.449220836610003
