objID,ra,dec
102590044526982103,4.452769597546274,-4.506965555365426
