objID,ra,dec
110000040333127300,4.03338152,1.672402
