objID,ra,dec
109770046517331707,4.6517567518249106,1.4760439902178426
