objID,ra,dec
96430043382964025,4.338281953189907,-9.638661013925734
