objID,ra,dec
111790048528182893,4.852859413102725,3.1603684207139517
