objID,ra,dec
109460042544846786,4.254501683315774,1.2219213825592599
