objID,ra,dec
114200042083137171,4.208333261717686,5.172238981295131
