objID,ra,dec
103200042940126515,4.294030979879258,-3.995039238418467
