objID,ra,dec
105900045664655306,4.566496417402969,-1.7459712197656663
