objID,ra,dec
107520042341025722,4.234134269678245,-0.39560964184887143
