objID,ra,dec
109160043360823738,4.336137331377988,0.969360116666859
