objID,ra,dec
105840045283561902,4.528474413103753,-1.7988367605455433
105840045286672043,4.52854069,-1.79873157
