objID,ra,dec
99010047086211711,4.70869790085536,-7.490641922917523
