objID,ra,dec
99960044104675495,4.410528412222598,-6.6958553905205624
