objID,ra,dec
104880040251435917,4.025155805303393,-2.595496180939746
