objID,ra,dec
110820046645285014,4.664495993077323,2.3538677347053665
