objID,ra,dec
108150040780310292,4.0782087060625125,0.12498616634389947
