objID,ra,dec
96630043518370945,4.351809240225352,-9.474542734954861
