objID,ra,dec
102770048913982514,4.891410991125073,-4.356592709271248
