objID,ra,dec
114410045730058772,4.572938601616251,5.3486161577236775
