objID,ra,dec
110120040162513734,4.0162539110259,1.7694012181324954
