objID,ra,dec
106340043792763041,4.379296686885108,-1.3811736895329794
