objID,ra,dec
108240043633304796,4.363371027461257,0.20361061871372282
108240043635605074,4.363471125270531,0.20369135630040494
