objID,ra,dec
104910044779008385,4.4779000713240755,-2.5684653810033273
