objID,ra,dec
102500043815281561,4.3814592830304075,-4.582441149682085
102500043811531573,4.38117268,-4.58243127
