objID,ra,dec
111860046429205638,4.6428796336909555,3.2210194078163115
