objID,ra,dec
103240047407867666,4.740870190100621,-3.960664797202608
