objID,ra,dec
103510046661270029,4.666173554160123,-3.742022155160368
