objID,ra,dec
106530044113319689,4.4113381122009665,-1.2173520256854025
