objID,ra,dec
107010049629103603,4.962890944032768,-0.8224070407232481
