objID,ra,dec
106740043930386287,4.393084814707259,-1.045105561613789
