objID,ra,dec
107200047453526224,4.74542549,-0.66184067
107200047451986504,4.745237621377805,-0.6617426443766821
