objID,ra,dec
108110040120791317,4.012126422218434,0.0923691296197009
