objID,ra,dec
107950041306391482,4.130646026101295,-0.040856958439660127
