objID,ra,dec
113140049508035129,4.950806482376385,4.287232479531288
