objID,ra,dec
109580050930152325,5.093050184767901,1.3182247281441553
