objID,ra,dec
113190054630228139,5.463031810933835,4.331114572531982
113190054630367612,5.463028040758429,4.331112281522792
