objID,ra,dec
106510055100947051,5.510157288708334,-1.2361740664356664
