objID,ra,dec
102280053172435464,5.317241384314337,-4.762499695264452
