objID,ra,dec
107700050650075544,5.064989393067227,-0.24556621561069594
107700050650136028,5.0650013601359065,-0.24555319760810138
