objID,ra,dec
107030059006515103,5.9006695990458375,-0.8044288470579753
