objID,ra,dec
112960058666036421,5.86675952,4.13830986
112960058667916681,5.866796653126101,4.138519962058512
