objID,ra,dec
111700058218094098,5.82186835542796,3.086363149719094
