objID,ra,dec
111680053746589462,5.37465088,3.07418881
111680053744269685,5.3744179743818785,3.074340169194706
