objID,ra,dec
107910057946067740,5.794644689922602,-0.06897986124741405
