objID,ra,dec
113050051860439015,5.1860781231222965,4.215461163345163
