objID,ra,dec
106820056163101676,5.616397654505297,-0.9823550424849157
