objID,ra,dec
99360058596177846,5.8596856782883675,-7.193789867022598
