objID,ra,dec
111730053374208921,5.3375042897535865,3.115392186372062
