objID,ra,dec
111450051968967674,5.196881868263778,2.8810568893814854
