objID,ra,dec
113230057168597809,5.716852418074106,4.364438635907299
