objID,ra,dec
109360052856096741,5.285504847759082,1.1385252164863655
