objID,ra,dec
109150057443894003,5.744403993230297,0.9612779025401568
