objID,ra,dec
112650056809494877,5.681004351936572,3.8785554546881666
