objID,ra,dec
108810058195412861,5.819515252433021,0.6769697633156039
