objID,ra,dec
112870054136583955,5.413676823549374,4.061200945001022
