objID,ra,dec
106940053923294980,5.392293543839713,-0.8797561327502347
