objID,ra,dec
108580055619164579,5.561945376657425,0.48676116840933426
