objID,ra,dec
105250055580218697,5.5580512454703435,-2.2848237126869653
