objID,ra,dec
105880054818104072,5.48182063132799,-1.7635591409000382
