objID,ra,dec
107440054566560006,5.456676971007062,-0.4670321200822363
