objID,ra,dec
104930057409398671,5.740977214258729,-2.551505095384627
