objID,ra,dec
113320051037556926,5.103709082287791,4.438724497154683
