objID,ra,dec
109580057247842189,5.72478210350451,1.3183463800274138
109580057247612524,5.724775514999836,1.3183476485592478
