objID,ra,dec
110670059386639074,5.938669651900225,2.232147843822699
