objID,ra,dec
105430055629670804,5.56295623516903,-2.1414059319428325
