objID,ra,dec
111880054572675798,5.457243168811597,3.2377796857212706
