objID,ra,dec
104560055415821712,5.5415802816373745,-2.865602447104103
