objID,ra,dec
96850057807660676,5.780866126669361,-9.29137187380291
