objID,ra,dec
111710058927951830,5.892870710397809,3.0927915811782016
