objID,ra,dec
114170055246085077,5.524734544597113,5.145476451611416
