objID,ra,dec
109520057738839273,5.773888831987535,1.2740208464668383
