objID,ra,dec
108720051886706603,5.188628084760229,0.6053323101113534
