objID,ra,dec
113080059680938360,5.968154271266854,4.239901937377203
