objID,ra,dec
106700057942319256,5.79423555813277,-1.0760003863599878
