objID,ra,dec
110550053467131999,5.34677244,2.12627155
