objID,ra,dec
111050057556803691,5.75566521957347,2.5443684627450227
