objID,ra,dec
95300052717327729,5.271769568624302,-10.577233464906746
