objID,ra,dec
107360056713211006,5.671330652400241,-0.5327775024451558
