objID,ra,dec
107000054568273385,5.456900156394716,-0.830858022183662
