objID,ra,dec
95060058582284146,5.858229733663943,-10.780235746120525
