objID,ra,dec
108320056435811493,5.643572593617309,0.26755304768267113
