objID,ra,dec
100400053114363528,5.311484366669955,-6.330660159464936
