objID,ra,dec
112670058230600070,5.82313850850592,3.8912607744807812
