objID,ra,dec
99340058634670616,5.86357102809418,-7.21645586947455
