objID,ra,dec
107140057004370353,5.70044870958938,-0.7167368922296298
