objID,ra,dec
98600051997841646,5.199802009788734,-7.832348866243745
