objID,ra,dec
102340059672860575,5.9674384992428,-4.7165578036479685
