objID,ra,dec
109400057625508367,5.762594548743311,1.1731801550428507
