objID,ra,dec
105060055937534533,5.593761984669745,-2.446561013152679
