objID,ra,dec
113320059010190122,5.901074427406151,4.433023429960357
