objID,ra,dec
107230059824858441,5.98248559,-0.63502406
