objID,ra,dec
98170054472666294,5.447297701712847,-8.186747384082949
