objID,ra,dec
101170050533642533,5.0534253844129635,-5.689881220297261
