objID,ra,dec
105280054334312640,5.4334641919255775,-2.2648454558886013
