objID,ra,dec
107170057316657944,5.731653883756501,-0.685396855124733
