objID,ra,dec
104120059989302222,5.998951623207508,-3.2318520152343657
