objID,ra,dec
112910055159174936,5.51595195,4.0954152
112910055161135243,5.516085910789801,4.095629728906714
