objID,ra,dec
103920057596134077,5.759477524100001,-3.3969871176250255
