objID,ra,dec
107870055314967805,5.53147821,-0.10220489
107870055314678208,5.531493393815631,-0.10197695867143815
