objID,ra,dec
96710055352153632,5.535277456039506,-9.405657482612158
