objID,ra,dec
106550051740526784,5.174167279386332,-1.2029728072494354
