objID,ra,dec
106580056820970422,5.6822394670445835,-1.183268460963102
