objID,ra,dec
108700050063788991,5.006344561052984,0.5904534877775651
