objID,ra,dec
111440051638204911,5.163793394620555,2.870430227379999
