objID,ra,dec
98740051112135846,5.111210392196093,-7.712080493582551
