objID,ra,dec
112400051666435471,5.166655516786516,3.670843707620615
