objID,ra,dec
97170050710830500,5.071109334959709,-9.024895477856372
