objID,ra,dec
111030059399124011,5.939926876418246,2.5279592545222767
111030059397604292,5.93991898,2.52796185
111030059396373896,5.93975724,2.52774042
