objID,ra,dec
107200057334417833,5.733441651399378,-0.66051675438336
