objID,ra,dec
110170052175303686,5.217537026763072,1.810985995063625
