objID,ra,dec
108840052362531537,5.23612803,0.70092574
108840052359731499,5.235994499245615,0.7008764750797531
