objID,ra,dec
105200053476524722,5.347572886168357,-2.3297504895366115
105200053473344681,5.347504255024838,-2.3298011672425503
