objID,ra,dec
109110055736600897,5.573675837318258,0.9253850602167385
