objID,ra,dec
106940059254594134,5.925472049312692,-0.8802421586356548
