objID,ra,dec
104790052576294932,5.257593537698887,-2.6712482446018537
