objID,ra,dec
106490052538024969,5.253840329035777,-1.2544718509428232
