objID,ra,dec
107260055401617887,5.540160047351514,-0.6103121585530447
107260055404058215,5.54039331,-0.6101732
