objID,ra,dec
108010051096018366,5.109605831649559,0.014917536435718595
