objID,ra,dec
107910051267778512,5.126758899476254,-0.06830228238225604
