objID,ra,dec
112390058281282958,5.828074354871064,3.660328923103772
112390058278392710,5.82794109,3.66033514
