objID,ra,dec
109490056025789310,5.6026127803266315,1.2490724961913064
