objID,ra,dec
104390053935901026,5.393725534969716,-3.0077900426883186
