objID,ra,dec
101180052398867576,5.23982062,-5.67734719
101180052396127458,5.239695039349357,-5.6773893694598305
