objID,ra,dec
107200054065526492,5.4065554552425885,-0.661590974983376
