objID,ra,dec
113750055774560700,5.57752973716817,4.791902559692068
