objID,ra,dec
105220058061043462,5.806244991536291,-2.3141260575206686
