objID,ra,dec
103880056666176710,5.666747803392145,-3.428112281376368
