objID,ra,dec
111910054235626242,5.423560013402094,3.263204138252149
