objID,ra,dec
113880051102716414,5.110265512077555,4.904943967549797
