objID,ra,dec
107380056702900295,5.67031705719785,-0.516788270468341
107380056700320526,5.67015479,-0.51658331
