objID,ra,dec
106620051494397893,5.14959424,-1.14388156
106620051495047414,5.149515502012411,-1.1441337356386698
