objID,ra,dec
103240050566135371,5.0566808620243435,-3.9624766137972274
