objID,ra,dec
103910056688784613,5.668831019655763,-3.404882740490647
