objID,ra,dec
112640058951682607,5.894887949406656,3.868355169148327
112640058948012415,5.894866356276755,3.868342805300992
