objID,ra,dec
113650052647384341,5.26478087,4.71156288
113650052647993774,5.264768654602268,4.711168845374691
