objID,ra,dec
108630051929764633,5.192930511672291,0.528521635889236
