objID,ra,dec
106280056060337008,5.6061247334473014,-1.4279419406049818
