objID,ra,dec
102990051080574639,5.10810705,-4.17139665
102990051078374857,5.107913192777756,-4.171307854642535
