objID,ra,dec
94990059333619165,5.933375849857961,-10.834379001403793
