objID,ra,dec
109390051683671202,5.168401811033463,1.158967643018722
