objID,ra,dec
107600050377940069,5.037793775089089,-0.3336696339609749
