objID,ra,dec
112090056689419567,5.669041510023777,3.415849022121431
