objID,ra,dec
108740056141268921,5.614155547595103,0.623641486900723
