objID,ra,dec
110640057668130826,5.766800751803922,2.20032575967034
