objID,ra,dec
112640054815607561,5.481659583679666,3.8726258231675112
