objID,ra,dec
112120055757186496,5.575801036684289,3.438325590618396
112120055754426605,5.57548784,3.438439
