objID,ra,dec
108130053380051423,5.337880429478441,0.1092358312889808
108130053379001771,5.337875049420494,0.10925290889992739
