objID,ra,dec
107860053514562180,5.35147051841896,-0.11522995198720674
