objID,ra,dec
107450051139260402,5.113904094092248,-0.4583819403922284
107450051136780566,5.11383921,-0.45832254
