objID,ra,dec
102200059154176440,5.915473895318547,-4.828386034761856
