objID,ra,dec
108110054032379611,5.40329348498546,0.0992836836541151
108110054035179849,5.40344367,0.09946259
