objID,ra,dec
107760051209996232,5.120969540047737,-0.195226448102764
