objID,ra,dec
112050052292509910,5.2292893034705346,3.3828585683123835
