objID,ra,dec
98590054995279320,5.499606887283425,-7.834283518470582
