objID,ra,dec
109240053937763300,5.393754583762111,1.0356738901091131
