objID,ra,dec
108020059269027823,5.9269700957394535,0.022769019357704968
