objID,ra,dec
101120056875766773,5.687652001055318,-5.728007285657025
