objID,ra,dec
105750057439205991,5.743952995393099,-1.8702703900433333
