objID,ra,dec
113900052456403465,5.2458473887442905,4.919088794803355
113900052459243124,5.245841366111581,4.919052674756381
