objID,ra,dec
98460059206631114,5.920707696997618,-7.9494394486069
