objID,ra,dec
102320050269551980,5.027003178030438,-4.732050201523303
