objID,ra,dec
98710056609513290,5.661038437491369,-7.739142507900161
98710056611803602,5.66117699,-7.73899841
