objID,ra,dec
103350051112598243,5.111257490158825,-3.8685801022832735
