objID,ra,dec
107320053123272151,5.31232199808694,-0.5652371305534701
