objID,ra,dec
109470057657805377,5.76584636,1.22907354
109470057660315134,5.7660209766541675,1.2288806088475297
