objID,ra,dec
109460055352260541,5.53525542924588,1.2166942079525758
