objID,ra,dec
108360050144503940,5.014468213115031,0.30286958220360594
