objID,ra,dec
104540056002794723,5.600289784308362,-2.879718220512908
