objID,ra,dec
95960053102405427,5.310260170964279,-10.029173155627962
