objID,ra,dec
108130053286348544,5.328675172255032,0.11507175675058805
