objID,ra,dec
109660059305485272,5.930585998713935,1.387326510746883
