objID,ra,dec
108920052202264800,5.22021533,0.77030353
108920052201765140,5.220174150550555,0.7705215402846766
