objID,ra,dec
111900052155193207,5.215567355546617,3.252311409266522
