objID,ra,dec
111850052103483827,5.210513118412333,3.211082588919862
111850052106723832,5.210602495880202,3.2110914885861535
