objID,ra,dec
102470052626385898,5.262678184332698,-4.603749606786616
