objID,ra,dec
106940054265719762,5.4266172896893865,-0.8755510077434592
