objID,ra,dec
102350052810748123,5.281088681330129,-4.70192218532348
