objID,ra,dec
104570051186981037,5.118728106405405,-2.8578485660883772
