objID,ra,dec
113450058703488929,5.870352833171351,4.548739873884948
