objID,ra,dec
110070055188741442,5.51889282815639,1.7258237566581598
