objID,ra,dec
111920053362828086,5.336272074576422,3.2730321096091237
