objID,ra,dec
111680059692547511,5.969254892927215,3.0725246671017103
