objID,ra,dec
111240051459333821,5.146068157894244,2.702865093503849
111240051461754052,5.146160903606952,2.7029213835378965
