objID,ra,dec
98430057866809882,5.786720659067894,-7.967102131768307
