objID,ra,dec
107830050853156389,5.08521016016013,-0.13675335371697425
