objID,ra,dec
111990050978809273,5.097956118552357,3.3322868273025077
