objID,ra,dec
106520055249249254,5.5249559479417405,-1.2259082868097237
