objID,ra,dec
108390057411520332,5.741153782749743,0.3249584160342637
