objID,ra,dec
106420052407408199,5.240782555138138,-1.3101315892018959
