objID,ra,dec
104640059838056645,5.983808688860422,-2.794816640769245
104640059837536288,5.9837483,-2.79509683
