objID,ra,dec
105190053353544208,5.335367026979737,-2.3384253128491306
105190053352194556,5.3353726828484485,-2.3384153985063056
