objID,ra,dec
107310057198616314,5.7198684817981125,-0.570079433971713
