objID,ra,dec
103700051926896819,5.192722839625154,-3.57800946166883
