objID,ra,dec
103150054041233890,5.404111351040683,-4.038791196312186
