objID,ra,dec
111500050436878683,5.04366425463851,2.9236383070410015
111500050436239090,5.0435847998064665,2.9237105486178505
111500050433418830,5.04340657,2.92361899
