objID,ra,dec
109280050276064446,5.027608771617874,1.0700095004223653
