objID,ra,dec
108420051575160053,5.157527407606639,0.3496521981469774
