objID,ra,dec
108130054482803659,5.448337433146255,0.11099121006799517
