objID,ra,dec
106860058716735714,5.871908826327441,-0.945433261201415
106860058719136008,5.87201455769121,-0.9453178527751468
