objID,ra,dec
108360051207711326,5.120828165665323,0.30073636384668784
