objID,ra,dec
107000053475329436,5.3475498157816554,-0.8258018183888935
