objID,ra,dec
102260052847536910,5.284801862228487,-4.7779201884795715
