objID,ra,dec
109190053599966915,5.359993226906052,0.9970455894774891
