objID,ra,dec
108110051224805176,5.12251414693801,0.09557857491723018
