objID,ra,dec
102770057865388087,5.786612599720472,-4.351875184428914
