objID,ra,dec
108260051391264783,5.139181897371907,0.22026755387562522
