objID,ra,dec
107240059110320043,5.91103848,-0.63367273
107240059105710126,5.91068156458423,-0.6335348765422973
