objID,ra,dec
108990057245329934,5.724571565740655,0.8328559842938829
