objID,ra,dec
108090050531837280,5.053191993732832,0.08068412460471956
