objID,ra,dec
104270058604159249,5.860552879845604,-3.1009821437546834
104270058606929286,5.860677802077811,-3.1009768633347314
104270058607069680,5.8607479,-3.10077739
