objID,ra,dec
107270055810923839,5.581112758612469,-0.6054326116239568
