objID,ra,dec
103760053879164536,5.387927281030861,-3.5299435294867316
