objID,ra,dec
109260057313918155,5.731405632326488,1.0563985223396186
