objID,ra,dec
113620057595136485,5.75932265,4.68838526
113620057592036668,5.75921077,4.68852868
