objID,ra,dec
108680054386683780,5.438724147938679,0.5695232667441149
