objID,ra,dec
108560059773805725,5.977461296556604,0.47106690929997896
