objID,ra,dec
109090055334123827,5.533420579205358,0.9111956219795248
