objID,ra,dec
106300058009273291,5.800964834798452,-1.4140922439789485
