objID,ra,dec
104340058312298299,5.831319133921531,-3.0434325141292295
