objID,ra,dec
110620051360711721,5.136121165176678,2.1843749959010563
