objID,ra,dec
104950051963837128,5.196302896026942,-2.5361394989898223
