objID,ra,dec
107480059245213671,5.924584391499918,-0.4306167847655987
