objID,ra,dec
107970057460535355,5.74617577,-0.02089604
107970057463265571,5.746347200209152,-0.020704990253142493
