objID,ra,dec
113790050186241053,5.01879005787849,4.825458671386607
113790050189040817,5.018816590720518,4.825386224953501
