objID,ra,dec
105690051758884054,5.175886751057998,-1.9220200867703034
