objID,ra,dec
105900050998354226,5.099781512451824,-1.7468320472292285
