objID,ra,dec
108430058787106276,5.878661381781972,0.3632175924718261
