objID,ra,dec
107610055114926599,5.51146620556863,-0.3198978213288573
