objID,ra,dec
101300057346026466,5.734588126888436,-5.578268982899186
