objID,ra,dec
111130054660808287,5.466174801183574,2.6149083942236535
