objID,ra,dec
113300051626948750,5.162735581971598,4.423641508852928
113300051627319104,5.1627577781401035,4.42382835204974
