objID,ra,dec
102870051651698783,5.165248540943258,-4.2679673820149056
