objID,ra,dec
105450054860144903,5.485991402018423,-2.121299049247093
