objID,ra,dec
106150053032274579,5.303288466913847,-1.5382322243689859
