objID,ra,dec
96680059133610330,5.913434114685202,-9.433381966187389
