objID,ra,dec
103030056736316654,5.673660695052131,-4.13655064294806
