objID,ra,dec
98320051347378963,5.13476196729708,-8.059525425157428
