objID,ra,dec
107480054272314223,5.42725469,-0.43016728
