objID,ra,dec
105660053826028514,5.382626785225678,-1.9432220728562757
