objID,ra,dec
106160056795034850,5.679518463883033,-1.529640496073719
