objID,ra,dec
100710055174351975,5.517469475706478,-6.073712240893464
100710055175101638,5.51751318,-6.07397064
