objID,ra,dec
106250050444954589,5.044531886731622,-1.4548439035961775
