objID,ra,dec
111760058347106780,5.834687509685452,3.138559978154532
111760058345187026,5.83456300734656,3.13875078402823
