objID,ra,dec
104240057203918892,5.720516404515924,-3.1263037989280424
