objID,ra,dec
106750051674169816,5.167411882885068,-1.0338327380914476
