objID,ra,dec
108770057759094344,5.775946088886498,0.6448674224698031
