objID,ra,dec
102760057028690323,5.70299484738203,-4.366679013680086
