objID,ra,dec
103890057968178002,5.7968453265361255,-3.418744007708284
