objID,ra,dec
103640055297132079,5.529726005070477,-3.631949777176784
