objID,ra,dec
102130051393996033,5.139342978288776,-4.886865105029973
102130051391936258,5.139326493589557,-4.886886151981625
