objID,ra,dec
102370051102046535,5.110124422788368,-4.6866072554562095
