objID,ra,dec
109910055930604550,5.593054235932157,1.5951100282757253
