objID,ra,dec
106950053560615959,5.356062680483446,-0.8702115077003976
106950053559006444,5.355997768608068,-0.8701366623867111
