objID,ra,dec
109490051798767966,5.179850364672005,1.247873051635161
