objID,ra,dec
111050054481039281,5.448186,2.54900869
111050054477449110,5.44786228,2.54890388
