objID,ra,dec
95550050353591806,5.035434917640866,-10.373816433694921
