objID,ra,dec
108190059719469668,5.971965897143088,0.16601236534023764
