objID,ra,dec
109350056753548555,5.675359646204881,1.131717518384394
