objID,ra,dec
100410053436797095,5.34346018,-6.31957427
100410053434036927,5.343462080128398,-6.319567264030509
