objID,ra,dec
106770052683462327,5.268342310712134,-1.0233709472714991
