objID,ra,dec
111120059663842611,5.966405540854272,2.6017731701818185
111120059661552324,5.96623873,2.60152496
