objID,ra,dec
112160052429116442,5.243076261603963,3.471655276861725
112160052431796551,5.243145060294227,3.471736898348874
