objID,ra,dec
108570059719191444,5.971910845892483,0.4758091846210885
