objID,ra,dec
107840051082403630,5.10809622162075,-0.13069083781923757
107840051082563980,5.108207150731371,-0.1304781083737091
