objID,ra,dec
112910058908122920,5.8908441850123845,4.093708946318266
