objID,ra,dec
107550058145264197,5.814616959852656,-0.37189922485846594
