objID,ra,dec
113330053455318697,5.345531574354874,4.448545024897538
