objID,ra,dec
107980054089817178,5.40901637,-0.01107354
