objID,ra,dec
98140056833485568,5.683413921314749,-8.212416818889348
