objID,ra,dec
100040054613009540,5.4613035151245555,-6.6257192104449665
