objID,ra,dec
111490057682554890,5.768311158069277,2.912038247956398
