objID,ra,dec
112430055735263968,5.57374365,3.69476198
112430055736784555,5.5737262046313205,3.694882538449221
