objID,ra,dec
95300057821875044,5.782234380905133,-10.579466544505564
