objID,ra,dec
109400053974749580,5.39752329,1.17428094
