objID,ra,dec
110550059272147854,5.927245958555864,2.131207489581735
