objID,ra,dec
107540053924837340,5.392474118286119,-0.37756949091443914
