objID,ra,dec
102450059057690691,5.905850992568324,-4.624810684432781
