objID,ra,dec
113480051483323885,5.148354302923105,4.569510458888687
