objID,ra,dec
108250055248876779,5.524907094360542,0.21361820987051894
