objID,ra,dec
111210052203118628,5.220343212549142,2.681771796224517
