objID,ra,dec
107020055738751061,5.573897829440195,-0.8161195792087528
