objID,ra,dec
109970058389966356,5.839044709240088,1.646609240436384
