objID,ra,dec
113850052468921893,5.247022754653926,4.876183772192983
113850052472361832,5.247161195506659,4.876227570422047
