objID,ra,dec
103680052513911196,5.251392023321804,-3.599348209923753
