objID,ra,dec
108710057115804168,5.711599248391779,0.5947275450164219
