objID,ra,dec
106980050005245572,5.000508815355649,-0.8457306155735781
