objID,ra,dec
109150055267450226,5.526768844695345,0.9581346733501906
