objID,ra,dec
110330050211092919,5.021120766122785,1.9436982423998783
