objID,ra,dec
106360059349384126,5.934993014928804,-1.3636408543846417
