objID,ra,dec
104460050232716902,5.023335851189348,-2.9445366533237323
104460050235436972,5.02333663,-2.94456603
