objID,ra,dec
107640059552261041,5.955249111073477,-0.2994935969258341
