objID,ra,dec
112590052376048347,5.237649530941924,3.831578417699866
