objID,ra,dec
99330051961267486,5.196134781066004,-7.21907942751349
