objID,ra,dec
108230056634131883,5.663415441006705,0.19289167625844417
