objID,ra,dec
106810059410533073,5.9410750480307835,-0.9894638386869232
