objID,ra,dec
103730053490705479,5.349047480011182,-3.5541473620668116
