objID,ra,dec
104680050445241034,5.044594716274812,-2.7661166736424483
