objID,ra,dec
110440051794569307,5.179483139307452,2.0406899901014803
110440051792309112,5.1793118,2.04056267
