objID,ra,dec
112300058058446824,5.805976514846345,3.5886951345339995
112300058058037161,5.80578988,3.58887869
