objID,ra,dec
107650055881039205,5.588114635349767,-0.2844359185529085
