objID,ra,dec
109970051331562914,5.133187941245801,1.643717727114534
