objID,ra,dec
108510057000130514,5.699953284258327,0.42506288189224284
