objID,ra,dec
106980054232692736,5.423313041061094,-0.8480674048208635
