objID,ra,dec
112290053545000093,5.3544868588859025,3.5746813770564065
