objID,ra,dec
113430055618648141,5.561858240088345,4.531389289887912
