objID,ra,dec
98280050932172563,5.093182079298826,-8.09818617595849
