objID,ra,dec
107850058939463200,5.893904711544539,-0.12270972089270578
