objID,ra,dec
100090050387315288,5.038764813332568,-6.587619620820263
