objID,ra,dec
102970053675037662,5.367393689174534,-4.185428654731532
102970053673638091,5.3673886891538025,-4.185414286461655
