objID,ra,dec
100960059529216168,5.952974251007204,-5.861892208510782
