objID,ra,dec
111220054730790668,5.473155747721835,2.6834501726994473
