objID,ra,dec
111110057334548669,5.733518101529781,2.598583589279622
