objID,ra,dec
106080059527106546,5.952714755323704,-1.5947961414343623
