objID,ra,dec
102180056835856526,5.683556300132931,-4.844920524761437
