objID,ra,dec
104040050449900853,5.045021808378582,-3.299490574173869
