objID,ra,dec
109790057030220527,5.7031397311026195,1.491610165550782
