objID,ra,dec
113250050890587993,5.089062886149018,4.381273119121849
