objID,ra,dec
107490054587795344,5.458801929781328,-0.42090639322229634
