objID,ra,dec
109110055070706783,5.507072889314249,0.9302638313124169
