objID,ra,dec
99810059194664660,5.91958074,-6.82135993
99810059194585022,5.919504096915637,-6.821178046976484
