objID,ra,dec
112890057346267193,5.73465342,4.08042848
112890057347906876,5.734821613085935,4.080333784553961
112890057350916953,5.73505706,4.08045325
