objID,ra,dec
102170055830397648,5.58309375929669,-4.85234556884761
