objID,ra,dec
113010059577317515,5.95776089042283,4.18092240681001
