objID,ra,dec
98260051236595512,5.123727859069669,-8.112401636767604
