objID,ra,dec
112510059130192661,5.9130784032700445,3.7602708817959347
