objID,ra,dec
108630057969056337,5.7969072341721,0.5298880031151769
