objID,ra,dec
110310051556419527,5.155678322655799,1.9325432739390807
110310051553579145,5.1555021,1.93232538
