objID,ra,dec
104310051954383801,5.19541168276322,-3.0721073907222824
