objID,ra,dec
94560057094529209,5.70952114183152,-11.192642307654378
