objID,ra,dec
107880058667601406,5.86686493853774,-0.09929409102430978
