objID,ra,dec
107710053716930007,5.37169741704655,-0.24204106379352466
