objID,ra,dec
108060057328975190,5.732911325020043,0.05396642817973383
