objID,ra,dec
106040053140663368,5.314060481031945,-1.6308890486850347
