objID,ra,dec
105050055646503080,5.5646826571275945,-2.4561433967298347
