objID,ra,dec
110080052010097387,5.2010868328366735,1.7391345005898122
