objID,ra,dec
110700053680704388,5.36813215324814,2.253260052889389
