objID,ra,dec
106540053366139196,5.336644885311808,-1.2093173884744672
