objID,ra,dec
109500056892016441,5.689308336439618,1.255014478130561
109500056894696646,5.6894016649357235,1.2552399016819582
