objID,ra,dec
106320056053264843,5.605367584273906,-1.3963168246089388
