objID,ra,dec
108390053068617451,5.306644368373446,0.3309288639178414
108390053064657787,5.306506212355564,0.3310503285992174
