objID,ra,dec
110340050150414099,5.015088752242281,1.953077403679675
