objID,ra,dec
105550054520805421,5.452170892887844,-2.0376836725538863
