objID,ra,dec
100510050725768134,5.072625161732822,-6.235238840092921
