objID,ra,dec
111550050389827437,5.039079001443275,2.9641504138840022
