objID,ra,dec
109190052569441609,5.257088263648288,0.9924957443656127
109190052570561271,5.257101657303315,0.9924684665458763
109190052572581541,5.257113189237165,0.9925206143436881
