objID,ra,dec
113450052162469764,5.216275721384569,4.549438589817134
