objID,ra,dec
111380058280721204,5.828012983525972,2.817333986090586
111380058278111055,5.8279836426804215,2.8173470249893797
