objID,ra,dec
108500057589083796,5.7589199189038025,0.4194894678529298
