objID,ra,dec
106970054322345177,5.432288873122715,-0.854342916083691
