objID,ra,dec
106950051937288202,5.193738543925591,-0.8685176213411986
