objID,ra,dec
112790052737624843,5.273785529184615,3.9951848193428674
