objID,ra,dec
107900059669049331,5.966907666510542,-0.07590253281922023
