objID,ra,dec
110640055504752858,5.55053594508195,2.202051299421154
