objID,ra,dec
113170056057913368,5.605786983409304,4.310755728893316
