objID,ra,dec
105610053304994996,5.330607054115294,-1.9879236445681623
105610053307905175,5.33069175,-1.98786511
