objID,ra,dec
102640057630970420,5.763115503019135,-4.466646250153668
