objID,ra,dec
107690054222314885,5.422296354575153,-0.2547276300096522
