objID,ra,dec
104980054442031800,5.444227263559068,-2.5154977592146124
