objID,ra,dec
101430059370599404,5.937231641768763,-5.467533026993399
