objID,ra,dec
111180054381361164,5.43808827,2.65058136
