objID,ra,dec
106700055888654571,5.588897868149645,-1.0799294324189501
