objID,ra,dec
102340050175722528,5.017577860986753,-4.7149155867912524
