objID,ra,dec
104010059643654257,5.964398562948609,-3.3218540468872173
