objID,ra,dec
106690056122293658,5.612238213341134,-1.088926908217726
