objID,ra,dec
106480059042486793,5.9042555237366185,-1.2613819462606695
