objID,ra,dec
106470056048029714,5.604841522782699,-1.267257898031944
