objID,ra,dec
96460059687732065,5.968816887214635,-9.61529326941117
