objID,ra,dec
108330056588862445,5.658867883727913,0.27669549786416864
