objID,ra,dec
108640058431310793,5.843124922196256,0.5335932676577894
