objID,ra,dec
96320055656826011,5.565708818197429,-9.728714187780659
