objID,ra,dec
107560051400355499,5.139993233039772,-0.3624821216183591
