objID,ra,dec
103090058677806951,5.86785543116699,-4.086282423642366
