objID,ra,dec
113540051108001130,5.110865314139461,4.6172777415898825
