objID,ra,dec
114200058995471174,5.899632094272721,5.1673660573747
