objID,ra,dec
107020055434594862,5.5435086999421115,-0.81306135928994
