objID,ra,dec
98790052253430695,5.225339844076416,-7.674778038547172
