objID,ra,dec
107130050970338748,5.09701756079031,-0.7180910068387493
