objID,ra,dec
106590051508107708,5.150834547411074,-1.1689186641750275
