objID,ra,dec
102350054621576714,5.462196292252419,-4.7030707749527325
