objID,ra,dec
111840052984136927,5.298420058945436,3.2053749163449186
