objID,ra,dec
106870050482426349,5.048267402803175,-0.9368840021447367
