objID,ra,dec
104050051838661941,5.183838654197614,-3.2904537993924903
