objID,ra,dec
111410055120654716,5.512202754057324,2.8450996112920945
