objID,ra,dec
104120051027799734,5.102759512332367,-3.2255696635330517
