objID,ra,dec
101820057186130026,5.718578512070071,-5.150304322327689
