objID,ra,dec
105790058188907351,5.818927147285815,-1.8359263882742782
