objID,ra,dec
105230053785448723,5.378380912187066,-2.3013724515541347
