objID,ra,dec
96960059782134692,5.97827757764291,-9.196467727340965
