objID,ra,dec
105260052868260402,5.2867608408947,-2.2833347795431598
105260052868160784,5.286746509839536,-2.283233813736775
