objID,ra,dec
108780053841846695,5.384094350707617,0.6551584910433715
108780053839086569,5.384006389337586,0.6551535553215435
