objID,ra,dec
112020050851435207,5.085187392642588,3.3538649964961533
112020050853524938,5.085297361054545,3.353804021278258
