objID,ra,dec
108780055710168418,5.571066148135007,0.6566203813998568
