objID,ra,dec
113370051655175155,5.165602158457709,4.478930438435284
