objID,ra,dec
107650056912131936,5.691227174040071,-0.29042704772341266
