objID,ra,dec
104240059773173802,5.977435332671193,-3.1305053409059007
