objID,ra,dec
106870059463489182,5.94637111,-0.93442301
106870059462048856,5.9463149548039755,-0.9346281292171634
