objID,ra,dec
111180051477173165,5.147811388367867,2.6523025283803245
