objID,ra,dec
108100058672636121,5.86733266401235,0.08801245444910896
