objID,ra,dec
104520055540031982,5.554103784544931,-2.8989814483142613
104520055539291612,5.554078724207923,-2.89900972116049
