objID,ra,dec
99150056668604560,5.666935779737687,-7.371542818902183
