objID,ra,dec
113280058129560406,5.812923373488185,4.3998508373253555
