objID,ra,dec
95590058448850442,5.844958988580586,-10.341644146091348
