objID,ra,dec
106960059847426179,5.984748902548611,-0.8618621339081509
