objID,ra,dec
107280053928714032,5.392899021352806,-0.5969514994790719
