objID,ra,dec
113800056525697483,5.65261981,4.83917449
113800056527917699,5.652771332841589,4.8393616569540105
