objID,ra,dec
107700057615360988,5.761567615967479,-0.24953949187907984
