objID,ra,dec
111440054405403528,5.4404023129372945,2.869147663541586
111440054402063466,5.440270109312922,2.869107885844171
