objID,ra,dec
107110052399941138,5.239970124870661,-0.7410016863320416
