objID,ra,dec
104250057788893377,5.77891094,-3.12252788
104250057785463244,5.778612494126563,-3.122510158918676
