objID,ra,dec
106150057835713216,5.783704077826863,-1.5392897869016084
106150057838263575,5.783702008255562,-1.5392483321877075
