objID,ra,dec
111870052963703025,5.2963841985343025,3.2271319352431784
