objID,ra,dec
101830052835031896,5.283619067600854,-5.140512618113228
