objID,ra,dec
110280057081032660,5.708122581402104,1.9017799890675426
