objID,ra,dec
108750058157952354,5.815772855591056,0.626635869806684
