objID,ra,dec
107900052041827393,5.204194806554889,-0.07755209049675822
