objID,ra,dec
107690055453503883,5.54537740001589,-0.2555101544039029
