objID,ra,dec
106560058265635609,5.826574747125291,-1.1957472240180742
