objID,ra,dec
107000056873367966,5.687371686402976,-0.8270562364562476
