objID,ra,dec
102850053968698733,5.39681462227924,-4.28480025881197
