objID,ra,dec
109320059227387391,5.922765001823027,1.1057803139051494
