objID,ra,dec
105600050465520946,5.046625506699561,-1.9995349871137666
