objID,ra,dec
102910053144006056,5.314429710556335,-4.23703581173735
