objID,ra,dec
106880056810225791,5.681032362792582,-0.928873033630301
