objID,ra,dec
113430057752120103,5.7751987318985725,4.524692794244274
