objID,ra,dec
100120056026135184,5.602638181442397,-6.562714233237265
