objID,ra,dec
106130057763267014,5.776386997398582,-1.5528655768786823
