objID,ra,dec
113130058268101161,5.826850305499194,4.275589814178191
