objID,ra,dec
103660052051164565,5.205144537536907,-3.6132289153497306
