objID,ra,dec
113460057593080106,5.759265924056138,4.5497116354439555
