objID,ra,dec
107390058708034562,5.87080756,-0.50493293
107390058705834343,5.870688132263319,-0.5049941843531904
