objID,ra,dec
107480058943988979,5.894385192064814,-0.42618978396492174
