objID,ra,dec
105200057306150628,5.730658439427518,-2.3332674593373772
