objID,ra,dec
98690055327452508,5.5328176366529815,-7.756611270088967
