objID,ra,dec
104900055714079461,5.571428234277248,-2.575827219480114
