objID,ra,dec
109360056892779114,5.689295206255912,1.1404817254702475
