objID,ra,dec
106510057726178004,5.7726113236719785,-1.2353705878096237
