objID,ra,dec
113160057441055858,5.744076012880478,4.30457940554665
113160057440286188,5.743974650928391,4.304620634398311
