objID,ra,dec
105770053725828129,5.372582587605962,-1.8520585491591395
105770053726317800,5.372654363049674,-1.8521213742044913
