objID,ra,dec
106560059714174870,5.971258080773069,-1.1962641577113913
