objID,ra,dec
107880059704942398,5.97050122724971,-0.09837732223385826
