objID,ra,dec
104610050825490971,5.0825871,-2.82455535
104610050822710933,5.0823406978571795,-2.8246324455544456
