objID,ra,dec
105770052311174924,5.23095506,-1.85449463
105770052308204812,5.230900950692182,-1.854740913608506
