objID,ra,dec
98560054313275856,5.431385966819949,-7.862147316815715
