objID,ra,dec
105760056226066827,5.622631217738408,-1.8613492981187387
