objID,ra,dec
95710050977470553,5.097818430861498,-10.241518255716505
