objID,ra,dec
101970059952952130,5.995340148726546,-5.023578718447246
