objID,ra,dec
99260050639186605,5.063951553084985,-7.278161094970506
