objID,ra,dec
110800050082057721,5.00827047810712,2.3393178993381953
