objID,ra,dec
108800055328838121,5.53293312199832,0.6730910349724148
108800055326078386,5.532643855185081,0.6732497217224203
