objID,ra,dec
111640059967497410,5.99666897,3.03904519
