objID,ra,dec
112370055324950975,5.532559156719222,3.6421801499912947
112370055327971193,5.53270128,3.6422554
