objID,ra,dec
106820056210188775,5.621038459580805,-0.9763982949020793
