objID,ra,dec
106690052104506582,5.2104719356700935,-1.0864960462974684
