objID,ra,dec
114360052167963556,5.21689775299773,5.30251960217755
