objID,ra,dec
110020054822232947,5.482251803487495,1.6853806408564898
