objID,ra,dec
109450054050899731,5.405118889558185,1.2160852580585668
