objID,ra,dec
108390059239553349,5.923989709039195,0.32743288419436034
