objID,ra,dec
108110050124733251,5.012492881565181,0.09398979130917583
