objID,ra,dec
107830059441816113,5.944218727285117,-0.1369887734406176
