objID,ra,dec
108480056797852238,5.679799931127614,0.40149009655489365
