objID,ra,dec
112620056348520205,5.6348358500811155,3.8497833139495583
