objID,ra,dec
106510050904108522,5.090404376554678,-1.2349851223028778
