objID,ra,dec
106340051955988931,5.195599791424626,-1.3762178808380423
