objID,ra,dec
112820056530421262,5.653075284632738,4.017291992436415
112820056532540897,5.65329048,4.01713668
