objID,ra,dec
104870057442068407,5.744180907751488,-2.6017403226136113
