objID,ra,dec
112260058981795132,5.898181572802152,3.5538871655646043
