objID,ra,dec
108060055933620565,5.59338599,0.0500919
