objID,ra,dec
113470057740202257,5.774001725180249,4.559805672813612
