objID,ra,dec
112440056044212363,5.604480754006788,3.7015768025176947
112440056048172182,5.60484438,3.70144324
