objID,ra,dec
105850054906411993,5.490732331293421,-1.7902980753451825
