objID,ra,dec
107940050930030573,5.092992760129429,-0.049922828388316624
