objID,ra,dec
108570055448937598,5.544985549215122,0.48093183939818307
