objID,ra,dec
106040055885699048,5.588584414810551,-1.6261607612035411
