objID,ra,dec
113470055042810105,5.504267236455533,4.5581006645710795
