objID,ra,dec
110130052942649152,5.294297549092279,1.7822239773068314
