objID,ra,dec
104050053970697325,5.39711686,-3.28592902
104050053969586943,5.39699398,-3.28624172
