objID,ra,dec
109480059357729772,5.935814973878504,1.2411267091781604
