objID,ra,dec
107300058706428960,5.870660637994041,-0.5761830844081456
107300058703999141,5.870450316482348,-0.5761008960902868
