objID,ra,dec
104060055958793435,5.59591037,-3.28081185
