objID,ra,dec
102210054039007129,5.403903085407967,-4.819447264205872
