objID,ra,dec
102620053660166566,5.365913666997141,-4.478185925203995
102620053657046590,5.36573855,-4.47819372
