objID,ra,dec
109050054574253330,5.457394606843108,0.8773868746417969
