objID,ra,dec
109180054548162271,5.45482979178678,0.9848585930474544
