objID,ra,dec
106440054506980685,5.450808074776617,-1.2998462118002776
