objID,ra,dec
109420058169063007,5.816935385850284,1.1854224191658318
