objID,ra,dec
106420057980757518,5.79807527,-1.31074826
