objID,ra,dec
102490059795856561,5.979616223921326,-4.586580074245638
