objID,ra,dec
107310051352754734,5.135271798112483,-0.5714167050661546
