objID,ra,dec
102140059699501447,5.970013696723124,-4.882547984518772
