objID,ra,dec
111340058077832177,5.807787261185192,2.7848132420820146
