objID,ra,dec
111320054787295393,5.478817695370616,2.7706989341454804
