objID,ra,dec
105080050539553827,5.054017843430341,-2.4305391868914685
