objID,ra,dec
109450051186693126,5.118726043347374,1.2105164732111302
