objID,ra,dec
109470058552221309,5.855232034395161,1.2257011917094842
