objID,ra,dec
108340057219490334,5.721952447615733,0.2832533612930596
