objID,ra,dec
113680057165818624,5.716577410898562,4.740130496591479
