objID,ra,dec
105130059308191484,5.930818271559755,-2.3907806754830143
