objID,ra,dec
103020058403560068,5.840342701894921,-4.15042719575515
