objID,ra,dec
108930059148049970,5.9148778545754395,0.7829242250279086
