objID,ra,dec
113660058798489225,5.87987068,4.72407384
