objID,ra,dec
106600051161759215,5.11620873,-1.15934804
106600051162608873,5.11626739,-1.15958653
