objID,ra,dec
108400051565308814,5.15649599,0.34030015
108400051563999114,5.156414700599946,0.34049896736311364
