objID,ra,dec
107360059745280174,5.974453295335369,-0.5335676981001721
