objID,ra,dec
108710050383474418,5.038325764351114,0.5950077113494133
