objID,ra,dec
94900054577912170,5.457848721793307,-10.915174394705309
