objID,ra,dec
110060055397621954,5.539698961357583,1.717911800053966
