objID,ra,dec
108440058278002176,5.827751631470346,0.36816514566729497
