objID,ra,dec
106510056699453032,5.66995974,-1.23950997
