objID,ra,dec
101370053364448683,5.3364319853836495,-5.518093804318632
