objID,ra,dec
104060054270627980,5.427138688362898,-3.277106423906982
