objID,ra,dec
100920053804329358,5.380398264428411,-5.892551064215468
