objID,ra,dec
112790050231695996,5.023228127236857,3.996298816043936
