objID,ra,dec
109200055726589404,5.5727010796314405,1.0074834816856655
