objID,ra,dec
106810055886600836,5.58876585,-0.99123569
