objID,ra,dec
96590058974333010,5.897516572303231,-9.506161274619236
