objID,ra,dec
112040057614722172,5.76148792848829,3.368147021877649
