objID,ra,dec
104350053952052342,5.395239978166103,-3.040047086129699
