objID,ra,dec
108080053921977938,5.392252443062138,0.07291808061418006
108080053919258006,5.39197026,0.07294269
