objID,ra,dec
108120051916136916,5.191660876048185,0.10538515613406939
