objID,ra,dec
108690057705263166,5.770548536389416,0.5771955275937298
108690057703562845,5.77034858,0.57700778
