objID,ra,dec
107490050174303002,5.01745475,-0.42290131
