objID,ra,dec
110710057364365415,5.7364937822,2.2625109504265843
