objID,ra,dec
107050054947540753,5.4947604231125435,-0.7913845865371144
