objID,ra,dec
108270059449246866,5.944971425508698,0.23035732757429817
