objID,ra,dec
106810058586839974,5.858688034606984,-0.9837358171405742
