objID,ra,dec
107850055308693689,5.5309129647804385,-0.12235046821702947
