objID,ra,dec
102390052483764546,5.24836809,-4.67155213
102390052482834888,5.248319614020035,-4.671286321815204
