objID,ra,dec
100420057440647042,5.74405796,-6.31113532
100420057437797068,5.743753524131259,-6.311108177155124
