objID,ra,dec
106940051503511580,5.150248455667118,-0.8825491767267614
106940051502471237,5.150257225697286,-0.8825690608146713
