objID,ra,dec
97040058205362762,5.820590246202788,-9.131352596103833
