objID,ra,dec
100170054625734816,5.462597616889427,-6.52127753183942
