objID,ra,dec
112710053518972345,5.351903758859612,3.92656311455195
