objID,ra,dec
95480056339094137,5.633978644913424,-10.430206410106988
