objID,ra,dec
112560056330838037,5.63308484,3.8063076
112560056329458387,5.633065474460643,3.8065735355121424
