objID,ra,dec
105650055691101003,5.569060320666223,-1.9580232586837507
