objID,ra,dec
107540056958137908,5.6956780828111615,-0.3771025149496141
107540056953947842,5.695480874405978,-0.3771455232580846
