objID,ra,dec
107040058456749505,5.845683475832669,-0.7924556749347924
