objID,ra,dec
107590054698659379,5.469877552237667,-0.33425981011517475
