objID,ra,dec
104380052657197481,5.26550311,-3.01081172
