objID,ra,dec
103000054765310668,5.476636086508737,-4.1664844248268285
