objID,ra,dec
102770058938197155,5.893848071687103,-4.352717295685751
