objID,ra,dec
112950058490921338,5.849110405083111,4.125858803330683
