objID,ra,dec
101360054242067711,5.424158726250925,-5.5272870526436915
