objID,ra,dec
103490058287205822,5.82873045844636,-3.753839958314117
