objID,ra,dec
106830055945008674,5.594511090278014,-0.9680964468122046
