objID,ra,dec
110990054306213224,5.430598272001678,2.493990156727747
