objID,ra,dec
109900056579774541,5.658017644258648,1.586703908309912
