objID,ra,dec
107270058280139901,5.827972301661505,-0.6004177106043697
