objID,ra,dec
107980058117567584,5.811808502022587,-0.010746354817878518
