objID,ra,dec
101360052458491380,5.245883989444704,-5.532520834528921
