objID,ra,dec
106330053025818527,5.302626990157325,-1.3848370135652028
