objID,ra,dec
107100058409240653,5.840929233159433,-0.7498144629141288
