objID,ra,dec
106700055661443604,5.5661803656556295,-1.0807013440492204
