objID,ra,dec
111360050695459549,5.069592236118837,2.8075606808130877
