objID,ra,dec
106530058126773219,5.8126739817888025,-1.2226999762420006
