objID,ra,dec
105300050331208890,5.033119095011065,-2.2429817516269943
