objID,ra,dec
105280056813254088,5.681391080202884,-2.2637664970305056
