objID,ra,dec
104580055299823283,5.530098787725232,-2.847632175439609
