objID,ra,dec
101740052131079551,5.213086826344767,-5.209037778137441
