objID,ra,dec
109490059163361287,5.916305879837726,1.2423336979316248
109490059160591170,5.916263348033934,1.2422992652796316
