objID,ra,dec
96010050428366574,5.042900146086348,-9.98650126114757
