objID,ra,dec
106840056806073602,5.680777175873983,-0.9640222924269755
