objID,ra,dec
99190055505846086,5.550599971529959,-7.33700259701959
