objID,ra,dec
106730058083177057,5.8083670290321185,-1.052752421849445
