objID,ra,dec
103790055915811976,5.591601421354363,-3.5070463243404424
