objID,ra,dec
104660057193227670,5.71926941508289,-2.777250128738161
104660057190207662,5.719113024545359,-2.777206382525918
