objID,ra,dec
111560050838642164,5.0839054277235665,2.96808096368036
