objID,ra,dec
108010050817244378,5.081737005660256,0.011580658145329764
