objID,ra,dec
107810056608111216,5.660836294537396,-0.1576563968463069
