objID,ra,dec
109290051465220616,5.14653669342119,1.0751347222478984
