objID,ra,dec
100300052829073544,5.282922879983374,-6.4140576587352065
