objID,ra,dec
106850058969709883,5.897082340648788,-0.9503406086207231
