objID,ra,dec
98800056220703366,5.622339379085441,-7.664178006926796
