objID,ra,dec
111630055331097489,5.533139891798004,3.030852893310378
