objID,ra,dec
108120056205722016,5.62055716290126,0.10135598201429373
