objID,ra,dec
108810050824041438,5.082422452550599,0.6758341200976291
