objID,ra,dec
108120050377481832,5.037749419790994,0.10114351611957632
