objID,ra,dec
114090058788699623,5.878901233512136,5.08267584762022
