objID,ra,dec
112180056190465797,5.6191337749565,3.487781543061468
