objID,ra,dec
104570058587021767,5.858844282100257,-2.857272862170462
104570058587441386,5.8589241,-2.8573708
104570058590631831,5.858956454486597,-2.857190782897336
