objID,ra,dec
108280056486832935,5.648676836719415,0.23542755507735008
