objID,ra,dec
100700052680543030,5.26809705146325,-6.081107699545294
