objID,ra,dec
108010056798635525,5.679779112694835,0.012563898675944044
