objID,ra,dec
113930056326747527,5.63269587,4.94755915
113930056328087825,5.632773817181343,4.947664339522933
