objID,ra,dec
112080051470042030,5.147072882502625,3.4012866642067436
