objID,ra,dec
111070062664282768,6.266462610854503,2.5601805932448687
111070062667152769,6.2664706134241275,2.560175897664561
