objID,ra,dec
100370067668711613,6.766884813639046,-6.357330128599617
