objID,ra,dec
102710060501550736,6.050173618838971,-4.408092116664057
