objID,ra,dec
98630066401672690,6.640210423464794,-7.806475711836335
