objID,ra,dec
109310062715462219,6.271576516608105,1.0931684574105516
