objID,ra,dec
111370067117588897,6.711808590463091,2.815279922422121
111370067115958542,6.71157044,2.8151479
