objID,ra,dec
96770067026933922,6.702761219385041,-9.355335039003
