objID,ra,dec
109070068222120217,6.821995430711856,0.8913995984884138
