objID,ra,dec
108540066409278403,6.640971631742488,0.45661069145505506
