objID,ra,dec
94920069218905571,6.921902244742984,-10.895689409175779
