objID,ra,dec
99660062678926059,6.267911861310857,-6.945336895641858
