objID,ra,dec
106870060542815265,6.054300114894824,-0.9376282454599931
