objID,ra,dec
108420062766544762,6.276695918528988,0.35358855608783263
