objID,ra,dec
98200066028779005,6.602879556462672,-8.15950496405057
