objID,ra,dec
110670067369249465,6.73692463,2.23251883
