objID,ra,dec
108380062305991626,6.230679496823936,0.3176223913944184
