objID,ra,dec
105950062549696120,6.255007356514019,-1.7036968254221734
105950062547355928,6.25480067,-1.70381875
