objID,ra,dec
109820062739356502,6.2740886272879015,1.5217554655020713
