objID,ra,dec
103100064852825958,6.485275086454463,-4.078787583149821
