objID,ra,dec
104570063352365924,6.335244439105208,-2.853707456144464
