objID,ra,dec
107100063917712534,6.39180604,-0.74826921
107100063919262240,6.3918960353294,-0.7484891779539888
