objID,ra,dec
106200064620679925,6.462119629823062,-1.4921487800866806
