objID,ra,dec
108170060283967037,6.028475347487469,0.1471152412734345
