objID,ra,dec
114020069075481471,6.907575102947184,5.017531811634684
