objID,ra,dec
103930064012549370,6.401217904712895,-3.3841081422866894
103930064010869637,6.4012143771513115,-3.3840801124167226
