objID,ra,dec
114160061439594597,6.14396084,5.13678335
114160061436784459,6.143760653716049,5.136723577672479
