objID,ra,dec
108430065378319358,6.537852139223199,0.36584301185976525
