objID,ra,dec
100920067835970876,6.783628301457329,-5.8996062674573
