objID,ra,dec
108190066466146653,6.646683356549016,0.16342135757490905
