objID,ra,dec
101600060206496171,6.020679641338815,-5.328486900232066
