objID,ra,dec
94740063617034713,6.361666228057381,-11.046196512454557
