objID,ra,dec
106290061745700598,6.17459872516117,-1.4247797447684705
