objID,ra,dec
110460060211772600,6.021156342527815,2.0518111129510483
