objID,ra,dec
94720064030536910,6.403312816338546,-11.061271353544146
