objID,ra,dec
104140066140725216,6.614103354224338,-3.212685694652272
