objID,ra,dec
107130068629873384,6.863023534396406,-0.7225920831481502
