objID,ra,dec
106280063039784693,6.30396249915498,-1.4300068077726389
