objID,ra,dec
103520069786121216,6.978689136694214,-3.7327080430692137
