objID,ra,dec
109400065895508590,6.589583919052081,1.17344110810657
