objID,ra,dec
106930069561004349,6.956050334226744,-0.8882767936214407
106930069557574645,6.956031253088349,-0.8882657545159837
