objID,ra,dec
108030061626165237,6.162634445216959,0.029019401492230184
