objID,ra,dec
112730064117716351,6.4117985822768695,3.9466281494320774
