objID,ra,dec
103820064221810119,6.422187969533707,-3.4835958773899494
