objID,ra,dec
110210066516826580,6.651690907074493,1.8467348951549951
