objID,ra,dec
103640062737168196,6.27375846855629,-3.6268556776254735
