objID,ra,dec
112920064162163351,6.416277804783898,4.1025237158961
