objID,ra,dec
114130069876310725,6.987649843828285,5.108534851734621
