objID,ra,dec
108900060838635101,6.083997145693772,0.7539325107683227
108900060842035345,6.084177919030176,0.7540391482361599
