objID,ra,dec
104500062801019510,6.280045902342581,-2.909045527119332
