objID,ra,dec
112780067104768681,6.710395655592421,3.9901718815002596
