objID,ra,dec
105130061526217531,6.1526440721811335,-2.385803313856458
