objID,ra,dec
105740069825209298,6.982644650054235,-1.8758249519852255
