objID,ra,dec
99940061030815068,6.103145278268494,-6.712833036944064
