objID,ra,dec
100290063497759864,6.349805087089076,-6.417223094546963
