objID,ra,dec
102040065141839976,6.51427554850163,-4.958721832173241
