objID,ra,dec
103130061128908577,6.11293529114567,-4.051497422117393
