objID,ra,dec
102270065666933834,6.5666914973781685,-4.772121957248601
