objID,ra,dec
108720069603370773,6.9603659070359605,0.600306354130999
