objID,ra,dec
107270063420442894,6.34201239275104,-0.6062934255317115
