objID,ra,dec
107350069503406908,6.950384295046501,-0.5362784560868017
