objID,ra,dec
109910060199545575,6.0199846,1.59599227
