objID,ra,dec
107690062981108882,6.29819311,-0.2512956
