objID,ra,dec
103370060729136240,6.072912284593661,-3.853461250164257
