objID,ra,dec
108740063063851076,6.306427786765965,0.6171710299974699
