objID,ra,dec
106980064562956299,6.456331167934381,-0.8450943637673632
