objID,ra,dec
106930065607595768,6.560749137704202,-0.8872361904366478
