objID,ra,dec
108290069849638434,6.985075435329625,0.24819564796569316
108290069852318165,6.98522739,0.2481251
