objID,ra,dec
102890066788689454,6.67885540261571,-4.250838382363553
