objID,ra,dec
109570068202798715,6.82032173,1.31531246
