objID,ra,dec
108580069078232695,6.9078411886947215,0.4852305973431829
