objID,ra,dec
112200062526280090,6.252659968678705,3.4996771041122696
