objID,ra,dec
107820065652678002,6.565303472421676,-0.14376463700019468
