objID,ra,dec
113000063447582408,6.344814109029842,4.168283740397242
