objID,ra,dec
105160064144896046,6.414499157387456,-2.3619528097736957
