objID,ra,dec
108010064332776115,6.433367971833981,0.013095889818922821
