objID,ra,dec
112900063942979319,6.394254905138404,4.090664311433697
