objID,ra,dec
107330061294302120,6.12947342053535,-0.5569437242505
