objID,ra,dec
99700069404362061,6.940479976602771,-6.915161191375582
99700069404032493,6.940498348520006,-6.915137426785011
