objID,ra,dec
107310062661775728,6.266254017001118,-0.5705594771271072
