objID,ra,dec
97830061538697942,6.1538791803900175,-8.468727224090195
