objID,ra,dec
107010061873564209,6.18740595239979,-0.8218631755711412
