objID,ra,dec
113860060720757309,6.072210126289519,4.889076265539112
