objID,ra,dec
108940062736241872,6.273644178690809,0.7844930724544995
