objID,ra,dec
113930060376540876,6.037683189196455,4.942016751491107
