objID,ra,dec
104400069024478401,6.90247067336963,-2.9933159026249885
