objID,ra,dec
110030062515488910,6.251582497532821,1.6986363996222107
