objID,ra,dec
109460064399971504,6.440031456029297,1.2175342852245292
