objID,ra,dec
104690064860679654,6.486148101350967,-2.750652642450547
