objID,ra,dec
104400066696324266,6.669507294443075,-2.9967298769119117
104400066693584502,6.669444878743545,-2.9965970317282746
