objID,ra,dec
108620061707347651,6.17080577666234,0.52264600385798
