objID,ra,dec
113780063267871029,6.326803807132795,4.817175805256021
