objID,ra,dec
108750068737561333,6.8736441292416215,0.6257792684027883
