objID,ra,dec
113690067923168437,6.7923063981460885,4.7483876078181
113690067920878149,6.792086,4.74807682
