objID,ra,dec
106730067842442849,6.784214606611507,-1.0563237652215007
