objID,ra,dec
102220067366304181,6.736579529988633,-4.813511109306492
