objID,ra,dec
103570062175688273,6.217520119074348,-3.6851328008467155
