objID,ra,dec
108640067489991948,6.749016540055745,0.5345498126698736
