objID,ra,dec
102480066685644326,6.668615604596965,-4.596850031409412
