objID,ra,dec
105660067178893490,6.717876699413758,-1.9474725480227497
