objID,ra,dec
113430061660383626,6.166031198564507,4.527644432778186
