objID,ra,dec
111770062925597309,6.29256269787582,3.147310021628221
111770062924486974,6.29250004,3.14708933
111770062924197643,6.29252261,3.14747289
