objID,ra,dec
112710061432443173,6.14327115,3.92716101
112710061430242676,6.143033243867592,3.926921082079959
