objID,ra,dec
113370068849482930,6.8849657021221855,4.477075481088017
