objID,ra,dec
105070064193431039,6.4192899001214805,-2.441032106818869
105070064191361548,6.419193065797348,-2.4407962167797783
