objID,ra,dec
109370063886449407,6.3886765135828325,1.1491415627855015
