objID,ra,dec
108450060108932511,6.010902717475065,0.3766953684651876
