objID,ra,dec
107940061153396785,6.1153749043879255,-0.04469773645660986
