objID,ra,dec
108260063923745059,6.392366659469013,0.22048855503130874
108260063921875440,6.39231794,0.22062767
