objID,ra,dec
101630067163555571,6.71636911968568,-5.304070857585722
