objID,ra,dec
108360065852134862,6.585250903814205,0.30365169583304996
