objID,ra,dec
102930063178434113,6.31775129162013,-4.221876753619918
