objID,ra,dec
108970060319916512,6.032073394439419,0.813364225498808
