objID,ra,dec
108110065735699248,6.573552720362403,0.09894491193028641
