objID,ra,dec
102770065783532997,6.578358688919545,-4.356235688860464
