objID,ra,dec
108350065903239376,6.590380751134126,0.29909853338215764
