objID,ra,dec
108580066261407695,6.626181036546088,0.4893690151102695
