objID,ra,dec
113770064901687372,6.49037982,4.81426847
113770064907067495,6.49071988,4.81419714
