objID,ra,dec
107040060558261703,6.055891705655134,-0.7989234297230802
