objID,ra,dec
113980060835978207,6.083675737821526,4.989746663788867
