objID,ra,dec
107350060578525098,6.057869704617036,-0.5378089819723704
