objID,ra,dec
107130063239120893,6.323958016142196,-0.7246381628671749
