objID,ra,dec
107750069076169377,6.907734510434025,-0.20098855185368103
107750069076299015,6.907633415667013,-0.20123505655549864
