objID,ra,dec
112840066386545002,6.638605403253725,4.037062574891406
