objID,ra,dec
101570062860671963,6.286062130746059,-5.357022982449427
