objID,ra,dec
111820065971012935,6.597217997388761,3.185592275999935
111820065969602583,6.597016313959694,3.185144392966891
