objID,ra,dec
103190062800230779,6.28005728,-4.00804124
103190062799181125,6.2799518347428105,-4.007760904230333
