objID,ra,dec
108460069755544814,6.975611631535419,0.3870379544371117
