objID,ra,dec
104820062909246650,6.290976541505213,-2.644825351842981
104820062911346414,6.29109615,-2.64493471
