objID,ra,dec
111070060937774682,6.093817717493354,2.5618557878842987
