objID,ra,dec
96340065565558052,6.5565976931127,-9.71028927527566
