objID,ra,dec
113430066796020193,6.679574680428109,4.524738710988585
