objID,ra,dec
98760066344623159,6.634610943565065,-7.697772029052608
