objID,ra,dec
113100064284968817,6.428472807464271,4.256964082042049
