objID,ra,dec
97950069196213321,6.919525532778476,-8.372665430705233
97950069194802999,6.919488320745051,-8.37268777107735
97950069192553339,6.919372166865142,-8.37260605162196
