objID,ra,dec
94660068771764253,6.877178729780935,-11.113393870209118
