objID,ra,dec
112790063655231836,6.365544201401112,3.9928072398687013
