objID,ra,dec
102660066798876363,6.679933278654213,-4.445007691495872
