objID,ra,dec
111510062619466878,6.261970066030288,2.9303616562382273
111510062621966715,6.26219322,2.93021917
