objID,ra,dec
112910067577121029,6.7576855534473745,4.092139899272387
