objID,ra,dec
106680060142991802,6.014321928401679,-1.0989156292406337
