objID,ra,dec
106730064716986608,6.471789237950103,-1.053167973879829
