objID,ra,dec
109510066704191232,6.67033595575611,1.2590299776178977
109510066701661410,6.670211308382061,1.259152716865862
