objID,ra,dec
106760065720587684,6.57208142667272,-1.0273030571510664
106760065722987890,6.572228468824913,-1.0272436533968539
