objID,ra,dec
113650062612118575,6.261203084685931,4.715103283859145
113650062610618294,6.261143386143038,4.714899659128587
