objID,ra,dec
104690069890675453,6.989028634217726,-2.754232694392216
104690069888514998,6.98881440512308,-2.7544054696751035
