objID,ra,dec
106150066872219080,6.687365573706325,-1.5344922892921231
