objID,ra,dec
111540068317151945,6.8317783510035595,2.9513320551974696
