objID,ra,dec
95740063614147636,6.361439606529507,-10.210625213145763
