objID,ra,dec
105600065438926721,6.543726978428401,-1.9946959219087517
