objID,ra,dec
106130060617772556,6.061809598210816,-1.556519528129557
