objID,ra,dec
109490062040958419,6.204099934363204,1.2483060872777407
