objID,ra,dec
108960063315580871,6.331574807290683,0.8003310263670717
