objID,ra,dec
111600063204541952,6.32046499,3.00127181
