objID,ra,dec
109260060915145721,6.091524075350481,1.0543980214463597
