objID,ra,dec
109870063854307478,6.385465758435957,1.5641623257694246
