objID,ra,dec
110640067825498383,6.782401625897864,2.206607808460545
