objID,ra,dec
100120064298080614,6.42983340322745,-6.5665850636010035
