objID,ra,dec
104010062082913693,6.208398821836625,-3.3221609636739404
