objID,ra,dec
108550068211350643,6.821136630177252,0.4584930196837113
