objID,ra,dec
103240062727171151,6.2727360956037606,-3.966059623140732
