objID,ra,dec
107200063700136172,6.3700353744497065,-0.6619183892112355
