objID,ra,dec
102590063678294781,6.3678661812025075,-4.504709345383678
