objID,ra,dec
107520067344270003,6.734407045040818,-0.4003762465819794
