objID,ra,dec
108920065296517788,6.52966923565498,0.7728099958288351
