objID,ra,dec
99490066125447851,6.612595431886292,-7.085490482895668
