objID,ra,dec
107880064765743669,6.476627937816645,-0.09729623271363881
