objID,ra,dec
107260065717646529,6.571743654683076,-0.6116385076371621
