objID,ra,dec
107100063083120752,6.308369668772657,-0.7497527805364349
