objID,ra,dec
113520062382208363,6.238188421413385,4.606557085873383
