objID,ra,dec
108480062546769923,6.254636677473571,0.4076962736820475
108480062545209622,6.254606270174969,0.407638437838634
