objID,ra,dec
109280065668758720,6.5668937145214965,1.073561930105402
