objID,ra,dec
103820063794419638,6.379474397935045,-3.475592231396844
103830063793570098,6.379376724936568,-3.4754902804222016
