objID,ra,dec
102640067834560698,6.783481543325419,-4.4664644924699966
