objID,ra,dec
97140063836401340,6.383675610156554,-9.049159870108115
