objID,ra,dec
108430067274995417,6.727553621637692,0.3624203934363108
