objID,ra,dec
109020067770670524,6.777017759064658,0.850176575242424
109020067770070974,6.777032591878005,0.8503556934742493
