objID,ra,dec
102780063412318936,6.34131255831379,-4.3429045485834585
