objID,ra,dec
113680067889909243,6.788980514425665,4.740634288256385
