objID,ra,dec
105580066479381287,6.647895593626302,-2.015916022788324
