objID,ra,dec
106510062709002173,6.270905017295218,-1.240327098312176
