objID,ra,dec
106200065682291069,6.568186985462325,-1.4994728367853005
