objID,ra,dec
110910065806873787,6.580767352026044,2.4277379947009177
