objID,ra,dec
112450064551002423,6.455246305615741,3.710059460176299
