objID,ra,dec
111390069447888800,6.944794848555684,2.83200484653388
