objID,ra,dec
108320063259700706,6.325974994116743,0.26685464033394146
