objID,ra,dec
107600068789085467,6.878992944659626,-0.32916312623454447
