objID,ra,dec
108940068177817463,6.817780498606951,0.7891878415600306
