objID,ra,dec
107680064670032722,6.467033168502133,-0.2647926895214708
