objID,ra,dec
104920061965388908,6.196480853357466,-2.559654313349988
104920061963049157,6.196404356746229,-2.5594628580275667
