objID,ra,dec
108680061330949001,6.133114888776302,0.573806504443776
