objID,ra,dec
106930063870053194,6.387101058862616,-0.8894524612752158
