objID,ra,dec
113400063322041462,6.3322402967406966,4.50082756022772
