objID,ra,dec
109550067016603037,6.701687892868839,1.2938196138613718
