objID,ra,dec
104000067804005041,6.7804562053522055,-3.3294459179526235
