objID,ra,dec
107670066597536996,6.659685409645453,-0.269583626716771
