objID,ra,dec
108050060624921157,6.062537883474557,0.04227934588152619
