objID,ra,dec
105560066913382263,6.691376490057518,-2.031783032806858
