objID,ra,dec
104200064225862416,6.422532671692497,-3.1648906202652927
