objID,ra,dec
112220061853834669,6.185356117408854,3.5201455592090354
