objID,ra,dec
96500067023511049,6.702395096219919,-9.582809694801734
