objID,ra,dec
108290064577682081,6.457791785683903,0.24300103577150223
