objID,ra,dec
99230067362936465,6.7362751331276955,-7.303303666250777
