objID,ra,dec
109340066040370367,6.604052151405901,1.1166138109897814
