objID,ra,dec
101210062528532633,6.252858903004248,-5.656506858379476
