objID,ra,dec
107990061400318582,6.140065535076985,-0.0015396542376858778
