objID,ra,dec
109340068076405724,6.80748672,1.12091872
109340068072935779,6.807383581291298,1.1209437760983585
109340068072915413,6.807326929363615,1.1208822119926185
