objID,ra,dec
110670060526275615,6.052664775602416,2.2293039989331356
