objID,ra,dec
106050061291982823,6.129275532156967,-1.6228812012413336
