objID,ra,dec
102660060795049233,6.079541983162032,-4.442776367784412
