objID,ra,dec
111290061041566069,6.104196121260845,2.7463496396879217
