objID,ra,dec
109280066027442833,6.602734952848268,1.068683212612203
109280066026023169,6.60264469,1.06895404
109280066022102857,6.602698575641882,1.0686899872982685
