objID,ra,dec
107210060115081023,6.011525328768307,-0.6578663622892726
