objID,ra,dec
106740069433035436,6.943365357596297,-1.0458714150390687
106740069431585974,6.943349,-1.0456253
