objID,ra,dec
102660060866017908,6.0865914742565215,-4.443745483794623
102660060864937598,6.08651741,-4.44398874
