objID,ra,dec
110520068684136647,6.8684540886315855,2.1051653522862086
110520068683636264,6.86841844,2.10488402
