objID,ra,dec
118000061697610629,6.169834160889003,8.333387777663843
