objID,ra,dec
110180060413111117,6.04132924,1.81720619
110180060409941003,6.041134838481534,1.8170767529822445
