objID,ra,dec
110280069323862403,6.932355947291818,1.9016475815170322
