objID,ra,dec
108500067559061265,6.755913944992268,0.41732666626821174
