objID,ra,dec
104180068131736189,6.81318436,-3.17853146
104180068128756069,6.812901605936053,-3.1786328802679362
