objID,ra,dec
104940065190774866,6.518960723753064,-2.54626481288969
