objID,ra,dec
108500069308517640,6.930878412777891,0.4226882472190004
