objID,ra,dec
106810065903491261,6.5901927333541845,-0.9909768490225548
106810065899891334,6.590139525935707,-0.9909621842908453
