objID,ra,dec
108560066278530702,6.62786407,0.46690131
108560066275520803,6.627593366067802,0.4669070684739183
