objID,ra,dec
107530060221064059,6.0221385462786206,-0.3886549923883004
