objID,ra,dec
109150064006728466,6.400699648915448,0.9649866935760913
109150064007767781,6.40075154,0.96473256
