objID,ra,dec
108970065579209457,6.55792921229992,0.8158393759380962
