objID,ra,dec
108230065135521988,6.513580918360823,0.19290999771407863
108230065132312045,6.51336086,0.1929856
