objID,ra,dec
110850067322818532,6.73228178198101,2.3817116797162394
