objID,ra,dec
109470066535777396,6.653592523306608,1.230828725939211
