objID,ra,dec
108310065508275373,6.5508824025252315,0.2624217510579148
