objID,ra,dec
111980062678995813,6.26787097,3.32122848
111980062677276214,6.267787531585864,3.3214596277952455
