objID,ra,dec
106500062724572430,6.272369245385613,-1.2484054377467468
106500062721642524,6.272294352730013,-1.2483562077446588
