objID,ra,dec
107150068448568401,6.844829980653856,-0.7015448674085376
