objID,ra,dec
107150065007150252,6.5007386391210344,-0.7085128517285019
