objID,ra,dec
100840068337728842,6.833794859176317,-5.959686491260352
