objID,ra,dec
110460062021812723,6.20211564,2.05184416
110460062021273081,6.20213988,2.05211146
