objID,ra,dec
99900069410161565,6.941103477120585,-6.749078616074109
