objID,ra,dec
105760069710850100,6.971092268545667,-1.8669329720097996
