objID,ra,dec
113500061816893687,6.18170594,4.58600801
