objID,ra,dec
109260067855840841,6.785595618719362,1.0503156914908316
