objID,ra,dec
112570060124043166,6.012432907117227,3.8105804066536813
