objID,ra,dec
104900069719995379,6.972017573401882,-2.5792304392197547
