objID,ra,dec
106160060803885175,6.0803967227516065,-1.5294152902050162
