objID,ra,dec
111920069753442537,6.975395808323096,3.2683248316305984
111920069755742296,6.97562631,3.26820424
