objID,ra,dec
118030061507600723,6.1507452732038095,8.358536691240724
