objID,ra,dec
107360067564124147,6.75637797,-0.53023855
107360067561134217,6.756115720651485,-0.5302014354501539
