objID,ra,dec
110370065510654634,6.551000841080643,1.9783769448967619
