objID,ra,dec
103340064633981365,6.463541845209217,-3.8824872298648105
