objID,ra,dec
100620060286657488,6.028693569695301,-6.144077461132645
