objID,ra,dec
107550069841891609,6.984121529732561,-0.3740463068935843
