objID,ra,dec
106960064903511087,6.490395254268849,-0.8661849697551177
