objID,ra,dec
106420066745245829,6.6745383556431905,-1.312222026539639
