objID,ra,dec
104400069740870960,6.973950980582793,-2.9995236216954244
