objID,ra,dec
112090064746883232,6.474713335766059,3.410683953323594
