objID,ra,dec
103230060831582913,6.083160357136746,-3.972918902153901
