objID,ra,dec
103860066983729349,6.69847983231772,-3.442444464723431
