objID,ra,dec
113210061521068018,6.152110835323162,4.34796397786703
