objID,ra,dec
103170068684343383,6.8684310094711645,-4.022507148489316
