objID,ra,dec
109740063329688071,6.33299297,1.45631346
109740063327067953,6.332734661113222,1.4562482170329472
