objID,ra,dec
104540061546415593,6.154838339669595,-2.8789743429530117
