objID,ra,dec
108680065683461454,6.5683547406713005,0.5675172370349211
