objID,ra,dec
113720068873856688,6.887488938166042,4.771825880739381
