objID,ra,dec
109620060630708245,6.063084285409281,1.3564528172190298
