objID,ra,dec
108090068904402237,6.89045731016783,0.07635267376685896
