objID,ra,dec
107570065484701354,6.548516352476627,-0.3575360938157189
