objID,ra,dec
102850060528357363,6.052761591904326,-4.285855222456799
