objID,ra,dec
103020068249575049,6.824914304998885,-4.146162667418934
