objID,ra,dec
113280068734846911,6.8735131414106325,4.405392038252054
