objID,ra,dec
94490064085607008,6.408613643745087,-11.252821865567123
