objID,ra,dec
102680065382507207,6.538174190139451,-4.427693072506676
