objID,ra,dec
111060063319827317,6.331933999161171,2.5556620929295155
