objID,ra,dec
108550063815721109,6.381610875418056,0.45875537161134666
