objID,ra,dec
106680067012657271,6.701302987875375,-1.0943415200373325
