objID,ra,dec
113540060453054834,6.04531001630756,4.620301206685155
