objID,ra,dec
106690065537092659,6.55373372,-1.08981781
106690065539962710,6.554000625461217,-1.0898427642936557
