objID,ra,dec
107240063475655289,6.347590309898259,-0.6293331050126726
