objID,ra,dec
107960069428081172,6.9428281644927585,-0.032760597624739984
107960069427530806,6.94277625,-0.03303605
