objID,ra,dec
109390061686245283,6.1687233438356515,1.1623827360714758
