objID,ra,dec
111290061149397029,6.115041437853654,2.747079497858668
