objID,ra,dec
104570060629602997,6.062971693799358,-2.8561637354043654
