objID,ra,dec
112530065436622137,6.5436941378067015,3.776371207598168
