objID,ra,dec
99400069880847634,6.988121361705429,-7.160687182029631
