objID,ra,dec
113930063058085698,6.3059028412035225,4.946060960607997
