objID,ra,dec
109000065627126906,6.562749747478371,0.8387490206332304
