objID,ra,dec
98560069543210740,6.954317718816919,-7.866361859434278
