objID,ra,dec
106960062654368851,6.265494717793606,-0.8596716184588815
