objID,ra,dec
107690060371663957,6.03738926,-0.2555887
