objID,ra,dec
112620061766752894,6.176654157231072,3.85200400484451
112620061763842917,6.17639775,3.85202039
