objID,ra,dec
100310068907593826,6.890763879389693,-6.405477545113974
