objID,ra,dec
99820069317116026,6.931767165972655,-6.812025581749585
