objID,ra,dec
95040061880378230,6.188054703637738,-10.793461268706311
