objID,ra,dec
107630066832243425,6.683222694118147,-0.3058617652399014
