objID,ra,dec
98660060231092337,6.023099243916875,-7.781843540260637
