objID,ra,dec
107470063940556470,6.394126821694981,-0.4365747294431105
