objID,ra,dec
107390064267685096,6.426778416446424,-0.5044566942220121
