objID,ra,dec
107380065484106705,6.548411618754121,-0.5115280235698433
