objID,ra,dec
98720060247231318,6.024745826388787,-7.732612353981151
