objID,ra,dec
109470066087067485,6.608741498051642,1.2308479627499158
