objID,ra,dec
109300062584737213,6.258463593428645,1.0890248435993855
