objID,ra,dec
104400064386914252,6.43871759,-2.9967803
104400064384774624,6.438526941449784,-2.996582756373613
