objID,ra,dec
99750068940818009,6.894173308637181,-6.868802270276896
