objID,ra,dec
107200067068914503,6.706862878956562,-0.6633046816008752
