objID,ra,dec
110050063819642300,6.38183636,1.70981601
110050063815462193,6.381582126744424,1.709735883542666
