objID,ra,dec
107100060052743880,6.005202307949601,-0.7472332806746788
107100060048903684,6.00508050694374,-0.7473056932656773
