objID,ra,dec
107220069277371028,6.92780149284943,-0.6495072717275043
