objID,ra,dec
111590064746865744,6.47455115070296,2.995902264278293
