objID,ra,dec
102080061669516482,6.166878286792098,-4.928322829637487
102080061666326625,6.1667529223609,-4.928273522180956
