objID,ra,dec
109440068230640859,6.823023082379662,1.2002846417501063
109440068229660482,6.822966031462691,1.2001127759432206
