objID,ra,dec
95100060890112216,6.089022033344936,-10.748472493175509
