objID,ra,dec
111610061041248838,6.104145135126527,3.0153157104791495
