objID,ra,dec
110440062703075965,6.270335510433954,2.0379145390300053
