objID,ra,dec
102040061944785579,6.1945523914227305,-4.962411435445836
