objID,ra,dec
99660061434436691,6.143408660038145,-6.944761987496803
