objID,ra,dec
101240065236141310,6.523662053932391,-5.6326049620948355
