objID,ra,dec
111770068458460586,6.845768400969812,3.141781481337754
111770068457220925,6.84561719,3.14197701
