objID,ra,dec
107910062387448876,6.238766060936658,-0.06794054195133287
