objID,ra,dec
109160068473536289,6.84734217,0.97154286
109160068469876386,6.847089750370631,0.9716010683994515
