objID,ra,dec
110600064462406723,6.446229200921923,2.1718387293136443
