objID,ra,dec
107210063365435127,6.33656926,-0.65446504
107210063364064771,6.33647312783483,-0.6546354929450914
