objID,ra,dec
99690065346544912,6.5346636072449495,-6.921268606967579
