objID,ra,dec
100200065220956161,6.522160130284471,-6.495235096328477
