objID,ra,dec
107540064858962974,6.48604061,-0.38124187
107540064858573311,6.48590805,-0.38110539
