objID,ra,dec
107950060846035121,6.084604252178999,-0.037756582322005156
