objID,ra,dec
100260064368888566,6.436834826785106,-6.443291687754716
100260064365568390,6.436650402391857,-6.44330464680112
