objID,ra,dec
108210066274715380,6.6275039718586175,0.17908581686853353
