objID,ra,dec
102800064818679099,6.481848788520557,-4.326096267562443
