objID,ra,dec
102650060012399432,6.001203573126888,-4.450834842250922
