objID,ra,dec
112370063055478679,6.305539033610928,3.6485421965421776
112370063051578771,6.305337431447182,3.648725054763835
