objID,ra,dec
109020063898065332,6.389684524869129,0.8541057144913918
109020063895285327,6.389658168584172,0.8540461002281932
