objID,ra,dec
107730063007556694,6.300831892484402,-0.21973970758383857
107730063009407108,6.30090124,-0.21945413
