objID,ra,dec
112190060112069270,6.011131345638906,3.4989335747750157
