objID,ra,dec
106010064352280679,6.435237799747044,-1.65810171427405
