objID,ra,dec
94630069729380301,6.972960753414303,-11.141695549433424
