objID,ra,dec
112110067896059021,6.78964797,3.43213223
112110067895098647,6.78950269,3.43183532
