objID,ra,dec
104070066008422331,6.600765719464142,-3.2733957547063524
