objID,ra,dec
100560062701710973,6.270257192453409,-6.199457933842135
