objID,ra,dec
104920064534422334,6.4534377831885505,-2.5650202220844585
