objID,ra,dec
102670064549543165,6.454929939193804,-4.439374745533427
