objID,ra,dec
108630066569678483,6.657053796761407,0.531857240676091
