objID,ra,dec
105480063852643439,6.38509877176647,-2.0973310768356033
105480063847673621,6.384904382597874,-2.0972785758969783
