objID,ra,dec
112800063673128264,6.367235808537907,4.006557789255382
112800063670258134,6.367133252740608,4.006404685413784
