objID,ra,dec
110420060444645356,6.044431256491113,2.0207192280030792
