objID,ra,dec
106530065072921643,6.507328714084675,-1.223985723786375
