objID,ra,dec
109170060841609465,6.084165850424717,0.9824630572342656
