objID,ra,dec
94500061525267505,6.152579454360088,-11.244068279950326
