objID,ra,dec
111360062502349582,6.2503416245593995,2.8075601978679394
