objID,ra,dec
95700069181109226,6.918160246993994,-10.242708879615348
