objID,ra,dec
106920061423247175,6.142425616960071,-0.8943503282903983
