objID,ra,dec
112770063795931755,6.37957238,3.97602954
112770063795301370,6.379566681421209,3.9757776374149194
