objID,ra,dec
108450065661687051,6.566246267919932,0.3803815157036138
