objID,ra,dec
96170069285968665,6.928656213545928,-9.851435947017235
