objID,ra,dec
113960060840092951,6.084000169524669,4.96877490776533
113960060837573103,6.08387765,4.96881263
