objID,ra,dec
109130060311331782,6.0309598106911455,0.9427045270110872
109130060308611653,6.03093470557943,0.9427029132556836
