objID,ra,dec
111590063269494617,6.32697997,2.99514399
111590063271324894,6.327081176838896,2.9954103888232377
