objID,ra,dec
106100064040188713,6.404002614184996,-1.5764127918086681
