objID,ra,dec
113770068261577433,6.826105429304273,4.814072433685809
113770068258877064,6.82604016,4.81379987
