objID,ra,dec
112630063108524830,6.31089832863691,3.8621147143913
