objID,ra,dec
106980060343715586,6.034395327893909,-0.8457752351389224
