objID,ra,dec
107890061994846723,6.199551695306507,-0.08642656178140518
