objID,ra,dec
107580063248977527,6.324879660031498,-0.3441018577484863
