objID,ra,dec
95170069046992627,6.90470453519066,-10.689839564373766
