objID,ra,dec
113040064897421126,6.4896675617980755,4.200536229202723
