objID,ra,dec
111590066715943556,6.67165667,2.9942244
111590066718933644,6.6719426424532475,2.9942905571806495
