objID,ra,dec
109870064855986808,6.485587329307125,1.563583639335209
