objID,ra,dec
109170063167369694,6.31673298198579,0.9827493211833536
