objID,ra,dec
94680069939057902,6.994016434341926,-11.093648150599243
