objID,ra,dec
106740064239520604,6.423987785087804,-1.0498520531480768
