objID,ra,dec
109500068530678334,6.853103423135722,1.2565830110897154
