objID,ra,dec
99950062237470267,6.223745538878328,-6.708499472190747
