objID,ra,dec
106160063060002762,6.306020316302185,-1.53146037459034
