objID,ra,dec
109380068541255563,6.854095229257592,1.1542459513830043
