objID,ra,dec
108560069419990698,6.942027026487889,0.4668842182554601
