objID,ra,dec
107740066803558652,6.68018317,-0.20974502
