objID,ra,dec
108900064659339755,6.465863222050349,0.7577910319448858
