objID,ra,dec
113410065654308693,6.565378112317139,4.515166640962852
