objID,ra,dec
98720063245518800,6.32451102834649,-7.726260112436366
98720063245019190,6.3244822057849905,-7.726208402876791
