objID,ra,dec
114190063161797056,6.316131745371667,5.163917745533071
