objID,ra,dec
106880061233453914,6.123368116246508,-0.930430757538588
