objID,ra,dec
102660066062487244,6.60623278069502,-4.444343129670554
