objID,ra,dec
113150067160309454,6.716069805803021,4.299129721247475
