objID,ra,dec
109070061811760401,6.181205069856546,0.8916098940948978
