objID,ra,dec
96440063408829101,6.3408738957184125,-9.626059249481958
