objID,ra,dec
106200062822743105,6.282223058281279,-1.497659505308773
106200062822123502,6.282238538557837,-1.497607847427979
