objID,ra,dec
99390069236244808,6.923645244315635,-7.1713765222911405
