objID,ra,dec
109220066010351242,6.601038023217152,1.017328072230308
