objID,ra,dec
104410061520617696,6.152111859830234,-2.985583142124047
