objID,ra,dec
103920067388622774,6.738905476530079,-3.398018336514103
