objID,ra,dec
104870061266354446,6.12667106762465,-2.6048906089943453
