objID,ra,dec
111830067156891129,6.715755415291149,3.192180436544355
