objID,ra,dec
112010063142235473,6.314203785298545,3.3457558986084686
112010063140535167,6.314135275999457,3.345711997851321
