objID,ra,dec
99880060767790084,6.076769968477718,-6.766994304045263
