objID,ra,dec
109550068842111050,6.884232837161501,1.292150100121203
