objID,ra,dec
107990068030219629,6.8030276614377225,-0.0007127139414369005
