objID,ra,dec
113570068136412366,6.813549403533638,4.643249123165871
