objID,ra,dec
99830060253272563,6.025370131671982,-6.8065943287662645
