objID,ra,dec
113510066054986191,6.605547013612532,4.596415520965851
