objID,ra,dec
104170061904330137,6.190412836745334,-3.1918668726020405
