objID,ra,dec
106920067478309251,6.74780822,-0.89263431
106920067479759554,6.747920624395676,-0.8924087126381164
106920067482639604,6.748162041428373,-0.8923768998103732
