objID,ra,dec
106550063236300781,6.323602774672329,-1.2080449866061937
