objID,ra,dec
104930060441885665,6.04418219,-2.55396308
104930060439405487,6.04396898071307,-2.5540434037690893
