objID,ra,dec
112670060945576111,6.094694239805538,3.8964112829841926
112670060948946243,6.0948239716220725,3.8964871525767966
