objID,ra,dec
114230065901681520,6.590191021290225,5.192518298648654
