objID,ra,dec
111290069900046696,6.990031237225385,2.746824909687774
