objID,ra,dec
114110066475754303,6.647592777885668,5.094789257714797
