objID,ra,dec
101490061630416391,6.162971431500299,-5.419957474072891
