objID,ra,dec
100680064786792716,6.478774101191122,-6.098061839426463
