objID,ra,dec
105760063695680577,6.369507552208273,-1.8665941749860917
