objID,ra,dec
103600066598496046,6.6599090524887,-3.6619747534903784
