objID,ra,dec
110850068305229359,6.830641657018386,2.38242462876516
