objID,ra,dec
108250066623076513,6.662385993659374,0.2133588000107528
