objID,ra,dec
103560064983679836,6.498517278867924,-3.6920983862483463
