objID,ra,dec
111370066896981699,6.689764230348792,2.809601864100139
111370066896552269,6.689729304005504,2.809621810321517
