objID,ra,dec
109400068872535572,6.8873531664002305,1.1709838194701143
109400068876135669,6.88761737,1.17102717
