objID,ra,dec
112380064785318510,6.478594165345406,3.656518557626551
