objID,ra,dec
112540063595773254,6.35957762315602,3.785728642615936
