objID,ra,dec
113350062404996188,6.240491549181941,4.463128033847321
