objID,ra,dec
112840060556909050,6.055738590897848,4.040449827082692
