objID,ra,dec
106450069612308712,6.961156730826683,-1.2848874128948282
106450069611438107,6.961136,-1.28527182
