objID,ra,dec
106020063708695623,6.37095435,-1.64561442
106020063707845954,6.370827436746396,-1.6454453057181326
