objID,ra,dec
94970067209201181,6.72088646342485,-10.857701553788958
