objID,ra,dec
107710063459455577,6.345994086501099,-0.23734316037574568
