objID,ra,dec
113890066633704378,6.663358401280895,4.911610857493874
