objID,ra,dec
109400066695068907,6.669541346922863,1.1736769170767554
