objID,ra,dec
108550067809744303,6.780973716318955,0.4615630755523055
