objID,ra,dec
100060063933284255,6.393304738985512,-6.613495188145606
100060063931494551,6.39320032,-6.61331756
