objID,ra,dec
107020063864551515,6.38647235,-0.81572884
107020063863221834,6.386416228858775,-0.8155848615912727
