objID,ra,dec
109990069813466303,6.9813635291765275,1.6631857036478115
