objID,ra,dec
95470065669174363,6.566929667235463,-10.438397146213605
