objID,ra,dec
109150062000280727,6.200039668941236,0.9585766694199932
