objID,ra,dec
106620066284759773,6.628441512708216,-1.142210556170178
