objID,ra,dec
107680064195133559,6.4195809418083485,-0.26407012289355536
