objID,ra,dec
109780063611815592,6.3611798165836175,1.4875989800703155
