objID,ra,dec
106770064551229235,6.455124593927958,-1.0177110550246387
