objID,ra,dec
108460069085675404,6.908568002357118,0.3875322264261689
