objID,ra,dec
111610067638736566,6.763910995171825,3.013433255124764
