objID,ra,dec
109390063641397087,6.364168856167649,1.1638937579831883
