objID,ra,dec
102940061305443773,6.1305412344084855,-4.2139097550847655
