objID,ra,dec
101510066538881608,6.653929690918881,-5.407370406491868
