objID,ra,dec
104130069848759511,6.98482354304999,-3.217448124472197
