objID,ra,dec
100830061529364757,6.15290117464101,-5.97128772367796
