objID,ra,dec
108960064346697670,6.434775842459496,0.8058590034033382
