objID,ra,dec
104760063959309217,6.39579889,-2.69271187
104760063957989539,6.395803901664224,-2.6924351362272247
