objID,ra,dec
112690064052875311,6.405322874825392,3.9123954398846097
