objID,ra,dec
111750067388172718,6.7389568714899415,3.126937888726364
