objID,ra,dec
96640068308705662,6.830915715842711,-9.46231119249887
