objID,ra,dec
107570069483935665,6.94842629109659,-0.35398180233966126
