objID,ra,dec
111750061413508598,6.141339715128443,3.131805555899321
