objID,ra,dec
110620064148034025,6.414762349746039,2.186156987178951
110620064146543629,6.414687345964579,2.185972168741738
