objID,ra,dec
112850066054566353,6.6054526,4.04654294
