objID,ra,dec
104660068607476639,6.860732485406301,-2.778054399507417
104660068605036461,6.8606314,-2.77809706
