objID,ra,dec
99980065649796434,6.564987620112306,-6.678328749825998
