objID,ra,dec
104330066576692383,6.65772423,-3.05674923
104330066574471987,6.657538081018978,-3.056943423210801
