objID,ra,dec
101930061003355249,6.10037713304926,-5.054334542483796
