objID,ra,dec
98210063940647602,6.394125036170778,-8.152396078316585
