objID,ra,dec
104930069935688913,6.993473655546272,-2.5513484160851783
