objID,ra,dec
108930061458047302,6.145857945924735,0.7806695749204395
108930061461157348,6.14612735,0.78073828
