objID,ra,dec
108740066216199704,6.621649372867634,0.6243828693155815
