objID,ra,dec
106690069462392722,6.9462890058178886,-1.0898416949441492
