objID,ra,dec
102200060974636398,6.097455193668261,-4.828368687418849
