objID,ra,dec
113340069373506408,6.937439899528075,4.455096125915616
