objID,ra,dec
104570066218632386,6.621875435475552,-2.856642885674943
