objID,ra,dec
108580064956244709,6.495639912323036,0.486882354107313
