objID,ra,dec
107160068209066946,6.821011099443128,-0.6945825809958285
