objID,ra,dec
104420065100536744,6.5100588311786804,-2.9781038707708856
