objID,ra,dec
105460069360912969,6.936134831615871,-2.114567977472589
