objID,ra,dec
105620064152431969,6.415145976274114,-1.9820107334570543
