objID,ra,dec
103520064973581550,6.49740873,-3.73238111
103520064971161194,6.4972614756730644,-3.7326611122494073
