objID,ra,dec
108620060405524798,6.040588635685791,0.5203162776289586
