objID,ra,dec
109400061181801548,6.11826111,1.16757579
