objID,ra,dec
102630062793479362,6.27933402411197,-4.467488486783897
