objID,ra,dec
106530063821141977,6.382048864059875,-1.2235880358146032
