objID,ra,dec
99980060837546162,6.083777469853124,-6.678661067701944
