objID,ra,dec
106310062709475628,6.270988361429434,-1.4040230787671373
