objID,ra,dec
95100067928575884,6.792849301448517,-10.745436661232162
