objID,ra,dec
108040064070684534,6.407107411897933,0.03673495023905191
