objID,ra,dec
111640069365017002,6.936592725287063,3.0388094479259498
