objID,ra,dec
104340062047801411,6.204639485714529,-3.0491963772416497
104340062044391365,6.204516560923948,-3.049244182082871
