objID,ra,dec
104350062820756305,6.282102050960773,-3.036801040957912
