objID,ra,dec
107380064746459533,6.474683738439111,-0.5091359883469526
