objID,ra,dec
109140061046593214,6.104682027824221,0.952314401543584
