objID,ra,dec
107060062517003337,6.251747923838078,-0.7809145182176316
