objID,ra,dec
100210064059412032,6.405795,-6.490181
100210064056252305,6.4057683943724095,-6.490236824413073
