objID,ra,dec
113110060822159001,6.082298714030049,4.2654257780946905
