objID,ra,dec
103550061454716607,6.14547004,-3.70318886
103550061455637016,6.145485041311866,-3.702937793343473
