objID,ra,dec
112330064538461774,6.45384515,3.60941643
