objID,ra,dec
100080061568928174,6.156908517974621,-6.593436823769002
