objID,ra,dec
95070069400495956,6.9400682886564775,-10.770380587344018
