objID,ra,dec
108030061210057001,6.1210487,0.03045258
