objID,ra,dec
103050063187655578,6.318802212179624,-4.120706107041793
103050063187405053,6.318712,-4.12093
103050063184785701,6.31859254,-4.1206121
