objID,ra,dec
101870061615168330,6.161518620694556,-5.101762702624982
