objID,ra,dec
106480067655121018,6.7653321138190465,-1.2660723892993333
106480067654401505,6.765319324086434,-1.266029159943108
