objID,ra,dec
113370068240691854,6.824060459343847,4.476130449697869
