objID,ra,dec
108490069550525193,6.955070723787181,0.41231054636078457
