objID,ra,dec
108360067323224038,6.732354470021799,0.30294892057946615
