objID,ra,dec
113190061103890040,6.110371841050663,4.324682928774266
