objID,ra,dec
111790069308519020,6.930891141104046,3.1654758159637395
