objID,ra,dec
109680062054505835,6.20545414,1.40450063
109680062053036160,6.205339340270868,1.4047400618027908
