objID,ra,dec
105380065697333349,6.569710872913868,-2.180802239710115
