objID,ra,dec
100220067630826719,6.763105872179012,-6.478096872236368
