objID,ra,dec
107370065588938314,6.55892016609915,-0.5186126125069315
