objID,ra,dec
95120062314342632,6.2314724119243685,-10.731480618316684
