objID,ra,dec
112930063809821767,6.380971976116647,4.109469904370687
112930063810081428,6.38102921,4.10936204
