objID,ra,dec
109250062371620049,6.237231524863109,1.041243539501765
