objID,ra,dec
109490067780157833,6.778002168860543,1.2478343693269534
