objID,ra,dec
109470068092350894,6.809199842316858,1.2253811232583203
