objID,ra,dec
108940064928035175,6.492815101360977,0.7872482591286785
