objID,ra,dec
99170062997070711,6.299718592729604,-7.358110492646711
99170062995160439,6.29955203,-7.35835068
