objID,ra,dec
104800060349717763,6.0349599354665,-2.660505649841066
