objID,ra,dec
106750060694265346,6.069269204470999,-1.0378375870424892
106750060693084978,6.069273381428814,-1.037893376982891
