objID,ra,dec
108070062777341453,6.277962719110251,0.059147846010222806
