objID,ra,dec
112040069351747486,6.935208861198194,3.372566417275382
