objID,ra,dec
113400069658822695,6.965945630631426,4.501785334650516
