objID,ra,dec
98110067750182110,6.7750189301929975,-8.240274541486372
