objID,ra,dec
101980061532055569,6.153129636536063,-5.012222510558203
101980061531505932,6.153120091901238,-5.012216116782354
