objID,ra,dec
113950064388605465,6.43887743,4.96252685
