objID,ra,dec
108790062623854429,6.262382451718081,0.661582198882943
