objID,ra,dec
96540066205226417,6.620550227005942,-9.545004360111731
