objID,ra,dec
109030060914424963,6.0914821542971955,0.8620725532903856
