objID,ra,dec
103630064852647783,6.48526958,-3.63553724
103630064848217770,6.484956193930223,-3.6356082479252825
