objID,ra,dec
107540067081597365,6.70816847,-0.37758369
