objID,ra,dec
108190062110643734,6.211134445384131,0.16108244356066914
