objID,ra,dec
111840068708170956,6.870813533233497,3.2003758811806002
