objID,ra,dec
104870067024772841,6.70247390467649,-2.606313867608158
