objID,ra,dec
108750067091065969,6.709217526003238,0.6296413300104162
