objID,ra,dec
103050064728072681,6.473000582100497,-4.123201929367956
