objID,ra,dec
109820064531122222,6.453017323079142,1.5180677568632044
