objID,ra,dec
113110067845000471,6.784496500753548,4.258309016212529
