objID,ra,dec
113460061742323299,6.174237154654088,4.552325869828701
