objID,ra,dec
102690066323675089,6.632308898721633,-4.421167460156938
