objID,ra,dec
114000060199025820,6.019946047034663,5.004447057348471
