objID,ra,dec
108750066176440058,6.617661509060589,0.624656657749918
