objID,ra,dec
97400069899717813,6.98998071,-8.82715855
97400069897087645,6.989702240051094,-8.827252132288564
