objID,ra,dec
106950060634956186,6.063411328545068,-0.8702555353881646
