objID,ra,dec
98590065545001070,6.554534904547744,-7.841167539452375
