objID,ra,dec
107270062743486746,6.274414221085403,-0.6031399619913264
