objID,ra,dec
112120062808613996,6.280876181345974,3.4362603882020033
