objID,ra,dec
108430068792500348,6.879269409995016,0.35828333748744456
