objID,ra,dec
104400066287206384,6.6287136050416455,-2.9949792788249296
104400066289976515,6.62897787,-2.99494675
