objID,ra,dec
105700076621873333,7.66229234639769,-1.914342692000158
