objID,ra,dec
113450076840008761,7.684067295111191,4.548645264091128
