objID,ra,dec
104510071010352466,7.101041619464904,-2.9066012220138746
