objID,ra,dec
107770073592447919,7.359259321517291,-0.1854360702483189
