objID,ra,dec
105550076807216766,7.680855054539143,-2.0363667574628233
