objID,ra,dec
104940077092823500,7.709322565281334,-2.547430356617193
