objID,ra,dec
108940078175105970,7.81749586,0.78794694
