objID,ra,dec
110640074701995451,7.470128006423323,2.204142407265135
110640074699665725,7.469990711532596,2.204364851923518
