objID,ra,dec
108930079499843678,7.9500270345046085,0.7777054243594248
108930079496833817,7.94994916,0.77783629
