objID,ra,dec
106600079975730232,7.997617632087203,-1.1668465500072127
