objID,ra,dec
99180077234014634,7.723342429712242,-7.346498035907779
