objID,ra,dec
108460078066131664,7.8066383933058745,0.38434563473979266
