objID,ra,dec
107490077340545478,7.734140817293644,-0.42087043958624887
