objID,ra,dec
103890075271179278,7.527230499412063,-3.417727424582255
