objID,ra,dec
109740078309970640,7.830972010942806,1.4501536676191362
