objID,ra,dec
106600073073375536,7.307376510694625,-1.1623500215536124
106600073075465762,7.30754068,-1.16222191
