objID,ra,dec
112690077508592816,7.750874507193531,3.9102927386041886
