objID,ra,dec
106060078777141667,7.87784661008417,-1.615634986208673
