objID,ra,dec
108020070948136108,7.094833631378213,0.021389680711165888
