objID,ra,dec
108360070020686303,7.002092775777287,0.3049224173972786
