objID,ra,dec
108770071966007172,7.1966132293354566,0.6472732866870347
