objID,ra,dec
106520072558742432,7.255977471929539,-1.2316848475635622
