objID,ra,dec
108650072300572264,7.229937461202115,0.5431263057138892
