objID,ra,dec
113250078080118856,7.808046962012994,4.382000369601473
