objID,ra,dec
109640078909436994,7.890902018178022,1.3722830837533302
