objID,ra,dec
106980079368593763,7.936857453932741,-0.8472480263755767
106980079365453699,7.93663178,-0.84734552
