objID,ra,dec
101520071924146025,7.192479128459101,-5.395303140006561
