objID,ra,dec
112470076128672680,7.61286781,3.72689216
112470076126232888,7.612658534173694,3.7270370300341384
