objID,ra,dec
105870078191759889,7.8192706020386336,-1.767174940646193
