objID,ra,dec
103400075416700803,7.541795588713521,-3.833099326826426
