objID,ra,dec
98700071983785175,7.198354734671379,-7.7460655777512715
