objID,ra,dec
109790073260451598,7.326014319442056,1.4926168086492284
