objID,ra,dec
109420071277420511,7.127773195282386,1.183257847444982
109420071278310130,7.127787991329233,1.1832172556381435
