objID,ra,dec
112660073119717232,7.31191306,3.88927524
112660073118307533,7.311799395720641,3.889258076633592
