objID,ra,dec
107960072734589011,7.273465576409896,-0.026203357120898472
