objID,ra,dec
111320077016119764,7.701618296446988,2.7744810711316634
