objID,ra,dec
109720076177048756,7.617733489721914,1.440225362911387
