objID,ra,dec
103970078572742780,7.857203832902942,-3.3563773716822607
