objID,ra,dec
109240070917101929,7.091804446154157,1.0346854739617104
