objID,ra,dec
104920070299380346,7.029950926313141,-2.566593767704933
104920070298580685,7.02995786,-2.56654821
