objID,ra,dec
113240073466626788,7.346651740925333,4.371912608437521
