objID,ra,dec
107940077964175846,7.796498786358281,-0.045497439286184556
