objID,ra,dec
106940071612407885,7.161098249885603,-0.8771646824436256
106940071610877582,7.161135452907354,-0.8772925975795639
