objID,ra,dec
100950075598994334,7.55992544,-5.8717344
100950075598443967,7.5599313273469075,-5.8719650806156904
