objID,ra,dec
107500074184692234,7.418514418667654,-0.4152190116171662
