objID,ra,dec
108400078913801432,7.89156640289581,0.33402584450649997
