objID,ra,dec
100300070850306045,7.085084547257418,-6.411944646963418
