objID,ra,dec
111320074218640864,7.421882775398618,2.7669449177313887
