objID,ra,dec
109080079302331325,7.930281961028813,0.9007368696280366
109080079299081305,7.93013966,0.90084777
