objID,ra,dec
112300070249565628,7.024915291282915,3.587679227270924
