objID,ra,dec
107410073132409705,7.313359104710673,-0.48408079609285254
107410073133419331,7.313414424156799,-0.48422000725501807
107410073136329639,7.3136388908182886,-0.4841340674624265
