objID,ra,dec
106430072060414562,7.206128500619521,-1.304934996307145
