objID,ra,dec
109460074983659601,7.498337343772903,1.2242509844455418
