objID,ra,dec
98140073912876034,7.391283111658724,-8.211911767630909
98140073910566394,7.39119896,-8.2117585
