objID,ra,dec
109320071831901936,7.183165765689009,1.1011374852023594
