objID,ra,dec
108880078371102316,7.837157735495727,0.734924405235703
