objID,ra,dec
105440072575590955,7.257689890307459,-2.1327408862179995
