objID,ra,dec
107450074241790373,7.424542830059858,-0.4585677794034392
107450074245490101,7.4245705794848105,-0.45864034270849663
