objID,ra,dec
108020073847069917,7.384721546880105,0.02455338978085624
