objID,ra,dec
95760074274194029,7.4274615995509565,-10.196928375691385
