objID,ra,dec
107250072165310926,7.21654996,-0.62454827
107250072162590822,7.216323395940385,-0.6247076309352385
