objID,ra,dec
109640073021156697,7.30209722,1.37184011
109640073018416784,7.30186026,1.37191588
