objID,ra,dec
100430072978094956,7.297843243661769,-6.304558362828337
