objID,ra,dec
108160077039241193,7.703957852497892,0.13392589181229547
