objID,ra,dec
108310071821597198,7.182179622010893,0.2638949676521738
