objID,ra,dec
109200077606660551,7.7606803858649895,1.0001262961220887
