objID,ra,dec
109110074674515928,7.46757005789942,0.9297165615502186
109110074676336235,7.467586102111409,0.9297295690987089
