objID,ra,dec
107990077497026773,7.749767821235677,-0.003069140606884282
107990077499726644,7.74986590790012,-0.003069282545561367
