objID,ra,dec
112860070368263474,7.036817643859096,4.052523325671802
