objID,ra,dec
109530078567524347,7.8565527453407,1.2781794843471612
109530078565014033,7.856497009728424,1.2780368312523487
