objID,ra,dec
110470071286637657,7.128432863987013,2.064281473849914
110470071282707408,7.128387619298269,2.0641960207895838
