objID,ra,dec
107730075175992148,7.517603369496616,-0.22345428983952031
107730075178732328,7.5176496,-0.22336113
