objID,ra,dec
110020078660894887,7.866117598284064,1.6870512124887032
