objID,ra,dec
108850078962470283,7.896274592365349,0.7082352019435673
