objID,ra,dec
112700076915885548,7.691609790620832,3.920894475823967
