objID,ra,dec
108680079287821598,7.928739602445411,0.5676281322002363
