objID,ra,dec
113540076415604957,7.641545016318521,4.620421880180906
