objID,ra,dec
107040076587622529,7.658781184203746,-0.7983042396466719
