objID,ra,dec
108070077121556794,7.7121871753079185,0.06359294376005024
