objID,ra,dec
96190072625432437,7.262546439857268,-9.839998961292963
