objID,ra,dec
112550075471760570,7.547189623216153,3.79173514991156
