objID,ra,dec
107680073027670123,7.302819078330149,-0.2669501558916792
