objID,ra,dec
113530071162949584,7.1163117079355205,4.615930761157888
