objID,ra,dec
99820073127427443,7.312583172174505,-6.810927063160081
99820073124297294,7.312483277356794,-6.810964055342167
