objID,ra,dec
103700078321298902,7.832154208673071,-3.5762598183555188
