objID,ra,dec
109340072137913583,7.213812860849597,1.1192519165330501
