objID,ra,dec
107920071898698994,7.189913786639022,-0.05952752287797304
