objID,ra,dec
107790072438169578,7.243860202619434,-0.1674702744064631
