objID,ra,dec
105910079124449984,7.912564362684071,-1.7337486828517035
