objID,ra,dec
106770076002350929,7.600220530166202,-1.0246775763015143
106770076000740621,7.60006075,-1.02485451
