objID,ra,dec
113750073166849198,7.31643307,4.79891443
113750073160839003,7.31620002,4.79878628
