objID,ra,dec
100750077615588325,7.76160895308587,-6.0351126505805865
