objID,ra,dec
111230079772102985,7.977208007175278,2.693726500130299
111230079771992633,7.97720111,2.69347229
