objID,ra,dec
108280073513617570,7.35126145,0.23921923
108280073510267441,7.351035004643339,0.23914266052725314
