objID,ra,dec
112850078859471948,7.885985574276402,4.04290265400937
