objID,ra,dec
108110070119807885,7.011968951663164,0.09787674943076942
