objID,ra,dec
107790073488854246,7.3488984879516,-0.17185934251203916
