objID,ra,dec
113090076275209947,7.62752655,4.24958575
