objID,ra,dec
106640077238654490,7.723890671850508,-1.1300246053553504
