objID,ra,dec
105160070646854611,7.064695334600836,-2.3632529571420964
