objID,ra,dec
109370077846822691,7.784631574132817,1.1435443484884555
