objID,ra,dec
98470071225539278,7.12257909790227,-7.934278297114589
