objID,ra,dec
108490074099332931,7.4099033470792435,0.4103671214864388
