objID,ra,dec
108290071608324264,7.16084032,0.24471268
