objID,ra,dec
107090079245468072,7.924551548690312,-0.7519857910276564
