objID,ra,dec
112430072574389751,7.257645478330965,3.6993690730797595
