objID,ra,dec
105430079506949958,7.950798248636218,-2.133704841750827
