objID,ra,dec
103610072732348432,7.273274287729173,-3.6516498027320226
