objID,ra,dec
101770079824061018,7.982440946203818,-5.1911813972318175
