objID,ra,dec
95630074464919191,7.44650938,-10.30093859
95630074464009510,7.446416442159379,-10.30069811991308
