objID,ra,dec
109050075146691263,7.51467158,0.87575947
109050075145271617,7.514557249589002,0.8759495475903372
