objID,ra,dec
112650077616301617,7.761642243712999,3.8759806543918622
