objID,ra,dec
99390070988349438,7.09879344,-7.16747161
99390070985439484,7.098602021268752,-7.1673750859592475
99390070981429639,7.09832648,-7.16734821
