objID,ra,dec
104780079399350121,7.9401253774387355,-2.6834745244304514
104780079400080482,7.940140496571495,-2.6834618727581736
