objID,ra,dec
107860076175453374,7.6175361739012715,-0.1142399316936378
