objID,ra,dec
105580075017362668,7.501638249763273,-2.014839881907831
