objID,ra,dec
95640074570142537,7.457026669848874,-10.29818244795467
