objID,ra,dec
107200079681314320,7.968151243086393,-0.6634420653708667
