objID,ra,dec
106120071759169669,7.175941211476392,-1.5589386236462541
