objID,ra,dec
108510078045972867,7.804573650909487,0.4269229998753878
