objID,ra,dec
106390075850862948,7.585149605065168,-1.3395177343574742
106390075853253285,7.58532589,-1.33933721
