objID,ra,dec
111790077769252987,7.776889981885065,3.16049525787143
