objID,ra,dec
108080073806488104,7.380634740729555,0.0730443058965967
