objID,ra,dec
108080074502097391,7.450218279515459,0.07239682390018193
