objID,ra,dec
108330072241160364,7.224126184719293,0.27487320213829824
