objID,ra,dec
107490075434251612,7.54335257,-0.42413639
107490075430621519,7.543217581016122,-0.4242341349399021
