objID,ra,dec
111300079156950343,7.915793509773298,2.7497744086198357
111290079157429913,7.91571129,2.74949261
