objID,ra,dec
110440079020434625,7.902055758707899,2.036797880965656
110440079021254971,7.90223197,2.03702925
