objID,ra,dec
104550078732792752,7.8731994,-2.8730113
