objID,ra,dec
106420073142110785,7.31425939,-1.31638572
106420073140450484,7.314112598473763,-1.3165579203541982
