objID,ra,dec
108120077818987268,7.781919323290937,0.10565909441246786
