objID,ra,dec
106610076085402633,7.608553164247211,-1.1564840601980173
