objID,ra,dec
106590070038171689,7.003841194821265,-1.1740242368011276
