objID,ra,dec
103670071613255654,7.16132732,-3.60392044
