objID,ra,dec
101030078290245416,7.829017057018521,-5.8041972723335435
