objID,ra,dec
111670072284818155,7.228594834048634,3.0647749121828536
