objID,ra,dec
102790076023041222,7.602462702980928,-4.340940238595685
