objID,ra,dec
109330079299092425,7.929925814108499,1.1100399554674425
