objID,ra,dec
95600071790028618,7.179019026879603,-10.326498530199189
