objID,ra,dec
109630078362978118,7.8362651304333015,1.364652760602871
