objID,ra,dec
110300075010980536,7.501055486622685,1.9167294180017491
