objID,ra,dec
113470077363163732,7.736356807822498,4.561058452657949
