objID,ra,dec
106600073007215791,7.300784901457932,-1.1620885568987764
