objID,ra,dec
111680076059499757,7.605974996753952,3.074391472969783
