objID,ra,dec
112360073663215113,7.366412953189492,3.6371969057126776
