objID,ra,dec
108290070484055449,7.048412123864754,0.24582744362890682
