objID,ra,dec
105370070822579372,7.082374454648219,-2.18417626683155
