objID,ra,dec
109370076316000467,7.631633985876572,1.141716228325912
109370076317950759,7.631807205653348,1.1419072452647403
