objID,ra,dec
99380075448327701,7.544853071774531,-7.17730215838069
