objID,ra,dec
104260075743297248,7.574348740685923,-3.1110244458002376
