objID,ra,dec
111400076663414922,7.666335636535444,2.8370411535674576
