objID,ra,dec
111650075651989165,7.565225453941767,3.0488911725460413
