objID,ra,dec
108050076564782851,7.656466993672393,0.04376635600948693
108050076562253062,7.656347438590414,0.04378212575283266
