objID,ra,dec
109950071739856114,7.17396949,1.62966652
