objID,ra,dec
102520078600363044,7.860054688394626,-4.564500935674791
