objID,ra,dec
103680074218252105,7.421976582181738,-3.598615153257029
