objID,ra,dec
110170072826920503,7.282700638712081,1.8083682446213774
