objID,ra,dec
98000077929523428,7.792989550722646,-8.330893454432319
