objID,ra,dec
107620071510870830,7.151036187121147,-0.3162866943496615
107620071506920800,7.150815653654825,-0.3163447591482451
