objID,ra,dec
109220077265073953,7.7264714313693705,1.0195457363655338
