objID,ra,dec
111470071626179411,7.162557527661041,2.8990901777786875
