objID,ra,dec
97480072523616959,7.252422754728423,-8.761212661169997
