objID,ra,dec
97810076821664218,7.682151602710572,-8.488494319648307
