objID,ra,dec
111560078749600066,7.8749402131131285,2.966183176373568
111550078749789700,7.874935904785434,2.966172602770994
