objID,ra,dec
105310076605309271,7.660398258676129,-2.23433204957432
105310076602389062,7.6603524652605754,-2.234202432568695
