objID,ra,dec
102040075703033348,7.570432190948945,-4.964228494484508
