objID,ra,dec
108170072971538550,7.29690282,0.1484401
108170072968758641,7.296899928930526,0.14843837079482108
