objID,ra,dec
111840078897260186,7.88982482880106,3.199844880290279
