objID,ra,dec
111090074373373332,7.437324437016478,2.5773611474198947
