objID,ra,dec
110170074803426353,7.48033304821941,1.8132008261322738
