objID,ra,dec
112300075471585980,7.54712658592702,3.5879300411149324
