objID,ra,dec
110220079039107726,7.903969007431513,1.8560022392189588
