objID,ra,dec
107720074329832088,7.432976594293142,-0.23197838162426207
