objID,ra,dec
106790073762105531,7.376236190067765,-1.0040924662339397
