objID,ra,dec
107510078003431668,7.800385626653525,-0.4073287065141956
