objID,ra,dec
112000078588770034,7.858841712162285,3.3329186735513336
