objID,ra,dec
106840079632205182,7.963309214908595,-0.96276335874376
106840079629624989,7.96298256,-0.96282892
