objID,ra,dec
99950074432055002,7.443249628093344,-6.704535416869441
