objID,ra,dec
109580077127440552,7.712714924664762,1.3167757567843168
