objID,ra,dec
109420074049320361,7.404950456570658,1.1832509156775664
