objID,ra,dec
103910074289915918,7.42904891,-3.40376557
