objID,ra,dec
112540075894610736,7.58953943702363,3.7835653871682347
