objID,ra,dec
101960070316696240,7.031675821705917,-5.028504516577359
