objID,ra,dec
108430075607150815,7.56080407,0.35863842
