objID,ra,dec
109020072999214407,7.299876473502963,0.8532492542147235
