objID,ra,dec
105010077809606868,7.780857608224361,-2.4863329140284702
105010077807696476,7.780811645625582,-2.4865126912559625
