objID,ra,dec
104830074616762988,7.461801224635216,-2.639527640711525
