objID,ra,dec
107380074932824625,7.493301024735269,-0.5132232895507294
