objID,ra,dec
109550077688085450,7.76875167,1.29580638
