objID,ra,dec
112410070596169193,7.059612738239931,3.6821638282143394
