objID,ra,dec
103700070037465713,7.004027698822503,-3.578855252016251
