objID,ra,dec
112640072477979994,7.247856803678186,3.874458207188899
