objID,ra,dec
106650072773938483,7.277551780329946,-1.1183519427274613
106650072776948377,7.277667548943211,-1.1183404177103038
