objID,ra,dec
106270076628097821,7.66275659,-1.43552028
