objID,ra,dec
112970077433398585,7.743394187760648,4.148340533773236
