objID,ra,dec
105670075849294620,7.585008850113222,-1.938239900761817
