objID,ra,dec
107630078885094387,7.8885113,-0.30503987
107630078882144427,7.88824952,-0.30502427
