objID,ra,dec
103700075349859853,7.53502589008692,-3.57546930131917
