objID,ra,dec
109960079518822050,7.951942455737399,1.6346910664641288
