objID,ra,dec
110420070642802354,7.064207927339198,2.0181701511355556
