objID,ra,dec
113250070001728732,7.00012036,4.38191443
113250070001479091,7.00016428,4.3821723
