objID,ra,dec
111330072328060817,7.232764182685299,2.775190210326188
111330072326500463,7.23265113,2.77502077
