objID,ra,dec
109070072935808591,7.293575619949727,0.8984523714106626
