objID,ra,dec
109400077156917647,7.715675229945296,1.17260584180657
