objID,ra,dec
107630076613033453,7.661330489068118,-0.3058246242898711
