objID,ra,dec
107390071170322574,7.117033570374378,-0.5065760388435069
