objID,ra,dec
107630077266607617,7.726703673651274,-0.3023574934626406
