objID,ra,dec
99910078398746092,7.839896885716353,-6.737010065679792
