objID,ra,dec
112920070099230939,7.009919747733904,4.100419181601911
