objID,ra,dec
101440076955648903,7.695628035520087,-5.459612234761307
