objID,ra,dec
106090071080763326,7.108111096886005,-1.5892079776039192
