objID,ra,dec
104490070640131147,7.064019496501261,-2.9243031064709233
