objID,ra,dec
109100077352398527,7.735238888774877,0.923402204606928
