objID,ra,dec
107010076930650656,7.6930837538048475,-0.8248574814032592
