objID,ra,dec
108260071378333533,7.13780237,0.21933597
108260071374853646,7.137522387326469,0.2193087536771966
