objID,ra,dec
108690070520874350,7.052118686882835,0.5782855659847473
