objID,ra,dec
108030075791222239,7.579168672451095,0.026483874814799302
