objID,ra,dec
112040079810625451,7.981117670067093,3.3707515136986026
