objID,ra,dec
103890072513517541,7.251340918021916,-3.419079420461186
