objID,ra,dec
105430073048969679,7.304750782400157,-2.133918740812623
105430073046609863,7.30468181,-2.13381997
105430073045069552,7.304730007116802,-2.1339430648099653
