objID,ra,dec
108370078432142286,7.843178294587288,0.309905437819925
