objID,ra,dec
100020072992162309,7.299239119200401,-6.648441068398869
100020072990872011,7.29908574,-6.64865268
