objID,ra,dec
112730078415796522,7.841535252659976,3.9467058789881095
