objID,ra,dec
107600079108361525,7.910816128150746,-0.3324091566442365
107600079107221903,7.9108156795987385,-0.3323168900612478
