objID,ra,dec
110150071283532592,7.128382292800966,1.793428746147988
