objID,ra,dec
98930079265084282,7.9265740174652946,-7.55514181369363
