objID,ra,dec
107760078226439957,7.822723454971546,-0.1920920202496014
