objID,ra,dec
107370075893143223,7.589317656715006,-0.5227132511482071
