objID,ra,dec
99450072921479629,7.292212693337558,-7.117340557923983
