objID,ra,dec
103000075580832496,7.558140775512111,-4.164964607694356
