objID,ra,dec
108790072582128574,7.258187812551188,0.665062706129453
