objID,ra,dec
98910075314934377,7.531524597217999,-7.571745134872104
