objID,ra,dec
99320072510170366,7.251123365518272,-7.233406784199748
