objID,ra,dec
113420071868570745,7.186890731367455,4.516865571082328
