objID,ra,dec
105470075004099768,7.500523683370079,-2.100598438467826
