objID,ra,dec
108570076332574659,7.633218365998611,0.47829985145227805
108570076331414340,7.633204902811459,0.47830180290420193
