objID,ra,dec
107060073581267414,7.3582146237545825,-0.7775592541754667
