objID,ra,dec
97930076746312521,7.674648094931551,-8.389919724197226
