objID,ra,dec
110920078651823837,7.865168375770989,2.436165068855
