objID,ra,dec
113660076895855939,7.68960328,4.721219
113660076894135574,7.689403840202729,4.721039343708535
