objID,ra,dec
100710076606884220,7.660737844958014,-6.071795372152191
100710076604704444,7.660738108570667,-6.07178972150212
