objID,ra,dec
112290078027845097,7.802821806639007,3.578873058917176
