objID,ra,dec
110820072099531530,7.209890101758288,2.3508954185611732
