objID,ra,dec
94600071289458859,7.129026686164562,-11.159621623458719
