objID,ra,dec
102310074015787892,7.401676158889474,-4.735527158435992
102310074015037546,7.40149129,-4.73573363
