objID,ra,dec
113380076277727356,7.6276228100539685,4.4889280232084925
113380076276037057,7.627612261987083,4.488952076870776
