objID,ra,dec
104880071290358915,7.128986320198571,-2.592967543318929
104880071287779142,7.1288189,-2.5928926
