objID,ra,dec
99390073859738357,7.386053507188693,-7.168425564902253
