objID,ra,dec
110120075457537351,7.545700512367833,1.772451152981909
110120075455577800,7.54555462067169,1.7725606241703522
