objID,ra,dec
107630075468837461,7.546922922324227,-0.30246474312616944
