objID,ra,dec
106390075529602203,7.55296817,-1.34022394
