objID,ra,dec
107190074965315127,7.496540054262538,-0.6711553840036951
