objID,ra,dec
107000077641408768,7.764152621490205,-0.826418383516749
