objID,ra,dec
103630071687881031,7.168755384992451,-3.641127602827424
