objID,ra,dec
105780070270975415,7.027096067375824,-1.84579828749508
