objID,ra,dec
95330079121918414,7.912238,-10.551453
95330079121088864,7.912170585094233,-10.551266685943775
