objID,ra,dec
107400074037402440,7.403728827297699,-0.4983338522682441
