objID,ra,dec
107710074090909083,7.409092116041346,-0.23450193465312325
