objID,ra,dec
107450073042699422,7.304306478164779,-0.4508829985825375
107450073043198895,7.304304299039999,-0.4509231220978582
