objID,ra,dec
107800079569831821,7.957024305616416,-0.16554683480218868
