objID,ra,dec
107680074065458517,7.406573851484681,-0.259963005861552
