objID,ra,dec
109100075136151825,7.513684139132594,0.9178467024422394
