objID,ra,dec
108480076049154452,7.604904991065457,0.4032955473829065
