objID,ra,dec
108680077142547682,7.71426208186501,0.5727002197797597
