objID,ra,dec
109170077707853484,7.770785412176478,0.9775278515787759
