objID,ra,dec
108070077831135417,7.783142532014264,0.06244648364962759
