objID,ra,dec
105670073243976787,7.3245203629786975,-1.936468665402216
