objID,ra,dec
102390071514617687,7.151455687793506,-4.668986140548662
