objID,ra,dec
99090079253923986,7.925255037881462,-7.422012675968218
