objID,ra,dec
104410071544855247,7.154524713642536,-2.9876900056901237
