objID,ra,dec
106270079360504511,7.936076108935952,-1.438442821583986
