objID,ra,dec
107800074491765718,7.44920525,-0.1622767
107800074492556088,7.449188949979805,-0.16203179017930958
