objID,ra,dec
98610071600718248,7.160109655726171,-7.818491334034251
