objID,ra,dec
106850076420391609,7.64205798,-0.95741473
106850076417161609,7.641782567986141,-0.9573680958535644
