objID,ra,dec
108110074159146641,7.4159688277737335,0.0968462055945999
