objID,ra,dec
110790078149715692,7.814968453497197,2.3293750356609992
