objID,ra,dec
99430076344449048,7.634357107144696,-7.134576508520089
99430076341169006,7.634353624678079,-7.134580475044452
