objID,ra,dec
110390076895869868,7.689567042767675,1.9994855863463308
