objID,ra,dec
108630074015012831,7.401471894982417,0.5269932408004135
