objID,ra,dec
105160075863904882,7.586431392686663,-2.363057427539795
105160075863184555,7.586373079280191,-2.3632225786319845
