objID,ra,dec
107730074041146967,7.404131482201822,-0.21959598596268126
