objID,ra,dec
98850070591807715,7.059058713484604,-7.618950026496466
98850070589247535,7.059037576804838,-7.618983200066434
