objID,ra,dec
112670070303109562,7.030293050408813,3.8992467632268335
