objID,ra,dec
109410077097074721,7.709547568501485,1.1786188948295853
109410077092534814,7.709461876837607,1.1786349411177905
