objID,ra,dec
109140071948597963,7.19486373774341,0.9561342754391428
