objID,ra,dec
105420077528257932,7.752847195033385,-2.143780663833207
105420077527227602,7.75270581,-2.14400676
