objID,ra,dec
110780079649592668,7.964964625160146,2.3183342670014127
110780079649551962,7.964931596557217,2.318040767725679
110780079648142287,7.9649325255459855,2.3181135553216867
