objID,ra,dec
102060075473777087,7.547377877841227,-4.944419915915059
