objID,ra,dec
107750077924679290,7.792549156770617,-0.2008909383136871
