objID,ra,dec
98380075021834019,7.502234018441527,-8.013733194989472
98380075021793632,7.50221577,-8.01397378
