objID,ra,dec
107900077236720627,7.72377951617544,-0.08323854782612804
