objID,ra,dec
107150077213094869,7.721332350962848,-0.7046908125803893
