objID,ra,dec
106460072849216413,7.284972268678644,-1.2783469293190888
