objID,ra,dec
98990070735249060,7.073560115295368,-7.5012034995888355
