objID,ra,dec
111600078926429839,7.8925821849560736,3.007772708234307
