objID,ra,dec
109500075772090428,7.5771095472759855,1.2499783927320336
109500075771740685,7.577138084333191,1.2500058262255576
