objID,ra,dec
103950073007350716,7.300665352746831,-3.37472651534369
