objID,ra,dec
99740073726214069,7.3726208,-6.88027115
99740073723784297,7.372466831840639,-6.880125865884085
