objID,ra,dec
107820073122566238,7.312280288238557,-0.14517205326183083
