objID,ra,dec
108040078201040752,7.820136048454645,0.03354300102554065
