objID,ra,dec
112860072623107456,7.262331969119231,4.055838103699518
