objID,ra,dec
106120073057141229,7.305650216023794,-1.5660824858279632
106120073054391427,7.30547099,-1.56584891
