objID,ra,dec
110750075360292576,7.5359858249606715,2.2935130012250533
110750075357952872,7.535900289983771,2.2935399301901445
