objID,ra,dec
106860076167327361,7.616755131617616,-0.9442864144826959
