objID,ra,dec
108420078629900113,7.8630300483536875,0.3497472807561451
