objID,ra,dec
109740072823838293,7.28240635,1.45650756
