objID,ra,dec
106970078885104749,7.88850338,-0.85476785
106970078884134350,7.888458366974998,-0.8550086855801514
