objID,ra,dec
109450074344028743,7.434311315812219,1.2152110222682824
109450074341078952,7.434181173308276,1.2152992849832334
109450074340948585,7.434174714013918,1.2152166591243756
