objID,ra,dec
109030076088296133,7.608849975310041,0.8630373629412754
