objID,ra,dec
111350070768539747,7.0769006631669065,2.799341942752565
