objID,ra,dec
112070076294293985,7.62942919820071,3.3945726336668693
