objID,ra,dec
108990073524087428,7.352294,0.830908
108990073523757811,7.352368863515685,0.8311276057075004
