objID,ra,dec
104780078779813581,7.87819379161126,-2.6807412991865465
