objID,ra,dec
103500074735485768,7.473571303467708,-3.7455090323672837
