objID,ra,dec
105350071355676819,7.1356550830611525,-2.202977394872588
