objID,ra,dec
103840077212264829,7.721283544682807,-3.4630122632312026
