objID,ra,dec
94840072685278053,7.268549565111459,-10.960164891385036
94840072684798403,7.268576437122311,-10.960148494295813
