objID,ra,dec
112370078057727955,7.805830979020494,3.6479919831513827
