objID,ra,dec
108370072749285669,7.274886744260301,0.31263861097825674
