objID,ra,dec
109460077018246332,7.701815462146759,1.2215667888361539
