objID,ra,dec
98350071301930548,7.130196426732942,-8.041546285426346
