objID,ra,dec
109370074971764313,7.497126042732135,1.1449131099499927
109370074969424661,7.49699894,1.14516554
109370074968054327,7.49698253,1.14487763
