objID,ra,dec
105820070437312005,7.043723777780979,-1.8154142774850421
