objID,ra,dec
110180071045411137,7.1046343957609155,1.817256563208638
