objID,ra,dec
97080077863644444,7.786335605958195,-9.096633303244277
97080077861424236,7.78614027,-9.0967975
