objID,ra,dec
101560076042929284,7.6042993376689845,-5.359307406075778
