objID,ra,dec
100360077909380437,7.791025180093681,-6.366656336747695
