objID,ra,dec
100770078297222077,7.829616054414369,-6.023507008428243
