objID,ra,dec
110680078454276915,7.845348541593384,2.2388932940954116
