objID,ra,dec
113520073409598103,7.3409269038868565,4.606359760891161
113520073407948489,7.340947050831303,4.606365884797186
