objID,ra,dec
104620073576622736,7.357573189594001,-2.8148446004640477
104620073573402308,7.35742846,-2.81495759
