objID,ra,dec
111450079486345290,7.948674701378248,2.879012430345238
