objID,ra,dec
107650072136477211,7.21369449890513,-0.28600639715638343
