objID,ra,dec
107110078217909947,7.821792091472487,-0.7337839955001596
