objID,ra,dec
105380070428182346,7.042724814230384,-2.1818108561455456
105380070426292084,7.042716820724204,-2.1818230413525153
