objID,ra,dec
107450075376832980,7.537715270919825,-0.45625552164170347
