objID,ra,dec
112580079290305032,7.92904696,3.82050395
