objID,ra,dec
102710071873928169,7.187419264107293,-4.4018705711845065
