objID,ra,dec
111680079993505892,7.99930012,3.07097238
111680079991065730,7.99912517,3.07090034
