objID,ra,dec
108010078290752695,7.829228007678922,0.010224756864083646
108010078294842655,7.82948517,0.01018368
