objID,ra,dec
98040073250947867,7.325213439089555,-8.293804888267022
