objID,ra,dec
106580075639046255,7.563927919566934,-1.1785073784765208
