objID,ra,dec
108970079643124697,7.964350548995568,0.8119465902268478
108970079640784935,7.964280330603032,0.8119924554988002
