objID,ra,dec
110220079421999850,7.94221446,1.85785374
