objID,ra,dec
109240075724796708,7.572222191824751,1.038555825840128
109240075720216715,7.57203174346754,1.038587107722552
