objID,ra,dec
106180072815786535,7.281620534148781,-1.5115233431598496
106180072815506930,7.281621811266606,-1.5114371063112537
