objID,ra,dec
109320071187799219,7.118798387876239,1.1073087264986357
