objID,ra,dec
107770073580238931,7.358039215033698,-0.18461336795619643
