objID,ra,dec
107920073613440146,7.361324612352199,-0.06695014411567143
