objID,ra,dec
111860077784768252,7.778418932640154,3.2231688358201094
