objID,ra,dec
107700073705471577,7.370564186682625,-0.24908497926115108
