objID,ra,dec
110670075722401543,7.57224031,2.22591708
