objID,ra,dec
108340074890625580,7.489114597700876,0.28760159284671705
