objID,ra,dec
111930071009383982,7.100978105230794,3.2778896123763013
