objID,ra,dec
97830072112412946,7.2113706906799235,-8.472791903742879
