objID,ra,dec
106010078702144898,7.870310786540526,-1.6547273754184373
