objID,ra,dec
112120077666620894,7.766656121238523,3.433709150957915
