objID,ra,dec
110140075175340846,7.51751158,1.78366313
