objID,ra,dec
104870076778600382,7.6778602723444065,-2.608387388064173
