objID,ra,dec
108320074938055135,7.49387394561389,0.2705923312049438
