objID,ra,dec
102940076759152171,7.675805058258203,-4.215133647832317
102940076755672184,7.675786010563614,-4.215139919197414
