objID,ra,dec
108910072556907023,7.255877470986192,0.7637028810541016
