objID,ra,dec
106990072364081421,7.23648844576557,-0.8408313203454277
