objID,ra,dec
104150071521197456,7.152025661525665,-3.20240513544117
