objID,ra,dec
111170072239900541,7.223932944289877,2.641688950176233
