objID,ra,dec
108910071471543530,7.147175699320221,0.7609096710393972
