objID,ra,dec
99720071006643055,7.100657359243904,-6.897944170689231
99720071005302739,7.100585214486685,-6.898005404878112
