objID,ra,dec
110860078133686693,7.813366215821382,2.3885493831426508
