objID,ra,dec
113130077934318700,7.793434208469011,4.28176122685112
