objID,ra,dec
108220075989730859,7.59897444,0.18374112
