objID,ra,dec
101920074421834961,7.442221789127511,-5.062895276817024
