objID,ra,dec
107890072975398629,7.297562728575403,-0.08484871110570148
