objID,ra,dec
112060077687375512,7.768701856697798,3.3875559484063382
