objID,ra,dec
107130077771141218,7.7771238652787815,-0.7243940948579667
