objID,ra,dec
109020076923148335,7.692176148370944,0.8566358831698255
