objID,ra,dec
109360078029997964,7.803044536206624,1.139604427675198
