objID,ra,dec
105250071889212662,7.189020384349262,-2.289879072115233
