objID,ra,dec
107780070891213893,7.089161558283543,-0.18043364401463838
