objID,ra,dec
108920072943290600,7.294284722436617,0.7666059404580753
108920072942520257,7.294279621201622,0.7665590998953873
