objID,ra,dec
110250072252772296,7.225353351693792,1.8764514020026866
