objID,ra,dec
109080072093272821,7.209471223503746,0.9019132886481951
