objID,ra,dec
109070078755719726,7.875602725049788,0.8994168561988078
