objID,ra,dec
104180079850453485,7.98507648394207,-3.1807882908753475
