objID,ra,dec
108760071930159979,7.193030026299471,0.6412832850922398
