objID,ra,dec
108610075429374092,7.543019884535845,0.5114074242662237
