objID,ra,dec
113310074251900616,7.4252296310195405,4.425043827042773
