objID,ra,dec
104890075954035047,7.5954195250384755,-2.587911303553608
