objID,ra,dec
108080078013219895,7.80132984393657,0.07449539358885253
