objID,ra,dec
110930077412864572,7.741229224061638,2.4451592843588066
