objID,ra,dec
111710070103650176,7.010369525992368,3.091400631043442
