objID,ra,dec
104630073343758263,7.334561938501058,-2.8016860863688104
104630073347938377,7.33474322,-2.80164569
