objID,ra,dec
100450075279338370,7.5279873721726,-6.285107866669846
100450075279047940,7.52793993,-6.2854415
