objID,ra,dec
108160070867335685,7.086777061997056,0.13767923655889142
