objID,ra,dec
108460072926382401,7.29258076,0.38477721
108460072925122054,7.292495567891213,0.3846317778542062
