objID,ra,dec
112920079573968993,7.957368548908819,4.106927191961359
112920079573288610,7.957386808879632,4.106829438331703
