objID,ra,dec
95500070542910004,7.054275369009486,-10.417031089457371
