objID,ra,dec
107540074916482858,7.491646737921151,-0.38120084992794534
