objID,ra,dec
105530071303803127,7.13038983,-2.05609166
105530071300873104,7.13016949221843,-2.05609955384932
