objID,ra,dec
110390072717047324,7.2717100375306085,1.9973948693191899
