objID,ra,dec
108190075276347320,7.527694096359702,0.16405137211717916
