objID,ra,dec
114030076166446869,7.616690195961502,5.030267840974378
