objID,ra,dec
99760072739283529,7.273959314373356,-6.864084836592591
