objID,ra,dec
113280077301900971,7.730203270502339,4.400438936119045
