objID,ra,dec
106900075634925578,7.563523332290467,-0.9124826221619086
