objID,ra,dec
110730073048598156,7.304875687183529,2.281413565561545
