objID,ra,dec
112940074042147449,7.404277151329136,4.122559199605755
