objID,ra,dec
98890070069171410,7.006935594924489,-7.5909041207692765
