objID,ra,dec
95180078646309605,7.864770184303496,-10.675799860856701
