objID,ra,dec
111030070345457713,7.0345377633616515,2.53109752958341
