objID,ra,dec
109260074544884752,7.454480719242,1.0535953284346344
