objID,ra,dec
111520071140990156,7.114109469641782,2.933052237798901
