objID,ra,dec
104840074982307706,7.498179255619853,-2.627251869082666
