objID,ra,dec
104650079528339039,7.952804500746325,-2.7844879009238706
