objID,ra,dec
103580077832756201,7.783330403993723,-3.678473316157383
