objID,ra,dec
107850073310346301,7.331074122971089,-0.12011053291613381
