objID,ra,dec
107660073534060391,7.353444119491773,-0.2833935814603243
