objID,ra,dec
100010076896351229,7.689582806797509,-6.657682497312288
100010076893451230,7.6895650021193145,-6.6576756705286115
