objID,ra,dec
106770077989780250,7.799001038854351,-1.0251492091166103
106770077991780497,7.7990837082084585,-1.024993631851892
