objID,ra,dec
107230072485950178,7.248671183743787,-0.6419078359612657
