objID,ra,dec
103620078311193734,7.831160018130632,-3.6473014528582848
