objID,ra,dec
109760079744165944,7.974396678932206,1.4712891434334439
