objID,ra,dec
98870072920246142,7.292059283989843,-7.603599471435502
