objID,ra,dec
101570077440894029,7.744267484699067,-5.355339286011097
