objID,ra,dec
113510074177514197,7.41774173922859,4.5947566117016025
