objID,ra,dec
111230076230011269,7.622979569239025,2.6923225251869205
