objID,ra,dec
112450077340304238,7.734051634652547,3.711490222093692
