objID,ra,dec
101910078450623995,7.845159332346162,-5.071944104231384
101910078452694251,7.845167544698701,-5.071894355340695
