objID,ra,dec
107600070103342780,7.010322177374207,-0.33135442608083865
