objID,ra,dec
108150073955860523,7.395576533141552,0.12502469885423334
