objID,ra,dec
104200078432832204,7.843319395902714,-3.1651937752814194
