objID,ra,dec
102350073823480436,7.382304804835997,-4.7083139209430644
