objID,ra,dec
107040070422049259,7.042199254580929,-0.792738392483849
