objID,ra,dec
113900078143130750,7.814303334111585,4.916920268390971
