objID,ra,dec
108140071517301852,7.15187066714446,0.11772300720985625
108140071519661648,7.152002411639344,0.11762122440738382
