objID,ra,dec
106140073944082334,7.394417443017917,-1.5483919567771676
