objID,ra,dec
108360074033801812,7.403376843916304,0.3010491297262545
