objID,ra,dec
105420076312510580,7.631361082662031,-2.1498618882306495
