objID,ra,dec
107700072060130318,7.206008546005591,-0.25012389615419206
