objID,ra,dec
103930071869469146,7.186956955142491,-3.3843493047760305
