objID,ra,dec
106740076917463917,7.691727450037691,-1.0471253414512076
