objID,ra,dec
97000071936736055,7.193692374479653,-9.162017480174937
