objID,ra,dec
102220074200367363,7.420052012785807,-4.810908600823961
