objID,ra,dec
105280076316794110,7.631843225327434,-2.263589190742381
105280076319434245,7.631878094224386,-2.263586468151731
105280076319563874,7.63192571,-2.26354327
