objID,ra,dec
112740070635587877,7.063526140385193,3.956174290223542
