objID,ra,dec
108990079356943056,7.935736473211285,0.8272112715311203
