objID,ra,dec
112630071369441666,7.137002971712557,3.8592960524294138
