objID,ra,dec
113780071926745006,7.192734175677129,4.820401284854939
