objID,ra,dec
109090072778137029,7.277830032530031,0.9138593905549233
