objID,ra,dec
107210077536657463,7.753691726448905,-0.6525415224171184
