objID,ra,dec
107760078582479087,7.858300465367107,-0.1927966378236078
