objID,ra,dec
106970079815508109,7.9815569013098315,-0.8519002364098436
106970079812357924,7.98151792,-0.85187516
