objID,ra,dec
112610075033983218,7.503470686701232,3.8439824913280014
