objID,ra,dec
107800072934193926,7.293453619073465,-0.16377382073775862
