objID,ra,dec
98270070910610261,7.091139105675126,-8.108531038631735
