objID,ra,dec
103740075632470711,7.5635075081145136,-3.5497344964601965
