objID,ra,dec
112390077981160917,7.79811480797721,3.6587414261098807
112390077979700626,7.79797527,3.65849637
