objID,ra,dec
107430070710620852,7.071085831437852,-0.4746876733718246
