objID,ra,dec
99870079211076637,7.921031055049305,-6.769859885967544
