objID,ra,dec
105150077117204085,7.71173035563223,-2.371986477233008
