objID,ra,dec
99110078752321306,7.875245851040903,-7.407612433225496
