objID,ra,dec
113390074065672489,7.40645808,4.49327767
113390074064032201,7.40645870234212,4.493063168267395
