objID,ra,dec
106790071489895966,7.148902195863627,-1.0037569587738862
