objID,ra,dec
107770074770591453,7.477120953352877,-0.19080843349382526
