objID,ra,dec
106760078777847575,7.878040994390744,-1.027273794527821
106760078780397783,7.8780509230331255,-1.0272605441771983
