objID,ra,dec
112110071033938164,7.103464752942973,3.431383316789285
112110071034708516,7.103522391398711,3.4316121529940053
