objID,ra,dec
108380072575269799,7.25762945,0.32436739
108380072577799528,7.257784433555762,0.3242019144533527
