objID,ra,dec
108330074988117171,7.498806902889549,0.28056172623011666
108330074985377058,7.498631374925765,0.2805588683937487
