objID,ra,dec
107380079507843282,7.950811582992317,-0.5143105637400339
