objID,ra,dec
107760077852188266,7.785244710383494,-0.1935078670798801
