objID,ra,dec
111630073441554086,7.344159298216044,3.0280358228174213
