objID,ra,dec
107700071805088322,7.180533032847036,-0.24341132085815048
