objID,ra,dec
101630070943396620,7.09438832,-5.30315989
101630070939446506,7.094109915478851,-5.303263763770311
