objID,ra,dec
105390077202931206,7.72032556,-2.17435438
105390077201781512,7.720224328453684,-2.1741031368736548
