objID,ra,dec
101840079863630325,7.986513056401952,-5.133430489090673
