objID,ra,dec
104760076357170772,7.635717231382801,-2.6996623835818387
