objID,ra,dec
107750074295018409,7.4294898772078835,-0.20173835956011976
