objID,ra,dec
111140075964322958,7.596508464930219,2.6188011054517832
