objID,ra,dec
110050079857202128,7.985724547287711,1.7096294480266498
