objID,ra,dec
109750071174761712,7.117481219921694,1.4592924473668283
