objID,ra,dec
104890073757340225,7.37570003025074,-2.5918855247563077
