objID,ra,dec
109490077510903239,7.751071092393477,1.243964061791958
