objID,ra,dec
111370077001109999,7.700048692593997,2.816314103172791
