objID,ra,dec
106680078194837167,7.81949890423517,-1.094406274404736
