objID,ra,dec
109220073209198965,7.3209055222200785,1.023760312913826
