objID,ra,dec
100710078077153279,7.8077169682259715,-6.072624483382889
