objID,ra,dec
107990073220625299,7.3222795581941185,-0.0041629856312442245
