objID,ra,dec
103050078686054307,7.86857929037088,-4.1217159907303555
