objID,ra,dec
104280072401454061,7.240083174585346,-3.0970460911002102
