objID,ra,dec
97040074789478114,7.478999153441278,-9.126902231177827
