objID,ra,dec
100410071562920789,7.156348037463265,-6.32473839552147
