objID,ra,dec
111000075694541895,7.5694931603353295,2.501091791316608
