objID,ra,dec
108700076174187979,7.617439938450701,0.5895999841433759
