objID,ra,dec
113040070579009781,7.057950124035071,4.2077954020121995
