objID,ra,dec
101330076683460014,7.668257010940693,-5.558622515877226
