objID,ra,dec
108250076552719197,7.6553455509014325,0.2155499465765802
