objID,ra,dec
109430075534790901,7.553515850598145,1.192051651332475
