objID,ra,dec
107460071043988543,7.104425865219022,-0.4432727912361812
