objID,ra,dec
107000079927837485,7.992814550713116,-0.8274689191384696
