objID,ra,dec
112370072891331319,7.289075379209817,3.6424094438285626
