objID,ra,dec
112860079753301412,7.97534204752952,4.0507710241213415
