objID,ra,dec
103970072798053322,7.279863796729315,-3.3558779692579432
