objID,ra,dec
113900071734934295,7.173508865255421,4.919784164835882
