objID,ra,dec
109710072558396074,7.255866390068891,1.42972358936218
