objID,ra,dec
106990075533296335,7.553350281759683,-0.8368112572709993
106990075531706005,7.5531836,-0.83701194
106990075531676685,7.55327155,-0.83665496
