objID,ra,dec
113680070550550312,7.0550906423692075,4.733187716725001
113670070552119988,7.05522998,4.73295326
