objID,ra,dec
108280071610996114,7.161106482324651,0.23800012152780195
