objID,ra,dec
108150075412591920,7.541293718231811,0.12627880273207942
108150075415292140,7.54154043,0.12635303
