objID,ra,dec
111410079775847245,7.977564259597659,2.8472730055353352
