objID,ra,dec
103360077541839041,7.75418598786364,-3.8594704601738004
