objID,ra,dec
101640079811422189,7.981139005591815,-5.298542910130711
