objID,ra,dec
104300079747922616,7.9748419197336275,-3.0814308077497063
