objID,ra,dec
102770072482737775,7.248073619516278,-4.352303292296111
