objID,ra,dec
108430079263480523,7.926383976233798,0.35840655166162527
108430079266170695,7.926495462468121,0.3584432392605213
