objID,ra,dec
105150072921554557,7.2921483394324484,-2.3715199871476735
