objID,ra,dec
107760072711508949,7.271192562276282,-0.19290805194265517
