objID,ra,dec
109490072229230277,7.222904266202944,1.2414955485361738
