objID,ra,dec
107940076131346218,7.613086087819441,-0.04518182970383579
107940076128716374,7.61291967,-0.04505622
