objID,ra,dec
100700073626883188,7.362681054732271,-6.080988215639356
