objID,ra,dec
94720072627064234,7.262746954660667,-11.063460893676787
