objID,ra,dec
98170076993633585,7.699338755910861,-8.188979703689233
98170076991124047,7.69919758,-8.18885316
