objID,ra,dec
105870075205236547,7.520614926217415,-1.7699598008293305
