objID,ra,dec
96240078954327076,7.895464100539079,-9.794445287801757
