objID,ra,dec
99090072853750648,7.2854547775373435,-7.424877122691873
