objID,ra,dec
103090070358263707,7.03585039,-4.08899022
103090070357343250,7.03573414,-4.08930183
103090070356503494,7.03565082,-4.08909802
103090070355803722,7.03574547,-4.08891981
103090070355343375,7.03553448,-4.08919761
