objID,ra,dec
108750077997881860,7.799733693924731,0.6261951355615578
