objID,ra,dec
109390077764803887,7.776457587838457,1.1612000587480413
