objID,ra,dec
109400075032794159,7.503211197929094,1.1697985249228695
