objID,ra,dec
103970077129013078,7.7129337233748805,-3.356095842317916
