objID,ra,dec
102210071414523313,7.141484737986096,-4.82261602274753
