objID,ra,dec
106330074518916139,7.451919306849374,-1.386955902642265
