objID,ra,dec
105460075059139729,7.505980947841889,-2.108851312780333
