objID,ra,dec
106670079469081385,7.94696741875264,-1.1075558305951432
