objID,ra,dec
109210077502022691,7.7501917146711845,1.010195000382913
