objID,ra,dec
113800072545839684,7.2545321888271745,4.840963659952122
