objID,ra,dec
102780073631506019,7.363167392636403,-4.345407497673962
