objID,ra,dec
109050072762258034,7.2758217974402735,0.8812745557106534
109050072758217991,7.27581234330886,0.8812884476822447
