objID,ra,dec
102640070944122764,7.0944265254319445,-4.46471517139487
102640070946792708,7.09462043,-4.46467059
