objID,ra,dec
103070072967240267,7.296752684029155,-4.108552994252225
