objID,ra,dec
107090073980288882,7.3981516367511055,-0.7513099289073534
