objID,ra,dec
112260071798304253,7.179833701097122,3.5532015394435437
