objID,ra,dec
112220078734962924,7.873514002806919,3.5187662727557973
