objID,ra,dec
112280077166999909,7.716768871178019,3.574605414093581
