objID,ra,dec
107160073479599485,7.348068928379637,-0.6924163539255449
