objID,ra,dec
108320075673099980,7.56736432210022,0.2746004551885857
