objID,ra,dec
99400074914433753,7.49141086153127,-7.163918565200074
