objID,ra,dec
99200074268681576,7.426903547742992,-7.332343034313492
