objID,ra,dec
108870075266741973,7.52669265,0.72624949
108870075266061574,7.526619059071856,0.7259774856258843
