objID,ra,dec
103780075751288622,7.5751587,-3.50983456
103780075747428504,7.574904368570021,-3.509888663291078
