objID,ra,dec
107430074086422477,7.408699322083311,-0.4733845678933587
