objID,ra,dec
101180070750682934,7.075153154638022,-5.681261294461942
