objID,ra,dec
104430075933224289,7.59334707615523,-2.97181602627259
104430075931503938,7.59315286,-2.97199977
