objID,ra,dec
112230075789768691,7.578993321514173,3.5318316504016547
