objID,ra,dec
111110087351241308,8.735230441557093,2.5922475207359374
