objID,ra,dec
108770080456676912,8.045360252209878,0.6470593361294489
108770080453126989,8.045352329886926,0.6470618425535526
