objID,ra,dec
100480089163513683,8.916396867410452,-6.2639071091451735
