objID,ra,dec
109030086194224617,8.619452623233213,0.8617970541980858
