objID,ra,dec
101270087076768453,8.707683881126416,-5.601596932939666
