objID,ra,dec
106890082546197342,8.254574930193398,-0.9192262898963467
