objID,ra,dec
103790085626422167,8.562593381248826,-3.5069741684661144
