objID,ra,dec
103850080667511911,8.066749812844318,-3.457035527628749
