objID,ra,dec
111410086052777922,8.60531913140273,2.8478758338993337
