objID,ra,dec
104900089141249657,8.914209563000655,-2.5756907719098505
