objID,ra,dec
109020081724188889,8.172528618188721,0.8571509589062243
