objID,ra,dec
108680084474503389,8.447475840553109,0.5691953090431345
