objID,ra,dec
111070086935939388,8.693625352343837,2.565693349188732
