objID,ra,dec
107160087036318776,8.703753019595057,-0.6933078811006144
107160087037108456,8.703768808964215,-0.693327684482591
