objID,ra,dec
110640080641209619,8.064154362915737,2.2075639664968447
