objID,ra,dec
102670087464807861,8.746642496329123,-4.4356239844349385
