objID,ra,dec
104710081642840139,8.164256927299945,-2.7418158544793565
