objID,ra,dec
108130086925487732,8.692584267324174,0.1143550473544281
