objID,ra,dec
111210080319285869,8.031972655519102,2.6794915099455556
