objID,ra,dec
111010089311375933,8.93115805807393,2.5128707793314833
