objID,ra,dec
111090089479360092,8.947977136276634,2.5746726481985873
111080089480349778,8.947988392727881,2.5746650015690733
