objID,ra,dec
109590080871942540,8.087223011506925,1.3267669330992047
