objID,ra,dec
109430086011551957,8.60113902,1.19291505
109430086009712238,8.600943365921,1.1930871186155498
