objID,ra,dec
102540084026433811,8.4027043,-4.54723191
102540084022603767,8.402434174624512,-4.547221210015974
