objID,ra,dec
111790084770922019,8.477088134626985,3.159438598475479
111790084767881860,8.476760757958635,3.1595378018474953
