objID,ra,dec
109440083837198221,8.383769535730533,1.2064623872301232
