objID,ra,dec
101070085464168026,8.546465824608283,-5.768686657622356
