objID,ra,dec
113720081928997530,8.19288100908389,4.772537322854636
113720081926187506,8.19287506,4.77256794
