objID,ra,dec
111060084644296808,8.464416167529066,2.5552775289172622
