objID,ra,dec
106390087825799379,8.7825947530814,-1.3341445375709395
