objID,ra,dec
103770086195740540,8.619562026528328,-3.5248816395949447
