objID,ra,dec
111050087211435692,8.721108692257236,2.546020365977956
