objID,ra,dec
109970089846553091,8.984690076165624,1.6438737659167553
