objID,ra,dec
104420089793133956,8.97945861509323,-2.9804550725853347
