objID,ra,dec
110860086860774858,8.686189875549015,2.386997938715217
