objID,ra,dec
99980085144887069,8.514589778854932,-6.677815105415355
