objID,ra,dec
106130082651439778,8.265209714715974,-1.5505552256859392
