objID,ra,dec
102690089678472867,8.96791069957984,-4.422991400112693
