objID,ra,dec
112780084757337020,8.475775490779325,3.988798978187906
