objID,ra,dec
105770082690796071,8.26923643,-1.85360414
