objID,ra,dec
109430086064754880,8.60650342,1.19531813
109430086067165065,8.606747267913343,1.1954219809221076
