objID,ra,dec
106250082716700328,8.271703714217146,-1.4585098849365694
