objID,ra,dec
103470088888301285,8.888898772907174,-3.7742405698224015
