objID,ra,dec
101700080529066882,8.052944767346363,-5.244621330741285
