objID,ra,dec
108900081015798239,8.101573729418714,0.7564868204435211
