objID,ra,dec
110990080071479955,8.007107827639478,2.4996453685112208
