objID,ra,dec
103810086489798038,8.6490019583519,-3.485367839625871
