objID,ra,dec
98220081881469516,8.188166904990055,-8.142432685924593
