objID,ra,dec
94660080938791381,8.09388658952994,-11.115808582087183
