objID,ra,dec
108770084054858549,8.405520668903002,0.6484198623092693
