objID,ra,dec
111250089758464974,8.97584280073647,2.7119603327494244
