objID,ra,dec
104290087235498950,8.723624350722472,-3.0845857120357594
