objID,ra,dec
112490089606911173,8.960613241198015,3.7422695879274035
