objID,ra,dec
101410083189108386,8.318932368936476,-5.485027572292526
