objID,ra,dec
112420080529900808,8.053026442808882,3.68359421045478
