objID,ra,dec
109210084445065675,8.444491918074172,1.0127357251001308
109210084442045675,8.44435774,1.01274973
