objID,ra,dec
107690081291556608,8.129219869526642,-0.25317730133416366
