objID,ra,dec
99050084722650814,8.472356034495622,-7.457969948970851
