objID,ra,dec
104360088064105922,8.8065,-3.028588
104360088065316347,8.806633481001048,-3.0284637540455055
