objID,ra,dec
106830087391576046,8.739087077088458,-0.9703127074630876
