objID,ra,dec
106820083239639406,8.3238550704571,-0.9758737239614136
106820083236889479,8.323787833429483,-0.9758876430870754
