objID,ra,dec
103010082897043014,8.289614472992591,-4.156099674035123
103010082895643420,8.289504204016549,-4.156060187323724
