objID,ra,dec
113610085666427971,8.566616975901795,4.681338715475242
