objID,ra,dec
99260084821479308,8.482114226769484,-7.2759878617807665
