objID,ra,dec
99270088614539281,8.861479467392163,-7.267660247007829
