objID,ra,dec
106820088884311025,8.888392359091744,-0.9829780057499807
106820088881360818,8.88824658,-0.98300072
