objID,ra,dec
106890089961702620,8.996162553754342,-0.9232170343946485
