objID,ra,dec
110350084591523072,8.459177542675649,1.960470906715356
110350084592402756,8.45917563,1.96033056
