objID,ra,dec
107020089469661662,8.946983620147273,-0.8156640819358971
