objID,ra,dec
98720083612497940,8.361392591588393,-7.727068773737372
