objID,ra,dec
107670085270589063,8.527076563896646,-0.26781900966138933
