objID,ra,dec
112960089497636676,8.94977740094438,4.138492744282324
