objID,ra,dec
108930080192797228,8.019301203294924,0.7806287361347971
