objID,ra,dec
102360089560173528,8.95602665766612,-4.697350191270351
