objID,ra,dec
111700087746210745,8.77458395,3.08372216
