objID,ra,dec
105590087790384603,8.779068426364178,-2.004852189220146
