objID,ra,dec
106860081791998319,8.17909380121276,-0.943454205219002
106860081788608530,8.17890277569447,-0.9433507537853363
