objID,ra,dec
105270083846766970,8.384765312719422,-2.2695067454496067
