objID,ra,dec
111870081683670176,8.168332570988131,3.224788505194735
