objID,ra,dec
113920084782730275,8.478326562784282,4.933200375496582
