objID,ra,dec
108960084461413986,8.446192764089492,0.8029267501526255
