objID,ra,dec
108760080436012937,8.043598344775857,0.6353872241705534
