objID,ra,dec
100400081379643207,8.137928602047452,-6.330993778461869
