objID,ra,dec
110380085565084350,8.55654506895091,1.986590311148126
