objID,ra,dec
107590085875618481,8.587666014879908,-0.3350261866267051
107590085878418644,8.58772002,-0.33487475
