objID,ra,dec
106870087960321446,8.7960498479426,-0.9408642542245711
106870087963071378,8.79630607,-0.94087409
