objID,ra,dec
99730088387837891,8.838775936857001,-6.885214749548805
99730088387138217,8.838745988424089,-6.885159875310541
