objID,ra,dec
106270088176838303,8.817721991796942,-1.4351261732420442
