objID,ra,dec
105870080306389752,8.03067911153029,-1.767202239588392
