objID,ra,dec
109480082297761831,8.229776661931377,1.2344493919104778
