objID,ra,dec
105470086167118065,8.616470922067391,-2.101915116703502
105470086164498197,8.61641441498824,-2.101879373681367
105470086163697794,8.6163977126767,-2.101967593352688
