objID,ra,dec
111730083434367368,8.343462845208593,3.1140757421001126
