objID,ra,dec
109010086836894355,8.68376362,0.84479787
109010086840314029,8.683996636187668,0.8446584454910875
