objID,ra,dec
102190088773131576,8.877368734684158,-4.840637042091869
