objID,ra,dec
102050087426131854,8.742629748645768,-4.95720735797855
102050087424652191,8.74251985,-4.95698246
