objID,ra,dec
107240081078815100,8.107933086548902,-0.629434434939792
