objID,ra,dec
109870089127658159,8.912792019950302,1.5647612630769683
