objID,ra,dec
96960083900756905,8.390114633388974,-9.194595525574629
