objID,ra,dec
103720089861263610,8.9861251,-3.56377263
103720089860613940,8.986106826911202,-3.563761521902783
