objID,ra,dec
107750081163445551,8.116408535690113,-0.20410462466180365
