objID,ra,dec
106620089232292068,8.923230411513206,-1.1486385827970178
