objID,ra,dec
100300080926587670,8.092656541849061,-6.4106169085124876
