objID,ra,dec
108270084567049710,8.456931145165735,0.2325369712760234
