objID,ra,dec
103590083115518967,8.311512657080339,-3.667973487786432
