objID,ra,dec
100540089847807333,8.984756154891905,-6.210903835389273
