objID,ra,dec
107840089235854438,8.923512301663868,-0.12993500678169898
