objID,ra,dec
104660081427645025,8.142856640270526,-2.779479714115621
104660081430395216,8.142982222821237,-2.7794246859617115
