objID,ra,dec
109410080378191746,8.037811367424306,1.1760804479346878
