objID,ra,dec
101710087634637921,8.76350938,-5.2354208
101710087630838041,8.76325256913938,-5.235359493813427
