objID,ra,dec
103170087981223400,8.798217587912303,-4.022675416744092
