objID,ra,dec
105210080355571433,8.035584438245312,-2.3242130768343543
