objID,ra,dec
110680086113970732,8.61148276731846,2.2335070345181642
