objID,ra,dec
107770082668861785,8.266875176690306,-0.19039154791582366
107770082667222165,8.266795,-0.19029619
