objID,ra,dec
105310083744959663,8.374506230389501,-2.2339483673184195
