objID,ra,dec
109670080362715749,8.036258522064971,1.3961004289287435
