objID,ra,dec
109150087819088925,8.781928246676763,0.9653984097221239
