objID,ra,dec
105190085393423708,8.53932904,-2.33865673
