objID,ra,dec
95320085801577203,8.580159358101255,-10.561000966112132
