objID,ra,dec
96500081204797769,8.120557210479552,-9.577214087477442
