objID,ra,dec
100330082657187402,8.265624248426018,-6.385911965588348
