objID,ra,dec
110240086815373565,8.681581133853781,1.8692021519067952
110240086810673689,8.68125789,1.86938442
