objID,ra,dec
104310084899555992,8.489936222254373,-3.07037567999972
