objID,ra,dec
111880088487379846,8.84877156453447,3.2411636040686194
