objID,ra,dec
106760083941019136,8.394200287367754,-1.0260366119217048
