objID,ra,dec
108830088105755627,8.810575716462736,0.695979121924453
