objID,ra,dec
105830082745738795,8.274640858743197,-1.8013074336248254
