objID,ra,dec
102440083471321284,8.347109553343046,-4.63267158446645
