objID,ra,dec
104420083300324235,8.330052195336027,-2.980155714170762
