objID,ra,dec
104260087830007507,8.78299643910064,-3.11075589091462
