objID,ra,dec
107840087870852914,8.78707156044748,-0.1312560832699745
