objID,ra,dec
109280088418521066,8.841896782861461,1.0671938284688476
