objID,ra,dec
97500086476837317,8.647644018754377,-8.74414107116765
