objID,ra,dec
96670084565243870,8.456528401004151,-9.438787119225891
