objID,ra,dec
110650086114355136,8.611433529892688,2.2122744794725313
