objID,ra,dec
106900084960541568,8.496088884326465,-0.915690295003934
