objID,ra,dec
108360080468101751,8.046832083684452,0.30106804958890315
