objID,ra,dec
105220086440554346,8.644090670570781,-2.313335100711127
