objID,ra,dec
99100088705327522,8.870618453474929,-7.410666017126306
