objID,ra,dec
100760083230768534,8.32314869051336,-6.026486346506368
