objID,ra,dec
107860086198441727,8.619837630744492,-0.1156747396722956
