objID,ra,dec
112360084458578708,8.44589018227823,3.64019700899674
