objID,ra,dec
109880089840685802,8.984082076489198,1.571282907843324
109880089840656220,8.984085348035862,1.5714037781960086
