objID,ra,dec
98760085547225437,8.554690044769044,-7.695874923516321
