objID,ra,dec
109460082139113876,8.21392362416434,1.2194908586895112
