objID,ra,dec
109480081910895110,8.19112499282068,1.2372187416921365
