objID,ra,dec
106850082118768216,8.211881467872258,-0.9518973533623808
