objID,ra,dec
107880082084989407,8.208600027466375,-0.0923663757735943
