objID,ra,dec
110240088342767540,8.834358772777621,1.8726121088005303
