objID,ra,dec
108720081670137101,8.16705102024663,0.6055091513870949
