objID,ra,dec
106540084944701680,8.494521373761385,-1.215660241442826
