objID,ra,dec
112330081137751356,8.113803183239494,3.6090610433903407
