objID,ra,dec
94910081900680430,8.190067784505596,-10.908318570076691
