objID,ra,dec
107200080467020410,8.046730940678303,-0.666717745465939
