objID,ra,dec
104700089175768115,8.917725164102142,-2.7435654505455025
