objID,ra,dec
110060080164266137,8.01634140367264,1.7214594688219045
110060080161346342,8.01617441,1.72148436
