objID,ra,dec
102200084149105186,8.415027269499562,-4.829336519380762
