objID,ra,dec
106980081841961112,8.184164643542838,-0.849494805892985
106980081839500903,8.18408956993516,-0.8495327344398175
