objID,ra,dec
105830089417542319,8.941789291698356,-1.8067775230720022
