objID,ra,dec
111250080135968873,8.013632717773309,2.71528717722598
