objID,ra,dec
106930081019048198,8.10193511121987,-0.8852073278324172
