objID,ra,dec
111580085539170876,8.553986160558244,2.9837370896255595
