objID,ra,dec
107630084689879552,8.469015360709118,-0.30077730576898104
