objID,ra,dec
99510082818137581,8.28187980171234,-7.069063727014543
