objID,ra,dec
109470080287858463,8.028773998575094,1.2316198228877826
