objID,ra,dec
107650085419696260,8.542028303308633,-0.28684272710715
