objID,ra,dec
108050082861376315,8.286227033821769,0.046595239824796596
