objID,ra,dec
102420080268677697,8.02686957610549,-4.643959052659064
