objID,ra,dec
112060087429909382,8.74301839059251,3.390794093676836
