objID,ra,dec
102780080974899312,8.097425084551457,-4.342563084096867
