objID,ra,dec
106770087893400916,8.78944619202754,-1.024673793333922
106770087897750811,8.78978537,-1.02469509
