objID,ra,dec
107010086976438343,8.697661749525768,-0.8184118330301579
