objID,ra,dec
107100083583136505,8.3583613524175,-0.7449607398364702
