objID,ra,dec
105340086964348175,8.696418923553496,-2.2101855980499
