objID,ra,dec
108790080954026669,8.09542146,0.66350156
108790080951276602,8.095100139936434,0.6634275502097478
108790080951176249,8.09500945,0.66329903
108790080948186785,8.09498306,0.6633488
