objID,ra,dec
105880088790129092,8.878982678835715,-1.7594567883125296
