objID,ra,dec
111290083613127288,8.361270038485667,2.747364675862401
