objID,ra,dec
99110080824735094,8.082584656198716,-7.4045052514718614
