objID,ra,dec
107460081095189266,8.109528749875741,-0.44260292767212484
