objID,ra,dec
105630087860910358,8.786140323449038,-1.9750101267535585
