objID,ra,dec
101960085708296519,8.570774347545223,-5.02826255594881
