objID,ra,dec
99190086505170188,8.650589705993157,-7.341888171430631
99180086509349795,8.650735,-7.342013
