objID,ra,dec
109440080922092373,8.092224307406463,1.2015750508023852
