objID,ra,dec
108730084495313217,8.449588668095858,0.6106322117673549
