objID,ra,dec
106440086182883734,8.61849383,-1.29714302
106440086185214031,8.618507966250963,-1.2970717832765755
