objID,ra,dec
111970081657647307,8.16567308564835,3.314196500652588
