objID,ra,dec
106040086442398505,8.644381240264895,-1.6265461088043458
