objID,ra,dec
96410080675848785,8.067557032545036,-9.651252678924125
