objID,ra,dec
110340088429045254,8.84290938,1.95408103
110340088429325692,8.842967849680832,1.9542993395793393
