objID,ra,dec
106860089526654594,8.95266619,-0.94655098
106860089523604700,8.952444007809236,-0.9465016515541024
