objID,ra,dec
102090083866980246,8.386825858193019,-4.9252358118771555
