objID,ra,dec
109390086019985296,8.60199697724441,1.1623519452569975
