objID,ra,dec
113730081093315779,8.10940829225109,4.779439476520615
