objID,ra,dec
108150081395883215,8.139488258545084,0.12718258283337955
108150081392793107,8.13929311154497,0.12719716752093949
