objID,ra,dec
101880086873465873,8.687407588100662,-5.095494718210669
