objID,ra,dec
94730088901244842,8.89015846231375,-11.054634317409105
