objID,ra,dec
113110083407505634,8.340702943571687,4.262830690925897
113110083406385951,8.340693421622971,4.262882538907819
