objID,ra,dec
111290082753830072,8.27541356,2.74134823
