objID,ra,dec
107550080170437841,8.017201064049095,-0.36877540280258303
107550080172718147,8.01724666945392,-0.3686166826297366
