objID,ra,dec
107780082171651618,8.217225296472229,-0.18234794677724114
