objID,ra,dec
112790083415694846,8.341682005899017,3.99533305349019
