objID,ra,dec
106630087870939307,8.787150275163683,-1.1342774905451878
