objID,ra,dec
104970085489971073,8.548889323036004,-2.5243475684440857
