objID,ra,dec
103200088719936180,8.871986845667841,-3.9952852973331776
