objID,ra,dec
106220082549728490,8.25500605605633,-1.4766570926479043
