objID,ra,dec
108500080924928932,8.09252527,0.42372411
