objID,ra,dec
102930086404730110,8.640488375741826,-4.225290374338878
