objID,ra,dec
102190083369897492,8.337015481393696,-4.835826783077879
