objID,ra,dec
113580089072516697,8.907255184298842,4.655167639996288
