objID,ra,dec
109050082406028034,8.24053037854826,0.8813314530029545
