objID,ra,dec
111090084635117855,8.46353405,2.58115751
