objID,ra,dec
110150089800921329,8.980197665567252,1.7922762450017018
