objID,ra,dec
102650080758462007,8.075917597846045,-4.457153082616366
