objID,ra,dec
108480088505280485,8.850539446849828,0.4000479889767191
