objID,ra,dec
104280087055891918,8.705613746465332,-3.0988074500005873
