objID,ra,dec
103610088639309655,8.863961402459852,-3.650621413457767
