objID,ra,dec
108340089751964904,8.975218251456402,0.287029342703162
