objID,ra,dec
102260083374914297,8.337499057847754,-4.780066476949472
