objID,ra,dec
109300089891893509,8.989212824469755,1.0859497076071822
109300089889663764,8.98902147,1.0860736
