objID,ra,dec
98540086454801782,8.645481259203216,-7.882254961400268
