objID,ra,dec
107550083274064790,8.327236019294777,-0.37150552423657907
107550083271304235,8.327230900582796,-0.3715175191540099
