objID,ra,dec
97000084521628524,8.452217273789199,-9.159898299773962
