objID,ra,dec
104630080624331370,8.06241228,-2.80755438
104630080623971763,8.062342951635813,-2.807298623045761
