objID,ra,dec
110690082298473839,8.229800602824536,2.244452484538617
