objID,ra,dec
108700087011147183,8.701180102307548,0.5890507698767885
108700087008896947,8.70089085,0.5887583
