objID,ra,dec
107390081740547396,8.17419149960803,-0.5026567070204707
