objID,ra,dec
110650084281738832,8.428188132881806,2.215326066742393
