objID,ra,dec
103960086354134792,8.63534604062818,-3.363009775000576
