objID,ra,dec
110340087684635650,8.768555253876713,1.954356020820729
