objID,ra,dec
106920080884354609,8.08832308,-0.8966401
106920080881124565,8.088264486304286,-0.8965448717621717
