objID,ra,dec
107320082800391489,8.280051118609384,-0.5658611035095489
