objID,ra,dec
109940088751827799,8.87525944792604,1.622835815596791
