objID,ra,dec
104410086427929548,8.6426904500636,-2.9841396595836795
104410086424009517,8.64256877,-2.98416713
