objID,ra,dec
108230084471524061,8.447020998559683,0.19473381127184028
108230084468914399,8.44705259913309,0.1948397847255088
