objID,ra,dec
112500087058470164,8.705867138584663,3.749725356187938
