objID,ra,dec
111780083298226812,8.329895027014352,3.155348410886209
