objID,ra,dec
102270087774900435,8.77725267,-4.77496589
102270087772030462,8.777327355500498,-4.775055273109933
