objID,ra,dec
107830085393803124,8.539411399949408,-0.13951448562378926
