objID,ra,dec
107590082285246270,8.228516813488614,-0.3368115121007723
