objID,ra,dec
104350083383808637,8.338360490125043,-3.0347383221808997
