objID,ra,dec
109000089701044976,8.970115135968042,0.8369550117956351
