objID,ra,dec
106990084957290748,8.495590291028734,-0.8414641544581901
