objID,ra,dec
108800083449841756,8.344931979488031,0.6678374016061622
