objID,ra,dec
109380086621656980,8.662233031256036,1.155424549043293
