objID,ra,dec
109270089391456319,8.939206044238743,1.0631949647533392
