objID,ra,dec
104740080962625610,8.096265668412494,-2.712226834682946
104740080959815941,8.09597068,-2.71208347
