objID,ra,dec
95300088279309015,8.827879182164633,-10.576150472225068
