objID,ra,dec
112460089364429252,8.936424157380468,3.724012332649101
