objID,ra,dec
95930084762314228,8.476242067037697,-10.055149667410708
