objID,ra,dec
109230084764974162,8.476520251387024,1.0281157947655242
