objID,ra,dec
111440082851551065,8.28510755565205,2.867157225798233
