objID,ra,dec
110580086834067267,8.68343489405791,2.155813622972655
