objID,ra,dec
100810084621645000,8.462127116127062,-5.987878047000926
