objID,ra,dec
102500087816743563,8.781762701046738,-4.58077470173526
