objID,ra,dec
98750088865290318,8.886581551441678,-7.7084301678856875
