objID,ra,dec
113320083000831043,8.29996735,4.43380951
113320082998531376,8.29989884259092,4.434041597370029
113320082997811779,8.29980790825799,4.434284974621674
