objID,ra,dec
102940089400021518,8.939996970583742,-4.215821225176917
