objID,ra,dec
110570088328660481,8.83288316294317,2.1416579660239585
