objID,ra,dec
101110081743915368,8.174405679913262,-5.737561180449952
