objID,ra,dec
113080089453882689,8.945342525080534,4.235168523927391
