objID,ra,dec
105210085576331881,8.5575743281,-2.323638411105974
