objID,ra,dec
107810082383218723,8.238364881001553,-0.15140297390859608
