objID,ra,dec
110880086307465322,8.630843012141563,2.4040938902142477
110880086309755645,8.630908487244897,2.4042177276082115
