objID,ra,dec
104750089036963278,8.903728012298993,-2.705947475309244
