objID,ra,dec
104930082994124703,8.29941687,-2.55458513
104930082992995222,8.299288397867944,-2.554409913367584
