objID,ra,dec
102850082589018157,8.258896570863067,-4.285212092721899
