objID,ra,dec
107370084460422480,8.44602943080742,-0.5233357853528174
