objID,ra,dec
112380086418640760,8.641893880178035,3.65027011046752
