objID,ra,dec
113560088340702826,8.833996901291519,4.635310600725445
