objID,ra,dec
103600081046714675,8.104711933414439,-3.663073501595498
