objID,ra,dec
110110087164227584,8.716589095756351,1.764267596465406
