objID,ra,dec
109270086544264441,8.65442374078448,1.0616929807418585
