objID,ra,dec
112000088081512821,8.808136728185406,3.3353429968536643
