objID,ra,dec
106560084333575618,8.43340675336528,-1.1956425487121554
106560084334815977,8.43348139,-1.19537404
106560084334835973,8.43348384,-1.19537763
