objID,ra,dec
107350088425524368,8.842580815045665,-0.5383999757139382
