objID,ra,dec
103530088840381272,8.883955097091363,-3.7243421250603546
