objID,ra,dec
108990085797706463,8.579821635612399,0.8300144091337849
