objID,ra,dec
109590081016927409,8.101523924075453,1.330768073642323
