objID,ra,dec
106370084656072815,8.465649472463491,-1.3563515439887677
