objID,ra,dec
111230081649585936,8.1650111031427,2.696184064828974
