objID,ra,dec
109390085387273095,8.53860176298247,1.1604329833855012
109390085385782678,8.538583037331664,1.160248344281411
