objID,ra,dec
111610080911396210,8.09114870016243,3.013147983233387
