objID,ra,dec
109670081840944244,8.18426613285257,1.3948039486289125
109670081844154296,8.184274547343383,1.394830892804934
