objID,ra,dec
108030089250129831,8.925036095331677,0.032805190684414204
108030089252619666,8.92520584,0.03273439
