objID,ra,dec
112650084840776066,8.484126262009845,3.8796279174022343
