objID,ra,dec
99650081304483627,8.130448650131093,-6.955678153880079
