objID,ra,dec
111240084511996728,8.4512172,2.70538779
111240084515646908,8.451463552134722,2.7054185795029966
