objID,ra,dec
112620089470756905,8.947114202845356,3.8553988999645346
