objID,ra,dec
109710084079082525,8.40792209095264,1.4266988089703396
