objID,ra,dec
108500084916587435,8.491638785265765,0.4227251372659
