objID,ra,dec
109200083713820607,8.37140867765928,1.000132693317627
