objID,ra,dec
102160081257520143,8.125778541644962,-4.8668946715551815
