objID,ra,dec
100890082297822386,8.229769873758253,-5.9233498292114835
