objID,ra,dec
105150080116499482,8.011589382041414,-2.3674990073762157
