objID,ra,dec
106800081386710652,8.138669654361559,-0.9998296342327073
