objID,ra,dec
110720083623456489,8.362382491526304,2.2716984577024464
