objID,ra,dec
112960084315332368,8.43151672,4.13492939
112960084312812203,8.431305183898406,4.134790143490586
