objID,ra,dec
111260083835587322,8.383611582623908,2.7223257072643006
