objID,ra,dec
106750084560546412,8.456066677969034,-1.0366977076362849
