objID,ra,dec
98560082494547642,8.249583418600615,-7.860674217399724
