objID,ra,dec
105270086874428099,8.687431249971327,-2.2685618859856254
