objID,ra,dec
105910086218227738,8.621891674710776,-1.7355144359313233
105910086220168003,8.621994312990896,-1.7354323618968333
