objID,ra,dec
103580080894257549,8.08942648,-3.67738327
103580080893777169,8.089416342639275,-3.6775690709823556
