objID,ra,dec
108610088919388502,8.89186079386429,0.5150386279613532
