objID,ra,dec
107470084577322893,8.457764618275965,-0.4396629546996341
