objID,ra,dec
111020080542228969,8.054225020476634,2.523771190531
