objID,ra,dec
104950086090398649,8.609077676597634,-2.5347630833709074
