objID,ra,dec
111430083954767275,8.39546828,2.86397359
