objID,ra,dec
112750084485376401,8.448574821105852,3.9632927636584085
