objID,ra,dec
97420080239149797,8.023983547216762,-8.808830706147752
