objID,ra,dec
113400083227659265,8.322875015086959,4.507401407315105
