objID,ra,dec
109560086243556750,8.62418914,1.30508664
109560086241166539,8.624177891879146,1.3050844716552987
