objID,ra,dec
109370088969757385,8.89686569,1.14742544
109370088966697562,8.896732067094153,1.1476413739704863
