objID,ra,dec
109130085361143532,8.53613815746699,0.944277155398825
