objID,ra,dec
99560089601619608,8.960224770923165,-7.025636965654401
