objID,ra,dec
108880086673686665,8.667465027266536,0.738551568617896
