objID,ra,dec
107430080023065512,8.00236897619358,-0.4707045339592539
107430080024945915,8.002474310847127,-0.47053931720290354
