objID,ra,dec
111340080798628940,8.079877920356623,2.7903699906552806
