objID,ra,dec
105600084923118423,8.492320688991361,-1.99333426555568
