objID,ra,dec
96120082286895611,8.22869730820606,-9.895761915156505
