objID,ra,dec
106890081154351526,8.115443369068306,-0.924102692351738
