objID,ra,dec
113180083427534530,8.342794256023591,4.320012449460238
