objID,ra,dec
111360087837596996,8.783806571001934,2.8054669898778544
