objID,ra,dec
100820081664773670,8.166450227476158,-5.980589637595415
