objID,ra,dec
113600082256192236,8.22566799167814,4.668114693433579
