objID,ra,dec
105470081970698388,8.197317136642276,-2.101722696617201
