objID,ra,dec
107120081772309566,8.177249440846987,-0.7257614826365484
