objID,ra,dec
100180081032559120,8.10336338099957,-6.5093620706308
