objID,ra,dec
106380082829260129,8.282936135465143,-1.3502523811912872
