objID,ra,dec
98690085907143357,8.590820437664405,-7.755793391461353
