objID,ra,dec
109870082497544598,8.249739919411164,1.5619469685765073
