objID,ra,dec
106100080611775566,8.061127739247066,-1.5791181446794356
106100080608845715,8.060997142194424,-1.579075646952394
