objID,ra,dec
111260087055437244,8.705598082116452,2.722330037983822
