objID,ra,dec
106880082138770876,8.21368941,-0.93282474
