objID,ra,dec
102250089149246396,8.91492191,-4.78667642
