objID,ra,dec
109410085940995985,8.59421388,1.17961134
