objID,ra,dec
98280080137847646,8.013781903444578,-8.093877227118199
98280080135637864,8.01357069,-8.09380552
