objID,ra,dec
107680086792104379,8.679226152846066,-0.2634090598986973
