objID,ra,dec
108000084056790628,8.405743252069925,0.0001387692467161993
