objID,ra,dec
99590083010208472,8.30097939829059,-7.001654326264968
