objID,ra,dec
105420088045320282,8.804577134054488,-2.1500010758243846
105420088048390593,8.80486859,-2.1498634
