objID,ra,dec
109070087562226870,8.7562434648311,0.8970090539086063
