objID,ra,dec
107410083374951327,8.337514440912614,-0.49093819478470524
