objID,ra,dec
98480080868409841,8.08693270979042,-7.9254636973480475
