objID,ra,dec
103380086092454477,8.60922896,-3.84660547
103380086091754845,8.60920017,-3.84635634
103380086089084659,8.608941794028745,-3.846480514089187
