objID,ra,dec
107010086936254565,8.69362895,-0.82159439
107010086933404673,8.693414583789453,-0.8216304672890833
