objID,ra,dec
112590088824189367,8.88235027765172,3.8324608966802085
