objID,ra,dec
108000089444254132,8.94428904,0.00295148
108000089440804306,8.944136994333178,0.003020973495845353
