objID,ra,dec
105680085833298092,8.5834117,-1.9270775
105680085836078140,8.583488223653871,-1.9268064220097116
