objID,ra,dec
110040083258372619,8.325889946539778,1.7018165446325788
110040083260852470,8.32608979,1.70168593
