objID,ra,dec
111300080044424244,8.004423303139081,2.753127786497571
