objID,ra,dec
109400089089202346,8.90893286234043,1.1682643522124097
