objID,ra,dec
109190080218623042,8.021900436980765,0.9938093505653119
