objID,ra,dec
113170086264161413,8.626496236335106,4.309049704346132
