objID,ra,dec
105650082584119035,8.258452265426163,-1.951204211837298
