objID,ra,dec
105510087513530612,8.751367877795706,-2.0748554772211834
