objID,ra,dec
106910080057770204,8.005814317725612,-0.9085521261361594
106900080057479777,8.00585375,-0.90876056
