objID,ra,dec
108910087555250223,8.755543864156238,0.7581448546392667
