objID,ra,dec
110900086082468872,8.60825351001134,2.4236649650524433
