objID,ra,dec
108580080184545568,8.018481015994094,0.4875973530770335
