objID,ra,dec
103040089421653773,8.942242173367699,-4.13043030409645
