objID,ra,dec
103520081782673946,8.178252345270208,-3.730472897012431
