objID,ra,dec
106370088296425827,8.82963881,-1.35384103
106370088293675731,8.829362583644224,-1.353945690619502
