objID,ra,dec
107650089394998411,8.939481833120846,-0.28512700235057764
