objID,ra,dec
94880080846463028,8.084655974942251,-10.931165325042237
