objID,ra,dec
112220088572885399,8.857283902064403,3.5207872167211023
