objID,ra,dec
112500082136987286,8.21371222004749,3.755531213049397
