objID,ra,dec
107340084642590214,8.464303937179272,-0.5502137561941696
