objID,ra,dec
96780087415219738,8.741548817939453,-9.342194881247762
