objID,ra,dec
103780081479326250,8.147933551540412,-3.511867889545087
