objID,ra,dec
100030086250601736,8.62504649028676,-6.640528815051691
