objID,ra,dec
108410081580018028,8.158054020654683,0.3479093398640761
108410081580017694,8.158126,0.347804
