objID,ra,dec
107870081317496558,8.13179387366116,-0.1032154040551913
