objID,ra,dec
112470080546309206,8.054657272828726,3.7322559320971185
