objID,ra,dec
104930087906768949,8.790771627994584,-2.551239425277025
