objID,ra,dec
113090082059566819,8.205939439691,4.246923210527048
113090082058576410,8.20586556,4.2466306
113090082056786731,8.205803753602336,4.246956074680465
