objID,ra,dec
112550086971118404,8.69711269,3.7982804
112550086968168388,8.696841998377344,3.7982920870664625
