objID,ra,dec
110540081143336013,8.11437938,2.12126915
