objID,ra,dec
113070082685964248,8.268634211075286,4.228136926623214
