objID,ra,dec
106870086766124713,8.676609145599222,-0.9381040224481051
