objID,ra,dec
97260087334470515,8.733483817980643,-8.949919184536478
