objID,ra,dec
113200084920366876,8.49202318,4.33867713
113200084917837170,8.49163956,4.33868552
113200084917736636,8.491769556540937,4.3385009487388615
