objID,ra,dec
110290080169120309,8.016972250712975,1.9082075238023637
