objID,ra,dec
106350088805762041,8.88056192,-1.37366962
106350088802942090,8.880384119164377,-1.3737018029317445
