objID,ra,dec
111620089029987266,8.90313252112233,3.0222914610913048
