objID,ra,dec
104000085366095661,8.536648519491035,-3.3289157109394214
