objID,ra,dec
108850084115921113,8.411564287806657,0.7088980681273447
108850084113801331,8.41143889,0.70897486
