objID,ra,dec
103290080529381185,8.053016874621015,-3.9243804469049515
