objID,ra,dec
99140082110760710,8.211088859124612,-7.383077147559007
