objID,ra,dec
109420088871972559,8.887165051473811,1.1850667126174388
109420088869072650,8.887129068430392,1.1850326380112484
