objID,ra,dec
106880086352448213,8.635235582725416,-0.9268633155479599
