objID,ra,dec
108650080366458502,8.03666894674434,0.5483738533550684
