objID,ra,dec
111810083990869162,8.399148993533794,3.1822835438981647
