objID,ra,dec
110150085356740885,8.53576739355501,1.7919391260184283
