objID,ra,dec
98410082618668558,8.2618876077877,-7.984871311344781
