objID,ra,dec
107000080606922663,8.06087217,-0.8316703
107000080609722343,8.060951499352992,-0.8316995547655969
