objID,ra,dec
100430080917964140,8.091827159605945,-6.305201956661615
