objID,ra,dec
107340089847358092,8.984740568857498,-0.5436476397054525
