objID,ra,dec
111260083971641026,8.397173048677733,2.71722412808311
