objID,ra,dec
108330087944060910,8.794376069723109,0.2753653506868683
