objID,ra,dec
106800081409973754,8.140898023191223,-0.9972921570463709
