objID,ra,dec
106450089687982903,8.96863249304203,-1.289780935106499
106450089685552584,8.968595399878298,-1.289850670110361
