objID,ra,dec
106710081402681654,8.140235495548385,-1.0741329983463446
