objID,ra,dec
108290080210241507,8.021061764443562,0.2425254079296077
