objID,ra,dec
113930084337623234,8.433806181687883,4.943945264881172
