objID,ra,dec
111320087240020192,8.72403884618902,2.766411576456771
