objID,ra,dec
112720080683574047,8.068425204396554,3.9363083638033625
