objID,ra,dec
103740081118371448,8.111797816159068,-3.5491474627093056
