objID,ra,dec
105880083047466935,8.304816216884804,-1.7612982304354174
