objID,ra,dec
105750080233899926,8.023301171202423,-1.8670977831294024
