objID,ra,dec
100400083284208562,8.32849468872479,-6.326575870853254
