objID,ra,dec
113570088465014325,8.846491408467624,4.644880865554198
