objID,ra,dec
111050086796506981,8.679676503485215,2.54708910291173
