objID,ra,dec
106710085482317915,8.548233702634906,-1.0688227515787028
