objID,ra,dec
112500081501684071,8.15011427,3.75302031
