objID,ra,dec
107450083400040770,8.340073434967957,-0.4581176721419954
