objID,ra,dec
98880080769570902,8.076866107843083,-7.59943990142727
98880080766130849,8.07667106,-7.59966478
