objID,ra,dec
108440082437743004,8.243807318160666,0.36864235998698525
