objID,ra,dec
108250080143310812,8.014340380581633,0.20862007856593956
