objID,ra,dec
94840089953243465,8.995359485280655,-10.964111078724823
