objID,ra,dec
104700086597551937,8.659782957397823,-2.748775377267642
