objID,ra,dec
105430087714325131,8.771457543525658,-2.1377487521202845
105430087712915438,8.77132595,-2.13750997
