objID,ra,dec
111580084311840366,8.431204826793099,2.983291907323404
