objID,ra,dec
106930081664407285,8.166448232898055,-0.8858901141778659
