objID,ra,dec
99970087130053115,8.713086672340882,-6.689434609034136
