objID,ra,dec
101590089007958286,8.90076488914571,-5.335106103078871
