objID,ra,dec
113070085819992038,8.58207483170706,4.22633520313086
