objID,ra,dec
108750087815361749,8.781546303517242,0.6260910963034492
