objID,ra,dec
108440085089724693,8.509003134607513,0.37019099798387334
