objID,ra,dec
102860081656150249,8.165590099544604,-4.283477178921651
102850081654799918,8.16549449,-4.28374872
