objID,ra,dec
111270083894869821,8.389507095521507,2.732839311856568
