objID,ra,dec
106670084851116086,8.485158700213894,-1.103632528295839
