objID,ra,dec
103790085296715621,8.529630178408187,-3.5040644515617436
103790085295085960,8.52952124,-3.50373614
