objID,ra,dec
102890083392296723,8.33902491391141,-4.252974115638839
102890083389136857,8.339011237211718,-4.25297666710442
