objID,ra,dec
105190081073146966,8.10735122785648,-2.3361788828863563
