objID,ra,dec
103450085813654369,8.581415922084048,-3.7884068757491103
