objID,ra,dec
106560089603290359,8.960336816441831,-1.2000775250665492
