objID,ra,dec
106770089270065760,8.926980472017833,-1.0205815750663756
