objID,ra,dec
105630087485205404,8.748636483976089,-1.9706387233345317
105630087487385701,8.748685454223738,-1.9706181005493144
