objID,ra,dec
108680087682139773,8.768240671002774,0.5744448261826155
