objID,ra,dec
108200084164771078,8.41659597172659,0.16712430154642635
