objID,ra,dec
108090084062485972,8.406304767320673,0.07961467860190241
