objID,ra,dec
100240085054708115,8.50549826,-6.46020629
100240085054458449,8.505421220726102,-6.4599877916506
