objID,ra,dec
97260084182010106,8.41823957900776,-8.950270019477358
