objID,ra,dec
108880087130417133,8.713091293919693,0.7388661409700712
