objID,ra,dec
106670082720120831,8.272011879459019,-1.1080036219343554
