objID,ra,dec
95970088366964773,8.836727616939633,-10.021446959491287
