objID,ra,dec
106560084516840587,8.451688523508624,-1.1998544756050178
