objID,ra,dec
94640088483745226,8.848404278934519,-11.129394076190957
