objID,ra,dec
102230086706850191,8.670733057760687,-4.8086189135014115
