objID,ra,dec
96140088678861424,8.867914548322661,-9.882505624267154
