objID,ra,dec
112380088013502084,8.801356057094953,3.6513710930895837
