objID,ra,dec
112610081793008520,8.179330362728185,3.8483425346982663
