objID,ra,dec
109480085220552027,8.522076456208495,1.2346093320575016
