objID,ra,dec
102940089322863576,8.932322789357201,-4.21405871507396
