objID,ra,dec
107720086536699912,8.653738498712805,-0.22552347392350444
