objID,ra,dec
107520085990177797,8.599069085722602,-0.39398102649068306
107520085992938016,8.59906537,-0.39385837
