objID,ra,dec
106510082584932976,8.25852502,-1.23955942
106510082583082651,8.258362831555447,-1.239801045491525
