objID,ra,dec
101430081528437296,8.152853833910923,-5.469253710277598
