objID,ra,dec
104880088529367210,8.852943532643094,-2.594380435301841
