objID,ra,dec
109180080384929306,8.038537664976362,0.990685756442914
