objID,ra,dec
103540081922367030,8.192220249707514,-3.711151127847302
