objID,ra,dec
103030088897170389,8.889755360377492,-4.141680062678497
