objID,ra,dec
107300086768945147,8.67694808354994,-0.5794439039685788
