objID,ra,dec
107780087994086567,8.799432785693584,-0.17824249481874477
