objID,ra,dec
105370087611099444,8.761129904583273,-2.1841527708790127
