objID,ra,dec
95360084340431094,8.434019894233487,-10.532772282333573
