objID,ra,dec
107650081584550680,8.158492579046145,-0.2914643182653236
