objID,ra,dec
109490085490764567,8.54889108,1.24513324
