objID,ra,dec
106800085222186782,8.522171373023829,-0.9946522729190375
