objID,ra,dec
113820083214323403,8.321402710610341,4.852379776296062
