objID,ra,dec
111310088083623616,8.808460543598825,2.760997901222468
