objID,ra,dec
107170080564535878,8.056484319812164,-0.6871931607972086
