objID,ra,dec
111070087407761130,8.740859233363944,2.5588324807712817
