objID,ra,dec
94980080978082523,8.097916386563213,-10.848272154381698
