objID,ra,dec
108900089205172436,8.920549943911666,0.7516359972796873
