objID,ra,dec
104830081115703466,8.111575195402214,-2.639131433092042
