objID,ra,dec
104650089050877340,8.905076705739813,-2.785890851043035
