objID,ra,dec
99290087782203170,8.77820403,-7.25603641
99290087779443030,8.777940099272964,-7.256048559489109
