objID,ra,dec
100110081933530796,8.193344834286659,-6.5746142923509785
