objID,ra,dec
105140087627637459,8.762815652574558,-2.3774915350500825
