objID,ra,dec
109420083638941018,8.36393064252663,1.1838439180197462
