objID,ra,dec
108740088269079665,8.826851966409862,0.6243686252899222
