objID,ra,dec
108710083678695618,8.367913832949192,0.5959666181796456
