objID,ra,dec
102360089504569515,8.95055088,-4.69242096
102360089507689545,8.950706750407702,-4.692406291886627
