objID,ra,dec
106890084152084317,8.415262360188455,-0.92177230836305
