objID,ra,dec
104580085215696807,8.521589405872545,-2.844729264620672
