objID,ra,dec
99040089288516275,8.928894765901692,-7.461819397912055
