objID,ra,dec
101690089685224725,8.968512394421664,-5.254761132637156
