objID,ra,dec
104730084470834728,8.44711969416244,-2.721495426412997
