objID,ra,dec
102850089800919213,8.980118249160997,-4.284314953054984
