objID,ra,dec
110290087643526857,8.764203270314347,1.913920795832396
110290087643507247,8.764373602760854,1.9138663363817179
