objID,ra,dec
111720083899728057,8.38988107434834,3.1063132229562846
