objID,ra,dec
105800089917192176,8.991731161339763,-1.8318912145346082
