objID,ra,dec
102360084028839630,8.402997070709157,-4.692393647132168
