objID,ra,dec
106140089940024769,8.99417952,-1.54627378
