objID,ra,dec
105370089164120338,8.91643145401026,-2.1917294469375843
