objID,ra,dec
110060085037493929,8.503732149196733,1.719430107318232
