objID,ra,dec
113500085211546097,8.521063810301948,4.587962884722365
