objID,ra,dec
102050083606956616,8.36082513,-4.95312446
102050083606917014,8.36075906,-4.95289238
