objID,ra,dec
107920082268827048,8.226880466647692,-0.061075340134387895
107920082268317403,8.226868740897633,-0.0608762043068134
