objID,ra,dec
108380085371443072,8.537226606792727,0.31887362552969223
