objID,ra,dec
106850080270532448,8.027062996903906,-0.9566676705416035
106850080267652489,8.026962650144792,-0.9566748809884431
