objID,ra,dec
110890085797661597,8.579796561809,2.4092803571372876
