objID,ra,dec
107240083203820613,8.320422255884017,-0.6332313434185066
