objID,ra,dec
106640087141996547,8.714236344352239,-1.1282301623115971
