objID,ra,dec
107490082468347839,8.2469479143735,-0.41897111228584666
107490082464507928,8.24660166,-0.4189314
