objID,ra,dec
103020086822325940,8.682224598597992,-4.145443490201859
