objID,ra,dec
111390080880086727,8.08800026063552,2.830192095878494
