objID,ra,dec
101180089247882392,8.924836710104055,-5.681723708585862
