objID,ra,dec
105400081059942284,8.106002367888484,-2.1651347655542836
