objID,ra,dec
108270088265127753,8.82654143890036,0.23108705582508762
