objID,ra,dec
104480089509332392,8.950908859996655,-2.9315910569215338
