objID,ra,dec
105990088979003198,8.897939784835387,-1.672673893597159
