objID,ra,dec
106270084828725497,8.482945260308664,-1.4374512997409143
