objID,ra,dec
100000085147638498,8.514807979190165,-6.659901028644639
