objID,ra,dec
98580085279326562,8.527933712978827,-7.844859368923594
