objID,ra,dec
112930088971243075,8.897125984274975,4.110503002054989
112930088969872757,8.89707628,4.11021019
