objID,ra,dec
112010089277107399,8.92775490318484,3.3474460450183368
