objID,ra,dec
105560089338550319,8.933778646727696,-2.033591694068781
