objID,ra,dec
111720086049706024,8.60510858528492,3.1047201709445384
111720086052415952,8.605107821778715,3.1047147272127207
