objID,ra,dec
107830083627772213,8.36276676813343,-0.14009518074526303
