objID,ra,dec
103540089689186010,8.969126164460631,-3.7120804740444293
103540089692085887,8.969173958563536,-3.71213162048492
