objID,ra,dec
113650084708371269,8.470827475682128,4.7089409284227575
