objID,ra,dec
109490088284887936,8.828480548567326,1.2479165454790617
