objID,ra,dec
105890089779609547,8.977971529930732,-1.7506918992583587
