objID,ra,dec
110240086230131959,8.623065761672896,1.8679158533977425
