objID,ra,dec
107000080530423602,8.053101459698171,-0.8307737775551383
