objID,ra,dec
104140088455588745,8.84568889,-3.20993873
104140088455668378,8.845656630016636,-3.2100203227578548
