objID,ra,dec
109070086032468044,8.603300616986512,0.8979628977928082
