objID,ra,dec
104280088827114353,8.882869249242956,-3.096786553088539
