objID,ra,dec
106210084071390852,8.407100071084407,-1.4912908161760214
106210084068540292,8.40695168,-1.49169422
