objID,ra,dec
108260080303118960,8.030334704058172,0.22365751767183203
