objID,ra,dec
103810080956926331,8.09562161135129,-3.486749411095013
