objID,ra,dec
113550098137638822,9.813773305651148,4.631931317877039
