objID,ra,dec
106700090655039858,9.065506906890857,-1.0755045927770364
