objID,ra,dec
104810093525958314,9.35263000083647,-2.6517719160240536
