objID,ra,dec
99350098358100273,9.835830692000304,-7.208391198737225
