objID,ra,dec
107650093901959307,9.39022742,-0.28429772
107650093904779404,9.390483238649965,-0.28426119619023066
107650093904989063,9.39057136,-0.28446583
