objID,ra,dec
104770090566075815,9.056654980883408,-2.687212807447139
