objID,ra,dec
101910096113153567,9.611051137201162,-5.072383195151541
101910096110393504,9.61105193064625,-5.072385758548383
