objID,ra,dec
111240098449809558,9.845029385404866,2.707550954874248
