objID,ra,dec
112080096855925269,9.685608390094101,3.403986391634498
