objID,ra,dec
106220099772953498,9.977363685498586,-1.480899826735799
