objID,ra,dec
103810092859504537,9.28604907246685,-3.4881977876717922
