objID,ra,dec
105300092026054927,9.202583240640578,-2.246317891029098
