objID,ra,dec
111130097024151383,9.702408802982825,2.609030023404227
