objID,ra,dec
101460097705908944,9.770631280032958,-5.442900115477817
