objID,ra,dec
104840091980423825,9.19805889,-2.63051691
104840091982303502,9.198175753789332,-2.63076715692623
