objID,ra,dec
111530098133581411,9.813384359167424,2.942422004368967
