objID,ra,dec
99930096765559598,9.67655760897688,-6.717349471221596
