objID,ra,dec
108390095980339858,9.597957241887483,0.33283053152316694
108390095976739891,9.597876433218488,0.33282850834208044
