objID,ra,dec
98930099066082854,9.906673139377844,-7.556375297593066
