objID,ra,dec
106760092704062878,9.270449048693354,-1.0313094196566217
