objID,ra,dec
112380093718295615,9.371855834908281,3.6543209836006496
