objID,ra,dec
105550092659139029,9.26593178369651,-2.0344963831116187
