objID,ra,dec
106240097955184348,9.79547685287716,-1.4634639469533528
