objID,ra,dec
110720095105346164,9.510553824750973,2.271413202808034
