objID,ra,dec
94820097848699326,9.784892911391733,-10.975865510104393
