objID,ra,dec
101360095792310051,9.579233678485043,-5.53365479018209
