objID,ra,dec
107670095709958892,9.571003286214093,-0.26798703068969015
