objID,ra,dec
99370098611209867,9.861134961218784,-7.183737604941991
