objID,ra,dec
105700098493282033,9.849343954093403,-1.9153355803700352
