objID,ra,dec
104770091719003393,9.17201011276616,-2.6893005666856533
