objID,ra,dec
104200093585161631,9.35851491010203,-3.165726340556152
