objID,ra,dec
99110098627702084,9.862774835526489,-7.4069102847252095
