objID,ra,dec
104100094546705155,9.454607176641044,-3.2460030521242316
