objID,ra,dec
107150093776648158,9.377668197922397,-0.7018586999195391
