objID,ra,dec
106850091910433827,9.191066697769019,-0.9555600912204759
