objID,ra,dec
109740096259990204,9.626047967237522,1.4497892009337336
