objID,ra,dec
106520092342195208,9.234252230545222,-1.229158022253896
106520092343445686,9.234255907629253,-1.2291171276950315
