objID,ra,dec
107330099179110765,9.917934965653439,-0.5580862876285108
