objID,ra,dec
104660094999737695,9.499973520361445,-2.777198782699389
