objID,ra,dec
107090094328968433,9.43290995,-0.75167162
