objID,ra,dec
109190097300610129,9.73010362,0.99136958
