objID,ra,dec
106290092270387702,9.227047657505347,-1.418952909778663
