objID,ra,dec
108160094115942604,9.411671807460332,0.13503997037498214
