objID,ra,dec
108610099365216715,9.936511912823041,0.5135925612894732
