objID,ra,dec
103300097678038529,9.767855571676483,-3.9098349645837063
