objID,ra,dec
104490099245590027,9.924595155601802,-2.925327772601206
