objID,ra,dec
111100093888998938,9.3889325307402,2.5903936835958237
