objID,ra,dec
96630094391590430,9.43895867,-9.47487141
96630094387570564,9.438706328048188,-9.474864621798426
96630094384490856,9.438612627638388,-9.474766180176191
