objID,ra,dec
101890093562675622,9.356289204815019,-5.087432229455777
