objID,ra,dec
101230096215731590,9.6215588923217,-5.640632997294369
