objID,ra,dec
94990091059012332,9.105931049282434,-10.84006066950031
