objID,ra,dec
109940091123799354,9.112475325363983,1.6241177542848213
