objID,ra,dec
113530096923628471,9.692351634725664,4.614925138845495
