objID,ra,dec
113610090233108894,9.023378807186885,4.68206889485566
