objID,ra,dec
109640096507343827,9.650781033981643,1.3694850576529674
