objID,ra,dec
100730096414545685,9.6414109381474,-6.053935445155696
100730096411045783,9.64119288,-6.05388038
