objID,ra,dec
113420091598227793,9.15985029626076,4.522713565135743
