objID,ra,dec
109330095580676257,9.55811687944093,1.1131704589308375
