objID,ra,dec
107820090070295474,9.007026964323854,-0.1458555448211887
