objID,ra,dec
102480090962605426,9.09624731119105,-4.595857974772394
