objID,ra,dec
104530090702034500,9.070215065824122,-2.888296438918402
