objID,ra,dec
106630094818792700,9.481884709451457,-1.1397905056744768
106630094818113028,9.48194513,-1.13964259
