objID,ra,dec
107820090073836218,9.007378947996342,-0.1452798901748475
107820090075105768,9.00737201,-0.1454924
