objID,ra,dec
108170095754953506,9.57553292182837,0.14418169925213287
