objID,ra,dec
101330099413243737,9.941353257528998,-5.55560971255078
