objID,ra,dec
105590091515890181,9.151689631192568,-2.0085145424051656
