objID,ra,dec
108540099107961051,9.910841310998444,0.450531921028069
