objID,ra,dec
102440093329174852,9.332859407584651,-4.629696261727192
