objID,ra,dec
104120092805887063,9.280653042361607,-3.227759799337027
104120092806327440,9.280632871578705,-3.2277242088443305
