objID,ra,dec
103310094109689289,9.410963569543542,-3.900953865639332
