objID,ra,dec
107090092173702925,9.217398276887998,-0.7562596544411927
