objID,ra,dec
100330097861032802,9.786201129392898,-6.389635056465525
