objID,ra,dec
105410094090755162,9.409054226868605,-2.1544394755257072
