objID,ra,dec
101380095419995430,9.541997142219923,-5.5125196516239825
