objID,ra,dec
112940096226860046,9.622690919656483,4.1163161818462495
