objID,ra,dec
100680090932821158,9.093300953730479,-6.099379346345322
