objID,ra,dec
99310098044158659,9.80441089527284,-7.234763642228306
