objID,ra,dec
99060099096027435,9.909635220369637,-7.444080193382055
