objID,ra,dec
104010093077192693,9.30779378519239,-3.3231220676473328
104010093075232454,9.30758529,-3.32331654
