objID,ra,dec
105800092886655276,9.288738723943043,-1.8293071389611042
