objID,ra,dec
109690090558093859,9.055922785046477,1.411094595288122
