objID,ra,dec
108710098883707392,9.888419104504248,0.5974735600493215
