objID,ra,dec
106360098543661541,9.85447209848115,-1.365958435094353
