objID,ra,dec
107750093614110168,9.361414845244472,-0.2085814763087875
