objID,ra,dec
95370091419958779,9.142008452285186,-10.518075501700602
