objID,ra,dec
113560092804853297,9.28047074,4.63570269
