objID,ra,dec
104150090600937864,9.060168034962706,-3.2021467030469895
