objID,ra,dec
111560094232319350,9.423192429873351,2.9740804967025585
111560094229409495,9.423148802602762,2.9740550605765392
