objID,ra,dec
107890095393619460,9.539441852094187,-0.08412571776108439
