objID,ra,dec
109040091080249480,9.10812929,0.87412678
109040091082899337,9.108197768112586,0.8740973055397923
