objID,ra,dec
109400097384974307,9.738514835547424,1.1698559368711006
