objID,ra,dec
108170093323091964,9.33230683605079,0.1428854036391533
