objID,ra,dec
99640092218760489,9.221896405588998,-6.966626856551523
