objID,ra,dec
98640096552260492,9.655164461164343,-7.799911012787276
