objID,ra,dec
98950093984681727,9.398482582618339,-7.540586094793205
