objID,ra,dec
105740091407697655,9.140889546219446,-1.8773591488764008
