objID,ra,dec
105760095808185039,9.58105894,-1.86287342
105760095811025156,9.58109485,-1.86281178
