objID,ra,dec
108430094301264523,9.430152960241246,0.36177206307576787
