objID,ra,dec
99900098995026567,9.899539372426075,-6.744803348005465
