objID,ra,dec
98710091499064620,9.149916925994669,-7.738221131845974
