objID,ra,dec
100920093538303813,9.353877685403155,-5.897205098891563
