objID,ra,dec
104230094930648333,9.493128186008015,-3.135095611244849
