objID,ra,dec
108740093404899339,9.34048346148488,0.6241061687883411
