objID,ra,dec
106590099857805638,9.985814748947636,-1.1707077440688316
