objID,ra,dec
111410091594657358,9.159525450701684,2.847357966275478
