objID,ra,dec
107420092540559347,9.254113816029717,-0.47584421791541054
