objID,ra,dec
109180096873752965,9.687368841143222,0.9854551175409854
