objID,ra,dec
97890090022579262,9.002341045871459,-8.417617593896
