objID,ra,dec
108740093608711061,9.360903409346689,0.617205211152803
