objID,ra,dec
109000092979838310,9.297973592386013,0.8398868868320524
