objID,ra,dec
113160094749992188,9.475009397089243,4.30142747228265
