objID,ra,dec
99120094830533717,9.483053736841434,-7.397323173050668
