objID,ra,dec
99020098359089586,9.835926096783345,-7.4756348436774465
