objID,ra,dec
113220093640550375,9.364008997247444,4.349865250807065
