objID,ra,dec
105310097331164037,9.733108965569937,-2.238707368989733
