objID,ra,dec
104830096114270043,9.61146452,-2.64201534
