objID,ra,dec
98640094231184920,9.423150576792038,-7.796263862065057
