objID,ra,dec
105340096311805534,9.631204614818511,-2.212444129807209
