objID,ra,dec
111950096677727041,9.667771600665262,3.29717129554022
