objID,ra,dec
108360091301602936,9.13028693679636,0.3019261305459779
