objID,ra,dec
104420093733494294,9.373213163386671,-2.980121633727251
