objID,ra,dec
109150099307883618,9.930753495653331,0.9608248918584489
109150099304973216,9.930604151108511,0.9606956399217974
