objID,ra,dec
104430091146517565,9.114699872221614,-2.9691831196299687
