objID,ra,dec
102430090995065097,9.09952977434602,-4.637946361608157
