objID,ra,dec
104120091462681418,9.14636085,-3.2327008
