objID,ra,dec
106180090079476702,9.007865171948946,-1.5114535359232728
