objID,ra,dec
108080090359821601,9.036010488682459,0.06761511378506017
