objID,ra,dec
99430090244652926,9.02445373844173,-7.13976134980339
