objID,ra,dec
108060091614967094,9.161398843309298,0.055562515645354665
108060091611897243,9.16119183,0.05562705
