objID,ra,dec
107990099290671767,9.929228299167796,-0.007208488342459361
