objID,ra,dec
111860098613315004,9.861350061161804,3.220465870049086
