objID,ra,dec
110600096393377577,9.63933719,2.17261295
