objID,ra,dec
105570097820567067,9.782136901991166,-2.0194002059355745
