objID,ra,dec
98600094972042289,9.497220543708556,-7.831821804233834
