objID,ra,dec
109310099319114517,9.931983837410629,1.0950372415350658
