objID,ra,dec
106500091880502755,9.18799686,-1.24806153
106500091877122766,9.187795657686367,-1.248071591732844
