objID,ra,dec
113700098373905356,9.837370569374986,4.754072105426641
