objID,ra,dec
107270095997090272,9.599738539647488,-0.6085257958755761
