objID,ra,dec
108450093030495291,9.302960434415667,0.37905686856298065
