objID,ra,dec
109430092577216576,9.257732636856469,1.196644629326977
109430092575006194,9.257690410341414,1.1966170846952955
