objID,ra,dec
100160098822337321,9.88226232157708,-6.527509719478086
