objID,ra,dec
111930096357031433,9.635720085735281,3.2758722749357805
