objID,ra,dec
110280090448635894,9.044918358773657,1.904469682333078
