objID,ra,dec
102690094001154272,9.399873712428969,-4.421720100179102
102690093996534533,9.399838796492686,-4.421694661183623
