objID,ra,dec
111780090317271198,9.031615589262618,3.150738383630512
