objID,ra,dec
113300090166224249,9.01634022,4.41978652
