objID,ra,dec
113510094625243463,9.462558231270403,4.594162835273293
