objID,ra,dec
106340096718810245,9.672025819481126,-1.3835074709984323
106330096718489901,9.671968129696701,-1.3837871384688405
