objID,ra,dec
109800097713689884,9.771574698865463,1.5079100380886887
