objID,ra,dec
97980090827073109,9.08271120427946,-8.34772945860636
