objID,ra,dec
105300094687149105,9.46869484106812,-2.242727770730832
