objID,ra,dec
111840099295346457,9.929581837652975,3.2049880354065525
