objID,ra,dec
109870091527178305,9.152740323300062,1.564867000907972
