objID,ra,dec
108170090551004772,9.05511603864435,0.1452337766039887
