objID,ra,dec
105860097008773765,9.700770965779443,-1.7806435294340213
105860097006053892,9.70070808627745,-1.7806046966221822
