objID,ra,dec
107690097817761912,9.781751185725502,-0.2571139259009254
