objID,ra,dec
110260094379542391,9.43799672,1.8849199
