objID,ra,dec
113510098860783216,9.886168115894574,4.593870876766711
113510098860102845,9.88604808750353,4.5937306484111415
