objID,ra,dec
102210099281091405,9.928100439127183,-4.824401687382286
102210099280481064,9.928102518325916,-4.8243999297269475
