objID,ra,dec
103360094744148598,9.474418803900804,-3.859840726723719
