objID,ra,dec
94950092183257129,9.21836938356203,-10.869436593146776
