objID,ra,dec
95620092446238971,9.244688414084367,-10.309530714413043
