objID,ra,dec
105910095671484152,9.567176081400621,-1.7386043484760723
