objID,ra,dec
109250098007663908,9.80077491,1.04457544
109250098005544170,9.800597533874901,1.0447902689642827
