objID,ra,dec
111860091447865021,9.144758025020307,3.2205152929920997
