objID,ra,dec
108400091870428317,9.187058028804294,0.3398917131756247
