objID,ra,dec
95150092827039197,9.282769261923555,-10.701027240104684
