objID,ra,dec
107610094748019452,9.47496589715363,-0.31732492004792845
107610094748149833,9.474927172278555,-0.31725479778694793
