objID,ra,dec
112780096893499165,9.689399273844893,3.9905084200988057
