objID,ra,dec
107500095370834620,9.537104079410076,-0.4131953891488731
