objID,ra,dec
99670091759556477,9.17598035277682,-6.936640928060657
