objID,ra,dec
96580096951557000,9.695089626072171,-9.511160105916076
