objID,ra,dec
109110092910920865,9.291115258516522,0.9253461664010977
