objID,ra,dec
103890090030055563,9.00315178,-3.42078388
103890090032675703,9.003303578078457,-3.4207426737920654
