objID,ra,dec
109330092608369291,9.26083795,1.11566753
109330092608248911,9.260861152975382,1.1154119090816157
