objID,ra,dec
111550094574228243,9.457512121629215,2.964807619883856
