objID,ra,dec
96900096470259165,9.647058052797604,-9.242703791299794
