objID,ra,dec
108090096798347261,9.67993973278372,0.08070458780221712
