objID,ra,dec
103230098560937762,9.856140271244259,-3.968871882357494
