objID,ra,dec
96130090809633798,9.081007323828526,-9.888815478492802
