objID,ra,dec
94860090095514475,9.009703140821236,-10.946566715107261
