objID,ra,dec
107810097606412665,9.760695435867985,-0.15650327399052713
