objID,ra,dec
106700098592566273,9.85939591265843,-1.0784967024792986
