objID,ra,dec
112650092927025237,9.29275326,3.87887713
