objID,ra,dec
104790092448140943,9.244849990353508,-2.674576744789772
104790092450631171,9.24507032,-2.67442506
