objID,ra,dec
111740096373599347,9.637414255891166,3.123973869479707
111740096371019483,9.63718409,3.12410088
