objID,ra,dec
107380097873498619,9.78719091652013,-0.5099746850349515
107380097872557997,9.78721342,-0.5102905
107380097871208850,9.787141355575189,-0.509889953866937
107380097869758271,9.78700219045852,-0.5101259570615877
