objID,ra,dec
100780095878770116,9.587845879978993,-6.016912689788912
