objID,ra,dec
108080090812973124,9.08131289459872,0.06884612225218674
