objID,ra,dec
112980094499367931,9.4500869,4.15622878
