objID,ra,dec
111220091892198547,9.189320359104478,2.6900814661678183
