objID,ra,dec
107210096841152718,9.684123292933458,-0.6564686378174207
