objID,ra,dec
103790096932543323,9.693251646182217,-3.505986386473118
103790096930413076,9.69307968,-3.50613126
