objID,ra,dec
103910094935481066,9.493542006890895,-3.4078624768999233
