objID,ra,dec
108510092709592646,9.270944974735233,0.42683768882180306
