objID,ra,dec
107910097389066723,9.738916222312332,-0.06974535424871751
