objID,ra,dec
99390099972355016,9.997277107868245,-7.171160415841303
