objID,ra,dec
108650096473953773,9.64740622,0.54443323
