objID,ra,dec
99280093714357047,9.371489999291494,-7.261118616530984
99280093713527448,9.37137879,-7.26096619
