objID,ra,dec
98030091712971560,9.171313126171055,-8.307393871708495
