objID,ra,dec
112050098713932383,9.871522521086499,3.3765912417799067
