objID,ra,dec
109480097785066105,9.778537931495022,1.238033613379771
