objID,ra,dec
111810093405029946,9.340573712844243,3.182902671841044
