objID,ra,dec
109270090806596054,9.080605155455714,1.063146306761382
109270090805376354,9.080569514780018,1.0631988820603702
