objID,ra,dec
108490096376892828,9.63768716,0.41031321
