objID,ra,dec
109140090407176360,9.04072685,0.95492705
109140090404096610,9.040496800579128,0.9550440157682698
