objID,ra,dec
110390095174581302,9.517517181988518,1.9924557727792622
