objID,ra,dec
112790094806095583,9.480694059929634,3.995933911944974
