objID,ra,dec
107410093548502883,9.354924192588694,-0.4896271811830634
