objID,ra,dec
103680098528542662,9.852897683260366,-3.5980420195608964
