objID,ra,dec
106990099197129406,9.919726960960586,-0.8341760643220485
