objID,ra,dec
99970091717291191,9.171768459990155,-6.691015437081021
