objID,ra,dec
99320093402667340,9.340233850926095,-7.227539012926095
