objID,ra,dec
99500093517615723,9.35179004001877,-7.078917694536008
