objID,ra,dec
102710096308956073,9.630937145163177,-4.40355807584866
