objID,ra,dec
112140091718616660,9.171886783512225,3.4551733956975887
