objID,ra,dec
99810093263066621,9.326313448711849,-6.819804038542142
