objID,ra,dec
106590091446289422,9.144561363164632,-1.1676043800775493
