objID,ra,dec
98340091557671006,9.155826925378317,-8.049488633194244
