objID,ra,dec
109280097143208128,9.714441910758937,1.072972153102146
