objID,ra,dec
109280095191254410,9.519189175470805,1.0699199002803348
