objID,ra,dec
101920093087254531,9.308667,-5.063162
101920093085394842,9.308534507569235,-5.062996489738226
