objID,ra,dec
107880098696460843,9.869764121820534,-0.0996147842545893
