objID,ra,dec
99380097398253660,9.739812809640986,-7.180567447431789
