objID,ra,dec
103650098726708758,9.872722103696086,-3.6179832696962455
