objID,ra,dec
109310094412323362,9.441291126055356,1.0941125978886446
