objID,ra,dec
104550099394708006,9.939501564449355,-2.868640116085467
