objID,ra,dec
108210095126518849,9.512682035517837,0.1819088517976882
