objID,ra,dec
107820093356545562,9.335658314827874,-0.14592260322236936
107820093355805215,9.335626914725959,-0.14604561079535988
