objID,ra,dec
113380097662060274,9.766202093266427,4.483114497124002
