objID,ra,dec
109270094734502198,9.473485099138799,1.059801871254884
