objID,ra,dec
107070090109750194,9.011065236305026,-0.7751235951422264
107070090112840233,9.01129933,-0.77522133
