objID,ra,dec
106490094872583655,9.487248057542747,-1.2556551812784884
