objID,ra,dec
96390099908748445,9.991033380562946,-9.668315133359267
