objID,ra,dec
113630095111772497,9.511191451279073,4.693355458758288
