objID,ra,dec
108730092587430847,9.25879157587719,0.6086902555559571
