objID,ra,dec
112780093639921307,9.364093851862693,3.9840809132069883
112780093639491647,9.36394889,3.9843134
