objID,ra,dec
95350098771334121,9.877157200256088,-10.538550901073803
95350098769534430,9.8770045,-10.53833655
