objID,ra,dec
104510092842469165,9.284264905907962,-2.901104459544525
