objID,ra,dec
106820094819528172,9.481950885152067,-0.9768732101597002
