objID,ra,dec
103790099322029364,9.932260521504011,-3.5009437791431695
