objID,ra,dec
108030096889655537,9.688981046342628,0.029274410054665738
