objID,ra,dec
107870094739196693,9.47395601,-0.10310857
107870094740716991,9.474079239548065,-0.10292784660418106
