objID,ra,dec
109040091711854865,9.171194767260152,0.870369118667694
