objID,ra,dec
104080093757248547,9.375693913664382,-3.2601484725964105
104080093755498199,9.375680341527811,-3.260142981482918
