objID,ra,dec
97820094880235038,9.48809067369345,-8.479496718894898
