objID,ra,dec
109580095093560054,9.509478024179838,1.316425562204546
