objID,ra,dec
95400093725226948,9.3726149195903,-10.494451132183732
95400093724787281,9.372600085974387,-10.49443655385534
