objID,ra,dec
103840099061239364,9.90616711530428,-3.459193931914542
