objID,ra,dec
110450097948727777,9.794919768631603,2.047675049264995
