objID,ra,dec
107840098404775087,9.840495342646399,-0.1294173324975121
