objID,ra,dec
112690090840569481,9.08405910029095,3.915738287260325
