objID,ra,dec
107090098020387264,9.802070797969392,-0.7526474200782856
