objID,ra,dec
107740097078859245,9.707928278532039,-0.20934791301435202
