objID,ra,dec
99710094904969252,9.490531958733373,-6.900946343855162
