objID,ra,dec
107570099622516872,9.962278334017622,-0.3529209536516144
