objID,ra,dec
112670094823513827,9.482384407591741,3.894416925371131
