objID,ra,dec
113740096197157477,9.619751939798835,4.789025327691402
113740096197977069,9.61973308,4.78878555
