objID,ra,dec
108230097650707209,9.765160153838636,0.1973259956149356
