objID,ra,dec
107400099519849717,9.95185705084647,-0.4922045300898479
