objID,ra,dec
111050098797075943,9.8796807,2.54642802
111050098795176233,9.87965671755969,2.5465004938474842
