objID,ra,dec
110090096398512167,9.639868529019427,1.7431709079652633
