objID,ra,dec
113490093100002213,9.310021556903262,4.576460419662146
