objID,ra,dec
107080095096215183,9.509610113158189,-0.762692514554284
107080095096385521,9.5095956,-0.76248726
