objID,ra,dec
106170095135738339,9.513495521620625,-1.5184309512635077
