objID,ra,dec
108510097910947871,9.791107701995477,0.4312346098177821
