objID,ra,dec
112190096658293288,9.665833621970073,3.4941521719303976
