objID,ra,dec
102180090936444767,9.093664948421635,-4.846373876661167
