objID,ra,dec
111450090957119722,9.095632508561348,2.882721372755009
111450090954269770,9.095636948421161,2.882722201859174
