objID,ra,dec
107650098509391131,9.85087107,-0.29116821
107650098505701126,9.85061901,-0.29110801
