objID,ra,dec
112550093092726760,9.309313788470236,3.7969641778925047
