objID,ra,dec
102680098806131082,9.880594718795692,-4.432806889895289
102680098803371307,9.88045243,-4.43270343
