objID,ra,dec
98610094870150701,9.486785528692678,-7.824838355540876
98610094867300558,9.486721147424403,-7.824848364053803
