objID,ra,dec
100460095583606287,9.558392819343831,-6.278462466116659
