objID,ra,dec
107170095451065507,9.545099583988776,-0.6874488289676409
