objID,ra,dec
112890090363428562,9.036378303972585,4.081759858263519
