objID,ra,dec
99170095839813363,9.583983816503547,-7.355884075596191
