objID,ra,dec
111110093578925230,9.357931795778631,2.5956496851310833
