objID,ra,dec
102190090484839316,9.048486538065427,-4.834172213183124
