objID,ra,dec
108090094438218249,9.443814786433284,0.08145402640599805
