objID,ra,dec
108600095597234586,9.55969802778225,0.5034443966521631
