objID,ra,dec
108220098409300807,9.84094790462359,0.18368769737465365
