objID,ra,dec
110600099540891212,9.954118707622179,2.1674131642828227
