objID,ra,dec
102600095388502511,9.53884089,-4.49828412
