objID,ra,dec
98410099688996605,9.968885923350209,-7.986475556595894
