objID,ra,dec
98580097441467863,9.74415181482374,-7.8437714860074665
