objID,ra,dec
107810090096475495,9.009652438313552,-0.1541720874690818
