objID,ra,dec
102690097063984551,9.706448518401698,-4.4213627549941785
