objID,ra,dec
95980099287333705,9.928768465766087,-10.013913937822545
