objID,ra,dec
98910095199451137,9.519902417069147,-7.5745503260869125
