objID,ra,dec
113270098453311824,9.845328741190142,4.392753453746687
