objID,ra,dec
112950090632312477,9.063258189729021,4.126624795214625
