objID,ra,dec
107160093444374899,9.344469664901391,-0.6962835612307237
