objID,ra,dec
105300091944102064,9.194433337721629,-2.2486102209676053
