objID,ra,dec
112120098118317549,9.8118319,3.43925351
