objID,ra,dec
107410092076948378,9.207665147967722,-0.4850243463195323
