objID,ra,dec
112890097376056201,9.737496273325995,4.079811493801469
112890097373776402,9.737447616217423,4.079881369259918
