objID,ra,dec
100740090742605985,9.07429718986557,-6.045374975429315
