objID,ra,dec
108990096702861923,9.67028659,0.82623752
108990096700871675,9.670106238503537,0.826040437815112
