objID,ra,dec
109350093773839178,9.377408830314097,1.1323472247525743
