objID,ra,dec
103500093555851198,9.355646447488299,-3.7493544742738636
