objID,ra,dec
96370091998854559,9.199915436518197,-9.68819715729851
