objID,ra,dec
104840094664325361,9.466606549151942,-2.6290246493371527
