objID,ra,dec
108700098713870397,9.87138754,0.5833032
108700098708730453,9.87102902,0.58328848
