objID,ra,dec
113160097833493165,9.78339302428889,4.302246590471791
