objID,ra,dec
99150090435603059,9.043526168804364,-7.372903196727606
