objID,ra,dec
113670096917373615,9.691739311692643,4.727632574776808
