objID,ra,dec
112410096562942206,9.656288964644219,3.676366769211236
