objID,ra,dec
105730094408453098,9.440866905330415,-1.8893957554784706
