objID,ra,dec
107540093101214397,9.31005377,-0.38012832
107540093098404288,9.309965119516526,-0.38015863086458374
