objID,ra,dec
111110095160174432,9.51617558,2.59512007
111110095162754626,9.516339229554218,2.5951424094735476
