objID,ra,dec
108490095437283796,9.54375154,0.41110737
108490095434423663,9.543589929918886,0.41104069758036665
