objID,ra,dec
105340091338931456,9.133902773199829,-2.2158272298007224
