objID,ra,dec
99400097916941731,9.791751370908775,-7.16545077859882
