objID,ra,dec
105380095871519202,9.587147879976273,-2.1760762135987193
