objID,ra,dec
101420091738494145,9.17389093020891,-5.480233376948927
