objID,ra,dec
108320098325057968,9.83252071780534,0.2729552566672767
