objID,ra,dec
107610098258446731,9.825871045801046,-0.3196736210383389
