objID,ra,dec
107650091570390421,9.157019674567524,-0.2916909462498704
