objID,ra,dec
97980097130505614,9.713017079365946,-8.34562648486167
