objID,ra,dec
98110095631006429,9.56289611,-8.23658692
98110095630076800,9.562937673141446,-8.236400672869905
98110095628146388,9.56281579,-8.23668263
