objID,ra,dec
108280093184296302,9.31836462,0.2380823
108280093180656314,9.318101245409554,0.23815588032865073
