objID,ra,dec
108020095240995572,9.524133004578012,0.020876876451129026
