objID,ra,dec
103690097989251833,9.799050935520597,-3.590513083300811
