objID,ra,dec
104460098510151327,9.851106723706286,-2.9492009886998387
