objID,ra,dec
106130096201099648,9.620092101695096,-1.550603756704261
