objID,ra,dec
101140099972070957,9.997253235542367,-5.716258610868562
