objID,ra,dec
95920092833336175,9.283440790776202,-10.06187584013853
