objID,ra,dec
106510091261600611,9.126115238668847,-1.2413980894824965
