objID,ra,dec
99510099500195549,9.950046364805612,-7.070720463058768
