objID,ra,dec
108440098402147000,9.840239840109726,0.3721614743043844
