objID,ra,dec
98180091525801407,9.15259903092128,-8.182574820998932
