objID,ra,dec
101720098319390484,9.831963574981275,-5.233244593263167
