objID,ra,dec
99030090581433487,9.058127538457073,-7.472517937373855
