objID,ra,dec
99970097336475691,9.733685238879447,-6.687270174099637
