objID,ra,dec
107460097384991136,9.73853536181607,-0.4494486162914361
