objID,ra,dec
100750097858636281,9.78590328234479,-6.036698004425544
