objID,ra,dec
102660092011965609,9.201190063631957,-4.445704580712219
