objID,ra,dec
106900092460681734,9.246102054754362,-0.9155869431942819
