objID,ra,dec
106110096657572120,9.665775089573158,-1.5735935915683328
