objID,ra,dec
113100092513149872,9.251258119070686,4.257893944080245
