objID,ra,dec
105730099629417824,9.962952907026382,-1.885531040293678
