objID,ra,dec
106460092396289027,9.23971063,-1.27613071
106460092396069366,9.239649616978708,-1.2758748738019636
