objID,ra,dec
110380095159226676,9.515938165114205,1.9885360299755268
