objID,ra,dec
108630091887108245,9.188734469104233,0.5315057824549883
