objID,ra,dec
97800096775705107,9.677335918898233,-8.496039790325469
97800096772605259,9.677320783008678,-8.496010337855767
