objID,ra,dec
105730095732139428,9.573202118942799,-1.8841933119694845
