objID,ra,dec
108960099318931220,9.931915981964702,0.8006647597817618
