objID,ra,dec
96960098991537029,9.899166373930225,-9.194521308249094
