objID,ra,dec
112370093477116597,9.34771155368776,3.6467614942618827
