objID,ra,dec
105480095009058630,9.501015715495214,-2.093174175481672
