objID,ra,dec
108680096019474879,9.60194304,0.57036025
