objID,ra,dec
108000090010915188,9.00107973,0.00392795
108000090008175102,9.000836028762121,0.0038558705129252586
