objID,ra,dec
102070096641935162,9.664198290502723,-4.93773341322808
102070096644275407,9.66445203,-4.93768131
