objID,ra,dec
98160091174440271,9.11752556258084,-8.200086538873984
