objID,ra,dec
105910093318415576,9.331906716890883,-1.7373631424194722
