objID,ra,dec
96990099028586190,9.902812876040999,-9.170237398483033
