objID,ra,dec
108610095273352272,9.527390825894855,0.5098401323949722
