objID,ra,dec
113720092886477347,9.288629684247415,4.772367517529674
113720092883347370,9.288507380180118,4.7723914263408505
