objID,ra,dec
101600097601164498,9.760106139569523,-5.329920320145892
