objID,ra,dec
103560090394937045,9.039491817522132,-3.6945110291439347
