objID,ra,dec
111880091538929144,9.15392154,3.24064545
