objID,ra,dec
98720092132320120,9.213424318185636,-7.733571295979116
