objID,ra,dec
105990094210878705,9.421109242296225,-1.6681072095599807
105990094213708736,9.42136013,-1.66807013
