objID,ra,dec
107980093249162477,9.324783339629192,-0.015041157822183434
107980093247192179,9.324690587496313,-0.015174020387365764
