objID,ra,dec
104540090935605791,9.093631267450771,-2.878921542578413
