objID,ra,dec
99740099813628899,9.981340923033287,-6.876295466646897
