objID,ra,dec
106130096400284914,9.64008314307223,-1.554570149932968
