objID,ra,dec
106590091581924324,9.158211005827388,-1.1717814425732354
