objID,ra,dec
112170099262958993,9.926240715794947,3.482213394509659
112170099261199471,9.926182748623214,3.482419086717999
