objID,ra,dec
107180097124952963,9.712579679811695,-0.6811719312669294
