objID,ra,dec
105160096629337685,9.662967735800315,-2.360663982826665
