objID,ra,dec
113290091579538958,9.157971059931487,4.415410033878027
