objID,ra,dec
107500096062162527,9.606255032280654,-0.4148640647356742
