objID,ra,dec
108660096469874335,9.647002588018548,0.5532334550943753
