objID,ra,dec
111510093196903635,9.319716502725054,2.927652191626783
