objID,ra,dec
104450090052195213,9.005323094533736,-2.9543906519880694
