objID,ra,dec
100820090771744991,9.077227945619434,-5.979534506326358
