objID,ra,dec
102620096887063710,9.688622927093618,-4.480606854654796
