objID,ra,dec
112980095418330477,9.541850415572023,4.149980321420355
