objID,ra,dec
103400097309455571,9.73098392,-3.82903217
103400097308425255,9.73085004105988,-3.829236625598611
103400097305675470,9.73068465,-3.82906089
