objID,ra,dec
105400093100932689,9.310089311169335,-2.164870569804891
