objID,ra,dec
98350090838089870,9.08371525571582,-8.03385677693511
98350090835799633,9.083696592152942,-8.033858927457116
