objID,ra,dec
112600090508026514,9.050798768440186,3.8383375476403243
