objID,ra,dec
104940098304091432,9.83029121,-2.54919698
104940098301211165,9.830168298578233,-2.5493063305044346
