objID,ra,dec
100310091623309934,9.16235127435028,-6.400455279217098
100310091622679584,9.1623033,-6.4006668
