objID,ra,dec
111410092509232335,9.250970725593442,2.8432154052782823
