objID,ra,dec
110250099330724833,9.93322068,1.87868216
