objID,ra,dec
112980096194661927,9.619483391693006,4.151214081304139
