objID,ra,dec
106810099623592704,9.962310324709373,-0.9896947987079485
