objID,ra,dec
110180091362765971,9.136338712747111,1.8212728438981318
