objID,ra,dec
98910098815936752,9.881624955501302,-7.569716974516526
