objID,ra,dec
108320098584961761,9.858595147265508,0.26789916810521974
