objID,ra,dec
112500095926051900,9.592511778786486,3.7512409123291577
112500095924151650,9.59243091,3.75106373
