objID,ra,dec
102940093963438105,9.39631467416408,-4.210149652813129
102940093961328401,9.39624240622054,-4.210108893722454
