objID,ra,dec
94940097266553737,9.726630345322587,-10.880566166009514
