objID,ra,dec
104440098216198220,9.821638413495196,-2.9601828061403155
