objID,ra,dec
109570096270586308,9.627160046736654,1.3132048456538186
