objID,ra,dec
113430092375378915,9.237533756766254,4.532096302441059
