objID,ra,dec
97020095922917901,9.592344133031748,-9.14376619564265
