objID,ra,dec
107720091413981766,9.141429205934768,-0.23222841062790478
