objID,ra,dec
103480091232802080,9.123239539216764,-3.7653122375085837
