objID,ra,dec
98560090280588942,9.02802000176508,-7.85964029732681
