objID,ra,dec
111570098822875294,9.88226381111282,2.9789774854375506
