objID,ra,dec
108000098565915843,9.85661433,0.00458698
108000098565416184,9.856560697599699,0.004788039927713962
