objID,ra,dec
97980090032463914,9.00324741,-8.34706475
97980090031964247,9.003334361173415,-8.346872967446307
