objID,ra,dec
108930099049609979,9.904987702305364,0.7829579671675132
