objID,ra,dec
113240098962351876,9.896223344244763,4.367773545538029
