objID,ra,dec
100250097946912358,9.794761381586843,-6.456674340303189
