objID,ra,dec
111460094137709323,9.413784793724876,2.890668351354103
