objID,ra,dec
102720094577838030,9.457853301717401,-4.39368456531917
