objID,ra,dec
108940093457564863,9.345560449095043,0.7869747949864434
108940093454484860,9.345532836216638,0.7869610379564291
