objID,ra,dec
105660090262302786,9.026174787179416,-1.9480804174146786
