objID,ra,dec
96750098893221369,9.889451736421167,-9.374157007338937
