objID,ra,dec
106920090643567336,9.064383505315597,-0.8943075102022443
