objID,ra,dec
107130091355654639,9.135623102375478,-0.7215372601418771
