objID,ra,dec
108520095762905732,9.576263420917277,0.4377431894295723
