objID,ra,dec
103680091774350873,9.177526229495687,-3.599658517720435
