objID,ra,dec
105870097677848460,9.767622128620353,-1.7682577345809032
