objID,ra,dec
109340096900902173,9.690149125896726,1.1181242778785476
