objID,ra,dec
113040090732437124,9.073254163954424,4.205549921778448
