objID,ra,dec
104710096407846867,9.640820589872352,-2.736293581734521
