objID,ra,dec
106820097488024854,9.748796219557377,-0.9795232842667503
106820097488945201,9.74885598695462,-0.9794699654125277
