objID,ra,dec
98520098861176400,9.886036362635362,-7.895113223760816
