objID,ra,dec
109870095184307304,9.518540103167371,1.5640283857173454
