objID,ra,dec
102210095369266602,9.5369367558011,-4.819789021681559
