objID,ra,dec
109280098275341239,9.8274964780671,1.0674098656525899
