objID,ra,dec
104030094490547562,9.449022696782585,-3.302517493918783
