objID,ra,dec
103110098305539503,9.830487740622171,-4.067442959038143
