objID,ra,dec
112580096561819635,9.6561620572844,3.824300216722999
