objID,ra,dec
104550096368733927,9.636893867306204,-2.8720814872162816
