objID,ra,dec
99360097718865921,9.771878095290486,-7.195364105283794
