objID,ra,dec
107720091735533577,9.1737306,-0.23072006
107720091737973332,9.17379133,-0.23085726
107720091738353803,9.173862861131205,-0.2306097686680438
