objID,ra,dec
111050090190154026,9.01908826,2.54463689
