objID,ra,dec
107470092222647573,9.222109663462724,-0.43573874670696183
107470092218817538,9.222079816267675,-0.43573820266321606
