objID,ra,dec
108980094782293252,9.478186569485644,0.8190744820203817
