objID,ra,dec
99020097722600643,9.77242605,-7.48309755
99020097725321127,9.77249321801197,-7.482854790669134
