objID,ra,dec
111260094110151803,9.411088177171232,2.7176749774780413
