objID,ra,dec
108910090092106219,9.009093403328954,0.7630048559115635
