objID,ra,dec
110180099821208589,9.982118917437871,1.8234604040675197
