objID,ra,dec
109300092247309709,9.224836205901372,1.0909803399640818
109300092247909320,9.22488481666346,1.0908326732027032
