objID,ra,dec
113600098399586098,9.840022933667894,4.671320280494463
