objID,ra,dec
106990098297978298,9.829887554551403,-0.8351014605623263
