objID,ra,dec
104030092190948721,9.219057839761737,-3.30139520835409
