objID,ra,dec
108590091842294479,9.18424047531558,0.49505845956197836
