objID,ra,dec
106890095547146428,9.554704765820485,-0.9200228568050196
