objID,ra,dec
109660099733977396,9.973323943528523,1.3891484783133188
