objID,ra,dec
101660097405774864,9.740574877136462,-5.279613009867434
