objID,ra,dec
109410097894246443,9.78952871507832,1.180011654044826
