objID,ra,dec
106200099489211556,9.94886283722783,-1.4991253382675003
