objID,ra,dec
104820092480470535,9.248068172583478,-2.64992616729971
