objID,ra,dec
110320095928068045,9.5928653953056,1.9396899031154942
