objID,ra,dec
104860098744582509,9.87445341,-2.61495773
