objID,ra,dec
111820098640672504,9.864061915446117,3.1849610759869313
