objID,ra,dec
112180092850455259,9.285066699648238,3.4873609651022943
