objID,ra,dec
105760095558184765,9.555834328320838,-1.8630297634821233
