objID,ra,dec
105040096569353540,9.656817477309719,-2.464179864594578
105040096566433548,9.65675669787875,-2.4641579199365315
