objID,ra,dec
102240092742887846,9.27425870745822,-4.793806512350733
