objID,ra,dec
107640090460745643,9.046061313053094,-0.2956921203485144
