objID,ra,dec
110490090160269124,9.016188207056567,2.082232241288047
