objID,ra,dec
104920090126198751,9.01275966161865,-2.559719525525925
