objID,ra,dec
109090096078353885,9.607908510357307,0.9112894733557727
