objID,ra,dec
109290096662265269,9.666249163438339,1.0790094550940523
