objID,ra,dec
101960091292735144,9.1293219958683,-5.029393138543256
