objID,ra,dec
101520093733952499,9.373441400313526,-5.398279318691385
