objID,ra,dec
104060095618162697,9.561879809622125,-3.2814068921934356
