objID,ra,dec
101970094500333381,9.450002569270431,-5.0225604319748545
