objID,ra,dec
101290090925737404,9.09254771,-5.58590057
101290090921767490,9.09227361741343,-5.585785686553608
