objID,ra,dec
111970098907200617,9.890741648023711,3.308444728723481
