objID,ra,dec
109930092433095030,9.243346106391424,1.6121750353032727
