objID,ra,dec
108650098290219145,9.829058663332477,0.5489780907008011
