objID,ra,dec
100480098141044386,9.814139197816774,-6.263311564421449
