objID,ra,dec
101120097662460602,9.766294691858477,-5.733095188679248
