objID,ra,dec
109590095323769090,9.532414799563414,1.3322770281786056
109590095320779063,9.53223453778277,1.3321512480476208
