objID,ra,dec
113690094665315827,9.466575934545686,4.746091611957292
