objID,ra,dec
107580092311489485,9.23117872307378,-0.3424412662020801
