objID,ra,dec
108350095722265541,9.57229823783677,0.2959242319912149
