objID,ra,dec
113770095273988814,9.527490923791277,4.815291810584947
