objID,ra,dec
100860094402153162,9.440283184355678,-5.947738407683971
