objID,ra,dec
94790094768728536,9.476840900033297,-11.001594665312899
