objID,ra,dec
108450096412310676,9.641223085471776,0.3752346821799029
