objID,ra,dec
105970094792074486,9.479221015691667,-1.688302138616073
