objID,ra,dec
105380096062344079,9.606126087343073,-2.1802762293377973
