objID,ra,dec
108360094677662377,9.46788461410679,0.301571208707648
