objID,ra,dec
103630096434271607,9.643444177693606,-3.640684191812776
