objID,ra,dec
110990097304102680,9.730451442954802,2.493499115426177
