objID,ra,dec
108580094979696045,9.497935306416684,0.48795210326377436
