objID,ra,dec
105670099670294214,9.967045075814518,-1.9385225770444487
