objID,ra,dec
107040098668843194,9.866919696882814,-0.7977049655681617
