objID,ra,dec
112950095557572168,9.555758980346747,4.12644905457116
