objID,ra,dec
105390097539253560,9.753953748153801,-2.172527069004254
