objID,ra,dec
113040091477536304,9.147778228912356,4.204892787371758
113040091479416613,9.1479517,4.20502968
