objID,ra,dec
110050090677806152,9.06775371,1.7130652
110050090675385973,9.067555268871264,1.7129108268136213
