objID,ra,dec
105200099497016129,9.949745837024068,-2.3285758933580722
