objID,ra,dec
106300095135354506,9.513601762644269,-1.4132750292527336
