objID,ra,dec
94570096250898845,9.625059954831652,-11.184626018477735
