objID,ra,dec
108000093849445884,9.384925995345517,0.004483142510439919
