objID,ra,dec
109310092370948058,9.237129321512885,1.0980139047015829
