objID,ra,dec
105270097586171243,9.75869955825168,-2.2743448271099194
