objID,ra,dec
109580092105168361,9.210539707641408,1.3232497908360887
