objID,ra,dec
104830091810209452,9.181055294445924,-2.6341800343701673
