objID,ra,dec
110570097540112735,9.754101926124939,2.1435819438212675
