objID,ra,dec
108960097325891800,9.732607544273778,0.8011374878459441
