objID,ra,dec
110000090516419668,9.05161888270544,1.674259961623096
