objID,ra,dec
108320098983846700,9.898425473696697,0.27198038518228035
