objID,ra,dec
108630098217356753,9.821702471369633,0.5302016369444095
