objID,ra,dec
111590093916825904,9.391761755437896,2.996139686051372
