objID,ra,dec
108930096486641291,9.648669934445897,0.7757201334329389
