objID,ra,dec
108640091986190235,9.198629235264336,0.5331719344804077
