objID,ra,dec
107590097814108674,9.781436888997488,-0.3348105741477713
