objID,ra,dec
110460097277283154,9.727837890683022,2.0522671659691114
