objID,ra,dec
104590097719849580,9.771980463677211,-2.8340385483169963
