objID,ra,dec
109270096175016312,9.617510531355098,1.0632175044312429
