objID,ra,dec
112660098366563522,9.836654624116578,3.885848700611198
