objID,ra,dec
105640093159400052,9.315967245086764,-1.9668404065354252
