objID,ra,dec
107620097333004160,9.733374772827082,-0.31361757504618476
