objID,ra,dec
101780096199642723,9.619958884513455,-5.181423317107638
