objID,ra,dec
99710092300533894,9.230065667699447,-6.9054399794059576
