objID,ra,dec
101910098893405714,9.889342218440923,-5.070576712710408
