objID,ra,dec
109120091801620895,9.18017614276896,0.9337185945266198
