objID,ra,dec
111290091477561842,9.14775613,2.74288046
