objID,ra,dec
97880098122885635,9.812252405310366,-8.428982640465268
