objID,ra,dec
101600099897191544,9.98974236140232,-5.332419947010326
