objID,ra,dec
101890096189323445,9.618934234826577,-5.089152216085015
