objID,ra,dec
107840097536896997,9.753730751295937,-0.12788790552142335
