objID,ra,dec
96930094370243603,9.437058390142523,-9.222371783727493
96930094369063275,9.43690943,-9.22260994
