objID,ra,dec
106300096905130055,9.690574733941933,-1.416877484858703
106300096903710386,9.69043674,-1.41674155
