objID,ra,dec
108970098331650843,9.833243414328999,0.808690336577903
