objID,ra,dec
104120090942508399,9.094323209230758,-3.2266911514431156
