objID,ra,dec
107630090721210876,9.072127247020159,-0.30801082091570675
