objID,ra,dec
106750099737756355,9.97375654861968,-1.0367098009804843
