objID,ra,dec
108190090223350392,9.022357270071378,0.15825158445439175
