objID,ra,dec
106210090243901354,9.024557061000891,-1.4911081681623801
