objID,ra,dec
103440094071995985,9.407173967002661,-3.795563439682211
103440094069625525,9.407169226079949,-3.7955959764608362
