objID,ra,dec
108610090733141822,9.07331513787401,0.5094505715553369
