objID,ra,dec
106440092427952952,9.242807539173368,-1.2978691800649713
