objID,ra,dec
98360090888995936,9.088975885632196,-8.028786531094447
