objID,ra,dec
102320097763652278,9.77638115588479,-4.7317194721044435
102320097763632646,9.77644116849088,-4.731532845026111
