objID,ra,dec
112810098286240362,9.828727975500144,4.008259916034972
