objID,ra,dec
101210097542368607,9.75426713332374,-5.651479979341525
