objID,ra,dec
97070095506723335,9.55075452015746,-9.105925890119556
