objID,ra,dec
107510092737198275,9.273721219056727,-0.40176558689695635
