objID,ra,dec
102410096211873143,9.62117748,-4.65600397
102410096214793438,9.621333912267861,-4.655847702676491
