objID,ra,dec
112730098394681603,9.839482846853862,3.9426167454479586
