objID,ra,dec
107900095477119843,9.5477456215492,-0.07556497807556611
