objID,ra,dec
108160099442576229,9.944272911471485,0.13815860902296365
