objID,ra,dec
109780095528373068,9.552881182802537,1.4855020698255934
