objID,ra,dec
107670095929668403,9.592999833586903,-0.2684298309763949
