objID,ra,dec
101920094917559154,9.491751889305293,-5.059419140965855
