objID,ra,dec
106830092882351208,9.288278939501176,-0.9743677679258214
