objID,ra,dec
107310094634267946,9.463543452688137,-0.5685739858028999
