objID,ra,dec
112310095679910217,9.568020728569056,3.5915307781607932
112310095677810526,9.5679915,3.59162707
