objID,ra,dec
95350096062577779,9.606213596682657,-10.53550754685005
