objID,ra,dec
108220096678982538,9.667999767097607,0.18510969525544296
