objID,ra,dec
107720095999407765,9.599970645530718,-0.22724926670188436
