objID,ra,dec
96560096133634633,9.613418632783556,-9.529818391903122
