objID,ra,dec
106650093378817089,9.337888924161803,-1.1194494381943154
