objID,ra,dec
96030093108086312,9.31089096,-9.97012108
96030093105696595,9.310790973542218,-9.969997765000432
