objID,ra,dec
101750091375165961,9.137526078284697,-5.203711595639866
