objID,ra,dec
112080098084198848,9.808494637444175,3.406946663446793
