objID,ra,dec
101970093558446088,9.355846586677355,-5.020327408031166
