objID,ra,dec
108940092722120180,9.272409136802773,0.7831531090029304
