objID,ra,dec
108010093610862935,9.36108941,0.01040089
108010093611143331,9.361006919723755,0.010635208479867087
