objID,ra,dec
108390090146553268,9.014684272933486,0.3273610354197956
