objID,ra,dec
109360091269197600,9.126952529855643,1.1392878343740287
