objID,ra,dec
107960091567145450,9.15669714051492,-0.029172009627048624
