objID,ra,dec
104300098723873843,9.872394583737032,-3.080513511023426
