objID,ra,dec
110220098610452358,9.861254672549913,1.8517363631233124
110220098612272628,9.861274315930222,1.851774069577595
