objID,ra,dec
104210098185293805,9.81855746450813,-3.1555281376266575
