objID,ra,dec
110430098866194125,9.886786580382928,2.02795438778285
