objID,ra,dec
107820091352804764,9.135250966509753,-0.14649761545061674
