objID,ra,dec
96770091548659106,9.154869690106487,-9.35108168225864
