objID,ra,dec
106130094215793094,9.421629587226642,-1.5561446346260424
