objID,ra,dec
108930090214718859,9.02135215082452,0.7820183125825536
