objID,ra,dec
105920091991109464,9.19921507307697,-1.725812536221799
