objID,ra,dec
106550095306168274,9.530631237727393,-1.201824439541235
