objID,ra,dec
103190095640411273,9.56403825878044,-4.007598086264781
