objID,ra,dec
104250099903728317,9.990407796362582,-3.1184151218709624
