objID,ra,dec
102030096760020011,9.676022076863186,-4.975346285288269
