objID,ra,dec
110800100266684295,10.026710136034056,2.336529585293923
