objID,ra,dec
109990101646675687,10.164662466837056,1.6627110423442624
