objID,ra,dec
106890103279467336,10.32791104,-0.9193491
106890103278706950,10.32796537228626,-0.9195831093804969
