objID,ra,dec
112710105379759835,10.53798404831449,3.932788120995524
