objID,ra,dec
96840107612364098,10.761225097579652,-9.296918082189213
