objID,ra,dec
100020101323473284,10.13251656141969,-6.647469677216594
