objID,ra,dec
103600101418836930,10.141979430571318,-3.6612453843813086
