objID,ra,dec
96930104049595224,10.404961166667462,-9.22100199899921
