objID,ra,dec
99760107654468933,10.765472794085808,-6.859638253364839
