objID,ra,dec
112190101590620837,10.159129145418921,3.491978707283478
