objID,ra,dec
96190107749625539,10.774986573617404,-9.837359137817923
