objID,ra,dec
111590101931098254,10.193133919224078,2.998164921909235
