objID,ra,dec
94580102570532807,10.25704736,-11.18129784
94580102567782921,10.256796629743588,-11.181249176532683
