objID,ra,dec
101140102609612598,10.260980613051347,-5.714843272094598
