objID,ra,dec
108090108283374693,10.828287100973537,0.0785561362501849
