objID,ra,dec
107330100033783413,10.003402547452152,-0.5558946773166128
