objID,ra,dec
107020108785188014,10.878548881211344,-0.8103489123227767
