objID,ra,dec
98200104503981052,10.450405527868044,-8.16612336790369
