objID,ra,dec
108090100235067347,10.023584122282024,0.0808464477922307
