objID,ra,dec
95990106836256704,10.683672728786513,-10.003061230707223
