objID,ra,dec
100790102591853928,10.259185064007504,-6.005375891620747
