objID,ra,dec
107290103530984890,10.35316505295066,-0.5879613948143861
