objID,ra,dec
104470100859746133,10.086002118088746,-2.9369117623276724
