objID,ra,dec
111890109800566304,10.98010408,3.2465087
111890109797576403,10.979830423594885,3.246582444264177
