objID,ra,dec
104390106782036575,10.67825755250496,-3.003173728303808
