objID,ra,dec
106510104998864922,10.499902517004793,-1.2379290314131561
