objID,ra,dec
101930105876914899,10.58766601481232,-5.0545836388124
