objID,ra,dec
100760101383741060,10.138420543840358,-6.032847286879594
