objID,ra,dec
101080105959790771,10.596045982281538,-5.766443784595305
