objID,ra,dec
103180109944562288,10.99446428,-4.0150699
