objID,ra,dec
105120105155157791,10.51552956,-2.39389955
105120105152028077,10.515173236042301,-2.393769600680295
105120105150607788,10.51519429910623,-2.393789968992317
