objID,ra,dec
110970106195928682,10.61960405664208,2.4818083171477423
110970106197678340,10.61978436,2.48157639
