objID,ra,dec
107960102797272747,10.279831258299428,-0.03134831890674382
