objID,ra,dec
107780101364511913,10.136490545813142,-0.18213181190314112
