objID,ra,dec
99880102218396314,10.22185116856074,-6.761707448960685
