objID,ra,dec
108250103915837625,10.391634032894338,0.2144252710913002
108250103916017972,10.39164013039749,0.2144420625381903
