objID,ra,dec
106570102424425039,10.242459008671775,-1.187877999349316
