objID,ra,dec
106650103085933575,10.308587542487064,-1.122302529617538
