objID,ra,dec
99240100089429746,10.008971481102396,-7.292243307399337
