objID,ra,dec
99940104695694557,10.469585616217463,-6.7131946346057525
