objID,ra,dec
110970103377383385,10.337742940525132,2.4774399271545287
