objID,ra,dec
104450103957456132,10.395686257191738,-2.9535794127097517
