objID,ra,dec
100520103966938420,10.396727935356788,-6.226688643425414
