objID,ra,dec
106080104806501739,10.48074510202312,-1.5989296361651986
