objID,ra,dec
111980109839145996,10.983961971424469,3.321253427998483
