objID,ra,dec
101500107396343519,10.739658027130385,-5.414104675655212
