objID,ra,dec
108510107617528741,10.76174804911504,0.4318596709274151
