objID,ra,dec
113470109257425271,10.925830572728163,4.562274195954482
