objID,ra,dec
108460101597450978,10.159782448442456,0.38379128996515505
