objID,ra,dec
106940105792216059,10.579225993406332,-0.8786235960714803
