objID,ra,dec
105260100663178034,10.066224669845141,-2.2770187939199347
