objID,ra,dec
109430108759148602,10.87595436211793,1.198617913201122
109430108760948930,10.875998927645679,1.1986531120002812
