objID,ra,dec
109390107757656680,10.7758891,1.16365437
109390107760546743,10.776064329806724,1.1635440658245833
