objID,ra,dec
110240102864518157,10.286515675896423,1.873008899056874
