objID,ra,dec
107810100534742019,10.053517423311742,-0.15700321511227894
