objID,ra,dec
107800108142727367,10.814278521907841,-0.16089465159985394
