objID,ra,dec
103370108803119026,10.880303658239987,-3.8511870967412527
