objID,ra,dec
105560106475854775,10.647609711941977,-2.0297097179281876
