objID,ra,dec
95970103912254701,10.391224893478062,-10.021421847934672
