objID,ra,dec
107580104993793180,10.499411627509746,-0.34768227852178896
107580104994093566,10.499453351013397,-0.3476092684842105
