objID,ra,dec
110890108633768343,10.863364294252492,2.414867847350698
