objID,ra,dec
102170109833143624,10.983225819297752,-4.855895139636163
102170109832273206,10.983235469566061,-4.855895527659641
