objID,ra,dec
109980103550371189,10.355061627019486,1.650656760464061
