objID,ra,dec
108040107792395201,10.77924801204528,0.03722823474909579
