objID,ra,dec
96850103329009748,10.332885471166588,-9.283890945368144
