objID,ra,dec
102470101284529901,10.128488447888918,-4.600421560761938
