objID,ra,dec
100200109905307834,10.990581737869807,-6.493819020259196
