objID,ra,dec
108580104563140026,10.456371893937302,0.4829760027280928
