objID,ra,dec
107200104340805853,10.434177870366218,-0.6622280822813255
