objID,ra,dec
109420106945889777,10.69466294159554,1.1910794136384864
