objID,ra,dec
104640104852207716,10.485275000437824,-2.7939630111971883
