objID,ra,dec
110960107305002064,10.7305656593714,2.468000554836099
