objID,ra,dec
101950106134672443,10.613370540511712,-5.039971039980636
