objID,ra,dec
111670104553709711,10.45540508,3.06602899
