objID,ra,dec
109730102861265332,10.286218387834836,1.4457480453915907
