objID,ra,dec
108640106551282943,10.655167022563106,0.5354533706959416
