objID,ra,dec
109980108448061622,10.84484267512386,1.6508698116526306
