objID,ra,dec
105880107786476019,10.778475006520045,-1.7621784590311347
105880107783835730,10.77844122018902,-1.7622401740657925
