objID,ra,dec
112750107222899181,10.722372935219203,3.9655988518764507
