objID,ra,dec
109790107482242628,10.748227399836093,1.4935150724112427
109790107479482755,10.74797676,1.49360656
