objID,ra,dec
105090104388930342,10.43882080826169,-2.425120244241623
