objID,ra,dec
109120105542050671,10.554257673636878,0.9335400615650046
