objID,ra,dec
106080106157810514,10.61577860287758,-1.5998147473027122
