objID,ra,dec
104430102791542969,10.279172577148678,-2.972953486906088
