objID,ra,dec
100030103632047992,10.363232771505361,-6.635334226273243
