objID,ra,dec
104580108724348801,10.872486151569687,-2.84300512905052
