objID,ra,dec
104150102818841329,10.281829331714697,-3.207549574004789
