objID,ra,dec
104210100449217184,10.044947176058143,-3.1527104094198464
