objID,ra,dec
104140109239796210,10.9239462,-3.21175251
104140109237396395,10.923781296909091,-3.2115846843706075
