objID,ra,dec
107980100907450426,10.090793706665083,-0.01667733210169507
