objID,ra,dec
99810105451602022,10.545141623678655,-6.823657635614965
