objID,ra,dec
110270107616543463,10.761745519102954,1.8941323566073847
