objID,ra,dec
105450107966049773,10.796607494258962,-2.11714785024466
105460107964340046,10.796547877756373,-2.117073859453186
