objID,ra,dec
104350108095096409,10.809646959954991,-3.036706532218401
