objID,ra,dec
106800101306445265,10.130657389199675,-0.9959020154410967
