objID,ra,dec
98610103818817097,10.381939574414922,-7.819415678711862
