objID,ra,dec
112810109980428096,10.998106985812099,4.014670494833975
