objID,ra,dec
106170107831075253,10.783089267268746,-1.5210366593136715
