objID,ra,dec
104340108287058117,10.828742324216227,-3.043612929028824
