objID,ra,dec
108830107055860864,10.705602186868056,0.6919974790653138
