objID,ra,dec
108950106610659870,10.6610878,0.79948923
