objID,ra,dec
106540104695851566,10.469632160443368,-1.215730517607977
