objID,ra,dec
104290108940256773,10.89401922151275,-3.0864095325670204
