objID,ra,dec
111830107556135843,10.755683968560307,3.1961443757774806
