objID,ra,dec
97150103039174669,10.303884849298692,-9.03813754445504
