objID,ra,dec
108790100996021890,10.099639361222273,0.6595303240712318
