objID,ra,dec
103930104574410472,10.457514068995346,-3.391715494964057
