objID,ra,dec
112450101993846504,10.19937883,3.71336617
