objID,ra,dec
111350107809650593,10.781026623259786,2.791747660263897
