objID,ra,dec
108380101919731931,10.191959857264436,0.31784660109979096
108380101920611555,10.1920553,0.31760275
