objID,ra,dec
106270108126853211,10.8127047,-1.43937558
106270108125472877,10.812622094562766,-1.439613229663354
