objID,ra,dec
113030104023899890,10.402468337204606,4.199495664820281
