objID,ra,dec
108130105464541058,10.546526755227092,0.10884924515050634
