objID,ra,dec
97410100363678984,10.036388630335965,-8.817806990628009
