objID,ra,dec
103770108098159107,10.809751451884509,-3.517586448468969
