objID,ra,dec
104300100269571280,10.026994202838734,-3.0826166019251113
