objID,ra,dec
102940106148362704,10.61460462539718,-4.21480176292494
