objID,ra,dec
109210105849657090,10.584877444515156,1.0138790773772506
