objID,ra,dec
95020105485757697,10.548654358802505,-10.81063667288443
