objID,ra,dec
99530105932200792,10.593234419359556,-7.058036785001501
