objID,ra,dec
112970105641090065,10.564092012579987,4.141323166511685
