objID,ra,dec
109050109033292607,10.90329262385188,0.8770048379948135
109050109033123103,10.903318798188137,0.8771190170466066
109050109031012852,10.903245232432566,0.8770093918604128
