objID,ra,dec
101530104091014369,10.409104210902843,-5.3884163121452024
