objID,ra,dec
99070102815219021,10.28150311054673,-7.434419611422794
