objID,ra,dec
99370100033822710,10.003407986431492,-7.189774806461283
