objID,ra,dec
113380108100545927,10.810144707495294,4.4879265175759375
