objID,ra,dec
107310100657096774,10.065748387752635,-0.5697649232329224
