objID,ra,dec
104000108846741761,10.8846691520231,-3.3322410430819027
