objID,ra,dec
108540103664016629,10.36646980200813,0.4551249998332531
