objID,ra,dec
100270101293358297,10.129412514663397,-6.435097551205225
