objID,ra,dec
110590105210834852,10.521107204087649,2.1619119895949397
