objID,ra,dec
96330101146596287,10.114705439555717,-9.720099412000843
