objID,ra,dec
105590100889736179,10.088955777767964,-2.0035447232599393
