objID,ra,dec
98240101591856905,10.159226307126803,-8.127961689986419
