objID,ra,dec
103880104010585607,10.40101611497038,-3.4290115046284755
