objID,ra,dec
99870101369247252,10.136961430085407,-6.769308163497396
