objID,ra,dec
102250105541744335,10.55416188468518,-4.78824277455974
102250105540884755,10.554164243337496,-4.7881388675032355
