objID,ra,dec
103850103296834547,10.329636875786044,-3.4549526662814425
