objID,ra,dec
112730106952653067,10.695271552450869,3.9438453749001985
