objID,ra,dec
99280103099987716,10.310002659761448,-7.260561229472096
