objID,ra,dec
105320100910305413,10.091085757099167,-2.229221335262489
