objID,ra,dec
107250109007750353,10.900805164314248,-0.6250407799835787
