objID,ra,dec
109910104526335772,10.45263267,1.59610765
109910104525096118,10.452433887327055,1.596316253158473
