objID,ra,dec
102960109150439946,10.915059122951428,-4.19200596426313
