objID,ra,dec
106750108624554451,10.862452631814396,-1.0383252827509364
