objID,ra,dec
102010103014643274,10.3014867,-4.9893188
102010103011043154,10.301186946310665,-4.989404919465276
