objID,ra,dec
104290107117054673,10.711773800241897,-3.088169591655165
