objID,ra,dec
103600102458957422,10.245895077798428,-3.660775524907133
