objID,ra,dec
104290104537457187,10.45374615,-3.0860258
104290104534097313,10.453441140085257,-3.085960312071208
