objID,ra,dec
98210101918088485,10.19174415099622,-8.15169210353973
