objID,ra,dec
97420105745429752,10.574617159135432,-8.808872934205185
