objID,ra,dec
105470109107379351,10.910812465435363,-2.1008656974249407
