objID,ra,dec
109000101307043772,10.130743727344093,0.8360756878579797
