objID,ra,dec
99880100554738958,10.055510149459392,-6.759571269219353
