objID,ra,dec
112570109932426685,10.9932463,3.81350377
