objID,ra,dec
108060101393981192,10.139395799814263,0.050616132152358134
