objID,ra,dec
112720108356505442,10.83544571,3.93758425
