objID,ra,dec
112230100687564879,10.068784916072348,3.5286348668751852
