objID,ra,dec
104450106819403308,10.68198448919261,-2.955947878983879
