objID,ra,dec
106900103731815021,10.373172623889989,-0.9128544305336118
