objID,ra,dec
96970104000695621,10.400039995506253,-9.18731468336559
