objID,ra,dec
107620106279093311,10.627935527761977,-0.3142396753380739
