objID,ra,dec
102750109361828333,10.936213737249183,-4.368372374815555
