objID,ra,dec
105670101946618595,10.19467635,-1.93484595
