objID,ra,dec
106020108101189970,10.810168711287288,-1.642007660089625
