objID,ra,dec
112450100151369040,10.015218603825677,3.7154850028438795
