objID,ra,dec
101780108034835135,10.803401490475567,-5.179422356764122
