objID,ra,dec
107850103673461020,10.367381876087205,-0.12455023161806858
107850103675170728,10.3675017,-0.1247417
