objID,ra,dec
106880102157338080,10.215696695345137,-0.9269834235792108
