objID,ra,dec
103420101844407679,10.184497263463067,-3.810635200865169
