objID,ra,dec
95780108720428603,10.872042459875832,-10.176497589353916
