objID,ra,dec
108230106339286481,10.633952311618094,0.1966908465518473
