objID,ra,dec
108570106384809084,10.63852312764148,0.4822299592669429
