objID,ra,dec
97320102099103574,10.209899856590395,-8.89740513462362
