objID,ra,dec
94930103938316736,10.39382589,-10.88638967
94930103935836930,10.393590291194721,-10.886310859869525
