objID,ra,dec
96100108039356991,10.803917085251971,-9.911206061128478
