objID,ra,dec
98710100007635360,10.00081184817027,-7.737439245037053
