objID,ra,dec
99450106767337646,10.676783383000112,-7.118977696974652
