objID,ra,dec
97170102273936330,10.22735589226005,-9.020098243545318
