objID,ra,dec
95960107568415992,10.756861696359577,-10.028657598310796
