objID,ra,dec
99230107598871264,10.759925020163562,-7.30760784125484
