objID,ra,dec
108390101130444247,10.11322036,0.32817358
108390101131414584,10.113212077410223,0.32847398816409934
108390101133244285,10.11335401,0.32817793
108390101133414868,10.113328151065026,0.3285797368002202
