objID,ra,dec
107850108660190516,10.865991176494946,-0.1249385749686139
