objID,ra,dec
107330100510634420,10.05111501139281,-0.5550540113568542
107330100512434675,10.051126791456989,-0.5550506225829323
