objID,ra,dec
110750104818152198,10.481812319448295,2.2931324617151705
