objID,ra,dec
104540106062859305,10.60631485,-2.8759509
