objID,ra,dec
101650105252326253,10.525224787163404,-5.286832109911339
