objID,ra,dec
110220106643428093,10.664447958679057,1.8562577344978866
