objID,ra,dec
100560105344601141,10.534417965514564,-6.199463490377251
