objID,ra,dec
107420102488650764,10.248907215325005,-0.48291035341121413
