objID,ra,dec
105580109450665647,10.945117044848754,-2.0122924378753217
