objID,ra,dec
106830103558791595,10.355877334775672,-0.9740506652791152
