objID,ra,dec
105070102015005184,10.201497729960854,-2.4376988350409943
