objID,ra,dec
100660103034347046,10.303331274885222,-6.111003130446733
100660103032417375,10.303328240299386,-6.110982934490963
100660103030287098,10.30309008,-6.11110573
