objID,ra,dec
108540105313305708,10.531362357862697,0.4543811671064828
