objID,ra,dec
105580100030268672,10.003036803780976,-2.0098077754264794
