objID,ra,dec
105480107790862076,10.779121770788812,-2.098750098743648
