objID,ra,dec
103490108416847037,10.841688281632946,-3.752796301383501
