objID,ra,dec
107290103728437364,10.37292046046349,-0.5858735673509815
