objID,ra,dec
109860106539866969,10.654033189842297,1.5554423015910532
