objID,ra,dec
104600100924201554,10.092380411464902,-2.8324402462683302
104600100920921409,10.092172554504883,-2.832500005647932
