objID,ra,dec
109470104972226062,10.497244624429227,1.2295769218755295
109470104972545723,10.497227975002367,1.2294368744136441
