objID,ra,dec
100010101744114153,10.17445356856977,-6.655204198328385
