objID,ra,dec
105470105036418710,10.503628581872315,-2.1014894881196184
