objID,ra,dec
106990106620790311,10.66215119,-0.84179682
