objID,ra,dec
105510101236360284,10.12367790328691,-2.0750031634720005
