objID,ra,dec
108130109997040174,10.99966169995789,0.10809508854530098
