objID,ra,dec
108700101547577120,10.15478171,0.5888499
