objID,ra,dec
110250102599228347,10.259951282026364,1.8815668294311494
