objID,ra,dec
101150109693405401,10.969267827291207,-5.704210148540013
