objID,ra,dec
99300101179777366,10.117892861253381,-7.244135479347906
