objID,ra,dec
101760107694687473,10.769501310539253,-5.1940596679770925
