objID,ra,dec
104330109974734039,10.997506048490154,-3.055328527240862
