objID,ra,dec
112800101124977916,10.112382457390604,4.006196761969111
