objID,ra,dec
106380109940090942,10.994074371592525,-1.3494476110972642
