objID,ra,dec
106440101301874664,10.130220085426307,-1.296537051398665
