objID,ra,dec
96340104875374603,10.487588508874902,-9.713178483972799
