objID,ra,dec
95010107235876913,10.723625412187635,-10.819593610011703
