objID,ra,dec
111070107902840432,10.79029337,2.55825618
