objID,ra,dec
113370107605771407,10.76057935,4.47579436
