objID,ra,dec
112480103755553867,10.375603446868471,3.7361274511252978
