objID,ra,dec
110570101515568213,10.15162074366283,2.1481394522719963
