objID,ra,dec
109000106230112543,10.623052181178418,0.8350576183538818
