objID,ra,dec
108310109173447018,10.91731447943977,0.2637940482152309
