objID,ra,dec
112510105821646356,10.58219851187192,3.763207433486246
