objID,ra,dec
94990107705278538,10.770565918596638,-10.834902903250043
