objID,ra,dec
110600100521502671,10.05216595509398,2.1684925432433606
