objID,ra,dec
97260102422444609,10.242197056431264,-8.946528609193528
97260102422024955,10.24216379,-8.9462592
