objID,ra,dec
98250108667662101,10.866795204292899,-8.123606427853353
