objID,ra,dec
107540107070031383,10.707076339708424,-0.382553498753658
