objID,ra,dec
109580106928074814,10.692846274096086,1.3203036465822988
