objID,ra,dec
110960103480661839,10.34806879733343,2.467682169049334
