objID,ra,dec
109280109098289579,10.90985754,1.07435975
109280109100979862,10.910020714176833,1.0745308134610951
