objID,ra,dec
106930100500802714,10.050131783624469,-0.889805616989333
