objID,ra,dec
104550105171031312,10.517123496244562,-2.874255266979348
