objID,ra,dec
110090109980796584,10.998042213409494,1.7467594243579105
