objID,ra,dec
98410106264373351,10.626417867751593,-7.989182650083659
