objID,ra,dec
109240103999961623,10.399951295642026,1.0342947713956057
