objID,ra,dec
107880103334601253,10.333456205105408,-0.09935907461879229
