objID,ra,dec
111010107119256820,10.712003890992513,2.5136447545424416
