objID,ra,dec
113540107022145730,10.702320405441716,4.621092362122468
