objID,ra,dec
108780105720212701,10.572052184236412,0.6518105231003807
