objID,ra,dec
113260100716805071,10.071687678146896,4.3871866824654004
