objID,ra,dec
103130100421375543,10.04219292466314,-4.054072866831866
