objID,ra,dec
109110104737292202,10.473766727893045,0.9264987180292038
