objID,ra,dec
112800103936800867,10.393694450524409,4.000319659611371
