objID,ra,dec
106520102038408276,10.203898038131806,-1.2268344115487233
