objID,ra,dec
108070106896340216,10.689744975014577,0.05802219536128445
