objID,ra,dec
107140105922291825,10.592297757871009,-0.7155248780118261
