objID,ra,dec
109600109749897514,10.97492618566422,1.3392356039764661
