objID,ra,dec
97490102449508610,10.245004216084023,-8.751538670890328
