objID,ra,dec
108330107280765986,10.728155465725385,0.27964279101374057
