objID,ra,dec
113120109848119768,10.984968866098793,4.274450345078735
