objID,ra,dec
94900104155743785,10.415542049017416,-10.91394901032806
