objID,ra,dec
106500108965114729,10.89655818136784,-1.2463805849550773
