objID,ra,dec
102590101695699573,10.169607027056307,-4.500713986730284
