objID,ra,dec
107920105936160166,10.593639376971547,-0.06692564586198428
