objID,ra,dec
103290102501461911,10.2499825699565,-3.923689118106172
