objID,ra,dec
107820102147565555,10.214768376199515,-0.14579062329799833
