objID,ra,dec
94850104416948655,10.441726582066327,-10.951555063595741
