objID,ra,dec
105200107367500310,10.736802778995314,-2.3334407598215843
