objID,ra,dec
111670108405577541,10.84051819,3.06423393
111670108403217181,10.840335450488999,3.063981201448337
111670108401997569,10.8402103,3.06427323
