objID,ra,dec
111470101910540003,10.191035036399075,2.8913284966871595
111460101906819750,10.19081541,2.89114872
