objID,ra,dec
108800109578964094,10.957987566499371,0.669691461373355
