objID,ra,dec
102670109506680660,10.95072076351251,-4.441464249272948
