objID,ra,dec
111090104080583559,10.408079617311047,2.577594265322075
