objID,ra,dec
107290108229783771,10.82305812539739,-0.5888904733892727
