objID,ra,dec
103780107514772356,10.751538414457004,-3.5151428794076356
103780107513492057,10.75143294729251,-3.515315301707293
