objID,ra,dec
104680107776720631,10.777686173606998,-2.766514437214238
