objID,ra,dec
108270109435116688,10.943523431813917,0.23021059274925304
