objID,ra,dec
112050102802353414,10.280296141482122,3.37749416341164
