objID,ra,dec
112770104314424357,10.431353949478726,3.978170252445925
