objID,ra,dec
98070102288995962,10.22881580688275,-8.270516306067456
98070102286295774,10.22874901,-8.2705422
