objID,ra,dec
106660100373143799,10.037393630199118,-1.113897288379528
