objID,ra,dec
101470101449476456,10.144937588150029,-5.436573283483458
