objID,ra,dec
98400106656415424,10.66567563104487,-7.995833227509475
