objID,ra,dec
108810106339252732,10.633958210903637,0.676886445412467
