objID,ra,dec
111490101137276249,10.113838271907332,2.913094133145121
