objID,ra,dec
106600101535835201,10.153679633694802,-1.1627664853847077
