objID,ra,dec
111570107339215849,10.733850339715152,2.9794933834463353
