objID,ra,dec
96880103642010944,10.364204813571744,-9.266239951862934
