objID,ra,dec
98910107940106546,10.794020347092067,-7.569879466989947
