objID,ra,dec
107830109753783789,10.975416421566935,-0.13891407383527501
