objID,ra,dec
106070106953649588,10.695352499083995,-1.60061800984837
