objID,ra,dec
108360108573680599,10.857378181650656,0.30009746925737524
108360108572560262,10.857317712897379,0.30002632552693614
