objID,ra,dec
108950108874006652,10.88726094811294,0.7967404635273363
