objID,ra,dec
108540109619471771,10.96214228816761,0.4511678377767046
