objID,ra,dec
109640101110196970,10.11096822,1.37210095
