objID,ra,dec
104870107118319150,10.71191962364675,-2.600989140934305
