objID,ra,dec
105830100893160760,10.089284069915466,-1.808109460666888
