objID,ra,dec
98980106707600194,10.670744073451619,-7.516798666922208
