objID,ra,dec
101700108344862483,10.834565951397273,-5.248396588210476
