objID,ra,dec
103750102292774417,10.229318320653372,-3.5382001125859794
