objID,ra,dec
108380108476866196,10.847671942536376,0.32150893381409407
