objID,ra,dec
108490101614532944,10.161443372252567,0.4104023842057119
