objID,ra,dec
113320103995260144,10.399553449930174,4.433065491007201
