objID,ra,dec
99880100127833095,10.012803416661429,-6.764445654098558
