objID,ra,dec
109580107505271699,10.750737546779778,1.3177690181003632
109580107506822027,10.750762600040515,1.3177985112091217
