objID,ra,dec
104090109616816513,10.961695229852483,-3.2532620092693603
