objID,ra,dec
108580108057181815,10.805831077815327,0.48438186045393294
