objID,ra,dec
96270103264793563,10.326435856356122,-9.772386608035044
