objID,ra,dec
98190108431793106,10.843239378215317,-8.17279121605884
