objID,ra,dec
112860102406033135,10.240672275959634,4.0522055268554125
