objID,ra,dec
108820101359946133,10.135977124035156,0.688078291036067
