objID,ra,dec
106590107741909287,10.774207197824111,-1.167568182795794
