objID,ra,dec
107940101120605917,10.112094161172314,-0.045446790455167224
