objID,ra,dec
110530109728153787,10.972758653538214,2.1112499926566546
