objID,ra,dec
98280103214195659,10.321415931046706,-8.09561136918587
