objID,ra,dec
107060102261950280,10.22618357226339,-0.7834903734258631
