objID,ra,dec
97020106412395004,10.641282037362702,-9.146177391125693
