objID,ra,dec
107370105042339838,10.504271413696618,-0.5171926679707152
