objID,ra,dec
106760104556086625,10.455624487565082,-1.0281991561284185
