objID,ra,dec
96960103797578648,10.379718564487264,-9.193134719479453
