objID,ra,dec
96800103405666044,10.34059390422641,-9.328623549648192
