objID,ra,dec
109200109425095723,10.942512885438402,1.004411070093407
