objID,ra,dec
103210106795693086,10.679592741257823,-3.9894120757918086
