objID,ra,dec
110310102443177831,10.24434752221418,1.9311819706908275
