objID,ra,dec
111860100566295456,10.056676581700849,3.220764541386685
