objID,ra,dec
102120106298249788,10.629801685140535,-4.892167088742235
