objID,ra,dec
100660106878903566,10.687922736689707,-6.114049085281026
