objID,ra,dec
112120105284689957,10.5284995002193,3.44122832004106
