objID,ra,dec
103330106786855865,10.678773976366164,-3.8873581740646275
