objID,ra,dec
113090104728383236,10.472868542333687,4.243965493803925
