objID,ra,dec
108620102258241056,10.225881751232228,0.5171978910573536
