objID,ra,dec
99690105461365345,10.546146951069222,-6.920887126353649
