objID,ra,dec
109590102503020216,10.250300384974272,1.324791495389969
