objID,ra,dec
104580105994639935,10.599473204236736,-2.842099857178829
