objID,ra,dec
106540108218636607,10.821860992397692,-1.2115043356051955
