objID,ra,dec
107590107551843262,10.755249885291402,-0.33931709198178106
107590107550652411,10.75536507,-0.33924256
