objID,ra,dec
110330106681915581,10.66823563193993,1.9459451506760264
