objID,ra,dec
106480109011333035,10.901172516820562,-1.2644920364274415
