objID,ra,dec
108040107911069424,10.791109227849153,0.04077490256299055
