objID,ra,dec
111690105462116796,10.546154251027774,3.0801478436711447
