objID,ra,dec
113160106531719827,10.65321696,4.30781205
