objID,ra,dec
106750100778953561,10.077904856515044,-1.0391093104895373
