objID,ra,dec
111780108028947564,10.802843931551052,3.156028469880488
111780108027957937,10.802810198558394,3.156125281401905
