objID,ra,dec
96920103629216247,10.362887001199867,-9.2284858723015
96920103626466073,10.36263922,-9.22858712
