objID,ra,dec
101890101177545853,10.1177270214822,-5.087165712603213
