objID,ra,dec
94580107011497442,10.701138757993125,-11.177427778925562
