objID,ra,dec
107780109089341060,10.908912582617386,-0.18280848427183433
