objID,ra,dec
109280107711780766,10.771197309280979,1.066888631087857
