objID,ra,dec
96570106862289391,10.6860129,-9.51742703
96570106858689513,10.686008575027703,-9.517429017794363
