objID,ra,dec
109440102153799076,10.21539658498128,1.207193121152223
