objID,ra,dec
110710105115573388,10.511645660952988,2.2607258541645843
