objID,ra,dec
103890101950701582,10.195077108619593,-3.4240325167288588
