objID,ra,dec
103750101808314635,10.180886203402538,-3.538202046869692
