objID,ra,dec
109830104023294084,10.402340132162458,1.5280288519739433
