objID,ra,dec
107570108763648874,10.876313445111146,-0.35124498076156796
