objID,ra,dec
106750102926773158,10.292724865240222,-1.0393524469362612
