objID,ra,dec
103970107023434709,10.70232624953849,-3.3547868925953392
