objID,ra,dec
99290106125563481,10.612607654499287,-7.2557581863622875
99290106123753745,10.61243701,-7.25554589
