objID,ra,dec
106610101138032167,10.113843482209118,-1.156914731591771
