objID,ra,dec
108870107528301528,10.75268885873182,0.7258717297915881
