objID,ra,dec
96030105486135689,10.548664550014657,-9.970541876966426
