objID,ra,dec
112410104270770605,10.427124066007957,3.675067656001589
