objID,ra,dec
106040100320083473,10.032055622359785,-1.6308279745740957
