objID,ra,dec
95650101859676365,10.186014696451794,-10.286698518349695
