objID,ra,dec
106950106516819631,10.65176056,-0.86718958
