objID,ra,dec
105770101345327862,10.134544073784136,-1.8521617096195095
