objID,ra,dec
109050101173474524,10.11738274248595,0.878380948431975
