objID,ra,dec
101230102763078415,10.276300422820677,-5.634945953618085
