objID,ra,dec
106500108126987140,10.812749768171122,-1.2445414479957961
