objID,ra,dec
96940102578439373,10.257827082276156,-9.209208867846465
