objID,ra,dec
100430104789720651,10.478975546763632,-6.308143604503149
