objID,ra,dec
109730109222480214,10.922208712366201,1.441455756467771
