objID,ra,dec
102640103104005874,10.310381936765694,-4.462119695688749
