objID,ra,dec
105290101999204730,10.199897337590254,-2.254672797395681
