objID,ra,dec
104260109369613518,10.937031211612698,-3.1141210982382828
