objID,ra,dec
108090104090763406,10.409158894628725,0.07748384090550901
