objID,ra,dec
99910105679469323,10.567938625256577,-6.734285749808219
99910105678678998,10.567920803225864,-6.734491238530785
