objID,ra,dec
106350100874509363,10.087480753101174,-1.3675472961528803
