objID,ra,dec
108940109582016472,10.958306803937669,0.7883882417026848
