objID,ra,dec
106840102533535689,10.253386792652003,-0.9623336370057632
