objID,ra,dec
111890104177802735,10.417831403935754,3.2435486985060873
