objID,ra,dec
105310100330333072,10.033068094816743,-2.2394129518780157
