objID,ra,dec
105620106570585778,10.657095079840635,-1.9788129222675743
