objID,ra,dec
109370103301801986,10.33022396720608,1.1428941410038407
109370103298231893,10.3301398,1.14288574
