objID,ra,dec
105770104601983034,10.460217643847185,-1.856197088993186
