objID,ra,dec
106940102602275591,10.260152283610921,-0.8791946197593128
106940102601065278,10.260138657281043,-0.8792979170718543
