objID,ra,dec
113050102860023299,10.286093311349358,4.210734853393644
113050102862253508,10.28614065,4.21080329
