objID,ra,dec
106320108069955920,10.806993188593099,-1.3954431141315884
