objID,ra,dec
106680105240050499,10.524056797624516,-1.0999427245446278
106680105240430844,10.524059951949981,-1.0997682362494003
106680105240460051,10.52401273,-1.10018807
