objID,ra,dec
101220100641415193,10.064152126178595,-5.6460589386823195
