objID,ra,dec
107150104585955116,10.458668779665652,-0.7044394558162801
