objID,ra,dec
99660108607110533,10.860774903867998,-6.949856771187603
