objID,ra,dec
108640100922406520,10.092244821884446,0.5383747763153574
