objID,ra,dec
108420104549394992,10.45501795218836,0.35369255064384997
