objID,ra,dec
103200108073237006,10.80727619017508,-3.99449643612461
103200108071096770,10.807217682661012,-3.994563376982476
