objID,ra,dec
101050105303547954,10.530382032142768,-5.78541342064182
