objID,ra,dec
105400109303719387,10.930397116857625,-2.1591776230174795
