objID,ra,dec
103930104283995926,10.428415865965736,-3.3870319333212
