objID,ra,dec
105280107012260857,10.701260072054634,-2.2663018393772494
