objID,ra,dec
102850107564482660,10.756464362369762,-4.289818707166997
