objID,ra,dec
94980101610435402,10.161074352810763,-10.845846438089959
