objID,ra,dec
112340106802230803,10.680189728378444,3.6168092827226435
