objID,ra,dec
107220104467041366,10.44678050184722,-0.6492557005313725
