objID,ra,dec
100160103204690227,10.320441464030386,-6.533504221416436
