objID,ra,dec
110640103826777786,10.38262091,2.20611063
110640103824898239,10.38255539,2.20627414
