objID,ra,dec
99960102752119025,10.275224895913968,-6.692797402994947
