objID,ra,dec
110330105262085001,10.526229763467992,1.945444990715116
