objID,ra,dec
107140104685346057,10.468470090060078,-0.7120193051346835
