objID,ra,dec
108050102143736405,10.214397524777207,0.0466486566490641
