objID,ra,dec
108670109726541909,10.972705784202006,0.5595617354711635
