objID,ra,dec
104710101925197011,10.19251434,-2.73623492
104710101924006665,10.192415745654623,-2.736407999050976
