objID,ra,dec
107370104977688798,10.49783269,-0.51806435
107370104980368663,10.498091620795828,-0.5181424495622685
