objID,ra,dec
106150109415504837,10.941568797059682,-1.5380001885117698
