objID,ra,dec
108340103472432759,10.34724342,0.28527199
108340103470042704,10.346997679024723,0.2852152205485111
108340103468993057,10.34703865,0.28542824
