objID,ra,dec
99280103487105435,10.348683961332215,-7.262514667606656
