objID,ra,dec
108620105083026042,10.508256956391312,0.5212710986463228
108620105080075962,10.508096957488638,0.5213180420156258
