objID,ra,dec
107650102551535663,10.255199793727527,-0.2872956187313148
