objID,ra,dec
109530103341564390,10.334141372324062,1.2783844326695857
