objID,ra,dec
108170103486957406,10.34875342,0.14752278
108170103488317751,10.348879377342715,0.14773382012222372
