objID,ra,dec
106130107100005573,10.710063958859422,-1.55403859368208
