objID,ra,dec
101520101167643762,10.116723313342085,-5.39725562182728
