objID,ra,dec
104620107211886629,10.721218857002876,-2.811512374479905
