objID,ra,dec
110840101073835621,10.107362538857982,2.371006598187537
