objID,ra,dec
100700105449856081,10.545019039772033,-6.07863564856926
