objID,ra,dec
96590101230912056,10.123144911248422,-9.506989667140942
