objID,ra,dec
109920107781218385,10.778120010527019,1.6067725410644575
109920107783418674,10.77835528,1.60687166
