objID,ra,dec
96830107389679103,10.738995388242957,-9.301056934100588
