objID,ra,dec
111160109937323141,10.99374617,2.63564252
