objID,ra,dec
99430108906351180,10.890702437088624,-7.14096956410821
