objID,ra,dec
104940104441851175,10.444153369496197,-2.549347590647593
104940104438621234,10.44412266896891,-2.549350782559718
