objID,ra,dec
96730104446356017,10.4447809,-9.38692982
96730104449806137,10.44496960932094,-9.386904044457937
