objID,ra,dec
108410100497162343,10.049723316779529,0.34324393950615195
108410100497312680,10.04972502,0.34323558
