objID,ra,dec
107640103000557876,10.300029911993525,-0.2938351617347392
