objID,ra,dec
103780101724225807,10.172620681185483,-3.512232758707963
