objID,ra,dec
105760109783564924,10.978494,-1.86274069
105760109785825307,10.97857,-1.86265801
