objID,ra,dec
110180102525093498,10.252490413776401,1.819269878531306
110180102525993823,10.2526151,1.81949069
