objID,ra,dec
106190107163716002,10.71639212,-1.50370022
