objID,ra,dec
107810101706960851,10.170758459342439,-0.15807286601989992
