objID,ra,dec
103970109033621514,10.903368954056214,-3.3574933276077825
