objID,ra,dec
100730105869102116,10.58691126,-6.05689163
100730105866312266,10.586656581033338,-6.056763082835743
