objID,ra,dec
104050101697572327,10.1698322995867,-3.2902025493976526
104050101696491856,10.1696413,-3.29047669
