objID,ra,dec
98410103990876324,10.39911618439766,-7.986737408496359
