objID,ra,dec
106630102157814102,10.215875961956993,-1.1386334756780307
