objID,ra,dec
107630100653788935,10.065378821316639,-0.30126423792667534
107630100650638787,10.06511932,-0.30137847
