objID,ra,dec
105180106903335172,10.69040104,-2.34602065
