objID,ra,dec
104860106493027848,10.649226711571215,-2.6105371344757016
