objID,ra,dec
103340102363204555,10.236387839892403,-3.879893651644148
