objID,ra,dec
107890107126382656,10.712541662151256,-0.08991636266225822
107890107123552374,10.712429252644196,-0.08996131295964328
