objID,ra,dec
103380109689200124,10.968911634217575,-3.8502371375134885
