objID,ra,dec
104970104014423505,10.401445990603413,-2.5224424090102184
