objID,ra,dec
108250104173180935,10.4174036243536,0.20874266391223667
