objID,ra,dec
95120108746080317,10.874570777365197,-10.733410503230093
