objID,ra,dec
107910101624032202,10.162451448160805,-0.07357191064584484
