objID,ra,dec
107640107557578543,10.755786628383067,-0.2932483098745848
