objID,ra,dec
109180105831288623,10.583173951583735,0.9899988372321572
