objID,ra,dec
108750104097623002,10.409850175266218,0.6271401545884159
