objID,ra,dec
110840104657003870,10.465578256325324,2.3694126632177053
110840104656923977,10.46554279,2.36961567
