objID,ra,dec
111680109446484808,10.944706539053664,3.0702508561043516
