objID,ra,dec
96500107015226881,10.70154221174393,-9.577945485313109
