objID,ra,dec
108930100124155308,10.012450134447903,0.7790416119844205
