objID,ra,dec
103060109705614748,10.97073863652083,-4.1130318232599805
103060109705094550,10.97050946,-4.11321775
