objID,ra,dec
96790104773273167,10.477320100234735,-9.339369899155342
