objID,ra,dec
107290106476503915,10.647716407130437,-0.5887275732616167
