objID,ra,dec
102530107311732328,10.73119767,-4.55678816
