objID,ra,dec
103710106957291524,10.695759668622172,-3.574092780122656
103710106954751752,10.69556999,-3.57399875
