objID,ra,dec
101890105750999875,10.57510345071748,-5.083785892435426
