objID,ra,dec
110780107112616970,10.711267775304455,2.3220926489282316
