objID,ra,dec
111870102332877126,10.23336361723585,3.2305734519764853
