objID,ra,dec
108640105560035534,10.55603046256617,0.5374358765833749
