objID,ra,dec
106490101757143286,10.175688909304936,-1.25593737662092
