objID,ra,dec
104740108397914213,10.839835150567483,-2.7134871985338047
