objID,ra,dec
106770107664199379,10.76644853850611,-1.017548964158514
