objID,ra,dec
107210109649132263,10.964913967437054,-0.6567836727290413
