objID,ra,dec
96640105489429460,10.548980018681723,-9.459109757380995
