objID,ra,dec
104130108448216389,10.844836551985011,-3.2200288543824405
