objID,ra,dec
97480106153843448,10.615466105933914,-8.764107913448768
