objID,ra,dec
96540101949650002,10.195006727808545,-9.550407380178658
96530101951989646,10.19520231,-9.55061826
