objID,ra,dec
113390100833661686,10.083296102035131,4.492728159875067
