objID,ra,dec
99460107259123751,10.725960908232562,-7.113910062859859
