objID,ra,dec
107250105634329619,10.563467330545956,-0.6173557212556889
