objID,ra,dec
111760108897964314,10.889832339722322,3.1364846912844215
