objID,ra,dec
110670103016328871,10.30133473,2.23213643
110670103010549066,10.301179183424408,2.2321807418228374
