objID,ra,dec
111760107704548250,10.77046819,3.13969451
111760107701987988,10.770247776428914,3.1395934056040664
