objID,ra,dec
105770106941485215,10.694185320481006,-1.854320931299086
