objID,ra,dec
111940104377773275,10.43784997660586,3.2856037260022783
