objID,ra,dec
104680108321757856,10.832294064081664,-2.7604535152431726
