objID,ra,dec
112390100446617325,10.044656755468495,3.664048724932989
