objID,ra,dec
108290100941101707,10.09417066282962,0.2426931088120248
