objID,ra,dec
98320108428811232,10.842928917427551,-8.065985071242318
