objID,ra,dec
101080100550921795,10.055120750952486,-5.7655276776677225
