objID,ra,dec
98320105916371954,10.59162971,-8.06536304
98320105914202174,10.591459317666843,-8.065175723364273
