objID,ra,dec
95470100439511718,10.043967610916672,-10.44059569164521
