objID,ra,dec
106600106025846531,10.602661734576557,-1.161563508448324
