objID,ra,dec
111820104433128296,10.443357510771914,3.189859094353466
