objID,ra,dec
96720106676671456,10.667712121025017,-9.39914874265759
