objID,ra,dec
113320104791103234,10.479133513806135,4.435619353649833
