objID,ra,dec
102000100071968081,10.0072163237138,-4.99364295146947
