objID,ra,dec
107410109841035277,10.98410353,-0.48762147
