objID,ra,dec
108180105983200787,10.598308458297744,0.15029711790399206
