objID,ra,dec
105420105233858143,10.523296455454517,-2.1436220468010623
