objID,ra,dec
98240100511539144,10.05119304564299,-8.126112256039539
