objID,ra,dec
107600101575913619,10.157736152119014,-0.33067496438353855
107600101579583810,10.15783565,-0.33059931
