objID,ra,dec
105780105889884109,10.588967474363296,-1.8469004227188421
