objID,ra,dec
110400101588222747,10.15878822,2.00182081
110400101585552580,10.158604153738514,2.001785049398683
