objID,ra,dec
110510105679027682,10.56784747888956,2.0976443178487068
