objID,ra,dec
106970102907603958,10.290744970120807,-0.8554002140142928
