objID,ra,dec
105070101382451592,10.138190342056877,-2.4407727466275975
105070101381441690,10.13814406,-2.44060802
