objID,ra,dec
105270109731480833,10.973205839317863,-2.2745818120197394
