objID,ra,dec
109240109325016118,10.932495402263836,1.0380735223326802
