objID,ra,dec
99420106166964030,10.616737322010142,-7.1469734353392145
