objID,ra,dec
104050108818680239,10.88188998014629,-3.2918567932590337
