objID,ra,dec
99100101335556715,10.133616713874664,-7.411296941278559
