objID,ra,dec
95850100704745227,10.070478760102159,-10.12101903673167
