objID,ra,dec
107280102444502209,10.24445737722666,-0.5983942424123238
