objID,ra,dec
95170109250958792,10.925117538864042,-10.684668586662385
