objID,ra,dec
106640100966243427,10.096708323681616,-1.1308760513782523
