objID,ra,dec
106990100025888419,10.002620036323776,-0.835039353190476
