objID,ra,dec
112740100445114493,10.044515198567245,3.9533870461477343
