objID,ra,dec
105400103564082728,10.356287170954566,-2.1649130199410984
