objID,ra,dec
102340107649109112,10.764846089853458,-4.709678938558122
102340107647468817,10.764820755072247,-4.709677945336571
