objID,ra,dec
111200101843664536,10.184387978614707,2.670107032364559
