objID,ra,dec
108330102010978485,10.20111362630417,0.2816860904166329
