objID,ra,dec
106140104676148735,10.46763932110469,-1.5430673786669367
