objID,ra,dec
100560104627780617,10.462865428555064,-6.199853548048853
