objID,ra,dec
110850104820219985,10.482063301868696,2.382806294972416
