objID,ra,dec
101860103026093347,10.30275015,-5.11422735
101860103028893340,10.30287321850993,-5.114231082732729
