objID,ra,dec
108970103950481778,10.39509327,0.80944824
