objID,ra,dec
97160105733757776,10.57343548304631,-9.027197349330061
