objID,ra,dec
95640107626070220,10.7626348565393,-10.300167192916707
