objID,ra,dec
113360108508688757,10.850915669509094,4.4736024068136135
