objID,ra,dec
111140101379497297,10.13789351603272,2.622579315266393
111140101378687693,10.137864831881846,2.622630462748791
