objID,ra,dec
108100108746995538,10.874701315432455,0.08759570862838154
