objID,ra,dec
109480100145414561,10.014491005178133,1.236907367882536
109480100143074855,10.014443063894484,1.2369330340141662
