objID,ra,dec
107890103292757222,10.329319936988233,-0.08606499354065697
