objID,ra,dec
103100108308764915,10.830870144851163,-4.0795495276780995
