objID,ra,dec
110430101675870894,10.16766532907564,2.0253411412123663
