objID,ra,dec
97070107357815334,10.735800232060104,-9.104265031164836
