objID,ra,dec
108810106597744072,10.659803083099213,0.6780173753377997
