objID,ra,dec
103250102158486808,10.215883494830225,-3.9530409400636017
