objID,ra,dec
95900103729462259,10.372982832061915,-10.081798034198256
