objID,ra,dec
107720101768196055,10.176901033784691,-0.2286685572179197
