objID,ra,dec
100470104992559978,10.499313378500243,-6.2670887548259815
100480104995940011,10.49964676,-6.26704246
