objID,ra,dec
101680108719787611,10.87194120002302,-5.260703838459417
