objID,ra,dec
99580104931595939,10.493174970486933,-7.012017592304341
