objID,ra,dec
104490105054866785,10.505516776133923,-2.9196670638917497
