objID,ra,dec
98020103165088039,10.316545843787178,-8.310336844473953
