objID,ra,dec
106190103867747189,10.38682788057027,-1.502725903906183
