objID,ra,dec
104480103368385427,10.336811711575335,-2.9291635102502727
