objID,ra,dec
109840100885363967,10.088727553294898,1.5363095604427173
109840100888014119,10.08880229,1.53639338
