objID,ra,dec
106850103341846993,10.334182862631977,-0.9529008566209136
