objID,ra,dec
113050108478506965,10.847866059089908,4.213767824813616
