objID,ra,dec
106760101778632200,10.177835057129306,-1.0319633540114062
