objID,ra,dec
109010105661375044,10.56615571268244,0.8454902780710011
