objID,ra,dec
104680106536872263,10.653650606947409,-2.7651135992425697
