objID,ra,dec
99780109422435660,10.942295121323392,-6.845622972390908
