objID,ra,dec
98280103826688054,10.382734870915051,-8.093560475218013
