objID,ra,dec
100670106070687097,10.60682488,-6.10274877
100670106068206943,10.606821392760404,-6.102898065397851
