objID,ra,dec
105720105761483824,10.576192715440664,-1.8971340157318863
