objID,ra,dec
106340105055937956,10.5055284,-1.37711143
106340105053417695,10.505358299387957,-1.377302003049429
