objID,ra,dec
102030104060047990,10.406053786089762,-4.968686151166119
