objID,ra,dec
108180106393556240,10.639378183319948,0.15475667069301619
