objID,ra,dec
104080109930189418,10.993015089897014,-3.2591673872780804
