objID,ra,dec
102290109014641802,10.901506770681406,-4.757284088673429
