objID,ra,dec
108760103195175934,10.319559172745004,0.6379724916166412
