objID,ra,dec
102180109150270613,10.915132115061851,-4.849875869620065
