objID,ra,dec
109400106170910559,10.61716021516122,1.1667545241331636
