objID,ra,dec
106840100154950087,10.015518746491914,-0.9668786221096528
