objID,ra,dec
99690103229707832,10.322961105545627,-6.918789475235302
99690103227297654,10.32267897,-6.9188464
