objID,ra,dec
107580102500357474,10.250095222461331,-0.34413595610554343
