objID,ra,dec
108610105452238710,10.545175585244232,0.5151982150947809
