objID,ra,dec
106530108050486807,10.805150568158437,-1.21976793392057
