objID,ra,dec
101680108244141855,10.824439619460403,-5.265489191132855
