objID,ra,dec
113360106941209497,10.69419543068105,4.474198942821251
