objID,ra,dec
97270100762600217,10.076270215493926,-8.941788044149094
