objID,ra,dec
109290100928988705,10.092941494209331,1.0818534799443176
