objID,ra,dec
110790103492898776,10.349206122510827,2.331851186680008
