objID,ra,dec
112530108666929436,10.866772444696304,3.7825224617127753
112530108669719499,10.8669973,3.78251983
