objID,ra,dec
113440106988510706,10.699055265534557,4.533413670590846
113440106990720398,10.6990710886031,4.533341216672255
113440106992500710,10.69928647,4.5335082
