objID,ra,dec
107900105266922489,10.526659286547838,-0.0817764882655624
