objID,ra,dec
108600108816156251,10.88145234,0.50489049
