objID,ra,dec
108390109772919262,10.97731088489732,0.3323783878391956
