objID,ra,dec
104080109659736426,10.965977742761456,-3.2617421785532947
