objID,ra,dec
107230100974332328,10.097493072142667,-0.6401220648221123
