objID,ra,dec
101070106034494885,10.60346021,-5.77126301
101070106034175229,10.60347804014102,-5.771128285823629
