objID,ra,dec
99910108587272184,10.858798727821222,-6.740229198611599
