objID,ra,dec
109020100976278232,10.097643351835337,0.8564386914548799
