objID,ra,dec
109470104801509233,10.480135202906949,1.2323696180901769
