objID,ra,dec
108980102201265513,10.220192815211957,0.8209373270997832
