objID,ra,dec
103930101157311372,10.115750796271373,-3.390947972624144
