objID,ra,dec
108850107228185756,10.722849237598624,0.7127392947509781
