objID,ra,dec
107060100504365044,10.050476641128187,-0.7795425437315094
