objID,ra,dec
106520101139018640,10.113930416451327,-1.2265312036784906
106520101139158104,10.11403577,-1.22681329
