objID,ra,dec
108410102296784681,10.229734767438734,0.3452388650391632
