objID,ra,dec
110150103185209814,10.318469446557582,1.799532148580095
