objID,ra,dec
108510107249816214,10.72495198640198,0.42985153476765847
