objID,ra,dec
100270107193137051,10.71933158,-6.43623315
100270107192266701,10.719272848785371,-6.436473325622632
