objID,ra,dec
99370107065348168,10.706613687367643,-7.185183288252389
