objID,ra,dec
100000105681422829,10.56819525452,-6.664604086944236
