objID,ra,dec
101120106327920913,10.632817726657105,-5.732925300532239
