objID,ra,dec
101210104130906672,10.413114238013264,-5.653105415713757
