objID,ra,dec
104620106756802150,10.675706783810545,-2.815264096572159
