objID,ra,dec
107800105378441819,10.537879693546692,-0.1655415378727794
