objID,ra,dec
112490104313759238,10.43138997989724,3.7489408026989404
