objID,ra,dec
112390107058424994,10.705861211801707,3.662090306860439
