objID,ra,dec
104370109096894713,10.909733265951031,-3.0213841308846376
