objID,ra,dec
99460105328840933,10.532901368619413,-7.116216293057888
