objID,ra,dec
108290103495959859,10.34966586501247,0.24942636010055946
