objID,ra,dec
113380108988944739,10.8989762304449,4.486871673691202
