objID,ra,dec
111460104596890312,10.45971038095345,2.8832279509636765
