objID,ra,dec
96220103964278149,10.396390648686861,-9.81022154145505
