objID,ra,dec
111620109468307700,10.946912027448931,3.022637758244094
