objID,ra,dec
94580109232871745,10.923298504311026,-11.182155104874013
