objID,ra,dec
108020108518620169,10.851823317534693,0.01643047806375337
