objID,ra,dec
106520100715501301,10.071654872005197,-1.2326727069062862
