objID,ra,dec
104300108923598415,10.892387701451703,-3.0766835852814802
