objID,ra,dec
105820106444769209,10.644529840511925,-1.8092966457329391
