objID,ra,dec
98550104087335951,10.408715224820412,-7.870403263998965
98550104085466208,10.40869708088629,-7.870404856218435
