objID,ra,dec
109300108062536395,10.806250498037045,1.0882798319938443
