objID,ra,dec
103550106367814371,10.636814896241122,-3.705046523217202
