objID,ra,dec
107440103335388465,10.33359440703228,-0.4599411056804895
