objID,ra,dec
105460105500304602,10.550098687834064,-2.1131253984243767
