objID,ra,dec
112830106271999648,10.62725957035773,4.032637662803497
