objID,ra,dec
103790110133989431,11.013498075179264,-3.5008298794315285
