objID,ra,dec
103520117494066143,11.749402579446679,-3.7285814399788277
