objID,ra,dec
107940116093798959,11.609398056105464,-0.04289877704909514
