objID,ra,dec
108200114942507968,11.49428211591879,0.1729431268947173
