objID,ra,dec
103150115837764649,11.583826225482992,-4.03815549846203
