objID,ra,dec
108080118355837172,11.835596738282588,0.07226315134596176
