objID,ra,dec
101490113476101397,11.347649042188507,-5.424175428317684
