objID,ra,dec
103520113649134517,11.364913874946355,-3.729962538708086
