objID,ra,dec
110900116689675412,11.668973336890842,2.4207803693259207
