objID,ra,dec
107330111887249586,11.188741632046844,-0.5507480310090621
