objID,ra,dec
98280116493571392,11.64935074,-8.09917125
98280116490551217,11.649125779628207,-8.099325539572408
