objID,ra,dec
100320112158786945,11.215914184230645,-6.394575122982551
