objID,ra,dec
106060112894574271,11.289490390954521,-1.6135569397911211
