objID,ra,dec
98200119970259528,11.997038441645767,-8.159071420192348
