objID,ra,dec
101240119986382958,11.99861404333689,-5.631201520779438
