objID,ra,dec
109270119744315121,11.97433889,1.06217489
109270119741734785,11.9742398,1.06192682
