objID,ra,dec
107900116096589265,11.609677247338714,-0.07596700197940331
