objID,ra,dec
104940113966918692,11.396659166035098,-2.5430640756186107
104940113964388893,11.39646522,-2.54296719
