objID,ra,dec
108180115646753390,11.564685418175726,0.152440649572836
