objID,ra,dec
104790117013870457,11.701383694483475,-2.6750107407675268
