objID,ra,dec
112650119385970623,11.93857017124385,3.875059110497964
112650119385520210,11.93854348,3.87478701
