objID,ra,dec
109780115563145655,11.556335612450965,1.487657050191527
