objID,ra,dec
107710116829143525,11.682987424558792,-0.23905431011590866
107710116832753558,11.6832841,-0.23905603
