objID,ra,dec
105960112268784338,11.226902504094344,-1.696736433789688
