objID,ra,dec
112050111669937338,11.167134234632584,3.3806197250963006
112050111672317012,11.167148242544917,3.380553621523919
