objID,ra,dec
107570119418059637,11.941894013969714,-0.3506605172817127
