objID,ra,dec
106940118812421526,11.881203358646706,-0.8825143240649994
