objID,ra,dec
98280119547025052,11.954770773467192,-8.096122680072115
98280119545985389,11.95475005,-8.09601396
