objID,ra,dec
105580119456516858,11.94573802368462,-2.0113594585333856
