objID,ra,dec
107520110526491654,11.05263244,-0.39901439
107520110525651266,11.052495468312028,-0.399226595747477
