objID,ra,dec
113170111696903184,11.16964406,4.31061724
113170111694103243,11.169396292522544,4.310652192747183
