objID,ra,dec
103170114036740505,11.403781613100243,-4.024981172023268
