objID,ra,dec
111930118103794459,11.810245725219378,3.2782282039287063
