objID,ra,dec
109810113214623596,11.321474717297065,1.5109512563761596
