objID,ra,dec
98840115265319955,11.526604099098854,-7.625388809470509
