objID,ra,dec
104620111192189181,11.119228232503195,-2.809362363505686
