objID,ra,dec
103930118263526598,11.82643292919614,-3.3865843878694117
