objID,ra,dec
108740115781527521,11.578192338001058,0.6225531921296935
