objID,ra,dec
108130118424207146,11.842372281152954,0.11385920300838535
