objID,ra,dec
111100116064555083,11.606460589779905,2.5872046916731137
