objID,ra,dec
108590116259616578,11.625984901575436,0.4967601016557484
