objID,ra,dec
109970113385393126,11.338544633044359,1.6439314934273013
