objID,ra,dec
107870118157635997,11.81575265788108,-0.10378298720170069
