objID,ra,dec
102360117279760071,11.727989599377091,-4.700192013558376
