objID,ra,dec
99150113008359388,11.30085245786662,-7.367485252404193
