objID,ra,dec
104770111435805341,11.143596036823068,-2.6875559906404134
