objID,ra,dec
106040113503056220,11.350305753151934,-1.6286184294378583
