objID,ra,dec
94720118430012529,11.843047800152293,-11.064990047961254
