objID,ra,dec
106470112773455841,11.277328086736862,-1.270523627964076
