objID,ra,dec
113040110199002297,11.019784230783465,4.201672006649872
