objID,ra,dec
108020118451393765,11.845110344595888,0.01939873057786805
