objID,ra,dec
106900114929506801,11.492961888274337,-0.9113510617852048
