objID,ra,dec
101720117486842687,11.748718140472858,-5.231495716977861
