objID,ra,dec
103090113817220134,11.381753232098877,-4.091902803917361
