objID,ra,dec
107340111282479645,11.128276791704018,-0.5423525521524696
