objID,ra,dec
103740113362130188,11.336269478249546,-3.5502290536539056
