objID,ra,dec
101130112708961861,11.270937428443585,-5.723789355788414
