objID,ra,dec
99940115981923911,11.5982027767233,-6.7138117779773845
