objID,ra,dec
107360116463614864,11.646358189195665,-0.5296186948137932
