objID,ra,dec
112100115120422044,11.512067329513561,3.4179978566911813
