objID,ra,dec
105170110085803193,11.008706341218563,-2.355989973674141
