objID,ra,dec
110620113480821431,11.348137621359268,2.184050367296396
