objID,ra,dec
109730112541053325,11.254144383045464,1.4440634061427222
