objID,ra,dec
100550111679713971,11.168079186274573,-6.205451060277297
