objID,ra,dec
110210111226423354,11.122624035832196,1.8440488137999178
