objID,ra,dec
109180114524698587,11.452557347795535,0.9900494650446873
