objID,ra,dec
112210117675141950,11.767526033382376,3.5095682208945695
