objID,ra,dec
113170118056997297,11.80567775,4.31399559
113170118054777085,11.805556560500598,4.313943080186621
