objID,ra,dec
99050110884836913,11.088550917968524,-7.453002726646517
