objID,ra,dec
109930116209171860,11.620981598113193,1.609423735004246
