objID,ra,dec
110300111208921915,11.120880379802388,1.9178853197730223
