objID,ra,dec
106070111529932295,11.152992055835904,-1.6067597955735746
