objID,ra,dec
108440114240221404,11.423956210181263,0.36747258298801283
