objID,ra,dec
106040116490420307,11.64907547087644,-1.6334011451617438
