objID,ra,dec
108890112632581496,11.26327151337581,0.7425350841895606
