objID,ra,dec
106810114480388695,11.448055164647739,-0.9847942170526262
106810114481558382,11.44816585,-0.98501635
