objID,ra,dec
110220115657074952,11.565746255314819,1.853712173705789
