objID,ra,dec
110200117682413710,11.768274891404591,1.8360068207887978
