objID,ra,dec
108620116047826573,11.60484065942407,0.521746491783944
