objID,ra,dec
104790111844482822,11.18438342997916,-2.6728927665642606
