objID,ra,dec
110150110849900776,11.084998836855798,1.7919332790028861
