objID,ra,dec
109100117535215998,11.753534150346821,0.9212927723866863
