objID,ra,dec
104560118702888438,11.870323800221014,-2.86006987851245
