objID,ra,dec
111530111911808273,11.191242537296764,2.9481295870322475
