objID,ra,dec
109350115546712358,11.55473165994323,1.126631866370249
