objID,ra,dec
107620115540342354,11.554086020288175,-0.31503293009999145
