objID,ra,dec
103600117469900568,11.747005518904608,-3.6665524566894034
