objID,ra,dec
103960116298350071,11.629860481780469,-3.3669712271412817
