objID,ra,dec
95260114004896022,11.40050804192833,-10.611999117758492
