objID,ra,dec
104640110900043364,11.089978919066425,-2.7974989151713494
