objID,ra,dec
110240111584328492,11.158383026003042,1.8733551005001867
