objID,ra,dec
108630119131295493,11.913095715916638,0.5292786585641854
