objID,ra,dec
109370111655093700,11.16532660365576,1.1442881399460036
109370111652093742,11.165348692950616,1.144295241619242
