objID,ra,dec
104100116224526421,11.62250221456111,-3.245035646614138
