objID,ra,dec
110050119093979739,11.90949657476665,1.7161138032049292
