objID,ra,dec
109230114388758544,11.43892527248964,1.031848440931359
109230114388578918,11.438927309233437,1.0318646473568978
