objID,ra,dec
106420113006224222,11.300732722618978,-1.3135616506082632
