objID,ra,dec
107550118552229474,11.855187935692378,-0.36747517428398546
