objID,ra,dec
113310111968264355,11.196814388717785,4.428252455021868
