objID,ra,dec
107050110493387378,11.049324922095503,-0.7858881369515737
