objID,ra,dec
109920110904765767,11.090518381847255,1.604420921319696
