objID,ra,dec
103510115672945555,11.567266966801004,-3.737403083688337
