objID,ra,dec
102730118860527312,11.886065802710043,-4.385932002818131
