objID,ra,dec
99820115119932127,11.512024669110621,-6.8152717256698505
