objID,ra,dec
108780111818746037,11.181862032366878,0.6546189552542354
