objID,ra,dec
106300110193716456,11.019386424214787,-1.41163218130065
106300110196716539,11.01967958,-1.41158432
