objID,ra,dec
113250112469696873,11.246887064980783,4.380366324435691
