objID,ra,dec
104090114449983646,11.445034669980249,-3.2556410534713853
