objID,ra,dec
106820116901140273,11.690071403571421,-0.9834766874189317
