objID,ra,dec
95350115221563087,11.52219174822599,-10.539438647519113
