objID,ra,dec
106690115698398261,11.569875149470091,-1.0851718108350563
