objID,ra,dec
95480116924363624,11.692442092099858,-10.430626712471746
