objID,ra,dec
104930117107111582,11.710681752585971,-2.557418593282695
