objID,ra,dec
107760112096804695,11.209681145200122,-0.19651175856818878
