objID,ra,dec
105060118654785441,11.865646082994182,-2.445856298469682
