objID,ra,dec
109010118083170273,11.80822545,0.84157382
