objID,ra,dec
95050119518907694,11.951919748641586,-10.785472791962594
