objID,ra,dec
108180118422768167,11.842258075518709,0.1564356316146306
