objID,ra,dec
97340117537911724,11.753840945099247,-8.882226552081203
