objID,ra,dec
103340117871681212,11.78716017,-3.88268629
103340117871131546,11.787059042307943,-3.882525625930872
103340117868321368,11.7868561,-3.88257503
