objID,ra,dec
101120110077837077,11.007768214165285,-5.727819244892762
