objID,ra,dec
104680115746337948,11.574708560335791,-2.760382439306522
