objID,ra,dec
96550114177503664,11.417762073494695,-9.538972453997287
