objID,ra,dec
99580115432954532,11.543273328499227,-7.013268309183612
