objID,ra,dec
112290117837660564,11.78371882409739,3.5750444136334143
