objID,ra,dec
112970118233149281,11.823382992455047,4.148964092309479
112970118230729065,11.82319832,4.14878637
