objID,ra,dec
98910110787838862,11.078838832254265,-7.567967633605261
