objID,ra,dec
102010115992970961,11.59931687818207,-4.991224635940516
