objID,ra,dec
105730117616607138,11.761682266020317,-1.8861574983127396
