objID,ra,dec
103450114499035202,11.44989668,-3.78765867
103450114496914978,11.44969279,-3.78782811
103450114496445482,11.44961854546742,-3.787537013772989
