objID,ra,dec
109020118502343226,11.850288824135871,0.852311771576492
