objID,ra,dec
106910111666170752,11.166602372329178,-0.9080978655355579
106910111668111010,11.16667008,-0.90803166
