objID,ra,dec
107660114103690809,11.41043806538847,-0.2830954962920033
