objID,ra,dec
108170118334202214,11.833424056630008,0.14314777558656175
