objID,ra,dec
98360113986875261,11.398616946634371,-8.029419240759552
98360113983495221,11.39855374,-8.02947949
