objID,ra,dec
108780113037001951,11.303728457981045,0.6512295064904962
108780113034851701,11.30348993,0.65104801
