objID,ra,dec
104870117447573704,11.744687026607757,-2.605616518630553
