objID,ra,dec
109200116765090769,11.676516252719916,1.0002527954926412
