objID,ra,dec
108570116144047253,11.614429135145084,0.4806847809155267
