objID,ra,dec
97140119352466260,11.935297225376795,-9.045104442880275
