objID,ra,dec
99660116003791087,11.600397408015969,-6.9495632950105115
