objID,ra,dec
109120115506429939,11.550847352397835,0.9410829073245194
109120115509369738,11.550908399680443,0.9410649530575023
