objID,ra,dec
101290116756488174,11.675674774980319,-5.585336563692702
