objID,ra,dec
108170117215729665,11.721517345694691,0.14922335001342352
