objID,ra,dec
102140115362392630,11.536234560425187,-4.881474513119955
