objID,ra,dec
100180112884893987,11.288467712080251,-6.513708861025843
