objID,ra,dec
105800114496455237,11.449652190562194,-1.8294041063751494
105800114499185049,11.44991345,-1.8294853
