objID,ra,dec
108800119011267329,11.901178526569979,0.6723629142902902
