objID,ra,dec
108940113417356712,11.341785203453801,0.7885542204776962
