objID,ra,dec
103260115390888681,11.539120160743742,-3.943195802684558
