objID,ra,dec
107860119043867315,11.904301909949151,-0.11081089002865424
107860119041487494,11.904288844333106,-0.11080373847085696
