objID,ra,dec
105990113838567155,11.38388489427823,-1.6693686224069773
