objID,ra,dec
104330114506166609,11.450644998931907,-3.053206636171389
