objID,ra,dec
104910112099820350,11.209989955836022,-2.5749947326323763
