objID,ra,dec
100690111858115256,11.185877764350934,-6.087672952567911
