objID,ra,dec
104500117182472599,11.718342735727585,-2.914926114970448
