objID,ra,dec
106770112500851964,11.25008241485662,-1.0237333790154148
