objID,ra,dec
112050117186785473,11.718623311955294,3.3791783796914467
