objID,ra,dec
112990118750105480,11.87501868,4.16250065
112990118749575486,11.874986262157824,4.16249113287139
