objID,ra,dec
109200114811207402,11.481122884446945,1.0057612989899172
