objID,ra,dec
109450119339919922,11.933986485629003,1.2162077325379803
109450119335209925,11.933743608714849,1.2162672242470915
