objID,ra,dec
100550110932507446,11.093312219812596,-6.202471229515284
