objID,ra,dec
99700119051132906,11.90514388883924,-6.914584444030948
