objID,ra,dec
105260117238550801,11.7239568,-2.28308071
105260117240750572,11.724102541020123,-2.283230975371451
