objID,ra,dec
95590110661085486,11.066143529805421,-10.337382360529352
