objID,ra,dec
104910112843902462,11.284390807332018,-2.573279223077943
