objID,ra,dec
111930115672740788,11.567317465927898,3.2752254933015768
