objID,ra,dec
107190111648030436,11.164801325781912,-0.6750247095220142
