objID,ra,dec
103030114815828913,11.481730529755787,-4.134480284163601
103030114816299381,11.481723913249228,-4.134369372571646
103030114818679191,11.481833470162092,-4.134363934019105
