objID,ra,dec
112450111364796343,11.136520105762822,3.7132244236932417
