objID,ra,dec
98250111600037372,11.160020881219168,-8.11914448285252
