objID,ra,dec
110330116584419918,11.658497871099353,1.9495558081198887
