objID,ra,dec
109140110809823185,11.081031068441193,0.9522588533426337
