objID,ra,dec
108240115927631819,11.592758394997565,0.20114537245582062
