objID,ra,dec
110690117297101443,11.72974939,2.24248319
110690117297871808,11.7297329,2.24275028
