objID,ra,dec
103950111897325154,11.189768028803737,-3.3710805780900563
103950111901275134,11.18997948,-3.37098147
