objID,ra,dec
107110113161048823,11.31609772000815,-0.734699060396004
