objID,ra,dec
103910110194587137,11.019315856534798,-3.4027906558786163
