objID,ra,dec
100630111256834674,11.125734477760172,-6.138099041846727
