objID,ra,dec
110030118962790113,11.8963596414854,1.6913517603031352
