objID,ra,dec
102740111080202461,11.108099494565744,-4.381597200268947
