objID,ra,dec
106010110443642560,11.044395771974486,-1.6565464437346853
