objID,ra,dec
105840118606882932,11.86071642120318,-1.7978822805743164
