objID,ra,dec
97980116851289484,11.68524061058554,-8.342478340589476
