objID,ra,dec
111190114665821636,11.466553211788447,2.659356767872363
