objID,ra,dec
108240118826048356,11.882624660293594,0.20661465459104605
