objID,ra,dec
111180110075073183,11.007556119640972,2.652243859940246
