objID,ra,dec
107170114811840756,11.48105274,-0.69129577
