objID,ra,dec
108530116794001508,11.679419376395451,0.44254051411159273
