objID,ra,dec
108930112123421859,11.212308185960147,0.776236984669879
