objID,ra,dec
100120111170021392,11.117075142170952,-6.565898350347782
