objID,ra,dec
103900117340614006,11.734128853404608,-3.4137455206897167
103900117343314105,11.73424727,-3.41367849
