objID,ra,dec
107940114786320007,11.478697440497896,-0.050343585946764795
