objID,ra,dec
113020116562885839,11.656330790455353,4.187835586734383
