objID,ra,dec
109490110498000074,11.049825291782435,1.2413720595811222
