objID,ra,dec
96260119330456712,11.933054396117786,-9.778090763251285
