objID,ra,dec
105920117398651431,11.73995631,-1.73247444
