objID,ra,dec
109670111246357371,11.124730405304682,1.3975209625104288
