objID,ra,dec
106460118432453950,11.843262520610272,-1.280432100376866
