objID,ra,dec
103660115407068210,11.540692164934844,-3.610203851573713
