objID,ra,dec
106770115528005826,11.552820410145571,-1.0205099486250493
106770115530666002,11.55301966,-1.02036181
