objID,ra,dec
109420119589981360,11.95905389673879,1.184095157163152
