objID,ra,dec
110960113331461126,11.333161070472642,2.4672175057104777
