objID,ra,dec
105480110595700656,11.059579144163177,-2.0997624743642276
