objID,ra,dec
107740114495516266,11.44954929,-0.21180724
