objID,ra,dec
110180118487387307,11.848754684342266,1.8223105043838181
