objID,ra,dec
107170115013223275,11.501321780533084,-0.6892895126778745
