objID,ra,dec
105650115246795963,11.52470577528486,-1.9537425036383314
