objID,ra,dec
107670118887410102,11.88871961,-0.27513984
