objID,ra,dec
104500119503456767,11.95033281551283,-2.911403198913515
