objID,ra,dec
107270119466696296,11.946695690561281,-0.6034727208296659
