objID,ra,dec
111550112632753855,11.26328220973267,2.96112489567936
