objID,ra,dec
111750119106075718,11.910568112311248,3.129387039419838
