objID,ra,dec
108590115784657270,11.578382549982974,0.4974300353345526
