objID,ra,dec
107250116883963942,11.688226853971218,-0.6222280926563352
