objID,ra,dec
106910114867961008,11.486804263680101,-0.9078457475235355
