objID,ra,dec
99940118227923136,11.822786839841966,-6.714389032686102
99940118225322986,11.82257754,-6.71450137
