objID,ra,dec
106100113071806219,11.307214319559034,-1.578495189717754
