objID,ra,dec
102220112855966421,11.285614694418344,-4.811704198167269
