objID,ra,dec
103790114980698309,11.498119598150604,-3.5017835945036664
