objID,ra,dec
105680111875770364,11.187565858264268,-1.9333558254112124
