objID,ra,dec
108210112246602551,11.224618583971,0.17677473136962568
