objID,ra,dec
106610110587075139,11.058720107338452,-1.154398864170809
