objID,ra,dec
100680110165398860,11.016573337015657,-6.092999191453223
