objID,ra,dec
112990114887430046,11.488836882000363,4.157953893933315
