objID,ra,dec
104370116833558918,11.683330811941715,-3.017947555682096
