objID,ra,dec
106570117369197835,11.736963380661145,-1.1856023202042456
