objID,ra,dec
104580115763125740,11.57633988,-2.84557319
