objID,ra,dec
108570116425597723,11.642592203191438,0.481018663044756
