objID,ra,dec
108840116592174181,11.659390833188159,0.7029904980190109
