objID,ra,dec
108190118024227119,11.802444220139092,0.16387337628861737
