objID,ra,dec
107330110894199727,11.08941688188851,-0.5505628802067299
