objID,ra,dec
107490110983388331,11.098350468426524,-0.4184781719707302
