objID,ra,dec
99570119187184406,11.918774819073743,-7.021708646584317
