objID,ra,dec
110180119434525510,11.943453,1.82089278
