objID,ra,dec
104210114800905581,11.48024127,-3.15389653
104210114802485900,11.480254527122225,-3.153742726595576
