objID,ra,dec
108080118483460399,11.84834736555858,0.06663680540463816
