objID,ra,dec
111330110960442555,11.096057708304444,2.7767531916987043
