objID,ra,dec
102180110276195648,11.027675801100246,-4.845637480061902
