objID,ra,dec
112080119942058422,11.994199818247637,3.406625852837162
