objID,ra,dec
105980118562370496,11.856302085728457,-1.6832458230936476
