objID,ra,dec
101580114375277895,11.437557157217553,-5.343761387549984
