objID,ra,dec
113290114982144282,11.498222973475258,4.411489425831297
