objID,ra,dec
112090116266418554,11.62669974,3.41508812
112090116263498542,11.626516941919645,3.415088112420145
