objID,ra,dec
109510116739675725,11.674010136210141,1.262730498299816
