objID,ra,dec
96010114552470304,11.455265155295832,-9.991734909825757
