objID,ra,dec
105510118575626614,11.857545780726095,-2.069853978059034
