objID,ra,dec
109330110167435130,11.016743225752487,1.1122477906579367
