objID,ra,dec
109620112641674558,11.264177966292898,1.3533675363010123
