objID,ra,dec
106250112087115601,11.20873183500812,-1.4540173196947914
