objID,ra,dec
107810115940995148,11.594139610748458,-0.15433945811355224
