objID,ra,dec
109380110755468657,11.075578814361366,1.1568518610097502
