objID,ra,dec
110010111281092951,11.12812449193717,1.677034578610193
