objID,ra,dec
106030111628659872,11.162875440714378,-1.6337976707510544
