objID,ra,dec
107540118240409425,11.824045538610603,-0.37589422180361926
107540118240349830,11.82405703898925,-0.3757049307735997
