objID,ra,dec
109840118692783789,11.86932848,1.53605621
