objID,ra,dec
98590116443942855,11.644440099814236,-7.839635457781622
