objID,ra,dec
98420119240691429,11.924104715932948,-7.982468018087101
