objID,ra,dec
109230115768140731,11.57680028,1.02550566
109230115767781068,11.576814216806186,1.025496370835162
