objID,ra,dec
102070115364871076,11.536472781801612,-4.9411253601751985
