objID,ra,dec
104530118733547013,11.87333082,-2.88621564
104530118735686785,11.873462544108323,-2.886349411060888
