objID,ra,dec
106920118369091997,11.836887451315663,-0.8987029978979234
