objID,ra,dec
110850117415626073,11.741595635885233,2.37960428853162
