objID,ra,dec
111090114135558518,11.413666241825723,2.5817752366775077
