objID,ra,dec
109640118323953904,11.832433754130946,1.3694912702609083
