objID,ra,dec
112360114488465131,11.44888461,3.63720799
