objID,ra,dec
107200114842252601,11.484236561494344,-0.6648662577214366
