objID,ra,dec
106820115214388427,11.52145663060299,-0.9766622676113712
