objID,ra,dec
98470114946549039,11.494716728750168,-7.934468324261266
