objID,ra,dec
108370117887070180,11.78853653,0.30820558
108370117884970328,11.788473313830874,0.30823876428006836
