objID,ra,dec
108830114732810065,11.47333404434895,0.6913310042030003
