objID,ra,dec
103010113732511748,11.3733296821775,-4.157230224334476
