objID,ra,dec
110920115657301538,11.565715808372145,2.434248056086304
