objID,ra,dec
120170115313188587,11.53132397,10.14844098
120170115313638933,11.53138668546931,10.1487019913017
