objID,ra,dec
111900113591983992,11.359137006174425,3.2528965768737526
