objID,ra,dec
109210115838990192,11.583934544704187,1.0080963146237536
