objID,ra,dec
105740118323303503,11.832377683391437,-1.8808176093929874
