objID,ra,dec
102120115548171138,11.554789816028395,-4.899426653769853
