objID,ra,dec
106620114747329016,11.47481146844411,-1.142957061249542
