objID,ra,dec
108980112456071126,11.245613660891154,0.8172358610659319
