objID,ra,dec
108570116424622235,11.642410013687885,0.47648445047284577
