objID,ra,dec
104510115275863635,11.52762158369748,-2.905625983676608
