objID,ra,dec
99320115900856681,11.590109756478718,-7.228163218318272
