objID,ra,dec
98710113314621169,11.331381829354847,-7.740983049022166
