objID,ra,dec
96800114663236510,11.466367060424407,-9.328220398609561
