objID,ra,dec
111480118326878872,11.83268771,2.90702237
111480118324279086,11.832462879959648,2.9071660914453963
