objID,ra,dec
111660115240844578,11.524088780559033,3.053418002713668
