objID,ra,dec
107750117643591740,11.76435419,-0.2072819
107750117647601805,11.76460838815577,-0.20723139681061092
