objID,ra,dec
108980119334459141,11.933550472000384,0.8239121858601881
