objID,ra,dec
109430110062750852,11.00629526067669,1.1920132006316346
