objID,ra,dec
102980116522690605,11.652326791889493,-4.183229341538333
