objID,ra,dec
109490112657288530,11.265715095768662,1.2484076319993629
