objID,ra,dec
108700111783969369,11.178439484236812,0.590782221056699
