objID,ra,dec
107690117221669353,11.722156675245571,-0.2509096788677485
