objID,ra,dec
105140111156611363,11.115575398477596,-2.3825760233771915
105140111155481012,11.11556702,-2.38284075
