objID,ra,dec
108550117513266708,11.75131864844426,0.4635241043602153
