objID,ra,dec
104040113993481078,11.399336066221062,-3.299443154006385
