objID,ra,dec
104550114559377056,11.45601925,-2.86946672
