objID,ra,dec
98050117907145525,11.790776012420064,-8.287422615961681
