objID,ra,dec
104440118605171131,11.860496453245627,-2.966115652818764
