objID,ra,dec
110090112022807828,11.20228395,1.74782339
