objID,ra,dec
102190116852284685,11.68527928,-4.8382172
102190116852254296,11.68528806452224,-4.838338544442016
