objID,ra,dec
110130119394226429,11.939483656169973,1.7799334173372374
110130119393776059,11.93944171,1.77965125
