objID,ra,dec
104880111188697538,11.119009503364476,-2.5939071237038123
104880111188997913,11.118975318894993,-2.5938095789205167
