objID,ra,dec
98270114680720727,11.468104840896517,-8.10805265399093
