objID,ra,dec
108620117749395209,11.774889197774453,0.5206318865590189
