objID,ra,dec
96360112114731067,11.211518916346497,-9.69945576050922
