objID,ra,dec
104350115520711781,11.552090841669926,-3.0405219438636166
