objID,ra,dec
107210117811525290,11.781135932569844,-0.6543219435816844
