objID,ra,dec
106440116794725923,11.679472051384286,-1.2955193929186384
