objID,ra,dec
104330112233467065,11.223307944078533,-3.0527927223915046
