objID,ra,dec
100060119928736234,11.992995800787828,-6.611850650094962
