objID,ra,dec
110600119953319614,11.995381476621713,2.174183450020109
