objID,ra,dec
101100110878601165,11.08777256809933,-5.74928825906102
