objID,ra,dec
97140119170552893,11.917101984690282,-9.047914440434868
