objID,ra,dec
97880112995906880,11.299642777541344,-8.427931737629146
