objID,ra,dec
106000111913108447,11.191317311039963,-1.659991632884936
