objID,ra,dec
105670115084321021,11.50842644599319,-1.9411912310618997
