objID,ra,dec
105760112046408453,11.204677995450856,-1.859997964845909
