objID,ra,dec
102290114590982226,11.459143683102544,-4.75679769299338
102290114593232467,11.45920525,-4.75661936
