objID,ra,dec
103870110132712489,11.01325652649609,-3.440086182143013
