objID,ra,dec
107780117339642627,11.733975531729817,-0.1815544102792869
