objID,ra,dec
105530116414155178,11.64141585,-2.05435933
