objID,ra,dec
106490113355048921,11.335372706122454,-1.2513841383144602
106490113352108556,11.335247917527008,-1.2515133996474201
106490113351908896,11.335223327047911,-1.2513820238232294
