objID,ra,dec
105790117179027438,11.717882143148607,-1.8358274079752832
