objID,ra,dec
106820116516961798,11.651846363646051,-0.9822344502705662
