objID,ra,dec
103560117075646468,11.707559267207516,-3.69479331410318
103560117074596805,11.707511570726277,-3.694743022327953
