objID,ra,dec
108870111204073246,11.12044028,0.72733837
