objID,ra,dec
105620117890534991,11.78908416906266,-1.9795750102135292
