objID,ra,dec
109220110986383702,11.09866194884009,1.0192669979625326
