objID,ra,dec
104850111216287294,11.121699330388395,-2.619286942858578
