objID,ra,dec
112670116809938614,11.681029512231206,3.8983181297136515
