objID,ra,dec
107830116505240987,11.650544437746188,-0.14119091533381603
