objID,ra,dec
97170119147730349,11.914822022120589,-9.02504142152369
