objID,ra,dec
103080119276111090,11.927618301032162,-4.099443725757974
