objID,ra,dec
108460112728918928,11.272881091398489,0.3903969847559035
108460112728219298,11.27285792,0.39062861
