objID,ra,dec
109210112556460335,11.255652411255099,1.0083036168829593
109210112558630564,11.255887583451697,1.0084160173103183
