objID,ra,dec
106540115966346984,11.596645788215017,-1.2112535508993079
