objID,ra,dec
108470119797768823,11.979775363724668,0.3986317088318131
