objID,ra,dec
109780118356287134,11.835621159874503,1.4890020371209673
109780118354667520,11.83560216,1.48905131
