objID,ra,dec
108140115169364129,11.51693471,0.11965971
108140115171843962,11.517216004589335,0.1196583672355463
