objID,ra,dec
111580115814824277,11.581501926198133,2.9865148975106215
