objID,ra,dec
103690118403136211,11.840331788107191,-3.586905743343094
