objID,ra,dec
102180115954875144,11.595577824022236,-4.846130439389004
