objID,ra,dec
100420119389434888,11.93896706350669,-6.312938297038483
