objID,ra,dec
97920112352386606,11.235233330135381,-8.394830115863451
