objID,ra,dec
108330114392655883,11.439259843637421,0.27941442880864636
