objID,ra,dec
106690113867265084,11.38675823941704,-1.0878238180673574
