objID,ra,dec
108960119296725998,11.929504811018726,0.804495375353194
108960119293835881,11.929477312068075,0.8044974539354942
