objID,ra,dec
105890117125711730,11.712602671341473,-1.7572820018248168
