objID,ra,dec
98260113649076414,11.364942709983671,-8.111469224459112
