objID,ra,dec
106390116754135995,11.675464003661823,-1.3370353517218634
