objID,ra,dec
104630112266689933,11.22668274,-2.8003766
