objID,ra,dec
109570118691625079,11.869174818319593,1.312086088807559
