objID,ra,dec
109670114640257251,11.46399067752613,1.3974409939050505
109670114638467562,11.463964946770632,1.3974568786881008
