objID,ra,dec
107490113977307873,11.397747576687904,-0.4187993977799698
