objID,ra,dec
104490113042742155,11.304265408446907,-2.9235978976841124
