objID,ra,dec
108330111658310645,11.165873597357699,0.2751828335455703
