objID,ra,dec
108500118359075343,11.83594842034007,0.42071929808726655
