objID,ra,dec
110170115322127003,11.532271321590901,1.8137534548720597
