objID,ra,dec
108470114325585504,11.432547826266907,0.39584150796008005
