objID,ra,dec
105680119475655830,11.947611084658723,-1.928884071393059
