objID,ra,dec
106790115808184773,11.580811277684745,-1.0047175832546638
