objID,ra,dec
109140119986786739,11.998738197838387,0.9552627832176145
