objID,ra,dec
102770118557234906,11.855732562469736,-4.354619499611626
102770118556624577,11.855727604316652,-4.354613744325051
