objID,ra,dec
103710117502120242,11.750201864892894,-3.5751797570394777
