objID,ra,dec
105030113230393962,11.323054924663099,-2.4719984205246206
