objID,ra,dec
108760114112667989,11.411310926254435,0.6396084807047191
