objID,ra,dec
107970119014653181,11.901481385225644,-0.022831510019953205
