objID,ra,dec
107680119716941700,11.971686398162555,-0.2656300112238552
