objID,ra,dec
107720114701512144,11.47014675,-0.23191013
107720114699171928,11.469957198408215,-0.23208594027773272
