objID,ra,dec
111680116809794798,11.680989298013428,3.0702796875107974
