objID,ra,dec
102810112291025626,11.229156567077663,-4.320622429411707
