objID,ra,dec
108490113112301319,11.311154176673432,0.40903769178797134
