objID,ra,dec
110090115633069276,11.563318346323888,1.7488556618425868
