objID,ra,dec
104630117185138701,11.718546831281651,-2.8014272903249964
