objID,ra,dec
105290113043749167,11.304451411405301,-2.2510902638750134
