objID,ra,dec
107180115500030054,11.54997566330838,-0.6836692798724121
