objID,ra,dec
100280117820894511,11.782154793491445,-6.4299150912708
