objID,ra,dec
104360114963694422,11.496345900685222,-3.0299542536087745
