objID,ra,dec
103840118645118159,11.864523451968441,-3.460274303326244
