objID,ra,dec
98390116916566978,11.691698338202555,-8.002773796868453
