objID,ra,dec
108440115325596937,11.532544913248088,0.3720691888884536
