objID,ra,dec
110230111333085122,11.133329833698536,1.862230869862154
