objID,ra,dec
105340113039522086,11.303977015722722,-2.2152914607885212
