objID,ra,dec
112960110228220458,11.022763146291316,4.133405693844109
