objID,ra,dec
108200110683778851,11.068431622520148,0.17367928598939486
