objID,ra,dec
106220118371946272,11.837289556535646,-1.478458023824986
