objID,ra,dec
106900111201121590,11.120122774419112,-0.9157252653490762
