objID,ra,dec
106600110005129818,11.00061187,-1.1586769
106610110003720167,11.00040584862744,-1.1585490276561359
