objID,ra,dec
106330111982576836,11.19828025,-1.38634418
106330111980457114,11.19803430158077,-1.3860752830996341
