objID,ra,dec
98520113878379005,11.387874462652627,-7.892834807556595
