objID,ra,dec
109850114371006232,11.437172400548095,1.546500339752361
