objID,ra,dec
106740112754103663,11.275335210099385,-1.0474783120956452
106740112752593364,11.275313118277811,-1.0475021391980655
