objID,ra,dec
100400119717409212,11.971748964242659,-6.326039380855015
