objID,ra,dec
110870117693068825,11.76930651,2.3986516
110870117692289193,11.769229185431332,2.3989209232361963
