objID,ra,dec
110270114796841264,11.47970077244264,1.8920743555360342
110270114796690854,11.47970971304586,1.8920254193850237
