objID,ra,dec
96420119957022108,11.995703883596125,-9.648620782346438
