objID,ra,dec
111560116172626784,11.617145819479552,2.9718813161945485
