objID,ra,dec
108380117774198907,11.777423372679374,0.32368684373099166
