objID,ra,dec
99320119810267754,11.981016505217436,-7.227218746966441
