objID,ra,dec
109580112127847459,11.212847935951094,1.3225070215532366
