objID,ra,dec
99710113230868759,11.323234595625262,-6.901388005085286
