objID,ra,dec
111990118245873070,11.824499531210964,3.327192912713309
111990118244973423,11.824467658007917,3.3272937748315066
