objID,ra,dec
109700119826497069,11.98269659,1.42217971
