objID,ra,dec
100520112452819228,11.245282292646602,-6.226014634530692
