objID,ra,dec
95210116243701263,11.624403470761564,-10.657638892655703
