objID,ra,dec
104390115447496601,11.5448115132871,-3.0031427818180476
