objID,ra,dec
110860114251172503,11.425162775906758,2.3850612572898706
