objID,ra,dec
106170113414947325,11.341500166516134,-1.5192559945600834
