objID,ra,dec
109140110656024497,11.065584720364294,0.953365461937745
