objID,ra,dec
104490115750065899,11.57502314235475,-2.9204275407309654
