objID,ra,dec
96860117644465858,11.764452409261473,-9.278807859747568
