objID,ra,dec
99510113564704512,11.356426028075777,-7.071448095121617
99510113562284792,11.35637392,-7.07142267
