objID,ra,dec
111290110238302110,11.023896230969982,2.742968056603723
