objID,ra,dec
108950113686233488,11.36860437463008,0.7943129813945344
