objID,ra,dec
106850115669874450,11.56699370966581,-0.9549742650273091
