objID,ra,dec
98960110409849312,11.040990248378751,-7.526001190484102
