objID,ra,dec
106240110792157485,11.07926639,-1.46080694
106240110789177535,11.078969006189208,-1.4607701747922408
