objID,ra,dec
108820116843869410,11.68447135275081,0.6906743154261931
108820116845909144,11.684497042043928,0.6906145237652493
