objID,ra,dec
111830116583480995,11.658372444986654,3.192081725574453
