objID,ra,dec
105600118758067678,11.875850896820715,-1.9940472760014232
