objID,ra,dec
106840110023702198,11.002492,-0.96513258
106840110022882531,11.002321336066972,-0.9649531204334794
