objID,ra,dec
109480110872456962,11.08728102,1.23876517
