objID,ra,dec
109260117520894550,11.752109141270466,1.0534123607490067
