objID,ra,dec
110470115968843318,11.59687962772135,2.0607311663088206
