objID,ra,dec
106030115865840102,11.586604247350758,-1.64191279256085
