objID,ra,dec
110150117830867175,11.783122907816878,1.7972612394232
