objID,ra,dec
107060118760541778,11.876107490144637,-0.7822703144426697
