objID,ra,dec
106970114965785265,11.496561956325799,-0.8542899481509699
