objID,ra,dec
108670115266009518,11.526610957968298,0.5658864354815643
