objID,ra,dec
112310113023618176,11.302437840664625,3.598084225898216
