objID,ra,dec
108580119669535694,11.967023631161364,0.48754696328855146
108580119670995340,11.967056701795638,0.487487467818254
