objID,ra,dec
111790115568677424,11.557009285882138,3.1640834645054845
