objID,ra,dec
107960116373713377,11.637430136105529,-0.030958529744680947
