objID,ra,dec
111110113235997529,11.32356698,2.59770939
