objID,ra,dec
108310119706743958,11.970647112827912,0.2612411465190161
