objID,ra,dec
107090115694576652,11.569450981772341,-0.7532385466427881
107090115696056260,11.569568029376546,-0.753417458989994
