objID,ra,dec
111240119286320542,11.92862958,2.6999483
111240119284090306,11.928464254380119,2.699837162105516
