objID,ra,dec
102010114937240879,11.493737175456172,-4.99128195334089
