objID,ra,dec
106770112468262335,11.246817526816251,-1.0234312982110791
