objID,ra,dec
107340114285936439,11.428693742680725,-0.5451166754575616
