objID,ra,dec
107030110365932279,11.036532734710923,-0.8067523619319421
