objID,ra,dec
107630110585208884,11.05862525624197,-0.3013148882521879
107630110588258914,11.05866923655386,-0.30132426780248506
