objID,ra,dec
108430114298935792,11.42989038652117,0.3627654871696026
