objID,ra,dec
111480114893446509,11.489320113257396,2.905009887084427
