objID,ra,dec
110440116070449978,11.60708507553762,2.0412318802403204
