objID,ra,dec
107540116566564283,11.656540651693183,-0.3799869957790548
