objID,ra,dec
103600110349515354,11.035013061188517,-3.66261091003334
