objID,ra,dec
104030117010285498,11.701026741263119,-3.304196081712266
