objID,ra,dec
109510112737707201,11.27404461,1.26416564
109510112740367524,11.274063778392543,1.264195367954772
