objID,ra,dec
108150118684048620,11.868416091989909,0.13191107131515137
