objID,ra,dec
107570114759224992,11.475933081039717,-0.3545180935161848
