objID,ra,dec
108610119385355403,11.93848953724083,0.5124772657197273
