objID,ra,dec
94590119660630554,11.966057104391508,-11.174887584678581
