objID,ra,dec
96900118757488942,11.87576749659654,-9.242917851499493
