objID,ra,dec
107350112629708533,11.262997478746376,-0.5349433192757534
