objID,ra,dec
106550116116237375,11.611636869988667,-1.2025762617555458
