objID,ra,dec
104800118195634034,11.819623985883586,-2.6636966901056733
