objID,ra,dec
110960114282867856,11.428338175933218,2.4728614197235363
