objID,ra,dec
103620115605085368,11.560503276971522,-3.6458852587061075
