objID,ra,dec
107940113702779225,11.370198045429008,-0.042691806212488324
107940113699969352,11.370184968700055,-0.04265141744754289
