objID,ra,dec
102540118384021941,11.838435163559584,-4.548729209511607
