objID,ra,dec
107510111191982269,11.119183921197827,-0.4068409254714786
