objID,ra,dec
108550114052170530,11.4051859763211,0.4583460454249012
