objID,ra,dec
99900112685122404,11.268532867989565,-6.7483487398806705
