objID,ra,dec
106080110264432788,11.026464468077407,-1.5980819550255696
