objID,ra,dec
95490115621498096,11.562202218426643,-10.418599593207587
