objID,ra,dec
107550114789590171,11.47896235,-0.37520913
