objID,ra,dec
113020110696079388,11.069694325536123,4.19073362955606
