objID,ra,dec
107100112761298391,11.276123605414673,-0.7433748229786308
