objID,ra,dec
106970114785341764,11.478527552848295,-0.8572100956855074
