objID,ra,dec
110460116134720097,11.613531274886316,2.0497387259588806
