objID,ra,dec
109320115049293734,11.50494951,1.102719
109320115052014181,11.50497665,1.10288514
