objID,ra,dec
105990112845830058,11.284491909096488,-1.6753070863681727
