objID,ra,dec
107600119179157943,11.917843827537201,-0.32716124482975173
