objID,ra,dec
104930112441221266,11.244294098915141,-2.5576715741991385
