objID,ra,dec
110630119876598875,11.987708733748228,2.198595802828069
