objID,ra,dec
104360112353380306,11.235396620844902,-3.0333985385201134
