objID,ra,dec
113340112128752159,11.212952223382946,4.451363004949869
