objID,ra,dec
106480110832147650,11.083225949209284,-1.2606394555847864
