objID,ra,dec
111760112845344671,11.284562011144654,3.1368379389404426
