objID,ra,dec
105190112863440715,11.286359651072562,-2.3414207803861844
105190112859550802,11.28607505,-2.34137847
