objID,ra,dec
105050113513298347,11.351368788638545,-2.451725388116077
