objID,ra,dec
109580113750780740,11.37505186,1.31685975
109580113748360478,11.3749573269944,1.316781397846479
