objID,ra,dec
106810113423495806,11.34235526594311,-0.9872002386112445
