objID,ra,dec
105650112142981002,11.214301403656645,-1.9578727003535195
