objID,ra,dec
94900114887383034,11.488708185715945,-10.914552362684688
94900114886762693,11.48869774,-10.91472506
