objID,ra,dec
108740113361261872,11.33608103700383,0.6178729721316211
