objID,ra,dec
107030119154266587,11.915421977426497,-0.8032009577599649
107030119154376998,11.9154157,-0.8030704
