objID,ra,dec
106970114610179620,11.460993242618262,-0.8506700698901467
