objID,ra,dec
106130112726019427,11.272628259905213,-1.5508584084518908
