objID,ra,dec
112000115033614581,11.50346245,3.33685125
