objID,ra,dec
107760114931818627,11.493163974423974,-0.19316523313385747
