objID,ra,dec
101730115524610669,11.55246834667235,-5.224892371464081
