objID,ra,dec
106810117870607025,11.787081276319608,-0.9862219593282842
106810117872966547,11.7872642,-0.98641841
