objID,ra,dec
96560112248085954,11.22483711812513,-9.528733783482151
