objID,ra,dec
103350119630559098,11.96303425468566,-3.867755704346027
