objID,ra,dec
106720116153417834,11.615354468497518,-1.0605005148277178
106720116155607589,11.61555486,-1.06068884
