objID,ra,dec
108180116957749440,11.69592128,0.15746264
108180116960839432,11.696090172848848,0.15749693914976337
108180116963309208,11.69633012,0.15731927
