objID,ra,dec
111160118732620487,11.873335508433525,2.6333855411763665
