objID,ra,dec
111630114444874465,11.444455071583253,3.02838561927368
