objID,ra,dec
110970115588413718,11.55891631,2.47775734
110970115588984052,11.558887018054074,2.4778801817088643
