objID,ra,dec
95390114740001449,11.474031013916754,-10.507436283996137
