objID,ra,dec
109520112699531483,11.269985450768607,1.267514665880346
