objID,ra,dec
108630116656318332,11.665669133093834,0.5315342116244124
