objID,ra,dec
107670112050522183,11.205092876913163,-0.2736200028417144
