objID,ra,dec
100770118589356287,11.85899663186326,-6.02030742908559
