objID,ra,dec
112440114299968732,11.430029068222133,3.7069245347861512
