objID,ra,dec
112080116469699750,11.646949025759847,3.407717537403023
