objID,ra,dec
109150115208838363,11.520943546280439,0.964925585221253
