objID,ra,dec
97060115384699199,11.538504430309137,-9.109373258842236
