objID,ra,dec
106940116890893030,11.689072612155183,-0.88117816304988
106940116888503233,11.68888612,-0.8809828
