objID,ra,dec
98770112086256080,11.208631120883268,-7.6869216612210565
