objID,ra,dec
94690117287983073,11.728825476149215,-11.089491378234342
