objID,ra,dec
100350119627558109,11.962773165171898,-6.368618192168764
