objID,ra,dec
109270118019417249,11.801971943805233,1.06399249167478
