objID,ra,dec
105730111079829124,11.108043147442077,-1.8845830930724337
