objID,ra,dec
106930118391723913,11.839159318567475,-0.8887725910436095
