objID,ra,dec
108410119435252784,11.943453565814226,0.3434860727238961
