objID,ra,dec
113240115261500644,11.526162368156788,4.366798064306435
