objID,ra,dec
111590113626581191,11.362637957304848,2.9922465190960157
