objID,ra,dec
100500115102327108,11.510286804995944,-6.244301440317048
