objID,ra,dec
108580119060508924,11.906116190655206,0.49037289359935843
