objID,ra,dec
100200113901662220,11.390171495619075,-6.498442548367996
