objID,ra,dec
99420111898817921,11.189922523064867,-7.1437818395033075
