objID,ra,dec
104140112436528548,11.243687072501167,-3.209924730650347
