objID,ra,dec
104440110947693542,11.094835229174022,-2.964040033490899
