objID,ra,dec
112750110964480752,11.09647420744102,3.958648611204161
