objID,ra,dec
110690116961242684,11.696140755282658,2.2435281756632612
