objID,ra,dec
100400111122652266,11.112357276175505,-6.331832005027064
