objID,ra,dec
108840113048225846,11.304850241757395,0.704522677856698
108840113046765542,11.30459774,0.70445781
