objID,ra,dec
106880117199208756,11.7198599901469,-0.9263941689854467
