objID,ra,dec
109140112314128558,11.231411737513202,0.9567577397858024
