objID,ra,dec
107620118794955848,11.87945111516768,-0.3122637649213618
107620118794725457,11.879478352212733,-0.3124800961591013
