objID,ra,dec
109920119050386813,11.905172246884609,1.605284941542737
