objID,ra,dec
104060119106502908,11.91073069198049,-3.2812188760588445
