objID,ra,dec
109460110120554643,11.012079857197485,1.2201875188641285
