objID,ra,dec
99700113908587224,11.390865215955037,-6.9109735450214265
