objID,ra,dec
111050118615881319,11.861695062108796,2.5422890298826015
