objID,ra,dec
112740114495863193,11.44969158576103,3.9523708083399796
