objID,ra,dec
107870111177443671,11.117810653804538,-0.1056807581377537
