objID,ra,dec
104220112869135987,11.28683216492334,-3.145309800340606
