objID,ra,dec
111670118585680609,11.858539128089644,3.0584205906660844
