objID,ra,dec
105790112706595254,11.270615371576378,-1.8376862616778697
