objID,ra,dec
108030115517503706,11.551777867478163,0.027731294479166224
