objID,ra,dec
109600113187399989,11.3186747244651,1.3412530606569881
109600113184499866,11.318600132888596,1.3412391174964173
