objID,ra,dec
104700115932523858,11.593286761869855,-2.747098263351541
