objID,ra,dec
109360126790307252,12.679060201778631,1.1389876125097491
