objID,ra,dec
104370126511369683,12.651351119713652,-3.0172542387995698
