objID,ra,dec
108320124024501838,12.402403710023444,0.26772739546819085
108320124024001508,12.40239433068474,0.2676571700806498
