objID,ra,dec
109490125399450326,12.539973711336451,1.2415308211501956
