objID,ra,dec
95750126410621959,12.641116994632634,-10.207025167762456
