objID,ra,dec
112730128365361307,12.83666779509524,3.9425108920741874
