objID,ra,dec
109650128915967734,12.89159678,1.38108011
