objID,ra,dec
105840120704026909,12.070488902224,-1.79459115533349
