objID,ra,dec
99480121144858981,12.114465226515023,-7.092807155349689
99480121143099432,12.11448387,-7.09260001
