objID,ra,dec
107560123013461426,12.301310252936773,-0.3657892291076265
107560123012241760,12.301364014821136,-0.365776502212333
