objID,ra,dec
107910120134022706,12.013381756215153,-0.07316310558090165
