objID,ra,dec
108350125992561841,12.599208735845949,0.29272817196555506
