objID,ra,dec
97220127335210963,12.73353579448543,-8.9828935221751
97220127333230682,12.73349225,-8.98306854
