objID,ra,dec
109430126755075634,12.675468436651451,1.1959769599896535
