objID,ra,dec
112920120201027646,12.02020076974739,4.105975209810105
