objID,ra,dec
105930127456283129,12.745680647153776,-1.722784065358147
