objID,ra,dec
96880123536975498,12.35375652548211,-9.262399149418004
