objID,ra,dec
112180129383731390,12.938387338306969,3.484088013850599
