objID,ra,dec
96590126892527901,12.689298605115138,-9.502110404014353
