objID,ra,dec
107960124897851152,12.489791189473435,-0.03270836859746014
