objID,ra,dec
100500122435637170,12.243647337766449,-6.244403687499671
