objID,ra,dec
108840124401542819,12.44056541279159,0.702015203789592
108840124405912910,12.440567424738308,0.7019913744440317
