objID,ra,dec
105760120300874687,12.030108722759342,-1.863129132897041
