objID,ra,dec
111430125881289706,12.587999338506501,2.8660482786532837
