objID,ra,dec
111230125043458129,12.504336240302568,2.698084523436653
