objID,ra,dec
105100123446722380,12.34466145,-2.41513639
105100123446121968,12.34458718273507,-2.4153342887402918
