objID,ra,dec
110760125817004904,12.58175792605758,2.3036839339695523
