objID,ra,dec
108000126887410597,12.688758741317889,8.662126916711805e-05
