objID,ra,dec
110800120984274958,12.09851235629252,2.3371228425515325
