objID,ra,dec
99030128962179846,12.896247837549652,-7.467077254253012
