objID,ra,dec
98580123440047975,12.344025190630017,-7.843746808946368
