objID,ra,dec
107200127707334105,12.770707733595511,-0.6636756629068536
