objID,ra,dec
105540120751596431,12.075211391806034,-2.04496177375938
