objID,ra,dec
99900127495454506,12.74959474864978,-6.746595097045981
