objID,ra,dec
109180124681910152,12.468226179274978,0.9830783083496766
