objID,ra,dec
108970122967814923,12.2968119,0.81205363
108970122970145112,12.29702651609938,0.8121880744631501
