objID,ra,dec
100650125907724420,12.590842744554138,-6.121785574708467
100650125905854141,12.59063287,-6.12190619
