objID,ra,dec
103840126841278248,12.684159682525177,-3.4601837956972044
