objID,ra,dec
102120129992125604,12.999193019213791,-4.8956728658135535
