objID,ra,dec
100800121472148829,12.147221414579997,-5.993043255313519
