objID,ra,dec
98290124083218333,12.40836366590437,-8.08508808807236
