objID,ra,dec
110680125650179112,12.56506640016809,2.2404973592286117
