objID,ra,dec
101590128647599920,12.864778862572232,-5.333692044073792
