objID,ra,dec
103600129192490303,12.91932657717783,-3.666898512368564
