objID,ra,dec
110850123361447522,12.33617617056367,2.3808632954143767
