objID,ra,dec
99950128785364134,12.878595010304556,-6.7052108874275955
