objID,ra,dec
106240121675947673,12.16762623114019,-1.4605491073451098
