objID,ra,dec
102160123681680453,12.368201153701355,-4.866681078867239
