objID,ra,dec
106220125079092729,12.507977103255826,-1.4814126718936844
