objID,ra,dec
104440123638650452,12.363892563180771,-2.966576135712705
