objID,ra,dec
108070124955837950,12.495596573986743,0.0645655194603664
