objID,ra,dec
102740124034703167,12.403527221830567,-4.381136690778038
