objID,ra,dec
104730129575819621,12.957603603878,-2.7173889156304054
