objID,ra,dec
96570122584511244,12.258496007390564,-9.524280869926168
