objID,ra,dec
108680120944977751,12.094477580980856,0.5727519365878143
