objID,ra,dec
100490124910593093,12.49101068305315,-6.255983983521931
