objID,ra,dec
107990129136991429,12.913719934532475,-0.007582005747460799
