objID,ra,dec
111850122839704398,12.283965255913662,3.211657599917304
