objID,ra,dec
111970121313703648,12.131377104948891,3.3110079318035597
