objID,ra,dec
99210122909902000,12.291055234484604,-7.323640816757384
