objID,ra,dec
110930124369063578,12.436952485310757,2.4442564094918784
