objID,ra,dec
108190129785398803,12.978598529920601,0.16524790468347375
