objID,ra,dec
108800122542804257,12.254373381083287,0.6698393362824483
108800122547674128,12.254697792165803,0.6696872516810644
