objID,ra,dec
101090120845443120,12.084522136865,-5.756070726628133
