objID,ra,dec
109180124840208476,12.484010443188165,0.9900675346636124
