objID,ra,dec
96640127615048082,12.761541565469633,-9.460296439139631
