objID,ra,dec
104560122797287626,12.2797122,-2.86064443
