objID,ra,dec
101070124619156315,12.461757051874418,-5.770076638410698
