objID,ra,dec
104930122513903606,12.251182173565981,-2.5555812073196913
104930122511423769,12.251122840617683,-2.5555490313752873
