objID,ra,dec
107010126355468255,12.63566564,-0.81848331
107010126357438507,12.63575996,-0.81835288
