objID,ra,dec
100370122943917099,12.294464563192815,-6.352777445628192
