objID,ra,dec
112330127837160849,12.783686594843019,3.608595214840486
