objID,ra,dec
108940124027794681,12.402779126727395,0.78688149621283
