objID,ra,dec
98310126485681381,12.64857877785978,-8.074241480913342
