objID,ra,dec
108720125662087711,12.566190110642614,0.6060570942795366
108720125659627912,12.56599638,0.60619123
