objID,ra,dec
108170129863981370,12.986484350200064,0.14251073366923364
