objID,ra,dec
100080120027158308,12.002747620603966,-6.593508013338331
