objID,ra,dec
106520129042703278,12.904389603410225,-1.2309300424090615
