objID,ra,dec
109520127101111936,12.710169975954464,1.2678260481522206
