objID,ra,dec
108990128675205362,12.867501770946392,0.8290215982718503
