objID,ra,dec
103640127847763227,12.784756428563858,-3.631084982426603
