objID,ra,dec
110930126034946929,12.603526663827045,2.447000133275486
