objID,ra,dec
107330123377311807,12.337732087481678,-0.5571369293570942
