objID,ra,dec
108090122219408770,12.22194838,0.08194157
108090122215198891,12.22166787,0.08211994
