objID,ra,dec
109400127808602074,12.780904330279705,1.168033279177255
