objID,ra,dec
96260120365617397,12.036542755081145,-9.77748450649899
