objID,ra,dec
108360126334276480,12.633531145739777,0.30494061410364853
