objID,ra,dec
110650129956170029,12.995645170890018,2.207999227058568
