objID,ra,dec
106600124592650162,12.459273616916718,-1.1669041658907076
