objID,ra,dec
109990128407893286,12.840808169886207,1.660594713780373
