objID,ra,dec
105880124407192668,12.44077406,-1.76481251
