objID,ra,dec
108230121315918255,12.131619390853142,0.19819974460041498
108230121318948370,12.13187464,0.19828965
