objID,ra,dec
94660124523431390,12.452373759819077,-11.115864131905239
