objID,ra,dec
110260129466653205,12.946681367539425,1.8856563358021152
110260129464693578,12.946553213018507,1.8857453267968995
