objID,ra,dec
101690126587256521,12.658642274229596,-5.253451319460084
101690126584636157,12.65860786557432,-5.2534810137874235
