objID,ra,dec
107840122837548113,12.28380246,-0.12697877
107840122835107929,12.283545412970692,-0.12704746948250592
107840122832328103,12.28353262796845,-0.12706136585804836
