objID,ra,dec
110940122483494711,12.248343639011757,2.4535371295623194
