objID,ra,dec
110960125916342416,12.591659237176557,2.4682727376266755
