objID,ra,dec
102640124431351615,12.443159259200604,-4.465686701454515
