objID,ra,dec
102780128647852256,12.864806563407688,-4.348488883868135
