objID,ra,dec
106500125736525721,12.573677957549807,-1.2456244337523734
