objID,ra,dec
96430120864160210,12.086482091039871,-9.641844091903621
