objID,ra,dec
108240120975957736,12.097581749531937,0.20602835378354184
