objID,ra,dec
99190123348359277,12.33489660409717,-7.334252387920689
