objID,ra,dec
112520125413878420,12.541336180007178,3.7733562190909926
