objID,ra,dec
106490128752906725,12.87531345723268,-1.2531187715917034
