objID,ra,dec
108880129902680912,12.990431264509475,0.7336174361168692
