objID,ra,dec
106250122101711511,12.210223205174504,-1.4574616596819072
