objID,ra,dec
112230127483789158,12.748485862759294,3.5323822173075294
