objID,ra,dec
104880122921239220,12.292116801581033,-2.592693226206568
