objID,ra,dec
102250129367317316,12.936751892016382,-4.785942633547101
