objID,ra,dec
112970125217690638,12.521763536871088,4.1417527347449505
