objID,ra,dec
106000121076059097,12.107662299059175,-1.6594569916643107
