objID,ra,dec
102840121528337221,12.1528898694726,-4.2943086470257
