objID,ra,dec
107070125421826476,12.54217119064254,-0.7699790304949177
