objID,ra,dec
103850127064652228,12.706382008941098,-3.456863231308463
