objID,ra,dec
101490121263888059,12.126357736564366,-5.41858996501481
