objID,ra,dec
111140120156964846,12.015786,2.62031571
