objID,ra,dec
105430127702668534,12.770241074249068,-2.13487034108478
