objID,ra,dec
105330120263060703,12.026310569069368,-2.2248038871387665
