objID,ra,dec
109640126679201242,12.667993947512793,1.3673170378852308
