objID,ra,dec
109270124165991851,12.416633139248699,1.0594574112932784
