objID,ra,dec
102160121330740201,12.133140572076714,-4.867007283468142
102150121331169786,12.13312611,-4.8671993
