objID,ra,dec
111730122929219043,12.29294385,3.11552053
