objID,ra,dec
105540123938657652,12.393794888815759,-2.0439796530744245
