objID,ra,dec
109440123379415017,12.337924985298539,1.203771367216565
