objID,ra,dec
106450124613661463,12.46157417,-1.2907228
