objID,ra,dec
98710124998295386,12.499875792528405,-7.737493733787406
