objID,ra,dec
104920121026620160,12.102701442459146,-2.5669329640955754
