objID,ra,dec
106470127028790111,12.702840678978742,-1.2753716292713018
106470127026080231,12.70267893,-1.2752423
