objID,ra,dec
107320127414759372,12.7414667698155,-0.5592672802595605
