objID,ra,dec
100860120572804847,12.057238908915561,-5.946231738719612
