objID,ra,dec
108680121804776028,12.180519250922874,0.5714204753430754
