objID,ra,dec
105500125041710326,12.504163621001402,-2.0833918380096152
