objID,ra,dec
107680126305643237,12.63052775182556,-0.26438373203563187
