objID,ra,dec
104200127826733023,12.782701916487163,-3.16451480601361
