objID,ra,dec
108560120940971089,12.094092711814776,0.4671682693691673
