objID,ra,dec
106520120663344847,12.066429298897969,-1.2296811237966467
