objID,ra,dec
102900122185168472,12.218560959362131,-4.243263834676744
