objID,ra,dec
112800121350428406,12.13510911910705,4.006527971607305
