objID,ra,dec
108200122939113431,12.293932460360736,0.16930433409731574
108200122941013691,12.293961784185324,0.16929852299719195
