objID,ra,dec
112830123972786436,12.397406086323628,4.029961029466429
