objID,ra,dec
100310124902917808,12.490261337222604,-6.402242053325854
