objID,ra,dec
95830123964118906,12.396431512165188,-10.134603491838533
