objID,ra,dec
108700129875930419,12.987675307705386,0.58329210152725
