objID,ra,dec
112300122779330393,12.277884592084074,3.583291286000586
