objID,ra,dec
110680124673090076,12.467201754896587,2.2330019562879624
