objID,ra,dec
108360120330158591,12.033026893670812,0.3067619042320859
108360120328308299,12.03295408,0.30659697
