objID,ra,dec
108870129966325082,12.9968016150965,0.7289392789837754
