objID,ra,dec
100200122827770724,12.282754086860471,-6.499761481579702
