objID,ra,dec
102060122871842619,12.287194283806947,-4.9482067517081765
