objID,ra,dec
109940124918363323,12.491856666332069,1.6190669367923671
