objID,ra,dec
107230128198747188,12.81991831,-0.63608228
