objID,ra,dec
103370129200949920,12.92012443871907,-3.8504504007381035
103370129200809529,12.9200682,-3.85071138
