objID,ra,dec
94810126981683048,12.698193960609672,-10.989420723791588
