objID,ra,dec
106280121065133708,12.10656032148042,-1.4306250473412998
