objID,ra,dec
106530122040085393,12.204163034230493,-1.2209509666501621
