objID,ra,dec
97910123492052857,12.349267246588658,-8.406316946372241
