objID,ra,dec
110660124183035096,12.418405398035,2.220473697390156
