objID,ra,dec
109890129616458854,12.96168774105559,1.5819826544555995
