objID,ra,dec
102520128289427699,12.82911335,-4.56050882
