objID,ra,dec
98380129579829731,12.958109301324452,-8.0090383121837
98380129582299562,12.958139641274563,-8.009015738787967
