objID,ra,dec
98820124235319436,12.423620835082838,-7.642485681445821
