objID,ra,dec
109450123454328084,12.345407595743097,1.2146758462463025
