objID,ra,dec
106510128511061639,12.85124127,-1.24061714
