objID,ra,dec
112610123451958142,12.34521893,3.84807269
112610123449058187,12.344934700199806,3.8481394658604566
