objID,ra,dec
104960122613395957,12.261241544300688,-2.5286791341199466
