objID,ra,dec
106680129847125226,12.984753584389805,-1.0960044128789734
