objID,ra,dec
101260120949069937,12.09494125149708,-5.6086871891768
