objID,ra,dec
101340122999079616,12.299918013908346,-5.542362343793863
