objID,ra,dec
108560123526575447,12.35274745614752,0.47082476984210064
