objID,ra,dec
97570122222574369,12.222264641079722,-8.688341046320847
