objID,ra,dec
107000125571705927,12.557201715432315,-0.8287412495483286
