objID,ra,dec
104880129394889233,12.93953088,-2.59267334
104880129394119559,12.93944416,-2.59247976
