objID,ra,dec
95850126957418737,12.695803226927808,-10.118041377151176
