objID,ra,dec
106770122121651105,12.21216515,-1.02443435
106770122120211425,12.2120187,-1.02411508
