objID,ra,dec
107440124847413946,12.484799311942945,-0.46378937923404806
