objID,ra,dec
108090129450204484,12.944967262600613,0.0783303939349672
