objID,ra,dec
105210122216521736,12.221562878149214,-2.3239305721475727
