objID,ra,dec
112790121061940035,12.106105134235204,3.9912348096034767
