objID,ra,dec
110900123970620843,12.397101864402597,2.4169932237330145
