objID,ra,dec
110770128222194763,12.82232258789105,2.311886918215294
