objID,ra,dec
98080127620909402,12.762211435576852,-8.25919452675396
