objID,ra,dec
109230126827293197,12.682770901623432,1.0272669935253036
