objID,ra,dec
99280124290815324,12.429130699828333,-7.262575114142267
