objID,ra,dec
110440128736903198,12.87355444,2.03575008
