objID,ra,dec
106580127121929630,12.712225629092698,-1.175707318400771
