objID,ra,dec
107740129014021350,12.901453905521109,-0.21593793191301638
