objID,ra,dec
107060121280488076,12.128049848477945,-0.7769939377530021
