objID,ra,dec
109900124733089591,12.473345785143966,1.590930793051588
