objID,ra,dec
108900125470851747,12.547097548293062,0.7510663442244194
