objID,ra,dec
99140127383640944,12.738355287836042,-7.38285923188667
