objID,ra,dec
97930129111595366,12.911255710411156,-8.387522023858864
