objID,ra,dec
105800123247579082,12.32500637,-1.82597862
