objID,ra,dec
109650126955893913,12.695561017442662,1.3777813462014044
