objID,ra,dec
106920125064396950,12.50639235864235,-0.8945949652489744
