objID,ra,dec
102990129119605278,12.9118843,-4.17106176
