objID,ra,dec
104620129863280926,12.98626084246063,-2.8162269995356377
