objID,ra,dec
111890125755418750,12.575516524190684,3.2485863618461925
