objID,ra,dec
100460126087308970,12.60874324,-6.27618691
100460126085269264,12.608566138233098,-6.275968862878356
