objID,ra,dec
100780122661749511,12.266199947910406,-6.009092257617992
