objID,ra,dec
95760125619518386,12.561998751919408,-10.193327818446086
