objID,ra,dec
107790129315841440,12.93142908,-0.17424709
107790129312791182,12.931414755259738,-0.1743243076438642
