objID,ra,dec
110430129919589102,12.99201007,2.03219969
110430129916799162,12.991817498441115,2.032273858469437
