objID,ra,dec
99070126023898236,12.602499734525802,-7.435162991742564
