objID,ra,dec
101010123746918857,12.374728281114297,-5.817997328853729
