objID,ra,dec
97110126542108163,12.65427584637814,-9.06857079643747
