objID,ra,dec
108370129607489719,12.960775863464926,0.3161141353873863
