objID,ra,dec
107570124069737197,12.40697956758332,-0.35271277161951503
