objID,ra,dec
104780128788267666,12.878839237742117,-2.677324672715584
