objID,ra,dec
99050125798515712,12.57993059778503,-7.453876252959024
