objID,ra,dec
109800126472670188,12.647378632000166,1.4998272384536402
