objID,ra,dec
110180126486489653,12.64866888,1.82428907
