objID,ra,dec
107090124791876926,12.479209575698516,-0.7529114575732629
