objID,ra,dec
103470120951744243,12.095233443172205,-3.7717535803362243
103470120950394656,12.095111457792797,-3.7715163105121636
