objID,ra,dec
109390121551658146,12.15523623056834,1.1647575805803718
