objID,ra,dec
103770126505440797,12.650610092495278,-3.5247019177729473
