objID,ra,dec
101400129018256228,12.901912731149684,-5.4952376469134
