objID,ra,dec
105640129833908012,12.983315283241232,-1.9604376619011643
