objID,ra,dec
98910126711873900,12.671208965819126,-7.572091605847974
