objID,ra,dec
107560123255947377,12.325663763388649,-0.36089511968876287
