objID,ra,dec
99780121799864404,12.180035343623324,-6.846623051426291
