objID,ra,dec
107520127519587483,12.751977670823367,-0.39409847424554606
107520127516787706,12.75176609,-0.39398007
