objID,ra,dec
100660128714269719,12.87145681070524,-6.108936454484451
