objID,ra,dec
107410129988023476,12.998874627026126,-0.48920841737010506
