objID,ra,dec
109400122151582529,12.215208539676397,1.1683845608938084
