objID,ra,dec
100170123047047185,12.304795303421951,-6.519441228448609
