objID,ra,dec
108470126810470140,12.68108388922812,0.39133220411450675
