objID,ra,dec
108390129683274900,12.968373311466705,0.328726298737903
