objID,ra,dec
108840124229881131,12.423004979991676,0.7005769547545122
