objID,ra,dec
110060125059325244,12.50593204,1.72083711
110060125058995644,12.50592161,1.72097949
