objID,ra,dec
110380122261463094,12.22617893281495,1.9855225697239676
