objID,ra,dec
99090129737074242,12.97366718944903,-7.421803968935279
