objID,ra,dec
105830124765506905,12.47655677,-1.80293255
105830124762756829,12.476309850817906,-1.803008496680028
