objID,ra,dec
103640120743725620,12.074383176869311,-3.628997083962579
