objID,ra,dec
97570129170168484,12.917052462279614,-8.684923949220344
