objID,ra,dec
111360126182803578,12.618324967871299,2.8026138719671585
