objID,ra,dec
111060126250021053,12.62504576,2.55046289
