objID,ra,dec
113040120119336830,12.011923354333495,4.2053814181592
