objID,ra,dec
101930128961981846,12.8962901932049,-5.057219270068435
