objID,ra,dec
110960126225332974,12.622573276756757,2.4687261776614426
