objID,ra,dec
102820122537639161,12.253828411170545,-4.309414079187538
