objID,ra,dec
102330123029155447,12.302931226795119,-4.720813836717477
102330123025755326,12.30276806,-4.72081897
