objID,ra,dec
103040122250330286,12.224920210457455,-4.133675753764757
103030122248929944,12.224958622547668,-4.133659143418524
