objID,ra,dec
108970126640968873,12.66436988,0.81561795
108970126642169211,12.664410355413569,0.8156627991562748
108970126644929453,12.664526727863738,0.8157902665055753
