objID,ra,dec
105630123071841957,12.30719219302922,-1.9737838455735184
