objID,ra,dec
108540120034818772,12.003584357082387,0.4569237042482035
