objID,ra,dec
106550126851719582,12.685191460723221,-1.200746027553938
