objID,ra,dec
106930123108243707,12.310832952680252,-0.8888889783221023
