objID,ra,dec
111350126497144517,12.64973932569186,2.795076100087214
