objID,ra,dec
110930122601550570,12.26008000469911,2.4416779556930153
110930122598090406,12.25983317,2.44160494
