objID,ra,dec
111880126641595674,12.66416075770478,3.2377165085517103
