objID,ra,dec
109190124712368965,12.471258474558118,0.9988191452496396
109190124714059232,12.47132069021491,0.9988960676075238
