objID,ra,dec
108100129278580456,12.927887522990872,0.08332708422156034
