objID,ra,dec
100200123083062119,12.30837432,-6.49860097
100200123084591831,12.3085555905994,-6.4988009029709985
