objID,ra,dec
110330124170341557,12.417089653408077,1.9425576969353533
