objID,ra,dec
109390121475572193,12.14760911524607,1.159805456878684
