objID,ra,dec
107360127798367070,12.779920438351528,-0.5278402487517602
107360127801787074,12.78019097,-0.52779425
