objID,ra,dec
104190126084394366,12.608535337131453,-3.1716868142028463
104190126088494654,12.608784415115789,-3.1716225909340734
