objID,ra,dec
108430128600825367,12.860148094493345,0.362467353668625
