objID,ra,dec
99060126662549016,12.666329757427487,-7.442856273570589
