objID,ra,dec
102280129635132020,12.963533562709989,-4.765360556119273
