objID,ra,dec
106250123567237415,12.356765063462118,-1.452506968453258
