objID,ra,dec
105320122686122537,12.268672379180297,-2.2315813619685256
