objID,ra,dec
107800128826202641,12.882666242073245,-0.16488515505443646
