objID,ra,dec
113180121698888753,12.169900325194925,4.323510110303218
