objID,ra,dec
111560129931986976,12.993273726783336,2.9721297660022157
