objID,ra,dec
112410121486097715,12.14854973,3.68105527
112410121484948045,12.148494916708206,3.681219438943426
