objID,ra,dec
96360121832338416,12.183220363060444,-9.693301053459214
