objID,ra,dec
100510129519001649,12.951942276883338,-6.240666903614211
