objID,ra,dec
109150123940277623,12.394028520258578,0.9642982887615675
