objID,ra,dec
105940120481066618,12.04812845383785,-1.7115111348690166
