objID,ra,dec
102090127124471059,12.712471854391426,-4.924412368323672
