objID,ra,dec
112750127552238336,12.75519257135847,3.964893776454194
