objID,ra,dec
110220120007473809,12.00074324,1.85280942
110220120004133623,12.00055427,1.85265206
