objID,ra,dec
107230126122814326,12.6122501049574,-0.6385148536182028
