objID,ra,dec
106340123586965652,12.35867,-1.37904639
