objID,ra,dec
109750128127206522,12.812786861652064,1.4633823159665826
