objID,ra,dec
103280126869652313,12.687020319611753,-3.931823414459534
