objID,ra,dec
108920126246890246,12.624807717365547,0.7665273587451603
