objID,ra,dec
104300123625259197,12.362523759576877,-3.076057193210115
