objID,ra,dec
112750126466981842,12.646731663520185,3.959458301970156
