objID,ra,dec
103140123586695801,12.35870230303072,-4.04551166782419
