objID,ra,dec
110740127398298047,12.73985994,2.28964539
110740127395638166,12.739624444464376,2.2897720862514284
