objID,ra,dec
109800128853414634,12.88533449,1.50350174
109800128850414888,12.885058155261715,1.503537962130816
