objID,ra,dec
102100120479156463,12.047915183980148,-4.9116632945620164
