objID,ra,dec
112270120140982317,12.01428305562369,3.559752087222355
