objID,ra,dec
107690127250909418,12.725120730717858,-0.2508930531721301
