objID,ra,dec
112130129291215661,12.929166636788118,3.44597455570903
