objID,ra,dec
108030125414563842,12.541483234934626,0.027797740073314214
