objID,ra,dec
101710124824471215,12.482461055579572,-5.241000867235829
