objID,ra,dec
102130129567447578,12.956767656407099,-4.885721102723011
