objID,ra,dec
110800123639923862,12.364067319363928,2.3361423710368823
