objID,ra,dec
100260121943599566,12.194414775118329,-6.442372808207151
