objID,ra,dec
102150125364875974,12.536530606509094,-4.870390174898787
