objID,ra,dec
104650127124202611,12.71259587,-2.78967574
