objID,ra,dec
98520122294053776,12.229370939705975,-7.89721050441536
