objID,ra,dec
108730124212918338,12.421323091857461,0.6148365807545004
