objID,ra,dec
112320126967675785,12.69679919,3.60443156
112320126964495634,12.69664646,3.60428562
