objID,ra,dec
95560127353554897,12.735386494665056,-10.362972546735856
