objID,ra,dec
99060127700714018,12.77013122581496,-7.446967608272434
