objID,ra,dec
106650123138889281,12.313765592225984,-1.1175680930293688
106650123136009416,12.31371958250996,-1.117535704146439
