objID,ra,dec
111510127397018571,12.739690461594908,2.9317774274787256
