objID,ra,dec
100010120385005812,12.03847792,-6.65388937
100010120382265921,12.03833107957171,-6.653753707445761
