objID,ra,dec
106540127415589820,12.741573728600045,-1.2088970156230991
