objID,ra,dec
102410129454839563,12.9455369404177,-4.650729701623391
