objID,ra,dec
107950125217321352,12.521754819453763,-0.04060730889432401
107950125217721762,12.521760529983851,-0.04059695406101045
