objID,ra,dec
110770125283882208,12.528421903720673,2.309779447114473
