objID,ra,dec
111210123751860921,12.375264287206477,2.6754503600899238
