objID,ra,dec
111150124123224699,12.412368855561821,2.628489713225142
