objID,ra,dec
107030122002909915,12.20036042,-0.80042817
107040122004200269,12.200394462591518,-0.8002402806757853
