objID,ra,dec
104040127044890267,12.704526479970065,-3.300123189460644
