objID,ra,dec
108250128952887780,12.89534102374626,0.21462689417080733
108250128953588123,12.895379369820494,0.21478337043506254
