objID,ra,dec
112130121427752059,12.142773308639764,3.4430060727765968
