objID,ra,dec
98030127441723586,12.744184300599239,-8.305709804698658
