objID,ra,dec
103980124982654042,12.498314009849361,-3.347019735873327
