objID,ra,dec
106220122307080809,12.23062432576814,-1.4830153045938996
