objID,ra,dec
110180125143744528,12.51442583,1.81997223
