objID,ra,dec
111930124417432167,12.441776486953488,3.276425601004426
