objID,ra,dec
108560126249332576,12.62499085540169,0.4683698533669384
