objID,ra,dec
103810122562975047,12.25632029579187,-3.4878448184830897
