objID,ra,dec
101290122708650941,12.270865501137827,-5.591258677284515
