objID,ra,dec
102240122761212357,12.27609954908371,-4.798429335949546
