objID,ra,dec
113090125545007874,12.554528237112748,4.247854172021304
113090125546577555,12.554585,4.247707
