objID,ra,dec
99640123192382305,12.31937558910299,-6.965037524301575
