objID,ra,dec
112850127689512273,12.769005969528006,4.043056874832308
112850127689471890,12.769009144284611,4.042892589426209
