objID,ra,dec
96940124705119544,12.470535983613466,-9.209075230585885
