objID,ra,dec
101760124052530522,12.40527398780769,-5.199946361054842
