objID,ra,dec
105220129145520483,12.914574989801025,-2.3166130108283616
