objID,ra,dec
100180126593513139,12.659349855188987,-6.514482904290229
100180126592702712,12.65928536,-6.51473781
