objID,ra,dec
108960120132617735,12.01328426851608,0.8060718911182247
108960120135567580,12.01353426,0.80607509
