objID,ra,dec
98870127862979532,12.78632765637123,-7.600748297052974
