objID,ra,dec
103130124306772627,12.430701719258074,-4.056532994612423
