objID,ra,dec
106960124263088553,12.42653242940119,-0.8597853567892121
