objID,ra,dec
111180125228891328,12.522749919488556,2.6506648684831253
111180125227460975,12.522755932807668,2.650546929685514
111180125223771333,12.52240402,2.65071922
