objID,ra,dec
109170121392460073,12.139284294904654,0.9746716842902858
