objID,ra,dec
106570127721378536,12.772218303483283,-1.1848470466841998
106570127724348634,12.772233236415742,-1.1848377346443557
