objID,ra,dec
98640124343293051,12.434253876402174,-7.797710145028145
98640124340593247,12.43422936202179,-7.797664893905203
