objID,ra,dec
99610127265169392,12.726551446481064,-6.984186241513647
