objID,ra,dec
113060123673119884,12.367371666109102,4.2245272834410645
