objID,ra,dec
98070122691852134,12.269257374664667,-8.273552217017931
