objID,ra,dec
108540121410880361,12.141076352686136,0.4499194477849065
108540121413160154,12.141285627150896,0.449755362407928
