objID,ra,dec
107440122449740591,12.244999198219011,-0.4665500037649366
