objID,ra,dec
96900120491154266,12.049177095679633,-9.246778377961341
