objID,ra,dec
112840129625800191,12.96245360809602,4.033022476637011
112840129622880200,12.962448812060817,4.033027338204512
