objID,ra,dec
99010124527651802,12.452826221489184,-7.4904677928099215
