objID,ra,dec
104240128400958993,12.840110668239985,-3.126269201763872
