objID,ra,dec
112920127714947862,12.771477309565844,4.106074801396341
