objID,ra,dec
108490121167836420,12.116712512026078,0.413299493515045
