objID,ra,dec
103590127190485383,12.71900001743706,-3.6709768582128124
