objID,ra,dec
97940122690285105,12.269190533372779,-8.379482446591869
