objID,ra,dec
110620126789339667,12.678980513465694,2.191024566585134
