objID,ra,dec
107410122903450738,12.290413004760117,-0.49141263887400033
