objID,ra,dec
99300121980477078,12.198229310475705,-7.244528679482387
