objID,ra,dec
108070127553864192,12.755362020802151,0.061403605571059255
