objID,ra,dec
112210125466118616,12.54664486,3.51514158
112210125467798320,12.546769163384987,3.5148878519443616
