objID,ra,dec
102810124333531378,12.433403233534731,-4.324239437125733
