objID,ra,dec
109350128319821231,12.832022686546134,1.1256138743156154
