objID,ra,dec
95570121157140592,12.11571323297909,-10.358174685623847
