objID,ra,dec
100350127773225266,12.777320107072779,-6.370985594381781
