objID,ra,dec
98520123688770208,12.368806524784649,-7.900415981674495
98510123685829843,12.368706535157196,-7.90043274821098
