objID,ra,dec
106080123888324261,12.388798948199783,-1.5967638280588254
