objID,ra,dec
96860123677698029,12.36773528,-9.27722485
96860123676787707,12.367731565342751,-9.277222202626284
