objID,ra,dec
104360124743222188,12.474331083695454,-3.0318587425484105
