objID,ra,dec
100380127303339198,12.730308594793101,-6.342771861678377
100380127301568844,12.73017479,-6.34299985
