objID,ra,dec
103830122957342940,12.295766126503278,-3.472901643517416
