objID,ra,dec
111820121133606165,12.11338930573783,3.1880309725625775
