objID,ra,dec
108770122564097247,12.25645040020731,0.6472996906640243
