objID,ra,dec
108780128454777046,12.845510605541477,0.655482977520936
