objID,ra,dec
98070120286286880,12.028669391935964,-8.26963314949266
