objID,ra,dec
101160127295049773,12.729518590412102,-5.6923350815350515
