objID,ra,dec
106560125120104696,12.512002826729427,-1.1964143891649202
