objID,ra,dec
108620122762746922,12.27630939,0.52203871
