objID,ra,dec
110150122058542572,12.20601257353523,1.7933385015905154
