objID,ra,dec
109460122401207775,12.24015428569629,1.222783665861942
