objID,ra,dec
98890123693970655,12.369449754996893,-7.591433857283884
