objID,ra,dec
101540128442961641,12.844289772281432,-5.382294893477826
