objID,ra,dec
113190121147695827,12.114766,4.3294368
