objID,ra,dec
112210121161261246,12.116121812930873,3.508884282685152
112210121158541079,12.116119070783792,3.5088808161098326
