objID,ra,dec
109050128789541845,12.878972006940598,0.8761302277070079
