objID,ra,dec
101490126133178777,12.613131455228412,-5.418074496256935
101490126130308743,12.613110961008235,-5.418027418724908
101490126128389172,12.613044694212611,-5.417955522142111
