objID,ra,dec
107630123198016288,12.319787603022169,-0.30353129545749247
107630123195016337,12.319618539792001,-0.30348729805866254
