objID,ra,dec
98570128806175710,12.880709086481787,-7.853928127198481
