objID,ra,dec
101980127151118023,12.71513249,-5.01034208
101980127147898179,12.714855367626189,-5.01019442041109
