objID,ra,dec
104470123606989164,12.360756562298173,-2.9344293754611677
