objID,ra,dec
109900128843536101,12.88445203839877,1.5879882814139097
