objID,ra,dec
109130124138243249,12.41380204,0.9440514
