objID,ra,dec
109030120252371282,12.025283252641964,0.8591081741412554
109030120251251604,12.02514917,0.85928535
