objID,ra,dec
97840122890588207,12.289174365724044,-8.460151336204154
