objID,ra,dec
104090123410905768,12.3410795,-3.25391522
104090123408615996,12.34091500021673,-3.2538519120567555
