objID,ra,dec
107670127555466806,12.755546674316669,-0.26971366253115786
