objID,ra,dec
107990127576989679,12.757701432026533,-0.0007071226731986423
