objID,ra,dec
103410127522952647,12.7523191092332,-3.8231905281680763
