objID,ra,dec
103930124660189972,12.466052301947448,-3.383817652414028
