objID,ra,dec
107800125826338988,12.582640935343294,-0.15957740814834664
