objID,ra,dec
110100122849268015,12.285011204737504,1.7563014007472677
