objID,ra,dec
95630129268624509,12.926855491291386,-10.30491482263233
