objID,ra,dec
107490126036963002,12.603685412176953,-0.42289945699854864
