objID,ra,dec
108240124935156922,12.493442576082801,0.20530394334034263
