objID,ra,dec
108920120109184000,12.010970172586436,0.7697103893412307
