objID,ra,dec
109460123397660311,12.339763424607025,1.2164920679799989
