objID,ra,dec
98530120308994057,12.030748596187426,-7.888579532505213
