objID,ra,dec
110820128818938142,12.881920744850149,2.356547851289114
