objID,ra,dec
108050129866543170,12.98666155599344,0.04388549117169061
