objID,ra,dec
105830120074099961,12.007418221281759,-1.8004046855879094
