objID,ra,dec
109300127940830003,12.794101919843603,1.0828680113353433
