objID,ra,dec
107410126775464560,12.677545357029096,-0.48831596832310353
