objID,ra,dec
110510120599632014,12.060012093126034,2.092987658228604
