objID,ra,dec
94600123553293697,12.35537767790742,-11.163974395693485
