objID,ra,dec
110160123126089084,12.312672718872886,1.807211919535519
