objID,ra,dec
105320122284433931,12.228437060388265,-2.2304860771945028
