objID,ra,dec
101100121384705706,12.138459322334217,-5.745596150175294
