objID,ra,dec
106810129229320369,12.923016878830543,-0.9918504115345754
106810129232390128,12.92323616,-0.99191633
