objID,ra,dec
110130123139764180,12.3139762,1.77812103
