objID,ra,dec
108740121238673962,12.12349407713755,0.6196280094878391
108740121235744021,12.123444917525314,0.6196259953579762
108740121232503985,12.123399951840483,0.6196186644344256
