objID,ra,dec
105890126362532236,12.636160886444358,-1.756814312382984
105890126360962525,12.636133402588996,-1.756736069093437
