objID,ra,dec
108220128297956500,12.82981649,0.18836016
108220128298876133,12.830044575320846,0.18825620378896776
