objID,ra,dec
108180129826922705,12.98278529,0.15183368
108180129825032377,12.982535543227549,0.15168818210018878
