objID,ra,dec
110350123820464211,12.382052841018018,1.9614648170737183
