objID,ra,dec
104810125656444899,12.565708700407901,-2.6546122157140815
