objID,ra,dec
109900121284911934,12.128434524352445,1.5846292136203792
