objID,ra,dec
106540127404197765,12.740450657918135,-1.210571923686132
