objID,ra,dec
111450128880806260,12.888320672902617,2.879711510826665
111450128884406192,12.888344098614086,2.8797179764835223
