objID,ra,dec
96960120780372211,12.07809528807399,-9.198478883152331
