objID,ra,dec
108140123430192935,12.34306065,0.11873288
