objID,ra,dec
106970124682518123,12.468248655148471,-0.8518895390589855
