objID,ra,dec
112450128910539973,12.89104931010263,3.716175767230408
