objID,ra,dec
107940122753539407,12.275365014673303,-0.04255704377524027
