objID,ra,dec
107640129646562437,12.96468847,-0.29838802
107640129649892502,12.96494868695244,-0.2983099021598272
