objID,ra,dec
104610120059037782,12.00589674740184,-2.8188812772623906
