objID,ra,dec
97910122161661625,12.216231929058132,-8.407325325202745
