objID,ra,dec
102430127169085053,12.716942523674465,-4.637957560293497
102430127168424547,12.716922346213893,-4.638118260315022
