objID,ra,dec
105210121539467494,12.153826346136873,-2.319176551802277
