objID,ra,dec
102330122415158802,12.24151693568775,-4.718014348144911
