objID,ra,dec
107050122037184206,12.20377784848757,-0.788503512914574
