objID,ra,dec
111460126506125910,12.650513571305808,2.8878462293597953
111460126504625618,12.65047607,2.88761688
