objID,ra,dec
110940126678065907,12.66783262993106,2.4545403971337434
