objID,ra,dec
103840121841475678,12.184093974435914,-3.462283014110192
