objID,ra,dec
109800122149491982,12.215108015421643,1.5012975867752676
