objID,ra,dec
107890122768598841,12.27688066144208,-0.08470085009090597
