objID,ra,dec
109290124690992888,12.469116929507468,1.0770500503922196
