objID,ra,dec
112610128387668516,12.838760782387634,3.8483925282098697
112610128387528866,12.838767817218502,3.84841061442873
112610128385148673,12.83873383204965,3.848386370382038
