objID,ra,dec
110480122429305950,12.242942664818539,2.0712440961874794
