objID,ra,dec
109170128363007256,12.836478249389106,0.9806808812280848
