objID,ra,dec
104640123905824736,12.390588361398507,-2.7964695435384472
