objID,ra,dec
94690122123207022,12.212351674612417,-11.086140654306314
