objID,ra,dec
105750122532767844,12.253328877706567,-1.8686696995475216
105750122532138293,12.25324468,-1.86854882
