objID,ra,dec
111270127144374338,12.714410715541566,2.7282425373196397
