objID,ra,dec
106530125885283050,12.58850717874197,-1.222779123922142
