objID,ra,dec
110150122036083494,12.20351595242513,1.794207914710999
