objID,ra,dec
109530121394220672,12.139461640682635,1.27517426723993
