objID,ra,dec
104410120758893000,12.075842237280805,-2.989497867993564
