objID,ra,dec
111070122970852204,12.297204096949104,2.55983501303895
