objID,ra,dec
107540125528279602,12.552840589711314,-0.37571665622907835
