objID,ra,dec
110000127655493344,12.765675797564874,1.6691442866245025
