objID,ra,dec
107680129357302056,12.935763227239681,-0.2654347467304857
