objID,ra,dec
110890124536263783,12.453651498869847,2.4111204117436067
110890124534193533,12.4535308,2.410964
