objID,ra,dec
112310126296127660,12.629597639063519,3.597651797606058
