objID,ra,dec
106240126151799087,12.615208419670312,-1.4594482648534917
