objID,ra,dec
110470120580103507,12.058015631004825,2.060882427163582
