objID,ra,dec
105240125082576743,12.508263335591819,-2.2947552161106346
105240125081956402,12.50819984,-2.29502104
