objID,ra,dec
110510120775874599,12.077643750160167,2.0950761434230447
