objID,ra,dec
96160127256902549,12.725710696741464,-9.864896176086724
