objID,ra,dec
109920124958070081,12.495866208745419,1.5996789097564732
