objID,ra,dec
104710124896298444,12.48960266574722,-2.7349781539907294
