objID,ra,dec
99090122410024000,12.24098094961849,-7.421766275264886
99090122409434351,12.240983623858467,-7.421764794828563
