objID,ra,dec
112230121882348908,12.18819995389528,3.5321065790701707
