objID,ra,dec
110960124464194468,12.44642051552277,2.4700356729873607
110960124466014895,12.446556241564071,2.470129806998562
