objID,ra,dec
111620122930196090,12.293054995085528,3.0213762703483855
