objID,ra,dec
109650123330264561,12.333138301989637,1.3783963260346128
