objID,ra,dec
98170123172672896,12.317307759534259,-8.189600716533507
