objID,ra,dec
108940127366699940,12.736734803279964,0.7911194803209
