objID,ra,dec
103500120933769900,12.093344827555589,-3.7420994273902957
