objID,ra,dec
102150129685800832,12.968597732324637,-4.874509429504196
