objID,ra,dec
106670126411821298,12.641265648330357,-1.1076352740564053
