objID,ra,dec
111820127072674962,12.707216015329948,3.1871597243118783
