objID,ra,dec
108230121264656134,12.126483531726052,0.1964291214702197
