objID,ra,dec
104890124306333223,12.430532992325304,-2.5893548496334415
