objID,ra,dec
108600122053475483,12.20530810001843,0.5041722415151431
