objID,ra,dec
108130125040364449,12.50388295,0.11165346
108130125036864526,12.50380491,0.11159941
