objID,ra,dec
109910129749625698,12.974676450366097,1.595844527049725
109910129746335492,12.974682758413065,1.5958282776129697
