objID,ra,dec
103080123506616869,12.35071314120676,-4.094705422148035
