objID,ra,dec
98140122820969348,12.282097453824514,-8.209295468384816
