objID,ra,dec
106590123452369143,12.34527672,-1.16768318
106590123452599527,12.34525696,-1.16740686
