objID,ra,dec
96490120093842351,12.00937797176954,-9.59009805647976
