objID,ra,dec
105410125277468051,12.527797194798628,-2.151998823188699
