objID,ra,dec
108960126828445186,12.682869533783018,0.8039864621919312
