objID,ra,dec
105990124965252150,12.496528682473036,-1.6735487635179838
