objID,ra,dec
95810125375059923,12.537553173398,-10.150396196944211
