objID,ra,dec
106170122524587333,12.252431855032613,-1.519311178135137
