objID,ra,dec
100640122196527809,12.219740806879166,-6.127147962261699
