objID,ra,dec
110570122446168653,12.244623048017074,2.1485438542254465
