objID,ra,dec
101800125388299937,12.538877108036713,-5.158793142159997
