objID,ra,dec
96690122268417249,12.22687955266774,-9.419282391351267
