objID,ra,dec
96830121645212659,12.16447132,-9.30652357
96830121643772367,12.164416319706433,-9.30666319683319
