objID,ra,dec
108490120842597043,12.08422028836709,0.4138021875776098
