objID,ra,dec
106360123083950299,12.308437981194706,-1.366728573642457
