objID,ra,dec
106610125568961093,12.556974497730286,-1.1577735478026896
