objID,ra,dec
112490128724756326,12.872322667309916,3.746449660103038
112490128721426141,12.872156976901868,3.74635836306088
