objID,ra,dec
97080120330118004,12.033067508365905,-9.093648519276039
