objID,ra,dec
107770128714507875,12.871513376008108,-0.18557192731376057
