objID,ra,dec
102660120672792720,12.067349139003706,-4.448067892913369
