objID,ra,dec
109470128184749550,12.818493114635288,1.2326039378448521
