objID,ra,dec
107150126422347474,12.642340830823983,-0.7026158867494275
