objID,ra,dec
110260129653671135,12.965497261622538,1.8838406813673008
