objID,ra,dec
102520127194564264,12.719574491048368,-4.563480576193418
