objID,ra,dec
109510128159364124,12.815973319713741,1.2613941755755809
