objID,ra,dec
108170121586540212,12.158641791862358,0.14151249175118774
