objID,ra,dec
97210129949269362,12.994994098376893,-8.98414439222687
