objID,ra,dec
104920120913720160,12.091347702485907,-2.5669791722774056
