objID,ra,dec
105750126056932568,12.605736553791257,-1.8732233243116965
