objID,ra,dec
108070121667126564,12.166718645757788,0.06344070932446037
