objID,ra,dec
104070123509168128,12.3509216410884,-3.268604160261558
