objID,ra,dec
94830126772266456,12.67723401,-10.96993295
94830126770756137,12.677106702468736,-10.970178171650055
