objID,ra,dec
102640126815168841,12.6815625529888,-4.459706928802288
