objID,ra,dec
101870123701767198,12.3701818,-5.10274947
101870123699267370,12.37001195960797,-5.102595742158118
