objID,ra,dec
109470121551539684,12.155216172150896,1.232694988802571
109470121552789376,12.15530922,1.23241554
