objID,ra,dec
106630125134790657,12.513489500807303,-1.141480777805414
