objID,ra,dec
111280125017176421,12.501762594307532,2.7382536979286574
