objID,ra,dec
112790122672084343,12.267086276357551,3.9948466816022257
