objID,ra,dec
105560129979154359,12.997982281766836,-2.030020292491673
