objID,ra,dec
100790125946334571,12.594626251265195,-6.004826865118967
