objID,ra,dec
102890123417846106,12.34181126889051,-4.253583792329209
102890123420806283,12.34206958,-4.2534596
