objID,ra,dec
102310125158590106,12.51590331,-4.74191433
102310125155620029,12.51559932601641,-4.742093903517948
102300125157279735,12.515633802678842,-4.74219250906867
