objID,ra,dec
106720125109552368,12.510981943043916,-1.06503031279526
