objID,ra,dec
101360127242035067,12.724271674015652,-5.5294336256318175
