objID,ra,dec
110770127861409109,12.786187945216186,2.315590407993165
