objID,ra,dec
104510128813300460,12.881293921435196,-2.9083212372369704
