objID,ra,dec
106110127833375897,12.783369379676177,-1.5705036749559105
