objID,ra,dec
109440124541565050,12.454176669026719,1.2038358324919953
