objID,ra,dec
109140125523961387,12.55243405685199,0.950756608581525
