objID,ra,dec
98330124333810619,12.433390047058252,-8.058138338739163
