objID,ra,dec
97310120685446316,12.06860014403045,-8.903367426881081
