objID,ra,dec
111840125556331053,12.555636361738172,3.200482924913088
