objID,ra,dec
106890123831024061,12.383169206882584,-0.9219451863716704
