objID,ra,dec
112650120180727743,12.018025630968223,3.880955037188935
