objID,ra,dec
112190124952078297,12.49519046831816,3.4981578561469218
