objID,ra,dec
109200127033311812,12.703363443905529,1.0011120595692533
