objID,ra,dec
101290127926607678,12.792681053877313,-5.5855939569010555
