objID,ra,dec
101470122388752822,12.238829951484451,-5.439592429697902
