objID,ra,dec
108720120785048780,12.078499799322236,0.606950588475727
