objID,ra,dec
113000120363965703,12.036344420151377,4.171034722729745
