objID,ra,dec
112840124762881218,12.47629828892246,4.034017991166279
