objID,ra,dec
109950128239004869,12.823900165120994,1.6287952842739717
