objID,ra,dec
97520126600610632,12.66012095447823,-8.733163563266434
