objID,ra,dec
100680120325133436,12.032515608796661,-6.0974719744399275
