objID,ra,dec
108740126111159121,12.611177801108312,0.6238235443372289
108740126112598817,12.61134473,0.62357832
