objID,ra,dec
95720122639455650,12.263995953060665,-10.228947079194052
