objID,ra,dec
99310124313750718,12.431377327714792,-7.241643072301383
99310124313000394,12.431368779411883,-7.241644666392563
