objID,ra,dec
109510125313037348,12.531357400386016,1.264002075197774
