objID,ra,dec
101490125021600584,12.502119682084261,-5.42481547964435
101490125023600820,12.50236698,-5.42465187
