objID,ra,dec
104710123980942108,12.398099803218805,-2.7402691739173846
