objID,ra,dec
103980129872049858,12.987216005970076,-3.3422266726082395
