objID,ra,dec
106230128092600071,12.809307680887661,-1.4753311664093212
