objID,ra,dec
109890129001046803,12.900114342473861,1.580358184356787
