objID,ra,dec
110510125082871058,12.508337278084701,2.0921505524033708
