objID,ra,dec
111930122718947446,12.27191370092305,3.280821923776106
