objID,ra,dec
97170128270596267,12.827063668204755,-9.020132087221096
