objID,ra,dec
112280120815516311,12.081694931681652,3.571563194383161
