objID,ra,dec
107600121851882148,12.18523073,-0.33193021
