objID,ra,dec
106800127996235436,12.799653951799389,-0.995831963023297
