objID,ra,dec
106330129770195317,12.97700520776137,-1.3876249378263543
