objID,ra,dec
106840129833858975,12.983395553807586,-0.9595965262561335
