objID,ra,dec
105940122187517360,12.218735161382833,-1.7109033273548295
