objID,ra,dec
103070124665771893,12.466643416231513,-4.107114813575284
