objID,ra,dec
111850122022160520,12.202184483857792,3.2083285677127016
