objID,ra,dec
103720122826216989,12.282647783539327,-3.561214178046652
