objID,ra,dec
104890121558051792,12.155865602601367,-2.590640176748419
