objID,ra,dec
108060126469097900,12.646943583969653,0.056142945999042786
