objID,ra,dec
112310128819476275,12.88197125671817,3.5964816374068147
