objID,ra,dec
112440127952716255,12.79532207,3.70494457
112440127953556677,12.79544828,3.70520041
112440127955476419,12.79551406,3.70488843
