objID,ra,dec
108570126966547901,12.696727047612862,0.48112076743113286
