objID,ra,dec
112940130273159069,13.027418672744917,4.123811490172559
