objID,ra,dec
107060134426124087,13.44262277833051,-0.7803150398696052
