objID,ra,dec
108260137820837008,13.782174241711369,0.22198878306920744
