objID,ra,dec
110590137469137518,13.74693459,2.16422202
