objID,ra,dec
109270130357383761,13.035788139117772,1.061117023782114
