objID,ra,dec
109460136072236494,13.607237244040498,1.2216788945760846
