objID,ra,dec
112310134633707437,13.463389744699471,3.5975576888597236
