objID,ra,dec
106660133890461995,13.389125772633463,-1.1152731973814372
