objID,ra,dec
109400139744259299,13.97449043088611,1.173986463005586
