objID,ra,dec
98630138763731530,13.876399497907101,-7.8073922942525
