objID,ra,dec
103280130828468020,13.082856253963818,-3.9270803306762403
