objID,ra,dec
102930137839392894,13.784021947905872,-4.222972511271643
