objID,ra,dec
99130131976429797,13.197629169318166,-7.383820515087489
