objID,ra,dec
108020130253417488,13.025443956108703,0.022569146763324707
