objID,ra,dec
110010131601535946,13.160243936526824,1.6795677933852342
