objID,ra,dec
104710135203008513,13.520316857495684,-2.734837320050095
104710135200578728,13.52022542,-2.73469575
