objID,ra,dec
98840139269451637,13.92699713077492,-7.632322111757884
