objID,ra,dec
108110138172044547,13.817258355146281,0.0950459829290077
