objID,ra,dec
109290139493508781,13.949396859653847,1.0819025652474534
