objID,ra,dec
96590131407287678,13.14075849573996,-9.502271019406715
