objID,ra,dec
99230130677494789,13.067733056620652,-7.3046079122411935
