objID,ra,dec
111130138171479358,13.817217378009163,2.615772416608555
