objID,ra,dec
107570138567996585,13.85681226304362,-0.35321783044592514
