objID,ra,dec
110640132279047929,13.22797029496279,2.2062358086383016
