objID,ra,dec
95830137377392442,13.73781825449704,-10.139971555287387
