objID,ra,dec
101960136374770050,13.637421801664933,-5.033959298617032
101950136373309686,13.637385951900592,-5.033966425139516
