objID,ra,dec
95140137043098201,13.704373673421122,-10.710112044608268
