objID,ra,dec
108210139510500125,13.951122387522625,0.17470000362710206
