objID,ra,dec
97410133011492291,13.301157043546253,-8.823412803391825
