objID,ra,dec
102970133008725350,13.30088671331597,-4.1875864896252555
