objID,ra,dec
111120135503194276,13.55037236,2.60316302
