objID,ra,dec
110600134288850103,13.428987309188912,2.166316067784603
