objID,ra,dec
106760137362490976,13.736289664481687,-1.0328933344940483
