objID,ra,dec
97450136299031955,13.629901077607881,-8.79041192916333
