objID,ra,dec
106170139983947306,13.998200986032314,-1.5193193831284566
