objID,ra,dec
104790134147256947,13.41471598,-2.66947666
