objID,ra,dec
107230131680800061,13.168092585811605,-0.6419768320495713
