objID,ra,dec
108800130955981331,13.09563133009675,0.6673904552513915
