objID,ra,dec
110350134377947633,13.437844640316419,1.9643050832953424
