objID,ra,dec
104880131179958645,13.117983092563714,-2.5931737799832026
