objID,ra,dec
110650132615492644,13.26160976139345,2.21011920071391
