objID,ra,dec
105040134009971698,13.400736563088513,-2.465871515083303
105040134006321369,13.400734674758299,-2.465886406923682
