objID,ra,dec
99450130779516297,13.07792763743309,-7.120076019642059
