objID,ra,dec
108250136316188635,13.631617618316096,0.21521852187370716
108250136316078994,13.631651378606971,0.2154862446982155
