objID,ra,dec
107670135399002089,13.539940122262161,-0.27366908804807444
