objID,ra,dec
101940131634457726,13.163538580779822,-5.043920394414062
