objID,ra,dec
105660133800131726,13.380002774384668,-1.9490070265152906
