objID,ra,dec
100530137233127970,13.72333911478316,-6.218639448166073
