objID,ra,dec
108380137779611913,13.777998897244736,0.31784899810853257
