objID,ra,dec
110410130019876958,13.001955260025781,2.0138504128165025
