objID,ra,dec
103530132336179127,13.233627560022935,-3.7177854050507033
