objID,ra,dec
112570131172239425,13.11727722100461,3.815818400118226
