objID,ra,dec
105190133477786384,13.34784432314446,-2.3367137177966235
