objID,ra,dec
104830136734480585,13.67359827933061,-2.6415161128770244
