objID,ra,dec
105640133936429733,13.393612686292398,-1.9588850941983613
