objID,ra,dec
101490134716518862,13.471700036936092,-5.418000798770595
