objID,ra,dec
106890139760423472,13.976030481087765,-0.9225262441582767
