objID,ra,dec
112170133371012296,13.337030649019923,3.476500846999911
