objID,ra,dec
112510135226732885,13.52272609869121,3.7603178222918894
