objID,ra,dec
108470136818989240,13.681894154775176,0.3990196000828706
