objID,ra,dec
108730131455463100,13.145568340215561,0.6105556273596191
