objID,ra,dec
97540130313758216,13.031436945385927,-8.710179892874569
