objID,ra,dec
97590131170279162,13.117057741802892,-8.667730584588538
