objID,ra,dec
112480135826685314,13.582712220039806,3.7373660663363006
112480135826604966,13.582729946155867,3.737194996045479
