objID,ra,dec
104450136953501339,13.695398785954378,-2.9575446074015237
