objID,ra,dec
108060136819184859,13.68192403,0.05364204
108060136817265133,13.681814724678244,0.05387962456758824
