objID,ra,dec
108950139311870863,13.931215596806942,0.79197107622016
