objID,ra,dec
105280133800556974,13.380150632391302,-2.261271302548602
