objID,ra,dec
110980132413653271,13.241381211472708,2.48566562220239
