objID,ra,dec
98640139064498843,13.906490334514011,-7.79297792879474
