objID,ra,dec
107510131119059647,13.111828086776761,-0.4007730912882457
107510131117699302,13.111812873100195,-0.4007792397280631
