objID,ra,dec
111490138982811157,13.898293796440983,2.9089645953451018
