objID,ra,dec
107150133384389071,13.338451923424829,-0.7011663909609552
