objID,ra,dec
100140133149223590,13.314939209929733,-6.5474059768096
