objID,ra,dec
111630131915794596,13.191567598889785,3.0284557048903196
