objID,ra,dec
110570130522910549,13.05247,2.14182511
110570130525680702,13.05257650110623,2.1418845166522225
