objID,ra,dec
109720132798045409,13.27978845,1.43750815
109720132794535562,13.27951156,1.4376127
