objID,ra,dec
108820132803351701,13.280375148437082,0.6843442604208417
