objID,ra,dec
99320130487358741,13.04867759857809,-7.226330201117878
