objID,ra,dec
112100135398358851,13.539913144544675,3.423607593759838
