objID,ra,dec
108730134905657921,13.49061507237747,0.6145695045438341
