objID,ra,dec
111660138231904941,13.82313411,3.05360393
