objID,ra,dec
100510137644714213,13.764484207747481,-6.238516534161842
