objID,ra,dec
98150133311041645,13.33113825019139,-8.207338973148511
