objID,ra,dec
107660134575416112,13.457550994449388,-0.27867351428013487
