objID,ra,dec
109200131378198404,13.137795210687068,1.0067956951978743
109200131376278787,13.137784697692648,1.006813261323451
