objID,ra,dec
104730131998678060,13.199904361816738,-2.718565804792346
