objID,ra,dec
101770136521608520,13.652190273747324,-5.184921109698194
