objID,ra,dec
109370139937300128,13.993726522014326,1.141304398499919
