objID,ra,dec
106540138456627007,13.84568017683448,-1.2112103988606286
