objID,ra,dec
104470136854189988,13.685596453930199,-2.9336316326167067
