objID,ra,dec
96000138599093452,13.85999632444864,-9.997447318405978
