objID,ra,dec
101220132103371301,13.210361961586969,-5.649313879287179
