objID,ra,dec
107250133084893405,13.30855659576533,-0.6225634191869995
