objID,ra,dec
102580135281369212,13.528164348104196,-4.50940370067696
