objID,ra,dec
108220130364630430,13.036394000914218,0.18320364162801642
108220130360500269,13.03610678,0.18317844
