objID,ra,dec
112180139881725599,13.988229299395462,3.48760747200387
