objID,ra,dec
99920132820340128,13.282064123922131,-6.7336188686736635
