objID,ra,dec
104300135425736473,13.54265687612059,-3.0782573897977468
