objID,ra,dec
111670134024374805,13.402460679287337,3.061981615329673
