objID,ra,dec
111280139524620678,13.952529341873948,2.733533175409459
