objID,ra,dec
112610135457052909,13.545726450606734,3.843709414070374
