objID,ra,dec
105780135926535659,13.592615652518946,-1.8456442174794074
