objID,ra,dec
112190133569419196,13.35694469,3.49894476
112190133567758911,13.35682286,3.49873493
