objID,ra,dec
110810134011305535,13.40112554048048,2.3459007941514094
