objID,ra,dec
101060133789351236,13.378939502491187,-5.782677484433013
