objID,ra,dec
112870132145850496,13.214591296737142,4.058421090932206
