objID,ra,dec
110570139911125251,13.99119643723981,2.145656123117948
