objID,ra,dec
105790139675362545,13.967482673580413,-1.8399436145144439
