objID,ra,dec
99510134290263587,13.429028009042252,-7.072352298749896
