objID,ra,dec
109140137316893298,13.731830290415331,0.9523724877725108
