objID,ra,dec
105580131156263111,13.115714815768394,-2.014384295461477
