objID,ra,dec
110380134350641786,13.43509624650852,1.9844463657967237
