objID,ra,dec
107600138409116361,13.840920074948462,-0.3283896896309622
107600138410126048,13.84100244,-0.32864294
