objID,ra,dec
103470133059830356,13.306004803119151,-3.775084733008549
