objID,ra,dec
104950135330802431,13.533072006303188,-2.5400109834419737
