objID,ra,dec
106730139278418226,13.927833216715467,-1.0518950871659913
