objID,ra,dec
108380132164625500,13.216495852848254,0.3208038333126965
