objID,ra,dec
104790130889649980,13.089040942523418,-2.6670458746179384
