objID,ra,dec
104120130343060690,13.034283610597438,-3.233121437191406
