objID,ra,dec
109590139417339693,13.94170670543749,1.3326853969136048
