objID,ra,dec
96830135695033862,13.569528288231659,-9.305418707444515
