objID,ra,dec
98510134586570822,13.45867593484968,-7.90799418069484
