objID,ra,dec
97110130366915104,13.036699280786781,-9.071052551090064
