objID,ra,dec
104300133013667297,13.301441733510345,-3.0776192081099647
