objID,ra,dec
111010131064599670,13.10649062,2.51602198
