objID,ra,dec
112350138671827274,13.867182022832598,3.63065109492545
