objID,ra,dec
108040136014940480,13.601496911037467,0.03335390260391452
