objID,ra,dec
110960137955079440,13.795552492903374,2.474140003398913
