objID,ra,dec
111080134859969850,13.48604953191536,2.574471194496015
