objID,ra,dec
103240139470491320,13.947119124335861,-3.965857488898944
