objID,ra,dec
109470131806943957,13.180758220416832,1.2277717605271485
109470131806763598,13.180745917598234,1.227654236106085
