objID,ra,dec
110220131897587814,13.190032709302503,1.8560068710987743
