objID,ra,dec
108200134189364396,13.41897281790133,0.16999261338281343
