objID,ra,dec
111280135930515582,13.593174793389455,2.7376967227449454
