objID,ra,dec
105260135852906012,13.58529273978395,-2.278665470124687
