objID,ra,dec
111700137380830304,13.73821865628711,3.0831485027105376
