objID,ra,dec
108370135249744705,13.524988140680419,0.3118653460401895
108370135249025036,13.52496718,0.31207703
