objID,ra,dec
97880135032836925,13.50335327850898,-8.427859747997658
