objID,ra,dec
108860133673916702,13.367367499753067,0.7217870687687634
108860133671466501,13.36731571716293,0.7217818850057511
