objID,ra,dec
104920134562413899,13.456248712639912,-2.563765858323608
