objID,ra,dec
95590135022661142,13.50229100685348,-10.34111234005709
