objID,ra,dec
94760137870491618,13.78706145885162,-11.03232108331089
