objID,ra,dec
98600130044200831,13.004428961377304,-7.832940313211556
