objID,ra,dec
102250137506627145,13.7506746419657,-4.786141900135987
