objID,ra,dec
111560138730299051,13.873261222172056,2.9738068432482
111560138733748933,13.87336942757187,2.9737828579143004
