objID,ra,dec
103680131139851616,13.113987426350016,-3.5992537554837885
