objID,ra,dec
104110138886866863,13.888672249103132,-3.2362943357544736
