objID,ra,dec
110610133010706514,13.301124672962532,2.179964009697902
