objID,ra,dec
106820135709420737,13.57098406080778,-0.9830733055672469
