objID,ra,dec
110420136175571827,13.61759487747862,2.01783141771245
