objID,ra,dec
110170133114729228,13.311509007035436,1.8154974826673462
