objID,ra,dec
107920133171775755,13.317279421257892,-0.0622623854717435
