objID,ra,dec
95640139278969339,13.92793347999133,-10.292572317267162
