objID,ra,dec
111870137197289391,13.7198093302317,3.232451077711818
