objID,ra,dec
109180131840966860,13.184089437509535,0.9888432824398282
