objID,ra,dec
112030139995649561,13.999645726040509,3.365920037842659
