objID,ra,dec
106030130353520707,13.035381132611455,-1.6413759395815521
