objID,ra,dec
106930136102900469,13.610238670811563,-0.8916136555410682
