objID,ra,dec
110520135739008776,13.573996672289793,2.106923253410677
