objID,ra,dec
109720132926415534,13.292838730551523,1.43764757114566
109720132929515763,13.292881957900967,1.4376405771821248
