objID,ra,dec
111690137177170489,13.717722901463956,3.0750732177587503
