objID,ra,dec
102840138928951137,13.892936310932672,-4.299378960623177
