objID,ra,dec
107110135302437942,13.53030675871726,-0.7354559012287658
