objID,ra,dec
96500132258012370,13.225788019236887,-9.581699917740895
