objID,ra,dec
105910130793575558,13.079385076591397,-1.737330694443892
