objID,ra,dec
102670132045451279,13.204646218062013,-4.4409733931068995
