objID,ra,dec
109270130763242856,13.07636175356946,1.060410643310981
