objID,ra,dec
107110132133856153,13.213399909426267,-0.7369087012177558
