objID,ra,dec
96190137090556767,13.70914899805465,-9.836348181673497
