objID,ra,dec
111100134324943689,13.432668091859162,2.5859738843719695
