objID,ra,dec
99110134020168198,13.402037391608598,-7.401811251295994
