objID,ra,dec
105910132286704453,13.22860532255044,-1.7383475035707057
105910132284914057,13.228592944800988,-1.7385355642120555
