objID,ra,dec
106230136015152850,13.601567931759122,-1.4730186083671262
