objID,ra,dec
109730134482899194,13.448318531968091,1.4489619693528828
