objID,ra,dec
95000132100512222,13.20996112,-10.83178422
95000132097092231,13.209736015763298,-10.831824624763918
