objID,ra,dec
112720131977077442,13.197723593065295,3.939097009061132
