objID,ra,dec
110530133508700433,13.351062233417695,2.1083689657432974
