objID,ra,dec
107770135244798120,13.524537435125202,-0.18518695725390208
