objID,ra,dec
109170130645147256,13.064545490283226,0.9807136053826523
