objID,ra,dec
104150131162832552,13.116268591774467,-3.206491773275798
104150131163312931,13.116223413070259,-3.2064048442387
