objID,ra,dec
95420135138440484,13.513899672723273,-10.483325735385561
