objID,ra,dec
97830138882370295,13.888261937315503,-8.47510313031392
