objID,ra,dec
108460132383796277,13.238372051115634,0.3881766853417611
