objID,ra,dec
105650135122254308,13.512244446342537,-1.9551427461371966
