objID,ra,dec
108600134160970972,13.416131525592615,0.5004417328057635
