objID,ra,dec
101170137924539584,13.792467293934807,-5.684015926372241
