objID,ra,dec
103850130959352230,13.095969864572755,-3.4570100514557964
103850130958881695,13.0958905,-3.45728172
