objID,ra,dec
109930134645364954,13.46453014063529,1.6119962933867635
