objID,ra,dec
100240130539948776,13.054044813843431,-6.45971517655811
