objID,ra,dec
101650133024371858,13.302440987124386,-5.29040453513554
101650133023182221,13.302432317068906,-5.290346278066443
