objID,ra,dec
106860137438677591,13.743920574480217,-0.9440879974281178
