objID,ra,dec
95940138856546816,13.885734331242093,-10.044652125709188
