objID,ra,dec
111450135101532489,13.510222238630986,2.876672993869871
