objID,ra,dec
111630130236139721,13.023585265481067,3.032715062520337
