objID,ra,dec
106190135946351946,13.5947522259099,-1.5070876952426833
