objID,ra,dec
112480137951267797,13.795181897555313,3.7395014461177447
