objID,ra,dec
110830135593316274,13.55935798,2.36319457
