objID,ra,dec
111980137976604320,13.79765517,3.31988491
