objID,ra,dec
112040136355723142,13.635582001107043,3.3689046307666364
