objID,ra,dec
107200133820065376,13.38203981014752,-0.6626076939197076
