objID,ra,dec
104920139983842415,13.998425148251862,-2.5651071806357235
