objID,ra,dec
107840139926101304,13.992629668825941,-0.13264115787482067
