objID,ra,dec
107070136906659776,13.69082090957416,-0.7671634190369628
