objID,ra,dec
107840136547206810,13.654743474482716,-0.1281243809742267
