objID,ra,dec
107360139077647661,13.907750597864904,-0.5274194926307468
