objID,ra,dec
110730136856341397,13.685604592902429,2.275783555302361
