objID,ra,dec
111620139855851914,13.985638967341652,3.01778599442434
