objID,ra,dec
102810135908732355,13.590908991907499,-4.323439291691479
