objID,ra,dec
96420139622697552,13.962299647324862,-9.644041602066835
