objID,ra,dec
98040135909878833,13.590980300678096,-8.292984013948091
