objID,ra,dec
109260132840536873,13.284169456595576,1.055350338797907
