objID,ra,dec
106420135776464149,13.577748943148027,-1.3135944413350213
