objID,ra,dec
101530137309106842,13.73098808649338,-5.386359677234146
