objID,ra,dec
112050136303188546,13.630418286906067,3.3818836665782177
112050136306058562,13.63065575,3.38175605
