objID,ra,dec
112500136982131631,13.698251397480563,3.751027809614798
