objID,ra,dec
103050136953378591,13.695391244019504,-4.118207434078345
