objID,ra,dec
110130135608894071,13.560991306707121,1.778029758503004
