objID,ra,dec
106100134291013575,13.429074673805724,-1.5807494160078186
