objID,ra,dec
108740130421263351,13.042159924850852,0.6189882736615208
108740130418593504,13.0421784,0.61917824
