objID,ra,dec
110800137163831088,13.716382390917921,2.3338902180038295
110800137162260682,13.71636598,2.33368159
