objID,ra,dec
99770136836308953,13.683640682959481,-6.85117425684822
