objID,ra,dec
104870136949635687,13.695026027193723,-2.603950351042408
