objID,ra,dec
108960130594707378,13.059485848153788,0.8057832632032313
