objID,ra,dec
101820137156156690,13.715658238972354,-5.144762363641711
