objID,ra,dec
103200130546498388,13.054627069153893,-3.993314296797892
