objID,ra,dec
104690133977256881,13.397714981547747,-2.7529548675664013
