objID,ra,dec
109240133172614194,13.317323080341442,1.036496175416524
