objID,ra,dec
101960132441717733,13.244204091402391,-5.027285456326822
