objID,ra,dec
107660133618865985,13.361887961845914,-0.27874140516570284
