objID,ra,dec
100620137811067403,13.781165823066276,-6.144209222362873
