objID,ra,dec
111710135766366663,13.57667173267742,3.0967921776370275
