objID,ra,dec
107650134831958261,13.483172364337863,-0.2851213114197097
107650134830928603,13.48314442679589,-0.2850680076708259
