objID,ra,dec
101830131315062520,13.131534840746664,-5.139914202278841
