objID,ra,dec
110700134598883033,13.46005696025386,2.25218053971045
