objID,ra,dec
106530138796372307,13.879659463029947,-1.2234497427473856
