objID,ra,dec
110630134386292344,13.4386914524014,2.1932535192064537
