objID,ra,dec
109680139791144351,13.979193372401292,1.4033455394088172
