objID,ra,dec
102070133333467385,13.33342933975528,-4.935901979651652
