objID,ra,dec
99810135513645396,13.55133029,-6.82086799
99810135511515036,13.55114688795354,-6.821078959410153
