objID,ra,dec
111180136137491477,13.613860783682918,2.650922573879956
