objID,ra,dec
110370139485865619,13.94861084359525,1.979322764377538
