objID,ra,dec
109510134318745607,13.431896297908116,1.2626423136434244
