objID,ra,dec
99900132027712869,13.202639850569156,-6.748000512012933
99900132024612778,13.202631813485429,-6.7480146049040695
