objID,ra,dec
105020135617638209,13.561747281754123,-2.476874134324399
