objID,ra,dec
107740130188863706,13.01900419,-0.2139862
