objID,ra,dec
106990131585590514,13.158567122023173,-0.8416264463835998
