objID,ra,dec
108410137415486211,13.741547299983516,0.34643216547123545
