objID,ra,dec
100500139884242592,13.988556622300234,-6.248212028434829
