objID,ra,dec
102660133446150687,13.344644110108181,-4.4498399709435015
