objID,ra,dec
102180138431208759,13.843109381811615,-4.843054974364498
