objID,ra,dec
111590132995050818,13.2994660820563,2.9919700677016174
