objID,ra,dec
106820131347681138,13.134821648589067,-0.982746536006037
