objID,ra,dec
109210138526630960,13.852774247021431,1.0087727760229888
