objID,ra,dec
99960132081126487,13.20815740662329,-6.694963133644828
