objID,ra,dec
108090134118413986,13.411879383549863,0.07795148886125955
