objID,ra,dec
98600135735931855,13.573625794272466,-7.8321331337225555
