objID,ra,dec
110350134077159447,13.407738409889415,1.9657691911261332
