objID,ra,dec
109000135205271941,13.52056576750153,0.8346824581165502
109000135203212232,13.520436069774174,0.8348035982059756
