objID,ra,dec
101440133615823943,13.361616597959031,-5.463743661586438
