objID,ra,dec
111570136598687354,13.659981639959623,2.980700461515405
