objID,ra,dec
112590138329345527,13.83299559611714,3.8292335265804347
