objID,ra,dec
107330135083383820,13.508360932301878,-0.5554454634811169
