objID,ra,dec
108600136112157366,13.611263321772775,0.5058175242086815
