objID,ra,dec
96790130902620892,13.090285589053398,-9.341245894035465
