objID,ra,dec
110580134881375535,13.488188381155274,2.15419636947321
