objID,ra,dec
107920131339490217,13.133987916764193,-0.0668909523230479
