objID,ra,dec
108360136994903245,13.699506450386748,0.30241374122634057
