objID,ra,dec
112400133766854017,13.37676048511508,3.6696151119397644
