objID,ra,dec
96070139869916057,13.987063151456615,-9.9369622741423
