objID,ra,dec
106700130551447845,13.05527234457545,-1.0771515819553397
