objID,ra,dec
109100131294162193,13.129444730070535,0.9181467915924117
