objID,ra,dec
106600139630762800,13.963067843574589,-1.1647268729149831
