objID,ra,dec
99190138263468213,13.826364142198942,-7.335123870490393
