objID,ra,dec
105660131906592289,13.19064449,-1.94850918
