objID,ra,dec
106600135216384434,13.521537382209807,-1.1633673723729405
106600135214874770,13.521527706624541,-1.1632784079521825
