objID,ra,dec
110980139850205970,13.985098645662369,2.4879080885469853
