objID,ra,dec
108210131915891808,13.191568003228989,0.17614071687309582
108210131912921798,13.191518564652577,0.17614720121136263
