objID,ra,dec
108120139637841773,13.963830999060866,0.1010699394076415
