objID,ra,dec
106120131962058539,13.196181180444635,-1.5599589005094914
