objID,ra,dec
108810139611322021,13.96114135,0.67632367
108810139608211943,13.960891761401522,0.6762921332297381
