objID,ra,dec
110310134847846013,13.484833903406981,1.9296301189159804
110310134849955785,13.48498228,1.92945707
