objID,ra,dec
109420139344601669,13.934508237359957,1.184284861381549
