objID,ra,dec
108290139500293034,13.950091001054817,0.24380102730594103
