objID,ra,dec
102230139416807625,13.941707744116718,-4.802342441974353
