objID,ra,dec
106390134982939843,13.4982925,-1.33381846
