objID,ra,dec
108050139806494486,13.98068992041063,0.04508183262026341
