objID,ra,dec
107080133947871376,13.394836581770052,-0.7658999191483228
