objID,ra,dec
103030131573137021,13.157258958193578,-4.13624782088735
