objID,ra,dec
111750132467675194,13.246838234016568,3.128959561174341
