objID,ra,dec
103730137343165536,13.73437196581216,-3.554060646539437
