objID,ra,dec
94920136879333119,13.68794027157866,-10.8977493048235
94920136878302675,13.68798582,-10.89799366
