objID,ra,dec
111030135826922734,13.582759663429583,2.526889003257572
