objID,ra,dec
108880131034881355,13.103530433822412,0.7340563385040311
