objID,ra,dec
107380135837254127,13.583751528840551,-0.5135908542973872
107380135834934472,13.58366228,-0.51341159
