objID,ra,dec
98770131479398750,13.147947759959262,-7.684675951960279
