objID,ra,dec
105360139709628797,13.971020477052274,-2.192996552756018
