objID,ra,dec
102730132665300252,13.266573445359311,-4.391914714011975
102720132665529789,13.266594109858096,-4.3920898726426545
