objID,ra,dec
97560132074129160,13.207447139113068,-8.692760800155902
