objID,ra,dec
105670131979325201,13.197937868646566,-1.937693194624566
