objID,ra,dec
111130135263772023,13.52629776,2.60959019
111130135261121826,13.52618461220387,2.6094546123274704
