objID,ra,dec
108870139480574923,13.948146837766025,0.7287608931636907
