objID,ra,dec
106210136983388336,13.69840536895077,-1.4850536618411632
