objID,ra,dec
96210137547026914,13.754802491687173,-9.819576011926218
