objID,ra,dec
106490139677533701,13.96773193943839,-1.2555620893068187
