objID,ra,dec
111920136553453244,13.65527814771011,3.2689401538950573
