objID,ra,dec
105950131283444133,13.128403556348623,-1.705232324454056
