objID,ra,dec
106750132012510769,13.201292643394149,-1.0414154439880183
