objID,ra,dec
111790139283216331,13.928356642280539,3.163195390076685
