objID,ra,dec
104590130313316763,13.031331738987717,-2.836381290636812
