objID,ra,dec
110140133618780435,13.361945146942814,1.7832699448474536
110140133616460238,13.36186244,1.78326289
