objID,ra,dec
106700138067379238,13.806761408124943,-1.076040513939433
