objID,ra,dec
110520139420429356,13.942057302632227,2.107444782707857
110520139422909147,13.942210506532463,2.107350529734609
