objID,ra,dec
102000135461740439,13.54620986,-5.00003013
102000135462760391,13.546232395736286,-5.0000417534397785
