objID,ra,dec
109430138080657820,13.808095910910943,1.1978330833488138
