objID,ra,dec
109720130303571965,13.030340097316932,1.4346425390244093
