objID,ra,dec
111520136771948221,13.677205807884157,2.9397389860894645
