objID,ra,dec
109590139119362103,13.91195417499084,1.3263623620518947
