objID,ra,dec
111300130862420976,13.086386091610803,2.7504199050452907
