objID,ra,dec
111960130001259980,13.000198849276956,3.3079806700959447
