objID,ra,dec
103780135438201594,13.543842369923413,-3.5157450348969
