objID,ra,dec
107050131193825221,13.119418067179712,-0.7877084457960939
