objID,ra,dec
108250134822529239,13.482263919498031,0.21567923427321067
