objID,ra,dec
108920131191678844,13.119170523167895,0.773660898105527
