objID,ra,dec
110340135250877375,13.525180075111988,1.9558446565978456
