objID,ra,dec
104840131991551607,13.19919113,-2.63238015
104840131988581720,13.19901674095822,-2.6322684489368573
