objID,ra,dec
95870138987803187,13.898827777463865,-10.105999970603126
