objID,ra,dec
98000139712089138,13.971262045454148,-8.3260509632064
