objID,ra,dec
111200135502897938,13.550278731550499,2.672926234414004
