objID,ra,dec
104200133881990737,13.388234018481052,-3.1664291618501985
