objID,ra,dec
106660130509776556,13.05097714,-1.11154767
106660130509266895,13.051015294718,-1.111286571428585
