objID,ra,dec
108510133100892271,13.310081658876488,0.42640692979140454
