objID,ra,dec
109190132090198702,13.209073230388343,0.9985685434509238
