objID,ra,dec
107920138018181048,13.801869100758063,-0.06615314520328565
