objID,ra,dec
111380134675593849,13.46756559,2.8197336
