objID,ra,dec
95890139408880433,13.940973472435022,-10.09163331413386
