objID,ra,dec
109910132865319501,13.286634102239987,1.5992313457223861
