objID,ra,dec
109090134162037128,13.416229950951937,0.9139765789042248
