objID,ra,dec
107560138265928793,13.826620785338033,-0.35968684993136696
