objID,ra,dec
98590135442511734,13.544364497337359,-7.840516062613201
