objID,ra,dec
109400131887906076,13.188852045251943,1.17145307231831
109400131890336439,13.189035970796395,1.171533426762215
109400131892716178,13.18904540121322,1.1715186690566766
