objID,ra,dec
96050138389373696,13.839020966197749,-9.95557702783616
