objID,ra,dec
104620135492003737,13.549243952959815,-2.8139140490943153
