objID,ra,dec
108180131553749174,13.15543426296313,0.15726663054145004
