objID,ra,dec
103440136854823051,13.68551843,-3.79771358
103440136854182720,13.68553241,-3.79812514
