objID,ra,dec
110270130483627463,13.048436803322419,1.8974639127121855
