objID,ra,dec
109120138318713177,13.83196687671088,0.9355343140657376
