objID,ra,dec
99160130685049724,13.068495057096237,-7.358886935955209
99160130684179388,13.06839009,-7.35915908
