objID,ra,dec
107890130424554338,13.042483767044466,-0.08846171015490327
107890130426734061,13.04263614,-0.08862162
