objID,ra,dec
98910136348570051,13.634824212500389,-7.575430675629075
98900136349739625,13.63495929,-7.57564664
