objID,ra,dec
107520135868592074,13.58685758,-0.39863827
107520135865122009,13.586620981467773,-0.39873887746720016
