objID,ra,dec
104920130753295633,13.075295546836541,-2.562265503593664
