objID,ra,dec
109020137024068525,13.702525433011553,0.8567876517905928
109020137025008852,13.70248561,0.85698838
