objID,ra,dec
105970137363055781,13.736331719933803,-1.6871976915459084
