objID,ra,dec
105000130213267939,13.021320180579755,-2.4937420717056145
