objID,ra,dec
104010132082809398,13.2082871,-3.31756861
