objID,ra,dec
111980136261815756,13.626234430667385,3.321113423660829
