objID,ra,dec
106910137583020702,13.75836853,-0.90817401
