objID,ra,dec
108440132408122998,13.240819881725406,0.36875245904790926
