objID,ra,dec
99840132008188095,13.20094347151786,-6.7935285276176645
