objID,ra,dec
106930135932452796,13.593274661007971,-0.8896327347600549
