objID,ra,dec
110670137897148483,13.78973089,2.23169017
110670137899558735,13.789861253631022,2.23190296028704
