objID,ra,dec
111860133276003195,13.327762251078632,3.219002844569304
