objID,ra,dec
105640133774236693,13.377312890897812,-1.9614823488153716
