objID,ra,dec
107450131400656534,13.140027297644133,-0.45323980968828553
