objID,ra,dec
107810131969221867,13.19692009692016,-0.15717706573739584
