objID,ra,dec
112160131938390594,13.193721478388825,3.466857682177298
