objID,ra,dec
101010130591044720,13.059161958157425,-5.8214532042931735
