objID,ra,dec
104740133823643741,13.382380289790884,-2.7139166618375365
