objID,ra,dec
104170133721185337,13.372102244450677,-3.187589251934621
