objID,ra,dec
111390132008110875,13.200871713785668,2.8253419783622458
