objID,ra,dec
106910139732639235,13.973269105431202,-0.9010500956167898
