objID,ra,dec
97340133280177820,13.328021163806632,-8.877138283271208
