objID,ra,dec
107450132762658983,13.27640279,-0.45129454
107450132764429311,13.276454953292616,-0.45099367562670184
107450132765708965,13.2765927,-0.45115112
