objID,ra,dec
95510135842471654,13.584259463040638,-10.407307761853128
