objID,ra,dec
104240137516037448,13.751639593909418,-3.127482189110275
