objID,ra,dec
98730135034692834,13.503496432833993,-7.722990347541914
