objID,ra,dec
109280136992153808,13.699258813423885,1.0694778059570251
