objID,ra,dec
111990134374409562,13.437508051959583,3.332495948170485
