objID,ra,dec
107740133488512436,13.34890425366729,-0.2150385595636462
