objID,ra,dec
109160135448050800,13.544876670057386,0.9669908614095679
