objID,ra,dec
109410138487464292,13.848787822355735,1.1782146304187342
