objID,ra,dec
108320130124764174,13.012489087375124,0.2698191764144927
