objID,ra,dec
103950136344774552,13.634462840890853,-3.3716204551930797
