objID,ra,dec
110100138363509019,13.836390484522335,1.7571106328024473
