objID,ra,dec
110080131460009462,13.14607332150053,1.7407878389311604
