objID,ra,dec
108770139432374538,13.943299716528754,0.6450476835707846
