objID,ra,dec
96140137818888508,13.782000879391417,-9.876589565612214
