objID,ra,dec
109130136639471673,13.663999694747766,0.9427283876534351
