objID,ra,dec
110740133759956828,13.376133937680358,2.288611574171583
