objID,ra,dec
109710135981334756,13.598127634100685,1.428627382067034
