objID,ra,dec
108260134432290271,13.44324262,0.21651063
108260134430050021,13.443067500202945,0.21632832882865327
