objID,ra,dec
106160131478933746,13.14805918,-1.53075624
