objID,ra,dec
110010133362911705,13.33641762,1.67603092
