objID,ra,dec
103290135777538953,13.5777557,-3.91787967
103290135774748667,13.577474290518639,-3.9180752906006386
