objID,ra,dec
109450133346760459,13.334707871864248,1.2083700211983752
