objID,ra,dec
104150137137023525,13.713901783549971,-3.205821388381675
