objID,ra,dec
103240132650247212,13.264971564760538,-3.9610099664158165
