objID,ra,dec
106950137300922581,13.73017324931246,-0.8732347669300018
