objID,ra,dec
102140135370690695,13.537134658958177,-4.883165622889258
