objID,ra,dec
109890139316754869,13.931708859577908,1.5786999932217571
