objID,ra,dec
98920139889596307,13.988978376608902,-7.561769064836929
