objID,ra,dec
104120137856703992,13.785711590145658,-3.2303686917158863
