objID,ra,dec
99060133583315224,13.358367391533767,-7.445817184232515
