objID,ra,dec
106560138802378996,13.8802347,-1.19278322
106560138802389367,13.880235433416406,-1.1926478656565993
