objID,ra,dec
107330131788216831,13.178825353660047,-0.5529743877210415
