objID,ra,dec
108490134500748776,13.450124133547583,0.41528641545798706
