objID,ra,dec
109370132888523436,13.288870287940947,1.14441865621484
109370132887583766,13.288809273041153,1.144457864616762
