objID,ra,dec
97580133640703936,13.364110453548953,-8.680366567599279
