objID,ra,dec
111350137882730449,13.788226046258082,2.7915748063299106
