objID,ra,dec
106920134111428742,13.411187063302542,-0.8931063583059425
