objID,ra,dec
109450137633902705,13.7635094,1.21024416
