objID,ra,dec
104610136431035175,13.643004516494933,-2.821090675608072
