objID,ra,dec
108770136558553104,13.65589324118298,0.643883864360987
