objID,ra,dec
108630132706952999,13.270705579750855,0.527013594684584
