objID,ra,dec
104860136701362138,13.670130966901137,-2.6152938799368664
