objID,ra,dec
112000130735885490,13.07366621,3.33754295
