objID,ra,dec
112200130723621502,13.072381384154385,3.500910182322331
