objID,ra,dec
110690137118694356,13.711889875178521,2.2449303441086754
