objID,ra,dec
104710138428432593,13.84283930497572,-2.739836068475193
