objID,ra,dec
110480139874652553,13.9875120224533,2.0684202495308663
