objID,ra,dec
104510130002566876,13.000219197775273,-2.903027023797843
