objID,ra,dec
110980131289348337,13.128947884866895,2.4899038973968888
