objID,ra,dec
109960131464856678,13.14656079379874,1.6385032709763514
