objID,ra,dec
106500130665053488,13.066504497199334,-1.247495524081531
