objID,ra,dec
106820137397851236,13.739850580916807,-0.9827025241021012
