objID,ra,dec
112510139723507485,13.972321677048079,3.7641256196769493
112510139720337506,13.97214484762175,3.7641123662834377
