objID,ra,dec
99720132115478172,13.211601007255474,-6.893509900862903
