objID,ra,dec
107310137345578394,13.734565348616421,-0.568412098366901
