objID,ra,dec
97190135835101306,13.58353968254254,-9.00759085717885
