objID,ra,dec
106610135499702305,13.550030759901881,-1.1567854277004743
