objID,ra,dec
101390130938246358,13.09386874914586,-5.503427036192234
