objID,ra,dec
109020132454220675,13.245305366373628,0.85014074010193
109020132451490578,13.24527656430117,0.8501521801889268
