objID,ra,dec
107780132628954900,13.262911457925203,-0.17964508533667525
