objID,ra,dec
110810135213942082,13.52139432,2.34310446
