objID,ra,dec
104350136860208716,13.686035799633784,-3.034798664064418
