objID,ra,dec
100080133494689739,13.349464847488733,-6.592239134177683
