objID,ra,dec
111680131109985507,13.111033871346207,3.0709912606262035
