objID,ra,dec
108240138265838957,13.826650593108083,0.20698902321865573
