objID,ra,dec
102820136009949936,13.601088713297223,-4.308656304256367
