objID,ra,dec
107680137941986502,13.794241817391567,-0.2616544238275107
