objID,ra,dec
107340131194792204,13.119445283294278,-0.5485841476772583
