objID,ra,dec
108560137102919092,13.710316391526806,0.47389537731432396
