objID,ra,dec
96940133432476663,13.343234379282826,-9.211417255916505
