objID,ra,dec
109920131559235729,13.156122129939064,1.6044066676966855
