objID,ra,dec
101380130331867386,13.033265091294668,-5.510909525621764
