objID,ra,dec
108360136517401523,13.651739581179163,0.3009133733681153
