objID,ra,dec
103490137528686268,13.752903437721583,-3.753451439516548
