objID,ra,dec
107500134945980371,13.494762413636252,-0.416735426287597
