objID,ra,dec
100940134300565631,13.429982623939278,-5.879105656938201
