objID,ra,dec
100980132089247515,13.208962497405109,-5.844104316108716
