objID,ra,dec
107610130088966817,13.008864397433065,-0.31971658456522023
