objID,ra,dec
110520138764576630,13.87649375363825,2.105155042069379
