objID,ra,dec
110840137267257314,13.726632267854166,2.3723048277483514
