objID,ra,dec
108150133553855922,13.355346431377141,0.12951885661684492
