objID,ra,dec
103510137290447983,13.72917158120013,-3.7353576315752948
