objID,ra,dec
100180139220598779,13.922013293323499,-6.50967556370392
100180139216758769,13.92179526,-6.50962783
