objID,ra,dec
110570130886581890,13.088759093087996,2.1427697051665096
