objID,ra,dec
104910133734902324,13.373472202663216,-2.5734568622380625
