objID,ra,dec
106900138549821597,13.854884887421289,-0.9158086578988472
106900138546801263,13.85479039,-0.91603349
