objID,ra,dec
103980138342108643,13.83429459914582,-3.343142757432051
