objID,ra,dec
109400138052739462,13.805244866756675,1.1739169398440374
109400138051869028,13.805237911040635,1.1738460509395994
