objID,ra,dec
101610132703729699,13.2704100185268,-5.3173320241201845
