objID,ra,dec
107270139306999138,13.93069906,-0.60107322
107270139303239501,13.930409794265099,-0.6009246237072371
