objID,ra,dec
104930133994729670,13.399617522043885,-2.5506444225466995
