objID,ra,dec
108470134274325894,13.42746229,0.39608701
108470134270185639,13.427038317694041,0.39615657645959806
