objID,ra,dec
103220138676123237,13.86766578715683,-3.9810721055220037
