objID,ra,dec
108350131556107796,13.155628240748527,0.2977311628223746
108350131556728208,13.15569328,0.29797716
