objID,ra,dec
112070139114082117,13.911398786063259,3.3930574296805642
