objID,ra,dec
103690130908889323,13.09099671,-3.58436467
