objID,ra,dec
108130138839607194,13.884063002947066,0.11393373900556174
