objID,ra,dec
106870133455581337,13.345498023486064,-0.9409675278558837
106870133452771062,13.34532611,-0.94117522
106870133451881485,13.345466110635346,-0.9409754324230083
