objID,ra,dec
111680139713343343,13.971304755877615,3.0690335175914827
