objID,ra,dec
105460138621198921,13.86225905781454,-2.109534017566225
