objID,ra,dec
111330131312641640,13.131287114225472,2.7759937369991676
