objID,ra,dec
107830139458291719,13.94579773514641,-0.14063576189065718
