objID,ra,dec
99870135023135823,13.50222950854479,-6.770586712588569
99870135020315541,13.50205447,-6.77070413
