objID,ra,dec
108710130892250399,13.089175632792825,0.5917040950054908
