objID,ra,dec
107930139200749316,13.920199565156931,-0.05089746899151024
