objID,ra,dec
110350138365561877,13.836563919292654,1.9595631991625844
