objID,ra,dec
107050136853296610,13.685425161732105,-0.7864996678970425
