objID,ra,dec
104460133069976930,13.307019645423534,-2.9445976445257367
