objID,ra,dec
110010131299272200,13.130022655461469,1.6763911452216007
