objID,ra,dec
99760139639243885,13.963926982333575,-6.863925762018
99760139640383556,13.963925971675904,-6.863930288910483
