objID,ra,dec
103070133024617096,13.30245454,-4.10277576
