objID,ra,dec
108340139424203487,13.942501266633666,0.2857984639190979
