objID,ra,dec
97110138165059880,13.816536145304893,-9.067157425067181
