objID,ra,dec
94820137682086835,13.768322010004667,-10.977999778605625
