objID,ra,dec
103540137110816404,13.7109682,-3.71162993
103540137106866533,13.710733162228223,-3.711553448613296
