objID,ra,dec
109750132178934788,13.21791501780493,1.4620054277157326
