objID,ra,dec
99400130930908396,13.093078452388275,-7.159987996192412
