objID,ra,dec
108500136854781488,13.685510694858568,0.4175454264772936
