objID,ra,dec
109110134392642661,13.439312925739568,0.9268900195499197
