objID,ra,dec
107880132642560667,13.264232773434687,-0.09987693213075471
