objID,ra,dec
99330134151040337,13.415103405312255,-7.225041174286597
