objID,ra,dec
99550134623678384,13.462389765212599,-7.035029432884461
