objID,ra,dec
108600132848084461,13.284832238731092,0.5033416638306254
