objID,ra,dec
95760143495510625,14.349570289455762,-10.19979348533649
