objID,ra,dec
108290149357639763,14.935764867646524,0.24935558418731132
