objID,ra,dec
110610145888169129,14.588882801991934,2.182233674886238
