objID,ra,dec
104310149919475954,14.991973396436421,-3.070381809619564
