objID,ra,dec
110060147800728778,14.780117577977412,1.7235979529813197
