objID,ra,dec
106790140509138667,14.050975482622238,-1.0014834608741465
