objID,ra,dec
107260146842505373,14.684372250424145,-0.612638367955913
