objID,ra,dec
105610149421075010,14.942096898710895,-1.9879361367593824
