objID,ra,dec
103020146996373345,14.699777310377986,-4.147536997988948
