objID,ra,dec
98360144407291360,14.440768086214996,-8.03251508045007
