objID,ra,dec
111240145057251387,14.505790144861905,2.700749773749646
