objID,ra,dec
108110148416422289,14.84159766317535,0.09324444398731364
