objID,ra,dec
97550145509866109,14.55100531520617,-8.703599095685481
