objID,ra,dec
102000144262982080,14.426173289755308,-4.998687491470345
102000144259672040,14.426130102983143,-4.998713310005275
