objID,ra,dec
107930148176739549,14.817583159700472,-0.050782328967543804
107930148173549457,14.817531699424295,-0.05079039025120969
