objID,ra,dec
110850140797407762,14.079738504925666,2.38110673757537
