objID,ra,dec
108820140385444906,14.038577610851055,0.687027190436884
