objID,ra,dec
109480148637919064,14.86379125842189,1.2405595015102096
