objID,ra,dec
110730145145556618,14.514470358768397,2.2802284853705905
110730145145337103,14.51447114,2.28031389
