objID,ra,dec
107170140846281595,14.084642347167573,-0.6907656845425497
