objID,ra,dec
106640140812761701,14.081282078420292,-1.1322851368588798
