objID,ra,dec
95990140833919653,14.08347009788898,-10.00062860717519
