objID,ra,dec
110400145695209367,14.569609333781703,2.007482772167947
