objID,ra,dec
111750145765742739,14.576557794904351,3.126857474953978
