objID,ra,dec
112010144123588059,14.41238983,3.34797174
