objID,ra,dec
110070146200297550,14.620088242423366,1.7309177119590509
110070146198827176,14.619843,1.73082
