objID,ra,dec
104020141235129307,14.12351873,-3.30927662
104020141234589664,14.123371076959385,-3.309048275156924
104020141233878962,14.12342343,-3.30933034
