objID,ra,dec
111430147013988084,14.7014776821684,2.8647611219160107
