objID,ra,dec
106990147853528564,14.785422255938979,-0.834947062421534
