objID,ra,dec
105790141976242804,14.197572768133755,-1.8396653543402097
