objID,ra,dec
106540142371166241,14.237108950898426,-1.2118439953674778
