objID,ra,dec
108060145956137341,14.595630048955078,0.05572979369035452
