objID,ra,dec
109120143509349337,14.350960142021973,0.9407653553481873
