objID,ra,dec
108500148285226523,14.828701527239359,0.42176806097444874
108500148287806711,14.828759629829648,0.4218392326928107
