objID,ra,dec
99830142035782299,14.203599955907029,-6.80675771569716
