objID,ra,dec
100330146074707701,14.607558984073098,-6.385546592344247
