objID,ra,dec
106950141145266284,14.114514112992142,-0.8701943776560578
