objID,ra,dec
111230140775190565,14.077585252830486,2.691779051925992
