objID,ra,dec
109290144960421899,14.496032991009164,1.0761662829339975
109290144958641633,14.496032175296191,1.07616369697593
