objID,ra,dec
112070142399237854,14.23996615931897,3.3979676180023386
