objID,ra,dec
108290144295887750,14.429449000201949,0.2478828459256436
108290144294128020,14.429453408181155,0.24789081018105216
