objID,ra,dec
102010144828983035,14.482936169787914,-4.989510810396942
