objID,ra,dec
110540146479544260,14.648049917476097,2.119863024544511
