objID,ra,dec
95640144492001324,14.449200771990919,-10.29924276228453
