objID,ra,dec
111710147989896759,14.799125865225998,3.096900242139583
