objID,ra,dec
109530142812345558,14.2813247,1.27925368
109530142814485305,14.28150924,1.27907579
