objID,ra,dec
102870142119970469,14.2120601,-4.27497553
102870142123010515,14.212324837623102,-4.274891751044054
