objID,ra,dec
107790144334192043,14.433476359274412,-0.17371844853476204
