objID,ra,dec
99210142358311769,14.23595419896025,-7.323815105800851
