objID,ra,dec
109700148768514058,14.876974201461476,1.4196768047497759
