objID,ra,dec
105270148702095606,14.870166993791637,-2.2707031440683667
