objID,ra,dec
106370146127125941,14.612727038423566,-1.3537554146945971
