objID,ra,dec
110990147042636464,14.70433353933667,2.4967335844277265
