objID,ra,dec
97150147799357107,14.779946830771173,-9.036123556597426
