objID,ra,dec
110420143332657685,14.33327356,2.02255721
