objID,ra,dec
104410148838430855,14.883910739146758,-2.9912382389321914
