objID,ra,dec
109460148193123588,14.819323347845465,1.2192999268688531
