objID,ra,dec
103120140308677211,14.0309088912271,-4.061002447971177
103120140311117454,14.03109177,-4.06078051
