objID,ra,dec
106220149046049246,14.90467228204037,-1.4759797375901984
