objID,ra,dec
102320147469017233,14.746936991990912,-4.7275736921843725
