objID,ra,dec
103850145618325050,14.5618268183773,-3.4545116592497203
