objID,ra,dec
95600149054951479,14.905517839567771,-10.33245570533329
