objID,ra,dec
107880145845414671,14.584552286257141,-0.09649307597304121
