objID,ra,dec
109240141109850082,14.110964760526626,1.0330094712441245
