objID,ra,dec
98110140819642595,14.081993940131785,-8.239874076707187
