objID,ra,dec
108340149154842114,14.915365206518155,0.28482626176926196
108340149152342430,14.91523901,0.28496776
