objID,ra,dec
108060145884514876,14.588417246274009,0.053648903580811806
