objID,ra,dec
97500142036706621,14.203716930769064,-8.744851882851716
