objID,ra,dec
111870141723717938,14.172379213766394,3.2312124920087886
