objID,ra,dec
111220142202312211,14.220213843937353,2.6847491695757952
