objID,ra,dec
107770148654340073,14.86534586215834,-0.19200528021802551
107770148650150037,14.865143416712417,-0.1919944176901819
