objID,ra,dec
97010142034304550,14.203502101645805,-9.15488653600724
