objID,ra,dec
107670149637433292,14.963695392021831,-0.2725914368296663
107670149637983690,14.96383208,-0.27236952
