objID,ra,dec
110060143575649791,14.357517052499155,1.7244293806557298
