objID,ra,dec
107680148654777041,14.865508911065284,-0.26114898205815257
