objID,ra,dec
109750146536837277,14.653732928487115,1.464039577824291
