objID,ra,dec
110260141058175516,14.105714999898849,1.8874343747339914
110260141056525217,14.105711948105549,1.8874312066270231
