objID,ra,dec
105300149978086482,14.99779535606623,-2.2449755442736117
105300149975226652,14.99756098,-2.24487051
