objID,ra,dec
99190147406694677,14.740708877941245,-7.3381192022323685
