objID,ra,dec
102300149848064058,14.984777465783981,-4.7469761384168985
