objID,ra,dec
106630140206737252,14.020685771905873,-1.1359438867548781
