objID,ra,dec
109070147532749121,14.753363856265427,0.8988502462981073
