objID,ra,dec
101430142994399122,14.299455351364731,-5.467795282497685
