objID,ra,dec
107210146183311375,14.618422789796258,-0.6576345816848568
