objID,ra,dec
108590145277841999,14.527794696923756,0.492802846619593
