objID,ra,dec
108560146644146198,14.664388688721038,0.47146223856863745
