objID,ra,dec
104810149924867903,14.992538136935597,-2.652111395953714
