objID,ra,dec
111440140810490328,14.081065502946387,2.8666635829964386
111440140810240752,14.08103166,2.86687565
