objID,ra,dec
98110148903407092,14.890397644150887,-8.236090894076428
