objID,ra,dec
104280149549167087,14.954907459822227,-3.094497801003459
