objID,ra,dec
107700142312873741,14.231425895859035,-0.2472372743147284
