objID,ra,dec
110420142332076022,14.233175160197959,2.02135029469286
