objID,ra,dec
100330146444771324,14.644494857831726,-6.390876019897064
100330146446911574,14.64463864,-6.39068905
