objID,ra,dec
105170146846691529,14.68470294,-2.35745191
105170146846101128,14.684652911158908,-2.3577637807935035
