objID,ra,dec
100800147885448620,14.788450714367862,-5.993072981484348
