objID,ra,dec
109200147672861865,14.767125252321046,1.0011728335996244
