objID,ra,dec
96270145522030675,14.552220359224629,-9.77478791027723
