objID,ra,dec
99340140707600639,14.070731451807639,-7.216513903093541
