objID,ra,dec
104440143975890860,14.397603341226704,-2.966332029964105
