objID,ra,dec
107030148345122224,14.834588968036838,-0.8068975549161814
