objID,ra,dec
108750144095096476,14.409542190866032,0.6300739159907496
