objID,ra,dec
111720143564005799,14.35638083987087,3.1044160782798644
