objID,ra,dec
107050146816765380,14.68164306,-0.78756128
107050146816625739,14.681594242925973,-0.7873134880135388
