objID,ra,dec
107850144106263920,14.410559629329628,-0.12198539161297847
