objID,ra,dec
104920149892258808,14.989220555402559,-2.559669998648995
