objID,ra,dec
101510149198456807,14.91997094948035,-5.403005449558692
