objID,ra,dec
103900143858018594,14.385893013167868,-3.4099298866501075
