objID,ra,dec
111780147507069631,14.750773492246308,3.157654525715798
