objID,ra,dec
110060146945944631,14.69463507964529,1.7201941356183095
