objID,ra,dec
95010142181318151,14.21812838353932,-10.818514943362134
