objID,ra,dec
108550149871145111,14.987017030178215,0.4621684707208938
