objID,ra,dec
106690147878309299,14.78790261,-1.08429497
