objID,ra,dec
99210146575985381,14.657519761300989,-7.32083333151904
