objID,ra,dec
103480148010085510,14.80100998885851,-3.762475487666925
