objID,ra,dec
112020142999703970,14.30000288978015,3.352828970771677
