objID,ra,dec
105300144920065287,14.49209244774973,-2.245976939825349
105300144923025214,14.49234328,-2.24591605
