objID,ra,dec
105800143858778157,14.385922999613928,-1.8270037562738788
