objID,ra,dec
94670141742629146,14.174290327505974,-11.101074144265723
