objID,ra,dec
110570145848677343,14.584920691048646,2.147421144273382
