objID,ra,dec
97470140572618225,14.057220400506397,-8.768420483202434
