objID,ra,dec
101990147389059493,14.738946027835663,-5.000785290580702
