objID,ra,dec
110360146343613748,14.634301204005903,1.9693629706403433
110360146340133532,14.63407978,1.96923636
