objID,ra,dec
98620140278563980,14.027834090810554,-7.813664430060072
