objID,ra,dec
106520144404781713,14.44049850824231,-1.2323042192437466
