objID,ra,dec
108720146721937461,14.672203490625423,0.6058302448998746
