objID,ra,dec
105010141363639949,14.136326978568713,-2.483597955874936
