objID,ra,dec
108970141035540305,14.103678473418785,0.8081820717807
