objID,ra,dec
99480141182653255,14.118237011497024,-7.097673570534329
