objID,ra,dec
105650141556451632,14.15565771966141,-1.957340947715315
