objID,ra,dec
109070146839555984,14.683952024150562,0.8963059382550892
109070146839876337,14.683931671865729,0.8963429707110636
