objID,ra,dec
109780140034798601,14.00357918,1.49014777
