objID,ra,dec
108220148162021483,14.816216206975012,0.18419158076812797
