objID,ra,dec
111000140418640821,14.04196840246151,2.5003706600894473
