objID,ra,dec
104250141923897972,14.192409502608129,-3.1187482581921016
