objID,ra,dec
99510144110614821,14.411100519164082,-7.071312822430376
