objID,ra,dec
112540140986767597,14.09879946,3.78938347
112540140989487730,14.098959964615345,3.789372499077599
