objID,ra,dec
104490142823487749,14.28231433357776,-2.9188741612594873
