objID,ra,dec
102570148976635447,14.897715048602874,-4.520794270259191
