objID,ra,dec
100850147559449514,14.75604226374352,-5.95082778231663
