objID,ra,dec
107680142956869713,14.295711245555612,-0.2590034799556986
