objID,ra,dec
107500144389616150,14.438988702839847,-0.41198072362005134
