objID,ra,dec
106820141076469904,14.10767480998198,-0.9754686204042824
