objID,ra,dec
104450140659386178,14.06603028343447,-2.9535684493178316
