objID,ra,dec
104730145722226394,14.572246069842492,-2.720017008239619
