objID,ra,dec
106410141051767647,14.105166822124925,-1.3190287159078546
