objID,ra,dec
94940148014885200,14.801511712202899,-10.879363776077485
