objID,ra,dec
109740147616755334,14.7617355,1.45406603
