objID,ra,dec
104050147362318262,14.736259530667168,-3.285146267961646
