objID,ra,dec
107380148646925134,14.864786121790688,-0.5128409717045009
