objID,ra,dec
108390142215717379,14.221606192154733,0.3308071312001182
