objID,ra,dec
111280147113016975,14.711389553399334,2.738801046488273
