objID,ra,dec
111090148717467505,14.871775634770476,2.5808749357797462
