objID,ra,dec
105700140488491381,14.048892820296922,-1.9158319308739973
