objID,ra,dec
108030143444835671,14.34449163822494,0.029369781938376128
108030143446825401,14.3446741,0.0291379
