objID,ra,dec
101950147976216181,14.797705878329957,-5.036944439752443
