objID,ra,dec
107540146327092273,14.632763554329653,-0.3817960816223471
