objID,ra,dec
108650146671669190,14.66717423482769,0.5488816805068782
