objID,ra,dec
108650147523021129,14.752293049201365,0.5422035230218513
