objID,ra,dec
108690141037585972,14.103744350088531,0.579630857749426
