objID,ra,dec
107510143772694579,14.377332536485309,-0.4051430226912679
