objID,ra,dec
103540140818761312,14.081966312128062,-3.7159132344704204
