objID,ra,dec
101230143483876187,14.348447089355611,-5.636852449934861
