objID,ra,dec
105600142236012244,14.223744067572243,-1.9986687494250055
