objID,ra,dec
96040142903750080,14.29039155,-9.96687308
96040142903400432,14.290393269036988,-9.966626320240332
