objID,ra,dec
109700146999173601,14.699965460220001,1.4193251046484725
