objID,ra,dec
104310142572220981,14.25731513165704,-3.07450503147873
104310142573811399,14.257337107035099,-3.074357055903743
