objID,ra,dec
102990145394525682,14.539405464557333,-4.1706506511022905
102990145390275769,14.53907327,-4.17065232
