objID,ra,dec
100450143521899865,14.352163060347019,-6.283880658828656
