objID,ra,dec
104280145093545256,14.509488626626478,-3.0960066112620392
