objID,ra,dec
102630142170326510,14.217126307986959,-4.4698563660859545
