objID,ra,dec
98650149683284635,14.968281246514866,-7.788020340555128
