objID,ra,dec
104450147573798339,14.757630586409292,-2.9517923706318205
