objID,ra,dec
108610147932432800,14.793226022294983,0.5102498041196458
