objID,ra,dec
103070144098861801,14.409874629613883,-4.107194173900767
