objID,ra,dec
107500149023316541,14.902341696644571,-0.4116097424498208
