objID,ra,dec
106830146408772082,14.640868833392265,-0.9736064848801914
