objID,ra,dec
106680141222391537,14.122223346896172,-1.0990790615208648
106680141222761117,14.122152,-1.099329
