objID,ra,dec
109300149384169680,14.938468403742704,1.0910589938914612
