objID,ra,dec
106570147603159279,14.760379140016498,-1.1843076472170861
