objID,ra,dec
111280147096141627,14.7095832,2.73439599
111280147095701984,14.70956469345944,2.734601312428475
