objID,ra,dec
99600144357330242,14.435775651700784,-7.000137728825993
