objID,ra,dec
106840147121324225,14.71212676,-0.9634974
106840147118554443,14.711941483283878,-0.963345257380878
