objID,ra,dec
105960145673311039,14.567316457623749,-1.6995203464876754
