objID,ra,dec
99120149002350014,14.900272653882316,-7.400345181998334
