objID,ra,dec
106260144294949287,14.42945798310367,-1.4427086112760468
