objID,ra,dec
104540141218914525,14.121846715015268,-2.879904371492994
