objID,ra,dec
106770140488274455,14.048805166157674,-1.021683451826659
