objID,ra,dec
105390149155128653,14.915519885606468,-2.1681408210140263
