objID,ra,dec
101360144392239832,14.439356205237234,-5.525432652349537
