objID,ra,dec
109070147633622702,14.763397280160405,0.8936522001589965
