objID,ra,dec
98890146177616585,14.617816980302653,-7.5865156479066735
