objID,ra,dec
97360143648057979,14.36477448,-8.86034701
97360143645857765,14.364615585474747,-8.860557832205009
