objID,ra,dec
111550143124490260,14.312488884098704,2.95813751360317
