objID,ra,dec
109070147333836245,14.73340838539654,0.8965371913517184
