objID,ra,dec
106160143809671565,14.380806643581977,-1.5325271895182329
106160143806851561,14.38071013,-1.53250502
