objID,ra,dec
107070143384053998,14.338441395670904,-0.7720485779995987
