objID,ra,dec
103670143233154878,14.32325923,-3.60467035
103670143230694671,14.323068196721005,-3.604828518302019
