objID,ra,dec
95900143246305254,14.32465820494933,-10.079262533233258
