objID,ra,dec
111560146872288423,14.687319475985936,2.9732811035882603
