objID,ra,dec
99340146323387749,14.632378016601882,-7.210594717496191
