objID,ra,dec
98580143651595433,14.365152234060474,-7.845807865826061
