objID,ra,dec
108560142921041816,14.292129387488627,0.4677853925440798
