objID,ra,dec
110620143341131552,14.33413483386646,2.1842315135101553
