objID,ra,dec
105940140414379016,14.041442545683395,-1.7095519322028896
