objID,ra,dec
109730142366244583,14.236655037309758,1.4451433535431117
