objID,ra,dec
109120146468123004,14.646860917364236,0.9354995332598409
