objID,ra,dec
97650146643359095,14.664409364961699,-8.617791848830588
