objID,ra,dec
107550140728096853,14.072854673205608,-0.3696557688525905
