objID,ra,dec
106700140336112396,14.033714498859899,-1.0817660737078254
