objID,ra,dec
103730148522408855,14.852331866432781,-3.5513790701331565
