objID,ra,dec
105070142625486585,14.26260728045862,-2.436472469605106
