objID,ra,dec
103620149992100514,14.999242082384912,-3.650009044391134
