objID,ra,dec
108500144659264773,14.465932522970522,0.42031745553849925
