objID,ra,dec
111010141368411403,14.136877490416117,2.5091778621043326
