objID,ra,dec
105650145782680096,14.578217885154572,-1.9585969182373677
105650145779760123,14.57811275,-1.95864239
