objID,ra,dec
108430149866642341,14.9866957,0.35988598
