objID,ra,dec
108580141271474118,14.12710485050708,0.48636053757525155
108580141268983898,14.127046,0.486257
