objID,ra,dec
105570148096666716,14.809661398723412,-2.0197820767119365
