objID,ra,dec
108460146880220576,14.68822568,0.3830401
108450146882279948,14.68822897906195,0.38291837134973705
