objID,ra,dec
100360144118028996,14.41186349393329,-6.359554827834212
