objID,ra,dec
106770142944887916,14.294509691938565,-1.018780970143651
