objID,ra,dec
111740149974836024,14.99746682415891,3.12135099230456
