objID,ra,dec
102150141301809392,14.130234680702344,-4.867550275288166
