objID,ra,dec
107550142180227070,14.218046122743496,-0.3694714953913341
