objID,ra,dec
104490143375336400,14.337563453901632,-2.920041493337925
