objID,ra,dec
98920143193506409,14.31942227892852,-7.561681873378469
