objID,ra,dec
111820144039082669,14.40402013,3.18512523
111820144041432452,14.404135146582748,3.184990334631649
