objID,ra,dec
110850149314566895,14.931491832364687,2.3803491536375194
