objID,ra,dec
104110148840556314,14.88403830758009,-3.2367256437724428
