objID,ra,dec
105800141838090219,14.183768761921211,-1.8335297648749433
