objID,ra,dec
94970140536080003,14.053588813363739,-10.85865233452636
