objID,ra,dec
111090142831459398,14.283169251511078,2.5824820832052793
111090142828859529,14.28296917,2.58255496
