objID,ra,dec
108370149446222132,14.94456884,0.30978551
