objID,ra,dec
99090149126153142,14.912630173830552,-7.422724710153078
