objID,ra,dec
111830148867167076,14.886720757250327,3.1971815006675275
