objID,ra,dec
100250144704613325,14.470477228991365,-6.455922271871802
