objID,ra,dec
107850144089996374,14.409046263793138,-0.12020827865019813
