objID,ra,dec
108230147891568435,14.78917811569971,0.19832326594788188
