objID,ra,dec
108630149891865248,14.98918572,0.52905992
