objID,ra,dec
107000141695542795,14.169607437758996,-0.8313659758315729
