objID,ra,dec
102940147075209936,14.707415180518556,-4.20876143024567
