objID,ra,dec
102570143858897304,14.38606362,-4.5192585
