objID,ra,dec
98770146843725320,14.684363468764435,-7.687544757080433
