objID,ra,dec
108300140077004820,14.007735863594588,0.25364974226824333
