objID,ra,dec
109460146587286670,14.658791472950993,1.2217995547112437
