objID,ra,dec
108830142405881562,14.240589476826976,0.6925237675882154
