objID,ra,dec
104070149665431067,14.966491358976828,-3.274477409937987
