objID,ra,dec
108760146784516775,14.678444464268045,0.6384589224390623
108760146782496435,14.678422769396272,0.638421447361908
