objID,ra,dec
98330147530014281,14.753035658600012,-8.055114554311594
