objID,ra,dec
109950144815105699,14.481545395762186,1.6294066497637973
