objID,ra,dec
109670146156109594,14.615717076413388,1.3994573884814776
