objID,ra,dec
108240141241844110,14.124216743339934,0.2030490943051372
