objID,ra,dec
95240141074402011,14.107411416306295,-10.631987397604826
