objID,ra,dec
99970148159747624,14.816027026429495,-6.685730604764012
