objID,ra,dec
99190147028689211,14.70288426743487,-7.3343473739428
99190147027118913,14.70272517,-7.33457388
