objID,ra,dec
106680146978353871,14.69787784217883,-1.097139538379074
