objID,ra,dec
107410145761392666,14.57615083211357,-0.4898502638399426
