objID,ra,dec
108850143992538357,14.399252116278555,0.7150459736225049
