objID,ra,dec
95980140687529655,14.068824992566901,-10.008945839828927
