objID,ra,dec
98200142810588903,14.28107529,-8.15957239
98200142810298570,14.28103536858991,-8.159850937584782
