objID,ra,dec
107810144040137696,14.404011256433964,-0.15233306807770666
107810144042557520,14.40425841,-0.15243933
