objID,ra,dec
111040148140392936,14.814034637411153,2.535401615685439
