objID,ra,dec
108030145749294660,14.575049139287895,0.028472296594673627
