objID,ra,dec
107580142929133977,14.2924181,-0.3469306
107580142924024163,14.292415679226407,-0.3469242095075305
