objID,ra,dec
109250146036508766,14.60363774260998,1.0485681953609678
