objID,ra,dec
108530145224686112,14.522298035794103,0.4464946178664159
108530145220606222,14.522294462028304,0.44649439731918317
