objID,ra,dec
104540149392456279,14.939294354172718,-2.878512233947017
