objID,ra,dec
110060143005107163,14.300507009127461,1.7223077620152545
