objID,ra,dec
99740140428992635,14.042912085498585,-6.8814899215657785
