objID,ra,dec
102850140851257693,14.085176497993714,-4.285610385283524
