objID,ra,dec
107550144466758618,14.446565121868225,-0.36837040222088735
