objID,ra,dec
107000140791689705,14.079205130340574,-0.8256204770028207
