objID,ra,dec
103870145928265213,14.59281233690392,-3.437697544563139
