objID,ra,dec
105640143956413913,14.39562315568657,-1.9638067181861172
