objID,ra,dec
108260140511147165,14.051130445099307,0.2222754315285294
