objID,ra,dec
104620142291415245,14.229117958703966,-2.812638249394844
