objID,ra,dec
109540141583507953,14.158318148035761,1.289559449436432
