objID,ra,dec
111260148978736106,14.897879887303223,2.7213170799117594
