objID,ra,dec
96380145936693718,14.593637896076455,-9.680601861827022
