objID,ra,dec
103690141407322046,14.140760951861708,-3.590269279117012
