objID,ra,dec
105990142090181399,14.209004060906864,-1.674186500707969
