objID,ra,dec
107510146615547653,14.661609716513379,-0.40227965362563184
