objID,ra,dec
96050140815530319,14.081618312397213,-9.95840216650655
