objID,ra,dec
111310144548003859,14.454862040109544,2.761154194665073
