objID,ra,dec
104910148496398226,14.84962330420581,-2.5683850145048903
104910148495868642,14.849604735138085,-2.568253969761258
