objID,ra,dec
108270146229403202,14.622944043098506,0.22721619994955702
