objID,ra,dec
97240140047823381,14.00478254,-8.96418088
97240140044963424,14.004543877954612,-8.964155061977069
