objID,ra,dec
106650141491813883,14.14915764664199,-1.1221327856176904
