objID,ra,dec
104160149733220472,14.973190802315566,-3.2001116680817376
