objID,ra,dec
103690148801716429,14.880252287166362,-3.586675170927731
