objID,ra,dec
105680146663518690,14.6663992799713,-1.9265599955391253
