objID,ra,dec
107100143537769740,14.35378924111321,-0.7422562083882813
