objID,ra,dec
110820148397454732,14.839781510098256,2.353576108550455
