objID,ra,dec
105360142601109801,14.26014279387534,-2.1921741579178353
