objID,ra,dec
99070144813856330,14.48145382886076,-7.436781054548581
