objID,ra,dec
110420144835589067,14.483634078852786,2.023695286297344
