objID,ra,dec
103890148799042965,14.879961347270665,-3.4228947387545094
