objID,ra,dec
102260146110311063,14.61104669848327,-4.782766641320072
