objID,ra,dec
109090149293249474,14.929462367529142,0.9158954839031884
