objID,ra,dec
107800148790621469,14.879092700778052,-0.165803250105427
