objID,ra,dec
111980141718479867,14.171877426924333,3.324527707707691
