objID,ra,dec
98130141946624592,14.194644328306493,-8.221467737337905
