objID,ra,dec
101860147538032636,14.753757304365422,-5.114932782842221
