objID,ra,dec
98740142939278268,14.293940561717644,-7.710209653563573
