objID,ra,dec
111510148593811805,14.8592819,2.92602164
