objID,ra,dec
109050146916992400,14.691781476408611,0.876581903245311
