objID,ra,dec
110270140158883629,14.015906594686147,1.894321384191003
