objID,ra,dec
95660143288059367,14.328810059403128,-10.27584895629986
