objID,ra,dec
107190141016222763,14.101687036434637,-0.6730798574616575
