objID,ra,dec
96440144099076983,14.40991133815823,-9.627848138708163
