objID,ra,dec
103240148823498024,14.882378209870593,-3.96033873753724
