objID,ra,dec
108500148211572096,14.821097878739868,0.41805252343594124
