objID,ra,dec
95510141299699623,14.129959215022792,-10.400654162674886
