objID,ra,dec
106650143011695456,14.30118739502879,-1.1208117571813017
