objID,ra,dec
100970144527086270,14.45273758516771,-5.853425820170035
