objID,ra,dec
108100148615546524,14.861576095981512,0.08840347400726739
