objID,ra,dec
107300145275139026,14.527525753977587,-0.5762182094347932
