objID,ra,dec
98460144860857212,14.486195756687918,-7.944285334621205
