objID,ra,dec
107860146590121063,14.659046183508465,-0.11612991149872216
