objID,ra,dec
106190145479509373,14.547915647568395,-1.5009343111893234
