objID,ra,dec
109280148738339632,14.87385260646525,1.0743214144592201
