objID,ra,dec
110860149986369885,14.998605146716619,2.391177257457335
