objID,ra,dec
106800142331924358,14.23320412858068,-0.9967548100165128
