objID,ra,dec
108690140349744398,14.034992470980953,0.5782762756514312
