objID,ra,dec
111560143847402391,14.384818845256254,2.9682588921321633
