objID,ra,dec
107460143691060796,14.369115157407176,-0.44984062616932685
