objID,ra,dec
107380145283988131,14.528428066526134,-0.5102960529490653
