objID,ra,dec
100280146823766997,14.682418143390613,-6.427838802526518
