objID,ra,dec
100000142456596229,14.245689153641004,-6.661975240481287
