objID,ra,dec
109130143576175792,14.357674891421594,0.9460379220325782
