objID,ra,dec
99540143446316624,14.344648231763147,-7.04477406739578
