objID,ra,dec
112110141404480418,14.140442735759713,3.424971745576167
