objID,ra,dec
108110143298511935,14.32963645,0.09287432
108110143294511654,14.329515449266953,0.09264033935231464
