objID,ra,dec
112110149024419852,14.90248455,3.43282828
