objID,ra,dec
109110143395424674,14.339559254937072,0.9285283954015746
