objID,ra,dec
102140147601137440,14.76006529325126,-4.877443899194535
