objID,ra,dec
107590145020172854,14.50203304,-0.33963368
107590145017673036,14.501792811102815,-0.33949908151362856
