objID,ra,dec
99310146695013049,14.669626338424804,-7.239479856253789
