objID,ra,dec
98920147204943026,14.720503259055274,-7.564472618141513
