objID,ra,dec
101720141332657577,14.133440625094881,-5.227332666039514
