objID,ra,dec
99640146906531742,14.690709212919076,-6.9654887408474755
