objID,ra,dec
108190148043467835,14.804365572148129,0.16448256076143944
