objID,ra,dec
107570145434716572,14.543518854434007,-0.3532326713853414
