objID,ra,dec
111040148980467002,14.898098309836554,2.5387819340678903
