objID,ra,dec
111730143964988728,14.396469526100601,3.115181456232257
