objID,ra,dec
111390148075049799,14.8074908,2.8327953
111390148072329652,14.807300153252942,2.832669819579617
