objID,ra,dec
109770142825074027,14.282526682594646,1.477965972228816
