objID,ra,dec
104090149647074931,14.964735270528143,-3.2546771006954858
