objID,ra,dec
100750148514873477,14.851545844109939,-6.039112208876235
