objID,ra,dec
100140145976124047,14.597588685821197,-6.546947135516927
