objID,ra,dec
109780149315180943,14.931496663193508,1.483639484452877
