objID,ra,dec
107780143087602366,14.308810040609801,-0.18188964678379985
107780143085561999,14.308720396877243,-0.18200625469870602
