objID,ra,dec
107840143451454824,14.345048159716281,-0.12968389468681954
