objID,ra,dec
104100147605848586,14.760612202323872,-3.243224073992531
