objID,ra,dec
101500145205707748,14.520617600863348,-5.410579745818021
