objID,ra,dec
109520145886691033,14.58875719948805,1.2671195251120506
