objID,ra,dec
108280144330713023,14.433122834522763,0.23547190639119836
