objID,ra,dec
111840143406372104,14.340656301157754,3.2013771981384367
