objID,ra,dec
110840144970728985,14.497111778592274,2.3737764842151567
