objID,ra,dec
95450149313950871,14.931412558469514,-10.457981153996824
