objID,ra,dec
110120143534759060,14.35350848334571,1.7739254429355065
