objID,ra,dec
99810146736588593,14.673729453511735,-6.818174806113628
