objID,ra,dec
98910149910557038,14.991063347052359,-7.569508679817101
