objID,ra,dec
109530142571116911,14.257141902424543,1.2803968083715591
