objID,ra,dec
106800148134741244,14.813643391481193,-0.9994722033925353
