objID,ra,dec
106700147557902356,14.755842160639338,-1.0817704762700893
