objID,ra,dec
109310140534950533,14.053522857029288,1.0917470364363897
