objID,ra,dec
102740148774326540,14.8774535,-4.37823398
