objID,ra,dec
110100149287868733,14.928771338119297,1.7568863997067836
