objID,ra,dec
108120149813343904,14.981315875953195,0.10292464728043921
