objID,ra,dec
96370143004016146,14.300401206284905,-9.686885809412395
