objID,ra,dec
106080141809355256,14.180944036336589,-1.5959200594546854
