objID,ra,dec
110550147402055055,14.74026764,2.1288481
