objID,ra,dec
112180142208451642,14.22085140807231,3.4842949398145633
