objID,ra,dec
106990140787828675,14.078786324429318,-0.8348328589562035
