objID,ra,dec
105030142805321843,14.28056803,-2.473869
105030142806001506,14.280621938394374,-2.4741302567033707
