objID,ra,dec
110980148178206109,14.817856781186356,2.4880518027614738
