objID,ra,dec
97240140743739481,14.07437643,-8.95901702
97240140744309865,14.074448564307298,-8.95880169485143
97240140748099939,14.074612,-8.958618
