objID,ra,dec
109570142098576160,14.209884047956605,1.3130687114642188
