objID,ra,dec
103460143148329126,14.31484182,-3.77616278
103460143145779293,14.3145977473893,-3.7760761992127905
