objID,ra,dec
109000141746637113,14.17460072852794,0.8387855865176497
109000141744516737,14.17454335,0.83864812
