objID,ra,dec
107300145975021800,14.597484233841362,-0.5822012490850131
