objID,ra,dec
107290142450731168,14.24502841199912,-0.5911833966702648
107290142450630638,14.24495233568323,-0.591332495681968
