objID,ra,dec
106080144979354113,14.497949937905089,-1.5968362621945251
