objID,ra,dec
98730148142654626,14.814308210619476,-7.721466799181483
