objID,ra,dec
109010149495400889,14.94954311991594,0.8421227467076142
