objID,ra,dec
103410146637156525,14.66365033068021,-3.8200156697401955
