objID,ra,dec
102050148121443274,14.81216291056982,-4.955946277894896
