objID,ra,dec
106190143106957734,14.31076663932432,-1.5022892510211086
