objID,ra,dec
96850146126807088,14.612662566348742,-9.286086378671126
