objID,ra,dec
98860146406460902,14.640634094866058,-7.616312040925172
