objID,ra,dec
107900143795129840,14.379483281417274,-0.07557145143054478
