objID,ra,dec
106730140251071965,14.025046736091063,-1.0571131999759236
