objID,ra,dec
103570142547996602,14.254820710653835,-3.6865706267415694
