objID,ra,dec
112160142918866456,14.291887002347481,3.4716876191294013
