objID,ra,dec
99950146500524515,14.650092871075092,-6.7049275120671945
