objID,ra,dec
106460149359622746,14.935765711499918,-1.2813906221583884
106460149356642769,14.93569482003813,-1.281384606431188
