objID,ra,dec
103490146536719549,14.653708899509374,-3.750795436437938
