objID,ra,dec
107230142726542888,14.272623647302233,-0.6396011267864739
