objID,ra,dec
110080147882251914,14.788271921621567,1.7345601430061104
