objID,ra,dec
99510144224854339,14.42253190363747,-7.071714132471827
