objID,ra,dec
104160148572376150,14.857410576813173,-3.1952847636144894
