objID,ra,dec
106500142339584396,14.233920644851008,-1.2466807124418355
