objID,ra,dec
101350149379033992,14.937821470647249,-5.538692469545322
