objID,ra,dec
111250144821053461,14.482214826413516,2.710830370705979
111250144819533098,14.48211769,2.71078678
