objID,ra,dec
108300145373143153,14.537333073933416,0.25223107007672674
