objID,ra,dec
109150148101672442,14.810139928363204,0.9599749685907303
