objID,ra,dec
100440147743625886,14.77441029208131,-6.295458927038619
