objID,ra,dec
110870143270421773,14.327070452634963,2.3927952106860606
