objID,ra,dec
107690144959007586,14.495913764074976,-0.25242164031415787
