objID,ra,dec
100420148243617335,14.824468764971357,-6.3109432524495075
