objID,ra,dec
98460143314675925,14.33156985197799,-7.945357277641525
