objID,ra,dec
108940146337994543,14.633794230600692,0.7867191323203001
