objID,ra,dec
99360140655556168,14.06551685237185,-7.195223624996191
