objID,ra,dec
105580140662870464,14.066252050481475,-2.0166321463691195
