objID,ra,dec
99040148858086966,14.88583351364534,-7.461213148376081
