objID,ra,dec
110340142362850047,14.236263411083458,1.9497328707631167
