objID,ra,dec
103040147981651965,14.798171689942553,-4.132086624758382
