objID,ra,dec
107560143025371379,14.302516633613635,-0.3660087009954974
