objID,ra,dec
104380149420019334,14.941928157716259,-3.009174665286071
