objID,ra,dec
112500145998637044,14.59985440732629,3.755475289808307
