objID,ra,dec
102750146717974041,14.67181203,-4.37197431
