objID,ra,dec
108650147435477868,14.743491714150915,0.5476843383725001
108650147437057412,14.7436991,0.54749109
