objID,ra,dec
110700149768906467,14.9769970185805,2.2550046568183104
