objID,ra,dec
98480141131739826,14.113209116949756,-7.92548957541518
