objID,ra,dec
107590140824169340,14.082566875038124,-0.3343477333363388
