objID,ra,dec
95640144279621677,14.427959927424679,-10.298956058744807
