objID,ra,dec
96140143804730276,14.380471490573466,-9.883443942408885
