objID,ra,dec
105020149386200006,14.93862041,-2.483693
