objID,ra,dec
107620147615958972,14.761646780552965,-0.30952967553480887
