objID,ra,dec
109930149646597355,14.9645848883958,1.6140249034932062
