objID,ra,dec
101680143411770141,14.341162479691219,-5.266941179387101
