objID,ra,dec
107120140319155241,14.031813401664328,-0.7293002217607658
