objID,ra,dec
105220140266676953,14.02669131987474,-2.3112225579476813
