objID,ra,dec
108430142281544424,14.2282144146464,0.36169124750561765
