objID,ra,dec
109580141653354918,14.165383199671384,1.3204104276515944
