objID,ra,dec
100550149057411899,14.905865736944046,-6.207117086298686
