objID,ra,dec
110520145903271668,14.59044899,2.10088373
110520145901681348,14.590244212161702,2.1007604774455158
