objID,ra,dec
104310146459459784,14.646138152014945,-3.0671570920128794
