objID,ra,dec
106970148656124558,14.865692179899069,-0.854966793388472
