objID,ra,dec
109680149190932329,14.919131999103218,1.4016388012084255
