objID,ra,dec
97530149257768641,14.925860348641022,-8.71813970708858
