objID,ra,dec
101640147226912425,14.722765446224132,-5.298281840183076
