objID,ra,dec
111680149796237379,14.979643208429687,3.0724362163703036
