objID,ra,dec
106220147804355303,14.78053327204112,-1.4793250769615987
