objID,ra,dec
98840148410579480,14.841055340067115,-7.625811377705924
