objID,ra,dec
111410147463402190,14.746396632280764,2.843170326184506
