objID,ra,dec
105670145643090832,14.564328513502474,-1.941364281067472
