objID,ra,dec
107030144209136851,14.420935006355004,-0.8030236631859289
107030144208366482,14.420929261335244,-0.80303139829706
