objID,ra,dec
96700142130121119,14.213018734102059,-9.41608981505052
