objID,ra,dec
104690147005427541,14.70062482,-2.75235706
