objID,ra,dec
108070144515743090,14.451373112899685,0.060593149697638515
108070144512613120,14.451374462130223,0.060597818395685635
