objID,ra,dec
108580145062478479,14.506295322514537,0.4900138850895806
