objID,ra,dec
109870140887440846,14.088779150033242,1.5586016859430556
