objID,ra,dec
99020144631438739,14.463191255981263,-7.476259329952486
