objID,ra,dec
108770141960726657,14.19606156071145,0.6468086072163935
