objID,ra,dec
112420149592556256,14.959239947506125,3.6881753339540446
