objID,ra,dec
108000140812274821,14.081289206097246,0.003613753206681546
