objID,ra,dec
97960147394053894,14.739395624041922,-8.363769180395723
