objID,ra,dec
103210140925695197,14.092616653115956,-3.9876510410555506
