objID,ra,dec
107890146655837035,14.665572487764482,-0.08622839340080983
