objID,ra,dec
107190143207377094,14.320746821190706,-0.6694717244171611
