objID,ra,dec
106210148729013992,14.872903142185443,-1.488764527081114
