objID,ra,dec
102080149278114280,14.927865240047488,-4.9300613024497455
