objID,ra,dec
106310149250265541,14.925058497832028,-1.4039998048068094
