objID,ra,dec
104480142001865607,14.200234560990351,-2.929024841193303
