objID,ra,dec
110440146047687103,14.60477081,2.03891015
110440146044336989,14.60443366,2.03878949
