objID,ra,dec
103940142645396927,14.264554975869821,-3.377990549215645
