objID,ra,dec
110870147688763987,14.768902674090358,2.394686583624533
