objID,ra,dec
106790142149671804,14.21498886058448,-1.0071905848397449
