objID,ra,dec
108120141786331116,14.178648462105524,0.1005299470618678
