objID,ra,dec
109200147310686223,14.731106754955052,1.0048669563734136
