objID,ra,dec
110920141176183678,14.117642811097856,2.436060807942121
