objID,ra,dec
105150146647480968,14.66475201763437,-2.3745867779502974
