objID,ra,dec
107470141913399362,14.19134911415708,-0.4342038830767339
