objID,ra,dec
106500142349140984,14.234926255349224,-1.249566879468122
