objID,ra,dec
110440146828561794,14.682805966283158,2.0345149924463746
