objID,ra,dec
101760146844278920,14.684441981661644,-5.192942592546887
