objID,ra,dec
108020143291566082,14.329150280144992,0.02136232504614529
