objID,ra,dec
110560144658015037,14.465799078148878,2.1370787733489944
