objID,ra,dec
107280142447411090,14.244752216241585,-0.5993826463920874
107280142445630761,14.2446579,-0.59945881
