objID,ra,dec
108880143855149345,14.385559929959259,0.7407301296109308
108880143858029211,14.38567076,0.7406722
