objID,ra,dec
106920146493451892,14.649413271778347,-0.8987492601494771
