objID,ra,dec
96480140324182156,14.032442274956399,-9.598534884439012
