objID,ra,dec
105740140011582083,14.001338678442613,-1.881951783321376
