objID,ra,dec
107130141566961444,14.15674716769968,-0.7240240834590252
