objID,ra,dec
111260154943974818,15.494451839081766,2.7202752679424655
