objID,ra,dec
108480152764844673,15.27651326733596,0.4035346559687801
