objID,ra,dec
112160150885762851,15.088573944992214,3.46855957754118
