objID,ra,dec
104260152678341645,15.26782168646133,-3.1156477151011766
