objID,ra,dec
110540154982150386,15.498278342353661,2.1166422905620412
