objID,ra,dec
104550152574574334,15.25762563,-2.87158941
