objID,ra,dec
106080155589870248,15.558904722601653,-1.6001852685333224
