objID,ra,dec
106380150150016827,15.014985176614916,-1.3446415730150933
