objID,ra,dec
108080150128260004,15.012843859037154,0.06637289491251451
