objID,ra,dec
107470154105970244,15.410761372334486,-0.4419787475729518
