objID,ra,dec
106830157377298719,15.737804055963704,-0.9681144266768329
106830157378868416,15.7378843,-0.96835366
