objID,ra,dec
102320158922888403,15.892366870248075,-4.726714374318233
