objID,ra,dec
111860154273861010,15.427376088923543,3.2171327870607374
