objID,ra,dec
102440155773867162,15.57742202529576,-4.627721430081804
