objID,ra,dec
109910158923005477,15.89230095,1.59586525
109910158919625524,15.892073914695168,1.5958049153845666
