objID,ra,dec
99970150028778705,15.003005590034544,-6.684750890861679
