objID,ra,dec
102460156341067490,15.634156763840496,-4.610725130733819
