objID,ra,dec
106980156258073295,15.625873626733922,-0.8476452762899551
