objID,ra,dec
112260157262542455,15.726281163418559,3.551656971947743
