objID,ra,dec
107210154101379477,15.410155642264751,-0.6507949534823756
