objID,ra,dec
106500153658907708,15.36585409416907,-1.2440703278830558
