objID,ra,dec
106730159032454863,15.903358472189925,-1.0546563073531565
