objID,ra,dec
109210156689316409,15.668915158163921,1.0132877033486505
