objID,ra,dec
98260157718875712,15.77189569214575,-8.112279548422602
98260157717905352,15.77179611,-8.11252435
