objID,ra,dec
109380156378514500,15.637841981703785,1.1533552270615741
