objID,ra,dec
105430159496990291,15.949670130772608,-2.1417838509968044
