objID,ra,dec
107370157962803232,15.796390121806303,-0.5227204854969582
