objID,ra,dec
108650152067287753,15.206688009669994,0.5477528649804028
