objID,ra,dec
108590158556886784,15.855721739523794,0.49692768702693635
