objID,ra,dec
107210153161076630,15.31614569,-0.65317018
