objID,ra,dec
105640156914313459,15.69146504911055,-1.9641766829264515
