objID,ra,dec
107390158557118397,15.855815226376384,-0.5016751921922155
107390158560338071,15.85606134,-0.50171701
