objID,ra,dec
104720155777454481,15.577697606791128,-2.7299600477805814
