objID,ra,dec
105960150661926027,15.066050731676567,-1.6953522064114799
105960150658955723,15.0659803382538,-1.6954139483489292
