objID,ra,dec
111690150023819277,15.002383512849587,3.082387028909033
