objID,ra,dec
107530153028555454,15.30286324811568,-0.3875635825774782
