objID,ra,dec
109500154593879850,15.45940955066218,1.2578120313309544
