objID,ra,dec
110450152799555930,15.279887677559188,2.046213528436453
