objID,ra,dec
99700156318020873,15.63182447664796,-6.916271148627503
