objID,ra,dec
96040154942693499,15.494300262165893,-9.964056096594527
