objID,ra,dec
101090156540551484,15.65397999,-5.75758977
101090156537271312,15.653793170514609,-5.757638878470732
