objID,ra,dec
101870150499089722,15.049874985031344,-5.10057088652202
