objID,ra,dec
102740159204953037,15.920447611483638,-4.38120877533973
