objID,ra,dec
107570151615265714,15.161508842788015,-0.3540020791494817
