objID,ra,dec
111270150646740380,15.064667208239188,2.7248686357766787
