objID,ra,dec
107610156950014793,15.69504718190688,-0.3213583532841724
