objID,ra,dec
108190155027717051,15.50284903,0.16377978
108190155027866664,15.502820349681715,0.16353836661793691
