objID,ra,dec
98300159169257586,15.916916826935532,-8.077375165878578
