objID,ra,dec
104830159858288556,15.985831692775445,-2.6349603681800486
