objID,ra,dec
107790154854228995,15.485536469712475,-0.1678964367820068
