objID,ra,dec
106820157048757728,15.704907378341098,-0.9774109144070908
106820157050727204,15.70507098,-0.97768012
