objID,ra,dec
106670155439542025,15.54389449,-1.10699946
106670155436292006,15.543634820472871,-1.1070146806204537
106670155435752360,15.54354569,-1.10674463
