objID,ra,dec
107150151663199117,15.16635581601378,-0.70108657105512
