objID,ra,dec
108310158873687109,15.887370313096358,0.26389224637076364
