objID,ra,dec
106570154591400089,15.459105324834054,-1.1919183713512091
