objID,ra,dec
105130155145787775,15.514516312816152,-2.3856123676409107
105130155145557404,15.51456248,-2.38585165
