objID,ra,dec
111400156524300073,15.652524237987402,2.8329353124076855
