objID,ra,dec
102680158617247036,15.861720856008176,-4.427829133850765
