objID,ra,dec
102520152515100101,15.251326450672881,-4.566952574236466
