objID,ra,dec
104220159893767899,15.98936305626831,-3.143833166894692
104220159893577539,15.98930769,-3.14386537
