objID,ra,dec
106970157179109671,15.718082421219481,-0.8507617608527481
