objID,ra,dec
108580153209779795,15.320974928607871,0.49113192734123895
