objID,ra,dec
102280159239582793,15.924040372519318,-4.764700623780768
