objID,ra,dec
109750156683447470,15.668368620789039,1.4641759369596519
