objID,ra,dec
103890150853379658,15.08523661,-3.41747713
