objID,ra,dec
109230156433513795,15.643264862166559,1.027723776274512
