objID,ra,dec
108950153845751130,15.384657855153709,0.7922078545764586
108950153848170926,15.38481737,0.79208133
