objID,ra,dec
109460155947454977,15.59473905806221,1.220397643553692
