objID,ra,dec
101870158968644928,15.89690341480173,-5.1045480305926905
