objID,ra,dec
108450153523078709,15.352323770001075,0.381879701986939
