objID,ra,dec
107860150682645731,15.068246994799747,-0.11217221909310675
