objID,ra,dec
107690157212978815,15.72138900378442,-0.2513136448911772
