objID,ra,dec
109310157218380020,15.721847855345537,1.0912814310010581
