objID,ra,dec
109830159464981669,15.946555175047385,1.5260102531330582
