objID,ra,dec
105760152861824517,15.286242905718122,-1.8632224570685498
