objID,ra,dec
108250150569632844,15.057028373135958,0.21032637418132485
