objID,ra,dec
106880159124755330,15.912526906037492,-0.9292300553063777
