objID,ra,dec
108140151937028308,15.193720430626204,0.12323899496608456
108140151934688539,15.19370083,0.12329803
