objID,ra,dec
109110158509742854,15.851034963044338,0.9269492205253533
