objID,ra,dec
99030154447105420,15.444696799694494,-7.470831592994372
