objID,ra,dec
110730150551045308,15.055160770322862,2.279024898745217
