objID,ra,dec
102830151094473238,15.109505932103843,-4.3059967052223
