objID,ra,dec
107380157087954271,15.708914075887625,-0.5135280049963997
