objID,ra,dec
96060157460913070,15.746124715592137,-9.947777068243587
