objID,ra,dec
103310154002634207,15.400307639527126,-3.90515469334539
