objID,ra,dec
107400155175464787,15.517576297647322,-0.49642817043938076
