objID,ra,dec
107380154399432398,15.439977029173129,-0.5150422317622196
