objID,ra,dec
108710152467495770,15.246831562970524,0.5961072068159547
