objID,ra,dec
102570156840887748,15.684110847514571,-4.518829069525542
