objID,ra,dec
107550157705502362,15.77069629,-0.3732692
107550157705662730,15.770676312205861,-0.37314090773663017
107550157708812530,15.77090201,-0.37324409
