objID,ra,dec
107870155082925573,15.508324698977415,-0.10409394095377802
