objID,ra,dec
105000159564577421,15.956495397821401,-2.494224549290371
