objID,ra,dec
97960150163399132,15.016393734380138,-8.35944647877479
