objID,ra,dec
105240159081525210,15.908128387208325,-2.29612529285033
