objID,ra,dec
106970153279748692,15.327982208557037,-0.8514790664164398
