objID,ra,dec
110120152275647612,15.22761384257379,1.7726164993236198
