objID,ra,dec
111020158103546471,15.810414594843946,2.5217051541203657
