objID,ra,dec
100210150534598616,15.053440321614492,-6.4848575519080445
