objID,ra,dec
107180155764535493,15.57672229,-0.67907386
107180155767945388,15.576856774028942,-0.6792016922764278
