objID,ra,dec
107140153119388728,15.31195363,-0.70978295
107140153117348385,15.311854030021015,-0.7100274008356711
