objID,ra,dec
107400152831165280,15.283099937526398,-0.4959637759157566
