objID,ra,dec
107560155112844588,15.511344907992694,-0.3632677991175051
