objID,ra,dec
107100154517273979,15.451781695958541,-0.7470669543876196
107100154520304114,15.45204393,-0.74699537
