objID,ra,dec
101520154486881771,15.448689608955453,-5.398869921647914
