objID,ra,dec
110860156565783485,15.656619197723062,2.3859926284170645
110860156566013858,15.656626966606884,2.386038262471033
