objID,ra,dec
107900150106831523,15.010669699194889,-0.08244537431376611
