objID,ra,dec
104140158598955892,15.859964557188398,-3.2121466060920705
