objID,ra,dec
103360152512655430,15.251346535259803,-3.8625595363324536
