objID,ra,dec
107990153225956842,15.322653516088705,-0.00295203798369212
