objID,ra,dec
106880153543170574,15.354302819657493,-0.933265606666769
