objID,ra,dec
107470159750331496,15.975067585709217,-0.44074086139914714
