objID,ra,dec
104290159821753520,15.98198529,-3.08926105
104290159818453280,15.98183952230412,-3.0892799733974026
