objID,ra,dec
98320154306260969,15.430644716028334,-8.06623786618946
