objID,ra,dec
107070159556779907,15.955622222965145,-0.7669760598510167
