objID,ra,dec
107060153323294461,15.332351366757024,-0.7800007625548822
107060153323104061,15.33240845,-0.78025935
