objID,ra,dec
103100158038593015,15.803884936240996,-4.081272647632402
