objID,ra,dec
105930156508584632,15.650941,-1.72149452
