objID,ra,dec
95580154163244547,15.416350339977102,-10.346564379175593
