objID,ra,dec
109540156893935554,15.689368633251025,1.2875723888967616
