objID,ra,dec
111260154651705486,15.465205751473741,2.720822142796434
