objID,ra,dec
105520152288796673,15.228862622856546,-2.061514208770804
