objID,ra,dec
103130154454773483,15.445490382151888,-4.055786352812674
