objID,ra,dec
107120152223969290,15.22234312,-0.72615367
