objID,ra,dec
106090157029961597,15.70306234,-1.59074955
106090157028651916,15.702973352069153,-1.5904900402632964
