objID,ra,dec
109210159061864954,15.906183382193532,1.0120405048729024
