objID,ra,dec
98230157501538219,15.750165709585708,-8.135217664377016
