objID,ra,dec
105240157637471992,15.76386046394357,-2.2986912840267553
