objID,ra,dec
108050152019983053,15.202032362891385,0.04379593499284031
108050152022192840,15.20226146,0.04369652
