objID,ra,dec
102790150455381201,15.045629367117655,-4.341124313856027
