objID,ra,dec
111230150349885409,15.035048204527122,2.6957454906879144
