objID,ra,dec
107200158125171293,15.8126782234466,-0.6659935420652564
