objID,ra,dec
111830150357243536,15.035760731176467,3.1942118830526454
