objID,ra,dec
108400159346322307,15.934736016458809,0.3347716020542962
108400159349762270,15.93498855,0.33486564
