objID,ra,dec
106650159044527720,15.904526265115928,-1.118865560419527
106650159044598080,15.90450676310077,-1.11887330888449
