objID,ra,dec
107890157553178133,15.75532441,-0.08524104
