objID,ra,dec
99860153288288197,15.328873353038553,-6.776864632510595
