objID,ra,dec
95120155338169713,15.533868441785097,-10.725549953382098
