objID,ra,dec
97850154592674870,15.45924789,-8.45455035
97850154591405249,15.459175949984616,-8.454335278699906
