objID,ra,dec
109720152313462456,15.231385590143143,1.4349703260990154
