objID,ra,dec
106890153989525323,15.39880045,-0.92121983
106890153987104870,15.398724032498642,-0.9213360169858104
