objID,ra,dec
99180152371946348,15.237266878345595,-7.345023914915936
