objID,ra,dec
104030155745174436,15.574404847506853,-3.3049544170959213
104030155742154566,15.574317028634706,-3.3049166669268115
