objID,ra,dec
110020153945657824,15.394592760974238,1.6894342775885138
