objID,ra,dec
106350150102019205,15.01016420134375,-1.3676467635323557
