objID,ra,dec
106650151283826058,15.128371733265,-1.1203264297857596
