objID,ra,dec
95950152102669719,15.210278809458773,-10.033992573051615
