objID,ra,dec
109330157088100430,15.70879286,1.1083056
109330157090890656,15.709047761633604,1.1084440009572107
