objID,ra,dec
109460150926234738,15.092645472507488,1.2202312172969898
