objID,ra,dec
108540155140032191,15.514212113016761,0.4513740079843759
