objID,ra,dec
103550158403647410,15.840418095948904,-3.702507838813482
