objID,ra,dec
108910153715362924,15.37153666,0.7604075
108910153716033161,15.371732682957166,0.760483197515341
108910153717312853,15.37188899,0.760287
108910153718183110,15.371747681301434,0.7604757383484642
