objID,ra,dec
104070154551910416,15.455137241684165,-3.27504872013102
104070154548370380,15.45490781,-3.2750319
