objID,ra,dec
111190156939355815,15.693962591688361,2.6627745377641276
