objID,ra,dec
103090153489515131,15.348775163695812,-4.087681564932865
