objID,ra,dec
106410150833135335,15.083231,-1.321002
106410150831875009,15.083180378546556,-1.3212231739278382
