objID,ra,dec
97190158911592849,15.891156706029221,-9.00623384436095
