objID,ra,dec
108560159258892842,15.925947548605322,0.46856953660431105
