objID,ra,dec
109930152393519084,15.239376591552695,1.6155339042010632
