objID,ra,dec
109420159535575268,15.953685603071605,1.1873236770236382
109420159539145238,15.95392571,1.18733179
