objID,ra,dec
106740159394417677,15.93948248730457,-1.0440236232270483
