objID,ra,dec
104590158347015179,15.834923747194722,-2.8376883142145295
