objID,ra,dec
112080153874557579,15.387454050464552,3.406080800725489
