objID,ra,dec
99710159409563611,15.941018778531216,-6.905675063952661
