objID,ra,dec
105730156874475684,15.687468584655434,-1.8873473882413498
