objID,ra,dec
103670152463451050,15.246383,-3.60782813
103670152460211104,15.246100058864599,-3.607760718689474
