objID,ra,dec
100180156002231393,15.600213721291999,-6.5158467146856855
100180156000121635,15.600159114089589,-6.515786060624133
