objID,ra,dec
99500159874313619,15.987478951249033,-7.080651363297093
