objID,ra,dec
104930150156244322,15.0156299556144,-2.555093725082886
