objID,ra,dec
103030158316437345,15.83161484562286,-4.135892636269952
