objID,ra,dec
109260158416549793,15.841715922802841,1.0577910162710167
