objID,ra,dec
109610156568673340,15.656835900839909,1.3440470424511628
