objID,ra,dec
112320152708484128,15.270871415222146,3.6030412700430055
