objID,ra,dec
107900159419959648,15.941948419295702,-0.07560894880831512
