objID,ra,dec
96290153754404989,15.375388785949106,-9.75453063188585
