objID,ra,dec
98740151645526328,15.164598078697855,-7.71169795638006
