objID,ra,dec
112100154614015910,15.461395680900427,3.421238940944508
