objID,ra,dec
108870157151125576,15.715115748897926,0.7292982907272562
