objID,ra,dec
105930157461232064,15.746203430891137,-1.7235655718854355
