objID,ra,dec
99120159635613949,15.963601543205227,-7.397035493296342
