objID,ra,dec
108790155830932771,15.583012283500171,0.6601398371416944
108790155827782456,15.582977583542217,0.6601298391239087
