objID,ra,dec
106650150462696380,15.046291346144166,-1.1199632831941644
