objID,ra,dec
109480154634873453,15.4634772,1.23585028
109480154634303797,15.463422355099386,1.2361215603328994
