objID,ra,dec
104430155009158621,15.501108175665195,-2.9681206122637365
