objID,ra,dec
102140151540075007,15.154060852214565,-4.879515695527567
