objID,ra,dec
108270150747492408,15.074859610268835,0.22658989556435746
