objID,ra,dec
110630157684771296,15.76853833,2.1924199
