objID,ra,dec
103420154675915636,15.46758270804655,-3.812285785159018
