objID,ra,dec
102100150004552617,15.000455869174614,-4.914808386484439
