objID,ra,dec
107480155958666558,15.596014868986446,-0.4282566309648811
