objID,ra,dec
108840153283367649,15.328334835759446,0.705960760071872
