objID,ra,dec
108340151322721955,15.132323992453257,0.28449110297936003
