objID,ra,dec
111290158428504405,15.84288578329,2.744951874562915
