objID,ra,dec
107180155078060157,15.507843198653644,-0.6835743131048181
