objID,ra,dec
107830150686253463,15.068583164879001,-0.13913854708711398
