objID,ra,dec
110810153439922397,15.344032932779088,2.343257694813031
