objID,ra,dec
108940154105666406,15.41064133727263,0.7882482464330651
