objID,ra,dec
97820152422197074,15.242254711305703,-8.477766619104317
