objID,ra,dec
106460154421808308,15.442161999667633,-1.2768206855707573
