objID,ra,dec
98330156515032651,15.651507766300066,-8.056504945756016
