objID,ra,dec
107620154327509490,15.432712983202652,-0.30912676077793655
