objID,ra,dec
99420156228553989,15.622913438761511,-7.147071111682077
99420156225663881,15.62266356,-7.14717177
