objID,ra,dec
103560156152021786,15.61526586,-3.69891689
103560156151181460,15.615230444094117,-3.6991399236961335
