objID,ra,dec
100300153167236396,15.316642344207558,-6.411713401276134
