objID,ra,dec
111820154178216136,15.417830225475951,3.18803488968073
111820154175105701,15.41772026,3.18781342
