objID,ra,dec
106820159705934909,15.97068793,-0.97947537
106820159707435287,15.97081866743645,-0.9793311509148888
