objID,ra,dec
106520159587679342,15.958761860052,-1.2259413433197566
