objID,ra,dec
108500151386506337,15.138731435026026,0.4215931917199816
