objID,ra,dec
111150156275834055,15.627611061588375,2.6279460575223617
