objID,ra,dec
103500159150200526,15.915006963351031,-3.749870568845784
