objID,ra,dec
99200155782170477,15.578315881014,-7.33321510415153
