objID,ra,dec
103500155448661090,15.544934289626934,-3.7494058212533656
