objID,ra,dec
101180158426152289,15.842653630053562,-5.68182922898121
