objID,ra,dec
107190153620165791,15.362109465488565,-0.670519771688005
