objID,ra,dec
109220158322076345,15.832299985392588,1.021398123359712
