objID,ra,dec
103400157116090503,15.711694746648151,-3.8332668017171576
