objID,ra,dec
108350150860002737,15.08600122,0.29358175
108350150856813006,15.08579665996484,0.29378823255795156
