objID,ra,dec
103250150992584321,15.099225550738051,-3.955084422097633
