objID,ra,dec
103720158018135405,15.801878274936316,-3.5625114818122365
