objID,ra,dec
110580151990647729,15.19904727,2.1560611
110580151987777627,15.198860741012734,2.155923037963796
