objID,ra,dec
107180156443933403,15.644451561275266,-0.6809260030257875
