objID,ra,dec
108740154697831200,15.469787353555494,0.6174143688902721
108740154695681442,15.469794404686045,0.6174259719490931
