objID,ra,dec
107920154660236893,15.46604527834247,-0.06124763337924676
107920154658757298,15.46601151,-0.06102555
