objID,ra,dec
106920159905692311,15.990513136956347,-0.8982037835244299
