objID,ra,dec
108670156157534281,15.61567554188472,0.5615738231862992
