objID,ra,dec
109700151674671019,15.167472162187174,1.4172238771229302
