objID,ra,dec
103930158411477471,15.841185261633344,-3.385807978742867
