objID,ra,dec
109420158660297107,15.86604794775535,1.1888870404575893
