objID,ra,dec
108910153735144530,15.37356378925527,0.7616962413257973
