objID,ra,dec
98240154892773633,15.489289588595831,-8.130643199343899
