objID,ra,dec
103140154869689859,15.487086530297258,-4.042155314132181
