objID,ra,dec
98770153255746677,15.325620309564897,-7.686434132944756
