objID,ra,dec
108710153192690842,15.319273523558724,0.5919986857323777
