objID,ra,dec
111660157896358854,15.789658204402604,3.0568491864191127
