objID,ra,dec
99870151797977409,15.179839796638323,-6.769198819308196
