objID,ra,dec
111590156972576364,15.697347026647398,2.996516662670017
