objID,ra,dec
105430159158044622,15.915813833949674,-2.138201798629652
