objID,ra,dec
101390157557736263,15.755749151792823,-5.503430259624421
