objID,ra,dec
100780152558996628,15.255936623856844,-6.011526310641941
