objID,ra,dec
110710153286352302,15.328643940310274,2.2598512936158475
