objID,ra,dec
107970152494578349,15.249510161593111,-0.018350557832939714
