objID,ra,dec
107330153975116661,15.397496822766238,-0.5531823903847389
