objID,ra,dec
106600159699623894,15.969976350450699,-1.163787362665681
