objID,ra,dec
108880153601815077,15.360189511559668,0.7371628663578222
