objID,ra,dec
108030154214301372,15.421428987517,0.02579559898091581
