objID,ra,dec
110460150902445390,15.09028919048131,2.054044179480323
