objID,ra,dec
105220158166756641,15.816798207650976,-2.311562489108111
