objID,ra,dec
109340151682131361,15.16822943,1.11741002
109340151679941605,15.168075115699645,1.1176668374886276
