objID,ra,dec
105830154076823506,15.40764302896372,-1.805744184122536
