objID,ra,dec
105000159338470453,15.933887220843463,-2.4999749177360115
