objID,ra,dec
103420153863975379,15.386339196636225,-3.8126298201276314
