objID,ra,dec
106080153874881678,15.387513688556922,-1.5990303222782838
