objID,ra,dec
110090159452539569,15.94532452227387,1.749246868376676
