objID,ra,dec
106530158749340114,15.874965048464302,-1.2252427920169404
