objID,ra,dec
108270151350668069,15.135172876239977,0.23128775591994116
108270151353587900,15.13528005408687,0.23126994957281188
