objID,ra,dec
108350155463840988,15.54645074,0.29205246
108350155464840614,15.546714511666451,0.29163194957289357
