objID,ra,dec
98470150109869476,15.011019258845096,-7.9341087734484095
