objID,ra,dec
107870152131762905,15.213229694526115,-0.10623999986812517
