objID,ra,dec
108140156827150385,15.682679406175028,0.11648000402752978
108140156824390174,15.682612325725918,0.11646830202504127
