objID,ra,dec
108790159524312119,15.952430921379507,0.6597048746129013
