objID,ra,dec
103180156610418066,15.661204849818755,-4.010355895291118
