objID,ra,dec
110690159921290579,15.992149988843968,2.2417699645302362
