objID,ra,dec
106240155970729751,15.597192281672347,-1.4588334621098837
