objID,ra,dec
110390155515066486,15.55157730062607,1.996714296645887
