objID,ra,dec
108370154035811200,15.4036138888491,0.30890217523573255
