objID,ra,dec
98820155927258302,15.59274235107548,-7.6434773581589415
