objID,ra,dec
107290158313513191,15.83135283,-0.58939816
107290158312072888,15.831329601936483,-0.5896375014557144
