objID,ra,dec
101610159124593978,15.912412247844918,-5.322088809359648
