objID,ra,dec
107700158709888407,15.871006559861295,-0.24331453556538335
