objID,ra,dec
102680156294383807,15.629455208756148,-4.430528551801771
