objID,ra,dec
104980150689674105,15.069003913245027,-2.5136542409549842
