objID,ra,dec
108200155078888098,15.507834805373253,0.17282597609992445
108200155076827848,15.50775501925767,0.17279915660424758
