objID,ra,dec
106750159192083487,15.919268083598789,-1.0391181022774945
