objID,ra,dec
111910150094797472,15.009533994956355,3.2642194112976752
