objID,ra,dec
107760159437220100,15.94375301257399,-0.2002418675836687
