objID,ra,dec
100860152446281610,15.244659732091444,-5.94903598434718
