objID,ra,dec
106870153837390162,15.383762141594321,-0.9418339577410745
