objID,ra,dec
108310150782147654,15.0784599,0.26420696
108310150784567484,15.078459646624005,0.2642016522245254
