objID,ra,dec
109240155366070225,15.536637566488125,1.0331495711926064
