objID,ra,dec
104580156116536381,15.61152581,-2.84506764
104580156112936117,15.61131027400683,-2.845265254406382
