objID,ra,dec
106510154759325985,15.475934485097046,-1.237085440760436
