objID,ra,dec
106940157134713266,15.713533528251276,-0.8809915548250096
