objID,ra,dec
109330158888754510,15.8889384,1.11175042
109330158891724627,15.889035917533729,1.1117540628046483
