objID,ra,dec
109150156361742442,15.636197877539868,0.9599302762070511
