objID,ra,dec
105240151192007630,15.119210835700706,-2.293988912137835
