objID,ra,dec
99260153683770414,15.368498717198756,-7.283366214817224
