objID,ra,dec
110490155733436147,15.57338413588518,2.0797475693748946
