objID,ra,dec
107940159990582392,15.99891764307379,-0.04839498452103151
