objID,ra,dec
111390159885970345,15.988677834608104,2.824916471761273
