objID,ra,dec
111030152319578423,15.231954517102706,2.531644785038328
111030152318278828,15.23194305783211,2.531650439078027
