objID,ra,dec
111910150943521589,15.09442552594155,3.2592982705559606
