objID,ra,dec
107660157845991412,15.784686511402446,-0.2824946718465948
