objID,ra,dec
97690159403595029,15.940308938857369,-8.58781741322787
