objID,ra,dec
109780155626626350,15.562607327082294,1.4881979226812005
