objID,ra,dec
108750159988602201,15.998912566445973,0.6264454489459851
