objID,ra,dec
100450156808008112,15.68080745160637,-6.285318525556314
