objID,ra,dec
104440150886912446,15.088792528642903,-2.964926992282027
