objID,ra,dec
104110153437736869,15.343769572111558,-3.2361849429529466
104110153436207172,15.34366157,-3.23605369
