objID,ra,dec
103550151844138725,15.18447053385773,-3.7012943293981935
