objID,ra,dec
97960152796302389,15.2796606,-8.36494583
97960152793092089,15.279394894843097,-8.365094460579238
