objID,ra,dec
102350159866024696,15.986694594575859,-4.704792940670315
