objID,ra,dec
108670153636545514,15.363756983496934,0.5624924840577622
