objID,ra,dec
107980157022992661,15.702310856187339,-0.014772383267810588
