objID,ra,dec
108010154448518182,15.444910071483708,0.014747384077780595
