objID,ra,dec
103740157665979100,15.766727258822689,-3.5427014943154775
