objID,ra,dec
99680156790635094,15.679206334024261,-6.929441607959027
