objID,ra,dec
100490152093138091,15.209329907257892,-6.251957016441071
