objID,ra,dec
112060152020055994,15.202031538422204,3.3880299331030574
