objID,ra,dec
99270153372492678,15.337332198024772,-7.2731109455283365
