objID,ra,dec
110900156650131689,15.665034219876677,2.417732576458201
