objID,ra,dec
111830159595861325,15.959655692364676,3.1923980252708293
