objID,ra,dec
109480159674150335,15.967475874784336,1.2332447823523984
