objID,ra,dec
97490157512049577,15.751199304322936,-8.750703296766435
97490157510259198,15.75109984,-8.75088001
