objID,ra,dec
106490151733157544,15.173362429879559,-1.2523062891654615
