objID,ra,dec
108630155064418101,15.506458951297194,0.5313408007470756
