objID,ra,dec
110070152319976835,15.231893782125132,1.7303313270370386
110070152317447198,15.231901811474264,1.7304252696061138
