objID,ra,dec
107010159491846156,15.949307800183995,-0.8201663543036124
