objID,ra,dec
108560159975385119,15.99756509,0.4703259
108560159976844695,15.997611566611802,0.4702481374891698
