objID,ra,dec
99080158878672190,15.88795277643109,-7.431801200169776
