objID,ra,dec
107340157745845811,15.774718709960107,-0.545506847305396
