objID,ra,dec
102220155057753998,15.505850748582265,-4.813674219011098
