objID,ra,dec
111690152082042364,15.208233036646265,3.0765777829334406
