objID,ra,dec
105880159949908889,15.995031724548156,-1.7596044302569125
