objID,ra,dec
107600156803633600,15.680343420924583,-0.3306797715972389
107600156803283933,15.68038304,-0.33040999
