objID,ra,dec
109080151995722889,15.199625610103256,0.9018871451373514
