objID,ra,dec
112070154764102865,15.476445738481162,3.3936181353221486
