objID,ra,dec
102220159652899439,15.96525483401712,-4.809188516809576
