objID,ra,dec
107600153112817931,15.311248079838798,-0.3270593550161556
