objID,ra,dec
99710158628501434,15.86289289,-6.90750575
99710158627732019,15.862779839362219,-6.907300613320405
99710158625231652,15.862766601103111,-6.90730237573414
