objID,ra,dec
112220150787773235,15.078854608125283,3.5189678984185937
