objID,ra,dec
102730150803942448,15.080422254595536,-4.390011728000924
