objID,ra,dec
111270150621950747,15.06197758,2.72538868
111270150619210965,15.061941339771966,2.7253999792221952
