objID,ra,dec
108590153720582434,15.372051758577353,0.4933246741277851
