objID,ra,dec
105750150526911962,15.052735852402767,-1.873733770269355
