objID,ra,dec
107580157840246868,15.783979361220505,-0.34461124093261775
