objID,ra,dec
108570152593583047,15.259374674007296,0.47714032426065395
