objID,ra,dec
105360156033717141,15.603329117968972,-2.194471807769783
