objID,ra,dec
108580158165005618,15.816486405650782,0.4876911528328692
