objID,ra,dec
109020157922356917,15.79223458,0.85536136
