objID,ra,dec
96170156952739639,15.695280592341856,-9.850618390047561
