objID,ra,dec
103730158347167042,15.834709704006901,-3.5528223515986666
