objID,ra,dec
106410154886774279,15.4885666,-1.32167925
106410154886614673,15.488608515321088,-1.3216066316640247
