objID,ra,dec
110150156489915017,15.649125785975015,1.795528914046673
