objID,ra,dec
109660151067049792,15.106711857169705,1.3910871890013907
