objID,ra,dec
107420159900123261,15.990097458352238,-0.4809274097852034
