objID,ra,dec
103070150618668493,15.06177897080562,-4.101707677996507
