objID,ra,dec
103910150471141746,15.047111128274501,-3.4072532749112687
