objID,ra,dec
100640155775299981,15.577543588451531,-6.125375363619672
