objID,ra,dec
107680156035150187,15.603459556066126,-0.2669268599648324
