objID,ra,dec
100890156715573651,15.671524750775927,-5.922350106509856
