objID,ra,dec
111770158851476554,15.88520279140296,3.1466657650780956
