objID,ra,dec
110050155032115834,15.503252019099412,1.7128169303135914
