objID,ra,dec
107390154515119628,15.451384469106186,-0.5007768795967498
