objID,ra,dec
110430153994137861,15.39954484404914,2.031082630428401
