objID,ra,dec
109330154988348076,15.49891524,1.11466143
