objID,ra,dec
107190150408935996,15.040915083928828,-0.670423659263732
