objID,ra,dec
100250157016265406,15.70165513637013,-6.454241677631756
