objID,ra,dec
111590150902850672,15.0903019,2.99177785
