objID,ra,dec
101780157772934851,15.77733439095482,-5.179626317068588
