objID,ra,dec
109390152583422183,15.258374742978217,1.1596863680438199
