objID,ra,dec
96630151366028947,15.136650420996347,-9.467901868211944
