objID,ra,dec
107900154553518496,15.455384122803135,-0.07667002993498971
