objID,ra,dec
100360151930504307,15.193155027034301,-6.363419536597876
