objID,ra,dec
106700154296384901,15.429626314233857,-1.0796248315265984
