objID,ra,dec
95000156002399722,15.600236506900872,-10.825471480533436
