objID,ra,dec
108360151429582645,15.142950264717882,0.3018136774426202
