objID,ra,dec
106790153248023092,15.324929,-1.005966
106790153247823690,15.324763946126119,-1.0057968228510688
