objID,ra,dec
101770150779310589,15.077999687804812,-5.191486247763341
