objID,ra,dec
109030158815520411,15.881651698668376,0.8582417475289661
