objID,ra,dec
107860156761524578,15.676181792107593,-0.11322197651149188
