objID,ra,dec
110940156987809871,15.698808530379047,2.4578737036539526
