objID,ra,dec
99230151741771804,15.174214142903057,-7.307142861288766
