objID,ra,dec
111270159602904684,15.960393418298567,2.7284421631546034
