objID,ra,dec
108100157845517746,15.784509321061908,0.08940616784266664
