objID,ra,dec
98630152129741421,15.212940543125747,-7.807537907561147
