objID,ra,dec
100870156630162968,15.663007142019499,-5.939573604690374
