objID,ra,dec
106700159199083131,15.919947105935446,-1.0811710573566462
