objID,ra,dec
112280153140207976,15.314007000821245,3.5729410679355467
