objID,ra,dec
100750156452223716,15.645214502805327,-6.038985267922143
