objID,ra,dec
111120154567016230,15.456698078295828,2.6047164595450583
