objID,ra,dec
104980150107741683,15.010798924939605,-2.515708234725622
