objID,ra,dec
99500155116813034,15.511743059949458,-7.081097227207808
