objID,ra,dec
107870151683370017,15.16837836,-0.10866675
