objID,ra,dec
106760159510605919,15.951184519273196,-1.0287733568212636
