objID,ra,dec
103010153706774295,15.370717142760748,-4.155145385212572
