objID,ra,dec
108610154933676757,15.493388744607122,0.5135590517965498
