objID,ra,dec
107830154215434256,15.421596960071517,-0.13847861086583635
