objID,ra,dec
107270152807227202,15.280748415032711,-0.6027172781757472
