objID,ra,dec
107210159426453333,15.942691839437101,-0.6558699134435739
