objID,ra,dec
106820156852084271,15.685259480817672,-0.9801972702141084
