objID,ra,dec
100050153293942157,15.32938498,-6.623545
100050153291112162,15.329137554136198,-6.623554926914677
