objID,ra,dec
106390157808297450,15.780882184788808,-1.3358558891491883
106390157808977096,15.78091532,-1.33612809
