objID,ra,dec
103320154228386221,15.422935378573992,-3.895103778029595
