objID,ra,dec
100880155483903693,15.54845826022762,-5.930627929753772
