objID,ra,dec
109470154738985399,15.47390448,1.22910714
109470154742415284,15.47420574284993,1.2289828986600737
