objID,ra,dec
110730154271275484,15.427102645108464,2.2791710612147935
