objID,ra,dec
107220154152026517,15.41518676744102,-0.64492272763367
