objID,ra,dec
107180157620637198,15.762129854732294,-0.6777450870739842
