objID,ra,dec
108500150091708602,15.009138943308756,0.4233166890475913
