objID,ra,dec
99130151747948308,15.174838028449836,-7.385067072126959
