objID,ra,dec
102470159495116791,15.949582534100033,-4.603000689773577
