objID,ra,dec
101990158103590101,15.810421051718091,-5.008685615992749
101980158105669849,15.810418320505981,-5.008694194020718
