objID,ra,dec
103220154072112030,15.407296683405853,-3.9820150458533563
