objID,ra,dec
104560154307694811,15.430846214597036,-2.8630557208112655
