objID,ra,dec
108410152267417499,15.226771863531676,0.34758794906925844
