objID,ra,dec
107560158065522304,15.806638119965207,-0.36506400245118187
