objID,ra,dec
107390150939794280,15.093974534584216,-0.5051129289391029
