objID,ra,dec
99300156859395775,15.685992805044075,-7.245491868917455
