objID,ra,dec
107520152231551069,15.223145000753554,-0.3994714008483653
