objID,ra,dec
108220154552660837,15.455206722332901,0.1836515086469576
