objID,ra,dec
105180153093625345,15.30934513,-2.34594874
