objID,ra,dec
108570158620716762,15.862103996840485,0.48025516073294705
