objID,ra,dec
112150154178089978,15.417807028252552,3.4662454884590814
