objID,ra,dec
105960157598266954,15.759871719258731,-1.6945982798991428
