objID,ra,dec
112240157055805027,15.705656842581226,3.537119895103661
