objID,ra,dec
102960154455393686,15.44563281902331,-4.1973241975553455
