objID,ra,dec
107840158973493138,15.89749423,-0.13102689
