objID,ra,dec
108780154105124976,15.410539016989388,0.6537078090245521
