objID,ra,dec
105200151073514758,15.10734690541636,-2.3296943384015294
