objID,ra,dec
102090153345342876,15.334557450383558,-4.923074491997175
