objID,ra,dec
108220153514385427,15.351496161573175,0.1874677855764063
