objID,ra,dec
106950157244094618,15.724466721644294,-0.8715237269177957
