objID,ra,dec
108080156321541779,15.632189122820849,0.06774837631933665
