objID,ra,dec
109570158483972057,15.848422899485376,1.3097170547329973
