objID,ra,dec
100010158562366532,15.856209935985202,-6.65324016776922
