objID,ra,dec
111150154206641371,15.420734897112967,2.6256768819319145
