objID,ra,dec
110490151541292075,15.154133028957663,2.0763476830849963
