objID,ra,dec
107640158858898230,15.885965682954414,-0.2934463888454974
107640158861278409,15.88614826,-0.29329513
