objID,ra,dec
108140157823832714,15.782333786155702,0.11845419830161252
