objID,ra,dec
108860156244604953,15.624428689254707,0.7203040538045256
