objID,ra,dec
107940156922137166,15.692125256675272,-0.044391852326079125
