objID,ra,dec
106510150962727598,15.096122214766783,-1.2356807838056691
