objID,ra,dec
101350158229799727,15.822990135510402,-5.533940042842832
