objID,ra,dec
96340150425809104,15.042645172264425,-9.709384957889338
