objID,ra,dec
111000156115682739,15.611690879769043,2.5018447590267394
