objID,ra,dec
109940150494050841,15.049440552608903,1.6169646843484209
