objID,ra,dec
105420155008888415,15.500905762838022,-2.143329827969572
