objID,ra,dec
103250150544326127,15.054428469155072,-3.953570523466742
