objID,ra,dec
107410152858965875,15.285892859140354,-0.48711302064350864
