objID,ra,dec
105200150788764081,15.078877082300098,-2.330324966046787
