objID,ra,dec
105870155542880683,15.55431443,-1.77481902
