objID,ra,dec
105800153903910872,15.390410512807563,-1.8329758154529303
