objID,ra,dec
105480150714867641,15.07149093852261,-2.0940063361249184
