objID,ra,dec
102180159483977913,15.948464662918045,-4.843771207500634
