objID,ra,dec
107320152151145641,15.215195624803558,-0.5624014025655034
