objID,ra,dec
109390156791322425,15.679113175685982,1.1599648818222135
