objID,ra,dec
111770155144100089,15.514457188805938,3.1413374842889032
