objID,ra,dec
104890155273848493,15.52737969,-2.58493363
104890155271938772,15.527204436575383,-2.584740561345894
