objID,ra,dec
106870154383287519,15.438263071493198,-0.9357964406169099
