objID,ra,dec
107220155873556445,15.587395010747981,-0.6450064291398595
