objID,ra,dec
102330159742271787,15.97427516917675,-4.723856431341816
