objID,ra,dec
110470151675888653,15.167541804827868,2.0651253619393355
