objID,ra,dec
111210154066337979,15.406681568294674,2.681217700542078
111210154064978280,15.40657165,2.68143247
