objID,ra,dec
107790158981402846,15.898145384987975,-0.17296497556313403
