objID,ra,dec
111140158170688732,15.817062560227644,2.62355192988585
