objID,ra,dec
108110155218285459,15.521861645430878,0.09581097375467248
