objID,ra,dec
101160156527056546,15.65272625794313,-5.695005618493584
