objID,ra,dec
108080156951866976,15.695172913695014,0.07206763806572107
