objID,ra,dec
100950159022684701,15.90229515691018,-5.871436171346107
