objID,ra,dec
109840154713089341,15.47134825,1.54072896
109840154717049549,15.47168042,1.54091016
