objID,ra,dec
103360158169267856,15.81713288,-3.86021274
103360158172678120,15.81729468,-3.86024615
