objID,ra,dec
108580158289117651,15.828947763718196,0.48932349531226216
