objID,ra,dec
102930156432965545,15.643257454559379,-4.220781272210297
