objID,ra,dec
108270150390788990,15.039109063331077,0.23211731773296712
