objID,ra,dec
99070159551508611,15.95519858989509,-7.434781155044081
