objID,ra,dec
109280158133364438,15.813384259519852,1.069944398001958
