objID,ra,dec
112080159856657183,15.985797390549578,3.405604699084825
