objID,ra,dec
107780159027807159,15.902781567545107,-0.1776211773354095
107780159029427554,15.90292072,-0.17740206
