objID,ra,dec
107360152349806627,15.234980941278824,-0.5282619274977912
