objID,ra,dec
106080154345722682,15.434612700841152,-1.5981148235133427
