objID,ra,dec
109290159346412223,15.934705016198004,1.076427178590564
