objID,ra,dec
95590151046394465,15.10465943355241,-10.338340657463942
