objID,ra,dec
106690156843240977,15.684403086020502,-1.091135850766794
