objID,ra,dec
110740158214497036,15.82152345,2.28882801
110740158212997361,15.821371238876935,2.289093452593637
