objID,ra,dec
97300152943409607,15.294400734258964,-8.909013435873453
