objID,ra,dec
111020156963203204,15.696365630991455,2.5189058434565155
