objID,ra,dec
108050152054778771,15.205532866687502,0.04865797907537127
