objID,ra,dec
112240152174495958,15.217466152935987,3.5379906501855896
