objID,ra,dec
107880158586504797,15.85863728153954,-0.09635831405793001
