objID,ra,dec
107160154488698125,15.448908466328234,-0.6935916550441882
