objID,ra,dec
110680150353781429,15.03542876,2.23408744
110680150356221144,15.035596282362466,2.233907508406533
