objID,ra,dec
97480152237029866,15.22360948,-8.7587005
97490152237780198,15.223723790617088,-8.75857257547575
