objID,ra,dec
109060150056853848,15.005694860384805,0.8861212795800111
