objID,ra,dec
110430152739064665,15.273939457552242,2.028520206476196
