objID,ra,dec
107380153603022274,15.36045904,-0.51490158
107380153605272551,15.360498419399972,-0.5148809380133883
