objID,ra,dec
107360155269643555,15.526983617535619,-0.5307835852485975
