objID,ra,dec
99560159105330365,15.91056501773624,-7.033357599852862
