objID,ra,dec
106980159023704336,15.902454210585327,-0.8467396953159781
