objID,ra,dec
112030158439244364,15.84396728400096,3.3615970100209114
