objID,ra,dec
111350150961836479,15.096193572923019,2.7966748934064842
