objID,ra,dec
110050158341185914,15.834096166007663,1.7129861410720675
110050158339406237,15.834113571155385,1.7131205007616785
