objID,ra,dec
108080156085441715,15.6085908827493,0.06778992482492267
