objID,ra,dec
110260152324066562,15.232480847392901,1.888387761008386
