objID,ra,dec
106760157342371539,15.734529060406073,-1.0323661935551223
