objID,ra,dec
109660153853379756,15.385351784292588,1.3910356560880024
