objID,ra,dec
111240156561822962,15.656216568896571,2.7020380195594673
