objID,ra,dec
106480154526628904,15.452619445675616,-1.259586128260803
106480154523278991,15.45243778,-1.25946639
