objID,ra,dec
104330151937040205,15.19360654758217,-3.058608196713658
