objID,ra,dec
105040159632594286,15.963304914939926,-2.463375760445434
