objID,ra,dec
111850151432441325,15.14325856,3.20904985
111850151431930768,15.143042288953476,3.2087778115749686
111850151430041145,15.14304748,3.20884575
