objID,ra,dec
111480154153833667,15.415395224015766,2.9026719815549797
