objID,ra,dec
108060157569756702,15.756925267065883,0.05524937981586428
