objID,ra,dec
106670158675503258,15.867733424675302,-1.1058163141478317
106670158677903528,15.867858795110775,-1.1056912206217808
