objID,ra,dec
107040155963143996,15.596366449201355,-0.797094010656499
