objID,ra,dec
109390155779449302,15.57769055,1.16564553
109390155776199250,15.577631570011034,1.1656526827695777
