objID,ra,dec
111050153229687295,15.322984872585284,2.547381394612051
