objID,ra,dec
107700153800598258,15.380000294406305,-0.24345994441496488
107700153797548291,15.37979297,-0.24345629
