objID,ra,dec
106640150533603786,15.05340962,-1.13044408
106640150536173963,15.053640351875957,-1.1303709218464386
