objID,ra,dec
109720156556428104,15.655640685282425,1.439668785895885
