objID,ra,dec
102380158465147628,15.84651504529627,-4.677333499185826
