objID,ra,dec
100650151599803531,15.160014697151103,-6.1224127553481855
