objID,ra,dec
100570151034866284,15.103438207523102,-6.186816731934344
