objID,ra,dec
109150157448726222,15.744909958497901,0.9632412031651219
