objID,ra,dec
102460154524367608,15.452556373753326,-4.610849868637948
