objID,ra,dec
107550153883514995,15.38834475,-0.37120134
107550153881055161,15.388098212237006,-0.37108959415520604
