objID,ra,dec
110760159024376918,15.902504347117503,2.305391227899175
