objID,ra,dec
106380158451131886,15.845045541812505,-1.3488972704620226
