objID,ra,dec
106860151259457469,15.126047755740112,-0.9440982365551001
