objID,ra,dec
105590156168231273,15.616815877416496,-2.007669920941452
105590156170861440,15.61700727,-2.00746948
