objID,ra,dec
108560154567948329,15.456979018183905,0.4732912579643285
108560154570678220,15.457028469516962,0.47319250703357285
108560154571458569,15.457117795031046,0.4734204073058551
