objID,ra,dec
107320159956421886,15.995754159199748,-0.5652624972161416
107320159957632358,15.995781704892524,-0.5652333139710084
