objID,ra,dec
108930154481670511,15.448149362333119,0.7750151529017211
