objID,ra,dec
102410150064261741,15.006520626470383,-4.657292999267963
