objID,ra,dec
110130155899402528,15.590020232152712,1.776737532630263
