objID,ra,dec
109360157310068737,15.731000730616268,1.140225522668557
