objID,ra,dec
105290157385094999,15.738530447125056,-2.2543588412018263
105290157384335534,15.73850179,-2.25432376
105290157382395259,15.73827906,-2.25432201
