objID,ra,dec
104960151825279320,15.182526771435954,-2.5258747110425506
