objID,ra,dec
107350151251525665,15.125270272597323,-0.5374916001574583
