objID,ra,dec
109120163629761634,16.3629400031912,0.9342863505918071
109120163632441458,16.3631892,0.93415173
