objID,ra,dec
101280163943239668,16.394364005500666,-5.592314837745763
