objID,ra,dec
108820167754680322,16.77549809624256,0.6832233850528647
