objID,ra,dec
97000164199170602,16.419920556802253,-9.166465568136445
