objID,ra,dec
109300166635531904,16.663619301392913,1.0845058124955402
