objID,ra,dec
107190167823299249,16.78242044501785,-0.6676210809694938
