objID,ra,dec
97470165821704829,16.582201789691087,-8.771320476295573
