objID,ra,dec
109270168247731433,16.82477282,1.05915877
109270168250381669,16.82499680563042,1.059289577058848
