objID,ra,dec
106960163762625227,16.376279875369168,-0.8626434220881978
