objID,ra,dec
110980162442128775,16.24412037218703,2.4901424951530875
