objID,ra,dec
101870160939949857,16.09397245150897,-5.100493280226762
