objID,ra,dec
109240167177341521,16.71788610543068,1.0343158091383586
109240167180102025,16.717902661420258,1.0343210930525908
109240167181081611,16.71814948,1.03425735
