objID,ra,dec
102880168583108761,16.858344899443935,-4.259730311708923
