objID,ra,dec
96920164637308688,16.463727260735038,-9.226383116411297
