objID,ra,dec
105590165796565991,16.579703698796177,-2.0036959483290313
