objID,ra,dec
107600167960364219,16.79604535808375,-0.33022874682942704
