objID,ra,dec
107050168689063379,16.86886238,-0.78927812
107050168685763235,16.868645783183332,-0.789318072600566
