objID,ra,dec
111360164731578230,16.473209420948102,2.8065459183900603
