objID,ra,dec
104650161157693260,16.115838924234268,-2.7892799475778016
