objID,ra,dec
100430163813881959,16.38133987,-6.30696769
100430163811842197,16.381344179219358,-6.306976902061308
