objID,ra,dec
107970163877527899,16.38782853,-0.01877802
107970163880787876,16.38807386035367,-0.018870198975186117
