objID,ra,dec
105510168921586664,16.892214537941733,-2.0698638816102495
