objID,ra,dec
109810166356920845,16.63573405728965,1.5086863694580188
