objID,ra,dec
111980165718143809,16.571865942828907,3.319457250388383
