objID,ra,dec
108910165659545291,16.565938899857592,0.7623011758753107
