objID,ra,dec
102810167344812728,16.734561926012063,-4.32311023299872
