objID,ra,dec
109310167835070767,16.783560511987034,1.0918729807108993
109310167840410727,16.7837842,1.0919179
