objID,ra,dec
94850163606007454,16.360669288161965,-10.952477221642011
