objID,ra,dec
107770169066129412,16.906646920679012,-0.1842163048103687
107770169066049748,16.90658294,-0.18395128
