objID,ra,dec
111570160719967180,16.07202895617797,2.9805609018187478
