objID,ra,dec
98480161166772310,16.116702655191656,-7.931739192602908
