objID,ra,dec
109470169884146443,16.988429729805627,1.2299691734830338
