objID,ra,dec
100510168768487211,16.876923892552785,-6.23598590260457
