objID,ra,dec
108260166170658926,16.61712070111099,0.2237557654499223
