objID,ra,dec
103920163788221081,16.378694481002015,-3.3993813333665086
