objID,ra,dec
111210161069459403,16.106938330172554,2.6824137564135246
