objID,ra,dec
103310161212642609,16.12114018584701,-3.9065414630811532
