objID,ra,dec
107520164641902568,16.464279315212202,-0.3982151132319049
