objID,ra,dec
95580166452883848,16.64535852637593,-10.347183790180697
