objID,ra,dec
111230163172972506,16.317276590460008,2.6934405000963086
