objID,ra,dec
107910160434470141,16.043461040253,-0.07522906717085416
