objID,ra,dec
101720164358753583,16.435917116573393,-5.230730349064799
