objID,ra,dec
108720165541601061,16.554187950114965,0.600479911725928
