objID,ra,dec
106570163909832296,16.391030801040568,-1.1901292596474804
