objID,ra,dec
104150168597659129,16.859813259791366,-3.2011175357887796
