objID,ra,dec
107900162619639113,16.262053165306515,-0.07619693034126988
107900162622178739,16.26221764,-0.07642302
