objID,ra,dec
107390166353196502,16.635346805528446,-0.5032781722354267
