objID,ra,dec
106190167967556082,16.796781964170552,-1.503611758012078
