objID,ra,dec
109200164117880059,16.4118082901519,0.9996651519572958
