objID,ra,dec
111440163930366480,16.393042231406888,2.8717091854980206
