objID,ra,dec
107690169444509676,16.944418866961367,-0.2507066993670248
107700169445210054,16.94443659,-0.25044843
