objID,ra,dec
107170160158234351,16.015857570369068,-0.6883838812226731
