objID,ra,dec
108790166778858358,16.67792591415061,0.6649467552251216
