objID,ra,dec
106590167995822557,16.79957848,-1.17322437
106590167998232747,16.799790095820388,-1.173078913905816
