objID,ra,dec
106590165711242752,16.57117601688598,-1.1730877144856569
