objID,ra,dec
100210161863572830,16.18630854057252,-6.489658056280323
100210161860702821,16.18617089436191,-6.489684119043443
100210161858372417,16.18597429,-6.48989357
