objID,ra,dec
110130161200085977,16.12000385,1.77961878
110130161197336128,16.119768684431808,1.7797534924922844
