objID,ra,dec
109320168435111926,16.84349299165734,1.1011996452855835
