objID,ra,dec
111270163683821457,16.368365651998893,2.7258353162134155
