objID,ra,dec
105760161578892855,16.157875535354606,-1.8647200108746709
