objID,ra,dec
95160166641609015,16.664185295641172,-10.69292169457915
