objID,ra,dec
107550163838590490,16.383981066604065,-0.37491971716459616
