objID,ra,dec
108650161664447383,16.166470412770902,0.5474363371312998
