objID,ra,dec
108070161392115182,16.139283244882108,0.062065496953837944
