objID,ra,dec
108510167456848781,16.74559252,0.43206643
108510167455089228,16.74556622977441,0.43232600617738076
