objID,ra,dec
108840167695998741,16.769621716540602,0.7069193085980169
