objID,ra,dec
109350160342936566,16.034287815492913,1.1301031277549412
