objID,ra,dec
111300165244377903,16.524497161545707,2.756187616742197
