objID,ra,dec
106500167468526066,16.74682528246027,-1.2453341220698217
