objID,ra,dec
109340165968751001,16.596936335947966,1.1170814675792164
