objID,ra,dec
111590165609439788,16.561012490754308,2.999418504849761
