objID,ra,dec
110060167683461794,16.76833531990621,1.717771053626188
