objID,ra,dec
107530160731061581,16.073196061633222,-0.3907198859160884
