objID,ra,dec
100680164106559215,16.41065429,-6.09268041
100680164105439524,16.410548750047184,-6.092430669229478
