objID,ra,dec
100190166374723958,16.63745094,-6.50536019
100190166372113770,16.63727625181576,-6.505539368850405
