objID,ra,dec
107680161143492330,16.11432812300765,-0.26507563715252624
