objID,ra,dec
99550161350055154,16.135029874319454,-7.037685593297838
