objID,ra,dec
100660163227778234,16.322743657820258,-6.110186479064748
