objID,ra,dec
102960169830285360,16.983001834190702,-4.195898253567419
