objID,ra,dec
105140167235063267,16.723518153855135,-2.381059763795049
