objID,ra,dec
108700161425532223,16.142556492552472,0.5848034197913473
