objID,ra,dec
96170162517325573,16.251763589862993,-9.853972156233482
96170162514535667,16.25147863,-9.85393884
