objID,ra,dec
108510161247572293,16.1247131,0.42646542
