objID,ra,dec
107340165219061491,16.521947378153346,-0.5490958892204384
107340165221471201,16.5221021,-0.5493556
