objID,ra,dec
109020161399776755,16.13995565308413,0.8551985630781339
