objID,ra,dec
107110162899820144,16.290011422098157,-0.7419141044194693
