objID,ra,dec
107430161534971260,16.153523515349313,-0.47434706989527214
