objID,ra,dec
95850165406254570,16.5408608382408,-10.121451761661703
