objID,ra,dec
110160163060311555,16.306070641175992,1.800974019003017
110160163059691880,16.30608295,1.80098932
