objID,ra,dec
102610160280458154,16.027917862271025,-4.485175449152319
102610160278398415,16.027900063493952,-4.485181671573637
