objID,ra,dec
108340165505172080,16.550569352841364,0.2847005018952465
