objID,ra,dec
109280168454400542,16.845432489202537,1.066719627886138
