objID,ra,dec
102850168303024132,16.83044068354366,-4.288597479597189
