objID,ra,dec
105000167354698277,16.73545181,-2.4934613
105000167354018633,16.735429140429158,-2.4931996431172725
