objID,ra,dec
107080163856414933,16.385633901795607,-0.7628364283283802
107080163855665265,16.385621485604307,-0.7628116169707972
