objID,ra,dec
108380161131337666,16.113124151158967,0.322645288193971
