objID,ra,dec
96940163968165889,16.396817660053372,-9.212062543575408
