objID,ra,dec
109620160569413862,16.056916956560027,1.352831932505635
