objID,ra,dec
108080167949312933,16.794966810709333,0.06870300342900719
