objID,ra,dec
104220167544749745,16.75447542,-3.14198356
104230167546440209,16.754676001225018,-3.1418135127934033
