objID,ra,dec
94910169615193343,16.961585569219473,-10.905878488838058
