objID,ra,dec
109260164261061609,16.42610783,1.05097041
109260164260011943,16.42602555894767,1.0512204568759038
