objID,ra,dec
103850166984227177,16.69847825882935,-3.452761330535483
