objID,ra,dec
105960166036494735,16.60368194265511,-1.6964436894787684
