objID,ra,dec
111740160284206794,16.028491467514442,3.121927721764145
