objID,ra,dec
105020167220441546,16.722083807167493,-2.482457837018508
