objID,ra,dec
99630167813695921,16.781446269378225,-6.970433627085643
