objID,ra,dec
106300163061993026,16.30621898252919,-1.4145048709230745
