objID,ra,dec
109040166200190551,16.620093940464645,0.86683006477486
109040166201630911,16.62023385,0.86704242
