objID,ra,dec
109700168488187548,16.84880887862932,1.422545671740529
109700168485257659,16.84858403,1.42263954
