objID,ra,dec
106530164871624789,16.487148379318576,-1.2213986689128673
