objID,ra,dec
106650169538989565,16.95397346115194,-1.11735701041046
