objID,ra,dec
108170168617436982,16.861725769167897,0.1471315880555776
