objID,ra,dec
108410165975634730,16.597724060157162,0.34539958511672797
108410165976685130,16.597727471348552,0.3454275719844744
