objID,ra,dec
103300160857689972,16.085748668391453,-3.908750528158058
