objID,ra,dec
111200169647820135,16.9647816753767,2.6664310595504412
