objID,ra,dec
108670166832535144,16.683158,0.562189
108670166829385272,16.6830328920231,0.5623569751757225
