objID,ra,dec
108000162284128932,16.228559652786565,0.00699572129901811
