objID,ra,dec
106600165275571877,16.527641010294506,-1.1656010729477606
