objID,ra,dec
105330162179658754,16.21797127,-2.21806427
105330162177518976,16.217686460344183,-2.2179473175235196
