objID,ra,dec
103120168221767493,16.822202788377325,-4.060857452353573
