objID,ra,dec
107020160072414753,16.007260975827077,-0.8130602289465028
