objID,ra,dec
108490163800938011,16.38015851898143,0.4146868532368038
