objID,ra,dec
95880168826495150,16.88255249,-10.09593025
95880168823024999,16.8823524243877,-10.096106960728154
