objID,ra,dec
107920165328290407,16.5328467857118,-0.06666323974725759
