objID,ra,dec
108250164862920183,16.48630892792528,0.20810075362254216
