objID,ra,dec
103680163148288522,16.314895338127858,-3.593181884353063
