objID,ra,dec
106240162551446777,16.255092030334364,-1.4613840042859594
