objID,ra,dec
111200160597906000,16.059767562590952,2.6712903406086888
