objID,ra,dec
109380166646433769,16.66468557901362,1.1527294502375998
