objID,ra,dec
101800163128533849,16.312827664638547,-5.1638342364707155
