objID,ra,dec
103690168359292434,16.83601823788778,-3.5901007157611593
