objID,ra,dec
106780169532513558,16.95326405,-1.01405851
