objID,ra,dec
108050162074933263,16.207572069925067,0.043936763594356165
