objID,ra,dec
106150163328989571,16.332934030477368,-1.534014665663486
106150163333259509,16.33328578065135,-1.5340908303437066
