objID,ra,dec
99470165894002211,16.589476085139857,-7.106862885307117
