objID,ra,dec
105480167988402743,16.798925854498737,-2.098046282263791
