objID,ra,dec
107720169712368742,16.97108279659311,-0.2264475523145701
