objID,ra,dec
111390165160552927,16.516069151514124,2.827041368078395
