objID,ra,dec
108950166821355004,16.682187782115125,0.7954267843298669
