objID,ra,dec
108920162535973989,16.253566738019476,0.7696134409351177
