objID,ra,dec
110650169439315293,16.943969016221732,2.212374496962443
