objID,ra,dec
109300168223999036,16.822443594835015,1.0904370232336968
