objID,ra,dec
108840169642281544,16.964327212389623,0.7009093088180945
