objID,ra,dec
108290161783312831,16.178126187563105,0.24359755499134003
108290161779762422,16.17802185,0.24333937
108290161777882753,16.177938516584845,0.24357804199925862
