objID,ra,dec
106210163053856566,16.30541022,-1.48655123
106210163051966882,16.305319889500748,-1.4862393602552701
