objID,ra,dec
107430169685468296,16.96853050870299,-0.46845679503523685
