objID,ra,dec
107410162442205013,16.24433584775438,-0.4879161763212284
