objID,ra,dec
106670169873305660,16.98735537831664,-1.1039481026280358
