objID,ra,dec
107740164333166043,16.43337648610718,-0.21200089710852957
107740164334225727,16.43346873753742,-0.21218050429351304
