objID,ra,dec
109750169761159551,16.976091493618473,1.4659313064599588
