objID,ra,dec
95660166053533555,16.60542336390986,-10.280677708975027
