objID,ra,dec
104040163352449346,16.33527016514109,-3.292703572789166
104040163351749015,16.33524649807286,-3.29279587821453
