objID,ra,dec
98000169956459798,16.995665730580704,-8.325499386357748
