objID,ra,dec
96990164981046428,16.498105154582813,-9.169941071628507
