objID,ra,dec
99040161963130535,16.19658236917953,-7.466630982845062
