objID,ra,dec
108660163604784190,16.36049404124461,0.5531084056469818
108660163606363846,16.3605683,0.55283677
