objID,ra,dec
111000169101731297,16.910218122593186,2.5006851582736584
