objID,ra,dec
106850160965101968,16.096560015569686,-0.9570689652664173
