objID,ra,dec
105910163733797705,16.37321698141244,-1.7354197543636676
