objID,ra,dec
107580164510548747,16.451119778625493,-0.3430588036634666
