objID,ra,dec
96750168486143230,16.848652757180336,-9.372650208324982
