objID,ra,dec
110090163318499252,16.331876940967547,1.7490226697465476
