objID,ra,dec
108630166623815151,16.662430207135127,0.5289308847737094
