objID,ra,dec
109990169860191881,16.98602482,1.65954767
109990169857271828,16.985752086428686,1.6595757329049883
