objID,ra,dec
109400166292794024,16.62927449466868,1.1695959066413155
