objID,ra,dec
102080166466630787,16.646738699324167,-4.933080139977836
