objID,ra,dec
108570169625886098,16.96256816095538,0.4797057889083178
