objID,ra,dec
108500167436410319,16.743680945015413,0.41658821271294577
