objID,ra,dec
106000165521096897,16.55218553774728,-1.661227840058873
