objID,ra,dec
107250161839955676,16.18402536547652,-0.6207154547947521
