objID,ra,dec
100220169183708753,16.918479421105896,-6.47639619612037
