objID,ra,dec
106980165747241710,16.574736037291622,-0.84898311335607
