objID,ra,dec
108260167215755200,16.72160536,0.22065934
