objID,ra,dec
109970163481341796,16.348161525253968,1.6427824997081317
109970163478892093,16.34814034931542,1.6427724551187977
