objID,ra,dec
111800160082633884,16.00829837914958,3.1695126033020595
