objID,ra,dec
102290161196263405,16.119550582804937,-4.755898982390922
