objID,ra,dec
108330164826245079,16.482681953409344,0.27880470014396425
