objID,ra,dec
106070165184527509,16.51830145,-1.60251257
