objID,ra,dec
107060164299568356,16.429984265427002,-0.7767103616445612
