objID,ra,dec
99520163949660032,16.39499115562986,-7.067055318850418
