objID,ra,dec
108160165994096847,16.59940844971143,0.13871555103599936
