objID,ra,dec
111210166575671692,16.6575554,2.67604207
111210166574712024,16.657486358607883,2.676296020229799
