objID,ra,dec
103820166829101273,16.68317236343968,-3.482594654059083
