objID,ra,dec
107810162591366912,16.25938067,-0.15300233
107810162594037044,16.259511634257073,-0.15285831800748814
