objID,ra,dec
102640169421398323,16.94202774,-4.45995485
102640169419228592,16.941980543689635,-4.459889077931313
