objID,ra,dec
102890165788534585,16.578995067803852,-4.255024141146492
