objID,ra,dec
106720168854715415,16.88549411799719,-1.0625230944692283
