objID,ra,dec
98800169522857716,16.95234269459418,-7.660580289252722
