objID,ra,dec
106890165544429247,16.5545039885142,-0.917737683172448
