objID,ra,dec
103780166834058905,16.683465403723506,-3.5096389077691015
