objID,ra,dec
106560162784212216,16.278366791135536,-1.198511092726135
