objID,ra,dec
107950162475798779,16.24777079468389,-0.03475842424546406
107950162479108635,16.24799018,-0.03491058
