objID,ra,dec
106540165381773129,16.53821215108912,-1.214452324855611
