objID,ra,dec
106960162576393878,16.257688484631935,-0.8637616644081093
