objID,ra,dec
110720162335063647,16.233708196585706,2.2692820112088685
