objID,ra,dec
103370163493398375,16.349423432667514,-3.851825826077318
