objID,ra,dec
106600168012020320,16.801261836718403,-1.1667646736080062
