objID,ra,dec
102200161236913061,16.123718985920178,-4.831299011965275
