objID,ra,dec
105770163486793517,16.348708700470386,-1.8556954833779598
