objID,ra,dec
104570163241048686,16.32411064020166,-2.8514219072297013
