objID,ra,dec
110090163126766027,16.31251547128892,1.7463970500963617
110090163123576145,16.312407043740944,1.74640800757702
