objID,ra,dec
100000162713042524,16.271375860102328,-6.664896509498667
