objID,ra,dec
108610169759228560,16.975863492435277,0.5151301054497774
