objID,ra,dec
102370162411577597,16.24117419971496,-4.685646784796008
