objID,ra,dec
109090165485977279,16.548653244094403,0.9140272264144816
