objID,ra,dec
106620169310020520,16.93110860830274,-1.149924897799991
