objID,ra,dec
97080163106757224,16.310701952771126,-9.094328187415455
