objID,ra,dec
104700167336325077,16.733796737771872,-2.7461032635834712
