objID,ra,dec
98130169742471700,16.974312981255544,-8.223920967555635
