objID,ra,dec
101180169832240750,16.983119277647447,-5.682960323978295
101180169829850937,16.983082918390522,-5.682948795361643
