objID,ra,dec
103700166997065652,16.6997642387671,-3.579007027183973
