objID,ra,dec
99650164649303697,16.4651629791685,-6.9556069865891095
