objID,ra,dec
109660169459279799,16.945935585559344,1.3910844916691618
