objID,ra,dec
104050162462195543,16.24632237195676,-3.2874311754998744
