objID,ra,dec
109520166797448174,16.679760591803333,1.273074634557995
