objID,ra,dec
106960164295361598,16.42969142951637,-0.8655771071772971
106960164297891460,16.42979454,-0.86581264
