objID,ra,dec
111770161479677674,16.147993090350607,3.14761547100663
