objID,ra,dec
106700168540490060,16.85408620032159,-1.083679000390032
