objID,ra,dec
103090168536251969,16.85367306876704,-4.090405760812178
103090168535571623,16.85355313,-4.09064995
103090168534562249,16.85361886,-4.09022122
