objID,ra,dec
112040162346178351,16.234697478977434,3.3732488867976134
