objID,ra,dec
101370165657637991,16.565773314598186,-5.518695203310797
