objID,ra,dec
109040163754199540,16.37550489267561,0.8741739804605075
