objID,ra,dec
109020165955775719,16.59565633133346,0.854439835072095
109020165955206060,16.595591082098263,0.8546800601845064
