objID,ra,dec
103410164849293809,16.48500560113816,-3.8221580577611327
