objID,ra,dec
105800161986523892,16.1986711412934,-1.8304611079226456
