objID,ra,dec
104080163300117754,16.330107913714528,-3.260595974764537
