objID,ra,dec
101330164741415783,16.474161851921423,-5.553875404137223
