objID,ra,dec
106480160398215859,16.03976094856101,-1.26220246969582
