objID,ra,dec
104730165070216173,16.50705807,-2.72017852
