objID,ra,dec
103120164986529798,16.498655090040142,-4.058905804710756
