objID,ra,dec
105850165194185291,16.51932477,-1.78763444
