objID,ra,dec
108710161617379410,16.16173979,0.59914237
108710161614869571,16.161540535243077,0.599238297737968
