objID,ra,dec
102960166179326237,16.61808937764414,-4.195124142098522
