objID,ra,dec
101950164542978343,16.45433824,-5.03506626
101950164540937978,16.454223580801425,-5.0353324308873955
