objID,ra,dec
103940165421855028,16.54221506190985,-3.3796098852812584
