objID,ra,dec
107150164795310372,16.479549222587995,-0.7083632897253105
