objID,ra,dec
96680169336734009,16.933682571243104,-9.430298245692317
