objID,ra,dec
107230160042221627,16.00425191789512,-0.640633288189746
107230160044981481,16.0044697,-0.64076522
