objID,ra,dec
106220161596745366,16.159660794094112,-1.479249753402669
