objID,ra,dec
111360168207658796,16.820653721721108,2.80723735212851
111360168206129340,16.82064599512396,2.807333555571943
