objID,ra,dec
102980166224895060,16.622548555748224,-4.179489139849653
