objID,ra,dec
106530160406271704,16.04061812057232,-1.2240096242120642
