objID,ra,dec
107370164533993570,16.45348561242791,-0.5223650435989112
