objID,ra,dec
107930164895032303,16.489540257185716,-0.05674122005004863
