objID,ra,dec
98660165618775264,16.561958653871848,-7.779244268330152
