objID,ra,dec
108330161229711347,16.123043594074844,0.2757067719212278
