objID,ra,dec
108490169536454415,16.953647453897013,0.4117299668579664
