objID,ra,dec
105750168000315749,16.800036673615676,-1.870589343387014
