objID,ra,dec
106240161386661342,16.138597570323736,-1.465902482707344
