objID,ra,dec
102180160124579167,16.01245313657107,-4.842661345627678
