objID,ra,dec
107370167795775298,16.779563959747914,-0.5209592941789163
