objID,ra,dec
102500164306226525,16.43059975283174,-4.5782648634549705
