objID,ra,dec
109050160145254372,16.014729849554804,0.8785407114182998
109050160147744924,16.014747733427576,0.8786153546066011
