objID,ra,dec
102600169984066733,16.99845073082625,-4.494837531581475
