objID,ra,dec
107880165453156051,16.545383579056757,-0.0954001370947434
