objID,ra,dec
110260167505908114,16.750514278410236,1.889596781099977
110260167504847742,16.75051315,1.88947411
