objID,ra,dec
106630162797893249,16.27982744939866,-1.139334824986311
