objID,ra,dec
98540166567007097,16.656701898301474,-7.877753933814529
