objID,ra,dec
105920161232089673,16.123238510707047,-1.72571405693933
