objID,ra,dec
106010160006088456,16.000612344930573,-1.6515576520693347
106010160005188838,16.000524255845995,-1.6514091679365472
