objID,ra,dec
110840167519739153,16.751895863517255,2.3738980903124385
110840167517039306,16.751851612094526,2.3739523462287195
