objID,ra,dec
108320166656345184,16.66571743229354,0.2706257314991579
