objID,ra,dec
111060162269440500,16.226945233093666,2.5500779844104553
