objID,ra,dec
109090169837479397,16.983744649350204,0.9158031525656891
