objID,ra,dec
107680168016730686,16.801641175879634,-0.26648191453718606
