objID,ra,dec
106950160168362699,16.016851076314747,-0.8731142807180124
