objID,ra,dec
107890169913546147,16.991379186165172,-0.08698674262088943
