objID,ra,dec
108680166311823781,16.631266090320448,0.5694430035678804
