objID,ra,dec
103730165195974697,16.519606800758833,-3.5548174399525183
