objID,ra,dec
101440163426409963,16.342647541920822,-5.45873917854671
