objID,ra,dec
105720164835255421,16.48362186378316,-1.8958195355356284
