objID,ra,dec
102360161585551729,16.158550789557687,-4.698949104617471
