objID,ra,dec
103700167531679596,16.753225276413037,-3.5757369822474536
