objID,ra,dec
107160169962808546,16.996323481199322,-0.6932451122747663
