objID,ra,dec
109480161455474832,16.14554333,1.23699811
109480161452825022,16.14530040275364,1.2370938693242142
