objID,ra,dec
107480166210807010,16.621119673570075,-0.42785056942622346
