objID,ra,dec
108710165207604196,16.52071723921393,0.5947869437841826
