objID,ra,dec
111470161609412216,16.16098354406005,2.8931165179157206
