objID,ra,dec
97970164967634679,16.49678023001333,-8.354769834582992
