objID,ra,dec
106300167168204921,16.716915643168818,-1.412945684365028
