objID,ra,dec
107110169069218945,16.906962325626424,-0.7345606495726287
