objID,ra,dec
102790160694510556,16.069445372206815,-4.341563263534164
