objID,ra,dec
108550168533542237,16.853381398189132,0.4598317774763807
108550168529722147,16.85318523,0.45975845
