objID,ra,dec
106620166776285767,16.677615761190705,-1.145628593080413
