objID,ra,dec
111420169937385306,16.99374893055201,2.8540237110271125
