objID,ra,dec
108310160434923176,16.04353663421155,0.26062008988399427
108310160433243609,16.043401575773547,0.26080826535080714
