objID,ra,dec
106780166853473734,16.685338080197045,-1.0139189841837595
