objID,ra,dec
109200167380863721,16.738105794252192,1.0026853742903403
