objID,ra,dec
107990163790718360,16.379126392365894,-0.0017569113327993036
