objID,ra,dec
108960160998177002,16.09975973191553,0.8054173812887392
