objID,ra,dec
107110167426594987,16.742645167811247,-0.7379184100059246
