objID,ra,dec
105200160123404039,16.012287752383067,-2.3303043306974867
