objID,ra,dec
111500163343655599,16.334453090856034,2.921024843085671
