objID,ra,dec
110140163148860498,16.31493383737652,1.783368333863018
