objID,ra,dec
101980168309927371,16.831043595269776,-5.010881753603604
