objID,ra,dec
110640168168750737,16.816905214897893,2.200122981370247
