objID,ra,dec
111330165525707766,16.55257825,2.78110766
