objID,ra,dec
100400165226070438,16.522678365218685,-6.3332978252618295
