objID,ra,dec
102600169737811528,16.97378678165881,-4.499105185356093
