objID,ra,dec
110450168737404133,16.873749704128713,2.0447020666952636
