objID,ra,dec
107860160428916517,16.042934672251068,-0.1115914211399547
