objID,ra,dec
107490161683470529,16.16842896290323,-0.4249619239735333
107490161686730457,16.168505357108486,-0.4249730451553851
