objID,ra,dec
108010168349352151,16.83491878966843,0.009784136686203058
108010168348742569,16.834826380820132,0.010052035075756801
