objID,ra,dec
108690161017168329,16.101868847197256,0.581559593298989
