objID,ra,dec
101440163634222007,16.363410150740876,-5.465326126292282
