objID,ra,dec
107800168299778609,16.83002461,-0.15987452
107800168301868885,16.830173260537535,-0.15972947986216987
