objID,ra,dec
109240160888228443,16.088881599037652,1.0399311493753465
