objID,ra,dec
106980160606307201,16.060819605193842,-0.8445071889695188
106980160608606959,16.060842483343063,-0.8445178298345837
