objID,ra,dec
107880160370495734,16.03702649191608,-0.09554565392436418
107880160367355557,16.036905580927126,-0.09566240531069693
