objID,ra,dec
106130160925771904,16.092589965031113,-1.5571034687405871
