objID,ra,dec
111690163873717482,16.387370763642497,3.080914085606838
