objID,ra,dec
98010161861581128,16.186165323578013,-8.324420990455016
