objID,ra,dec
108650165229776004,16.522980333880074,0.5463011600705462
