objID,ra,dec
108680168360978143,16.8362119,0.57301071
108680168362737844,16.836293012391785,0.5728645115120818
