objID,ra,dec
108060167744146779,16.774427883253544,0.05526894452987706
