objID,ra,dec
107860169185535140,16.918563701941977,-0.11284970763694395
107860169183584726,16.918412679734416,-0.11303734983918892
