objID,ra,dec
105750167422715673,16.742164,-1.870641
105750167419855562,16.742012655190777,-1.8707334730692788
