objID,ra,dec
101170163561634265,16.356203437089285,-5.688499057240583
