objID,ra,dec
99380161059401227,16.106071696266344,-7.182582749199082
