objID,ra,dec
107210167576746660,16.757620483041023,-0.6533308866120336
107210167575696339,16.75764559999743,-0.6533418967334942
