objID,ra,dec
109270167007481620,16.700792215972374,1.0592622888019596
