objID,ra,dec
101700160207627664,16.020784061287646,-5.244045588692675
