objID,ra,dec
111080164558941346,16.45594873815866,2.5674579809823386
