objID,ra,dec
107610165412127522,16.54127496,-0.31901584
107610165413807830,16.541406808061474,-0.3188732968115084
