objID,ra,dec
105730165032623188,16.5033340751486,-1.8893235354523918
