objID,ra,dec
109240169060078957,16.905974962186413,1.040457564708616
