objID,ra,dec
109520160258340643,16.02590051116909,1.266846779862436
