objID,ra,dec
104940166009709360,16.60099999942121,-2.5425887711551485
