objID,ra,dec
106710160702580531,16.06998923,-1.07498498
106710160699760516,16.07000147479994,-1.0749866666890846
