objID,ra,dec
105550166112714404,16.611322522583666,-2.0383438454640563
