objID,ra,dec
107070163745219607,16.374566030806776,-0.7673362114660036
107070163742759794,16.37437972,-0.76717883
