objID,ra,dec
107510167727836341,16.772955190550487,-0.4034483201125586
