objID,ra,dec
102010163383736809,16.338407570459832,-4.986310338561681
