objID,ra,dec
102540169914115787,16.99140752637488,-4.545479922582075
