objID,ra,dec
105140163847791976,16.384850625151614,-2.3820646258694484
