objID,ra,dec
107220168192688012,16.81928734471853,-0.6436949477314629
