objID,ra,dec
109850166207972338,16.620851031771778,1.5432281624251685
