objID,ra,dec
110560165870593289,16.587071933588646,2.1357471517613926
