objID,ra,dec
97630167551771855,16.75521845908886,-8.640563196868575
