objID,ra,dec
95670162948951382,16.294949128232837,-10.274145201777467
