objID,ra,dec
111790160418776258,16.041913825351973,3.163143884100823
