objID,ra,dec
104810168968226902,16.89680381761067,-2.6529970035122767
