objID,ra,dec
101700169871834080,16.987147340141238,-5.246966660760171
