objID,ra,dec
98240163940239779,16.394030288614548,-8.125544979434947
