objID,ra,dec
104340160254643906,16.025435245748827,-3.047079409348535
