objID,ra,dec
102880161222751129,16.12224440072543,-4.266076008437171
