objID,ra,dec
106690167311242029,16.731145557000424,-1.090350365703028
