objID,ra,dec
105240169739643014,16.97402700267944,-2.297826182530635
