objID,ra,dec
105020167526277505,16.75262303953268,-2.477465725654487
