objID,ra,dec
110830161781959860,16.17828823120885,2.3660995935131126
