objID,ra,dec
111740160111635889,16.011212469488576,3.121178658751267
