objID,ra,dec
101310167704108260,16.77041248742119,-5.568488812977275
