objID,ra,dec
98640164049149938,16.404987533093156,-7.792011929422483
