objID,ra,dec
105110165925069298,16.592444749345127,-2.4010470040811986
