objID,ra,dec
100960163253124196,16.325346351263153,-5.8635596524892515
