objID,ra,dec
105950163716778406,16.371754430846046,-1.7016501631062202
