objID,ra,dec
106530168384992169,16.838500068285796,-1.22358979583047
