objID,ra,dec
108810160829347167,16.082936463935244,0.6806009684854458
