objID,ra,dec
109080165600286488,16.560103916861657,0.9050512480956617
109080165597456306,16.55981734,0.90501066
