objID,ra,dec
110920167306065258,16.730636366035927,2.4373000607240725
