objID,ra,dec
110310168553084773,16.85531486091087,1.9286442314240877
