objID,ra,dec
110930167043564815,16.704398006252323,2.4452967197708553
