objID,ra,dec
107470161103075897,16.1103078,-0.43711001
