objID,ra,dec
107280166478667817,16.64788937344966,-0.5937911610842574
