objID,ra,dec
108230168917068133,16.89195602,0.19812285
