objID,ra,dec
110520165914517892,16.591421976360515,2.1063659643144823
