objID,ra,dec
98720167605232079,16.7605333,-7.73195013
98720167602352128,16.760368081047574,-7.7320052958228125
