objID,ra,dec
105560164997800123,16.499659069940584,-2.0334577062038877
105560164994930245,16.499574380292827,-2.0334223176038937
