objID,ra,dec
99110168122869987,16.81237597653339,-7.400379459748389
