objID,ra,dec
105650169097642122,16.90983658459195,-1.9569557002850708
