objID,ra,dec
105620163746944928,16.37469056804981,-1.9795741198030161
