objID,ra,dec
109290165158909220,16.515949451249885,1.0823633437622302
