objID,ra,dec
100740160261905335,16.026192202125358,-6.045938851862839
