objID,ra,dec
109440168896348035,16.88963760227898,1.2062709844057675
