objID,ra,dec
107610164669909863,16.467023156164093,-0.3171199783872257
