objID,ra,dec
107650162052274441,16.20539985062882,-0.28814034509039854
107650162054554904,16.2054205,-0.28795227
