objID,ra,dec
102030164878782687,16.487911655439667,-4.973239768619676
