objID,ra,dec
96770167349500713,16.734999177341948,-9.358179343561991
