objID,ra,dec
109030165410293354,16.541073826564805,0.8607636514475715
