objID,ra,dec
108790166613768954,16.661436394795214,0.6654222356834844
