objID,ra,dec
106160160563031171,16.05643122666149,-1.5327910463059906
