objID,ra,dec
104610166246863396,16.624737620431286,-2.8225463722496267
104610166248283075,16.62486984,-2.82278364
