objID,ra,dec
106830160980105892,16.09804292,-0.97046187
