objID,ra,dec
102170166286687996,16.628678280839008,-4.851996888105656
