objID,ra,dec
108810169458590471,16.94586282972514,0.6750634745197276
