objID,ra,dec
111750161260727296,16.12613007,3.13067044
111750161263577263,16.126337021272917,3.1306400394960647
