objID,ra,dec
104260165301286248,16.53013204,-3.11179928
104260165298456319,16.529905782981317,-3.1118374244093734
