objID,ra,dec
105290169048900606,16.904930341593744,-2.258247432348211
