objID,ra,dec
108280162689519129,16.26900577216454,0.24056509271432625
