objID,ra,dec
102380161468981714,16.14686417531901,-4.682075179070873
