objID,ra,dec
107330165809241164,16.58087860583521,-0.5578312927917198
