objID,ra,dec
102840162119708929,16.21190390202317,-4.292966165869883
