objID,ra,dec
108800167398574244,16.739874837790637,0.6698607874429608
