objID,ra,dec
109090164998650982,16.499893350160768,0.9087419739046115
