objID,ra,dec
99890165860890521,16.586143520671072,-6.7582365683661605
