objID,ra,dec
105590169750874646,16.97514950659697,-2.004871207818945
