objID,ra,dec
106060161896314308,16.18961595,-1.6134983
