objID,ra,dec
104150163924887929,16.39251510552431,-3.202084302158952
