objID,ra,dec
104910165794140117,16.57943750060575,-2.5753110310432037
