objID,ra,dec
109060164569905300,16.457020771109338,0.8873723778243712
