objID,ra,dec
108680165994818686,16.599483807682663,0.5735160557024879
