objID,ra,dec
108610164186549181,16.418660675678506,0.5156603234970873
