objID,ra,dec
95540167567408568,16.75678312673091,-10.376621832151265
