objID,ra,dec
105410161124807912,16.112436615347796,-2.152071125061797
