objID,ra,dec
106950161051643575,16.10518009127949,-0.8723931030093883
