objID,ra,dec
110870165992426057,16.599200258584997,2.3963077731369213
