objID,ra,dec
111050164214884095,16.421505321647448,2.5447199343927474
111050164216593803,16.42164323,2.54447352
