objID,ra,dec
111700163856091993,16.385607926117327,3.0845892219386855
