objID,ra,dec
111760167480505634,16.74814684418014,3.1376752511001267
