objID,ra,dec
104340165296392077,16.52965788272727,-3.0485921926182025
