objID,ra,dec
100910169929218246,16.992996461457153,-5.901834546056541
