objID,ra,dec
103560169928944654,16.99291845331659,-3.6965383200054496
103560169926794270,16.99283032,-3.69677263
