objID,ra,dec
106530163113467175,16.311381792144825,-1.2193889375055262
