objID,ra,dec
108070164162314384,16.416279380665017,0.06162189116097281
