objID,ra,dec
107090164405233610,16.440575335254035,-0.7556692623712084
