objID,ra,dec
105990162878558795,16.28787078444832,-1.6679837374424973
