objID,ra,dec
109200164367450625,16.436794402809,1.000126927337918
