objID,ra,dec
108100161133440978,16.113389431735804,0.08374472512615032
