objID,ra,dec
105370167812947206,16.78133585,-2.18602945
105370167810427351,16.781097447943065,-2.18595335928256
