objID,ra,dec
109490165608454706,16.560875301465718,1.2452157801046326
