objID,ra,dec
108630165079775656,16.507987085132758,0.5293280102772103
