objID,ra,dec
99060167741163550,16.774214395044662,-7.447416947007602
