objID,ra,dec
104170165948890673,16.594820435760198,-3.1913498481128455
