objID,ra,dec
108810168677038238,16.86778452,0.68133449
108810168680568260,16.867993871346776,0.68146961840555
