objID,ra,dec
95450167055055524,16.705548980497255,-10.454166081340565
