objID,ra,dec
99390165655731188,16.565539258558555,-7.17424401347987
99390165653061508,16.56531246,-7.17408049
