objID,ra,dec
106380164622701314,16.46231944660548,-1.3493283126249311
