objID,ra,dec
100520169909987307,16.991059692567184,-6.227619759993193
