objID,ra,dec
109070164152631496,16.4154456,0.89250941
109070164155641715,16.415595815115665,0.8927166194736501
