objID,ra,dec
108430163414444470,16.34145968476192,0.3616694276778992
