objID,ra,dec
102380161698134994,16.16982723,-4.67951041
