objID,ra,dec
109800161971026050,16.19713639,1.50464075
109800161970126468,16.19702790217999,1.504933539461731
