objID,ra,dec
106520164893329876,16.489329454173735,-1.2254115452308818
