objID,ra,dec
98760162167037390,16.216722008124695,-7.694187998374403
