objID,ra,dec
103770168695331711,16.869599296482203,-3.5239672761834693
