objID,ra,dec
105960160096518757,16.00933481,-1.69317057
105960160091878793,16.00916378800167,-1.6929723462107464
