objID,ra,dec
106170161967539559,16.196654620747353,-1.5174788464968494
