objID,ra,dec
103490169215220659,16.921487576979757,-3.758317841425377
103490169212420626,16.92125918,-3.75821711
