objID,ra,dec
104040166870398240,16.68711000062643,-3.293459639811666
