objID,ra,dec
107570162951975494,16.29527980737755,-0.35413244122644433
