objID,ra,dec
109530160530094229,16.052831094528784,1.2781614016926406
109530160527974498,16.05281462251222,1.278303125713625
109530160525394355,16.052777173871146,1.278220232522347
