objID,ra,dec
104900162867619260,16.286777019089424,-2.575993573873173
