objID,ra,dec
106860164464439234,16.44638462768277,-0.9427452277409843
