objID,ra,dec
102470165284307741,16.528334858089615,-4.602264130205083
