objID,ra,dec
105260160168823202,16.016908592142546,-2.28098070577003
