objID,ra,dec
103660169896962466,16.9897244645401,-3.615033246650973
103660169899232231,16.98985489,-3.61508548
