objID,ra,dec
98130161407503408,16.140746002086125,-8.222500056581424
