objID,ra,dec
109950163742476720,16.37427013368577,1.6302233784938192
