objID,ra,dec
107870160004837184,16.0005274,-0.10268416
