objID,ra,dec
111820165409755362,16.540925342528123,3.187449728054392
