objID,ra,dec
104980164781697653,16.478220456579702,-2.510730259482802
