objID,ra,dec
108860164947075634,16.494702612828227,0.7210039869242828
