objID,ra,dec
101560163076367675,16.307659608048063,-5.36061799220418
