objID,ra,dec
107270166676896114,16.667710170726668,-0.6035470561454148
