objID,ra,dec
111030166167621184,16.616754085792866,2.5255902413917064
