objID,ra,dec
106890163876508795,16.38764360818576,-0.9180290395858354
