objID,ra,dec
107770166933545336,16.693380283323084,-0.18758811491658656
