objID,ra,dec
109170163981767720,16.398127999174395,0.9809938166620854
