objID,ra,dec
105030167309245449,16.73104278213889,-2.470839619800766
