objID,ra,dec
107790169889978738,16.989010440112356,-0.16812564215100648
