objID,ra,dec
102490163004192640,16.300370711188705,-4.590014384286345
