objID,ra,dec
106530161251860238,16.12517401,-1.22517598
