objID,ra,dec
97610166764373209,16.676444861384375,-8.656119661111466
