objID,ra,dec
105830160852693341,16.085329390245143,-1.8059302704447813
