objID,ra,dec
107010160364556313,16.03645359671497,-0.8201004900084338
