objID,ra,dec
103110165158062612,16.51581643,-4.07320871
103110165156992968,16.515725528891245,-4.073005552546512
