objID,ra,dec
107290162222104128,16.22224896499342,-0.5886071955154678
107290162221074483,16.22215241,-0.58838593
