objID,ra,dec
107660169109457518,16.910935134798883,-0.277469930431902
