objID,ra,dec
107900168403249849,16.8403039602888,-0.07557677864427526
