objID,ra,dec
106070167050577220,16.70511161897027,-1.6027052632495258
