objID,ra,dec
107710165029519124,16.50298512,-0.23441487
107710165032489108,16.503250344017616,-0.23446096894723378
