objID,ra,dec
97290160878487234,16.087782810020958,-8.91945867474061
