objID,ra,dec
106610167887590871,16.788775616389938,-1.1579680651481647
