objID,ra,dec
111500166366031443,16.636614649684354,2.91752684555108
