objID,ra,dec
104240166346127425,16.63469756613749,-3.127407879909114
