objID,ra,dec
96220160989130330,16.09893618010469,-9.816717376636905
