objID,ra,dec
107000169828681124,16.98283499,-0.8328655
107000169827110809,16.982758608105495,-0.83301588500597
