objID,ra,dec
106980162418790496,16.241899138902333,-0.8499317416421319
