objID,ra,dec
110830163779557590,16.37789467019805,2.3642692615110934
