objID,ra,dec
104250165141105871,16.514141213327672,-3.1204247054548993
