objID,ra,dec
106430161853232509,16.185330244270656,-1.3065830866149435
