objID,ra,dec
105400167903101811,16.79033559823379,-2.165372601848156
