objID,ra,dec
111390163431520076,16.34315354966994,2.824690011679526
