objID,ra,dec
106960162597824336,16.259906050102774,-0.8634576821877331
