objID,ra,dec
108710168796846821,16.879669999990618,0.5970165360337396
