objID,ra,dec
102900161518697330,16.15181086776798,-4.244217426078549
