objID,ra,dec
107190165256801323,16.525778800354423,-0.674159600117464
