objID,ra,dec
103960165615707912,16.561587899718756,-3.36047308846659
