objID,ra,dec
104470165929970122,16.592995521699844,-2.9418550880882273
