objID,ra,dec
107650162203255403,16.220358395155124,-0.2875610839335002
107650162206065504,16.2205953,-0.28745063
