objID,ra,dec
105720167014107997,16.701321129968576,-1.89376694390541
