objID,ra,dec
101010166739497495,16.67397262937036,-5.819165472186691
