objID,ra,dec
103390166347553401,16.63481715969348,-3.839276474308311
