objID,ra,dec
106580160569195183,16.05698969683379,-1.1794110459834184
