objID,ra,dec
108410164116490366,16.411561370522268,0.3416751326027964
