objID,ra,dec
109640164050319266,16.405049255072544,1.374004145918097
