objID,ra,dec
109390160082846344,16.00833686696596,1.1632551438831633
