objID,ra,dec
107160168277898032,16.827854212395902,-0.69368951436157
