objID,ra,dec
104350162077180011,16.207769010418904,-3.0419844999343204
