objID,ra,dec
97360165586399150,16.55863453545308,-8.859416612700151
