objID,ra,dec
108370164201934984,16.420219589725694,0.3121336286354491
108370164198354817,16.41989018,0.31201792
