objID,ra,dec
99490165822199320,16.582310421421727,-7.084255026702054
