objID,ra,dec
108660169067069252,16.906699195081863,0.5573640329468738
