objID,ra,dec
109530163367814886,16.336795300677135,1.2787055575114434
