objID,ra,dec
109450163865955768,16.386638662889176,1.2127556855643966
