objID,ra,dec
105180169677167146,16.96775836,-2.34444211
105180169674457061,16.967583573080695,-2.3445118374878686
