objID,ra,dec
108910169706508276,16.970629024129995,0.7648700385038696
