objID,ra,dec
99410168828538292,16.88291099318077,-7.151743026666706
