objID,ra,dec
107240164698280974,16.469894200400056,-0.6327912633310947
