objID,ra,dec
111080165189352112,16.51883088610232,2.5680661142357857
