objID,ra,dec
101190160854494662,16.085459953460283,-5.671481526895131
