objID,ra,dec
106770165972314358,16.597276745640965,-1.0217464441219917
