objID,ra,dec
101570166630840036,16.66313749150522,-5.358626709969012
