objID,ra,dec
108260161893708880,16.189394471952998,0.22369764607823608
