objID,ra,dec
109260161140554963,16.114031271823276,1.0537375378860168
