objID,ra,dec
110770169667785576,16.966824797651817,2.312601208110171
