objID,ra,dec
102390160125189139,16.012432780240857,-4.667876590427809
