objID,ra,dec
100720167664314014,16.766555280769857,-6.063758208656893
