objID,ra,dec
109240161191968100,16.11921464293303,1.0396905899754019
