objID,ra,dec
106510164744717002,16.4744765016733,-1.2362064348218238
