objID,ra,dec
102290164568451659,16.456941509307274,-4.757280040281893
