objID,ra,dec
108930163870606547,16.387023133399428,0.7800023900349606
