objID,ra,dec
101650169350480209,16.93506017366094,-5.291835662490238
