objID,ra,dec
111750160019333257,16.001965164212713,3.1273385120127966
