objID,ra,dec
104700162095028135,16.20955072944578,-2.7435679467547716
