objID,ra,dec
111130169760605677,16.97611039937647,2.6126681104601945
