objID,ra,dec
105640164775306134,16.477567654011384,-1.961921780697805
