objID,ra,dec
101210162590511074,16.259051712769878,-5.657822216427851
