objID,ra,dec
108860165569409417,16.55695610532151,0.7241758033812215
