objID,ra,dec
109320169666341811,16.966625386801976,1.1011477817499076
