objID,ra,dec
109040169077309643,16.90770269,0.87432139
