objID,ra,dec
108060161925707386,16.19265230657471,0.055732096023117676
