objID,ra,dec
109670169674897645,16.96748642278786,1.3976215406520467
