objID,ra,dec
103020163123651965,16.312466018332817,-4.148644652068391
