objID,ra,dec
107190160804466365,16.08053423693057,-0.6700789663528574
