objID,ra,dec
107190164053843400,16.40541468303583,-0.6724895314937229
