objID,ra,dec
107180162475920806,16.24761145173858,-0.683073935018562
