objID,ra,dec
108080162115786235,16.21160643946869,0.07150346849866934
