objID,ra,dec
107840161930559466,16.19309755305687,-0.12590561758503838
