objID,ra,dec
109320169568258873,16.95682805,1.1069365
109320169568628507,16.95680195556183,1.106708125454474
