objID,ra,dec
109370166899966391,16.690031627655593,1.1465577745811786
