objID,ra,dec
108170168955258397,16.895493823175133,0.1483038680590726
