objID,ra,dec
107430169151421636,16.915125570558775,-0.4740338448396696
