objID,ra,dec
107420168764600680,16.876527361213295,-0.48308464446955773
