objID,ra,dec
100140167097432060,16.7099252297707,-6.548587104027812
100140167097732487,16.709877375648585,-6.548548735559563
100140167100392195,16.709923317583733,-6.548578820020841
