objID,ra,dec
107460161494808081,16.149517774920984,-0.44365930452226354
