objID,ra,dec
107150162163068309,16.2163915947489,-0.7018770281806658
