objID,ra,dec
111500166215640638,16.621689336419294,2.9168618294889948
