objID,ra,dec
98770172405836444,17.24064211640371,-7.686655487643048
