objID,ra,dec
104550172521156769,17.252186194186642,-2.869764203181584
104550172519606467,17.252164147926624,-2.8698204577300084
