objID,ra,dec
104680174272064676,17.427196503100014,-2.762989958201951
