objID,ra,dec
111690172487089401,17.24864697,3.08246257
