objID,ra,dec
98670178424311351,17.842487923660695,-7.774130865156216
