objID,ra,dec
110220173204311195,17.320436827652127,1.8506393049413796
