objID,ra,dec
107160175386120147,17.538632708069873,-0.7002482338721038
