objID,ra,dec
109450170404936060,17.040509081113395,1.2130276694005147
