objID,ra,dec
98980179630912326,17.963138859142564,-7.515095121978788
