objID,ra,dec
99040176771109853,17.67712416010177,-7.458764439018769
