objID,ra,dec
101620176226281358,17.622623357709585,-5.31592537704954
