objID,ra,dec
99780178060049003,17.80595994448128,-6.842868664117521
99780178056718848,17.80571654,-6.8429716
