objID,ra,dec
103460179567563957,17.95680628207558,-3.780318421320191
