objID,ra,dec
98340172197421896,17.219798239437853,-8.04876460233243
