objID,ra,dec
106900174558425155,17.455807561497224,-0.9127126366944016
