objID,ra,dec
100220177010827991,17.70106834910706,-6.476973450075483
