objID,ra,dec
110730173304023254,17.33048923574724,2.2772830781820894
