objID,ra,dec
109200176716018353,17.671600308758457,1.0065853555493633
