objID,ra,dec
95730173879026446,17.387967216195932,-10.21998488122827
