objID,ra,dec
104890173817160982,17.381717555977893,-2.5912107241012756
