objID,ra,dec
107370170079111523,17.007731493727178,-0.524036680452048
107370170076141560,17.007727053962927,-0.5240357325521946
