objID,ra,dec
111350178894971923,17.889551097366546,2.7928693758155956
