objID,ra,dec
108560175663736793,17.566422360005532,0.47197399524312134
