objID,ra,dec
110270177815242317,17.78171428297789,1.8932307700374058
