objID,ra,dec
100060175916959599,17.591723643908587,-6.6089775089761815
