objID,ra,dec
111420176357454145,17.63575089849168,2.8530155519226694
111420176355174472,17.63565952280542,2.8531579518050596
