objID,ra,dec
107660179113742583,17.911410780496894,-0.28155656825864
