objID,ra,dec
99200171916598025,17.191781148587566,-7.326992961148203
