objID,ra,dec
107330173716111979,17.37165510373909,-0.5571175681506336
