objID,ra,dec
111510177755050440,17.775547419389664,2.925099924946407
