objID,ra,dec
101820170125098840,17.01251385054089,-5.142956932514364
