objID,ra,dec
108520171817097250,17.18170325238899,0.4389591059214752
