objID,ra,dec
106760179198921122,17.91996763835932,-1.0328327518262017
