objID,ra,dec
102520174864351215,17.48652854001876,-4.566074505382814
