objID,ra,dec
107560177972366069,17.79709294,-0.36198455
107560177968916054,17.797045164226116,-0.36200240363580644
