objID,ra,dec
109110174297604361,17.429789745934972,0.9282494409674867
