objID,ra,dec
96790171387061360,17.13874975938725,-9.34084812314691
