objID,ra,dec
103870174650889824,17.46502001399962,-3.4338682124249784
