objID,ra,dec
97380176915006914,17.691528745907767,-8.844576025692897
