objID,ra,dec
106830179807105480,17.980760560168275,-0.9708556427857022
