objID,ra,dec
109340178908282378,17.890827427020987,1.1182404008473967
