objID,ra,dec
99410173623385697,17.362425244096745,-7.153902379300875
