objID,ra,dec
103560179700933306,17.969920301162514,-3.697681774257177
