objID,ra,dec
108200177370216790,17.73710197830834,0.17186988403129178
