objID,ra,dec
102240175730161074,17.573068606282348,-4.799441609966269
