objID,ra,dec
108520177653958110,17.765472564818364,0.439636276553989
108520177654337690,17.76552421,0.43950754
