objID,ra,dec
103380178767855650,17.87678141,-3.84563223
