objID,ra,dec
110930171889774081,17.189002983238655,2.4447396941733115
