objID,ra,dec
109340176233867958,17.62345767749229,1.1230058263693863
