objID,ra,dec
108210179869253433,17.986952497376933,0.1774600519183162
