objID,ra,dec
98550172320006506,17.232039710650383,-7.869966839811297
