objID,ra,dec
108310179223907061,17.92241499406443,0.26381896049889786
