objID,ra,dec
102290176557010224,17.65573147480285,-4.758533392234224
