objID,ra,dec
100470179552290324,17.95528015224545,-6.27510028533155
