objID,ra,dec
102080172310375146,17.231063853074854,-4.929488027542676
