objID,ra,dec
105220172137076672,17.213756625706576,-2.3115119935966035
