objID,ra,dec
107080170642469434,17.064326498301686,-0.7592238027032282
