objID,ra,dec
107180173895783330,17.3894295773638,-0.6808849516603884
