objID,ra,dec
104050176585325672,17.65860524373449,-3.287317500184765
