objID,ra,dec
110820177059489031,17.705980352754185,2.3571310506723195
