objID,ra,dec
111560171612027448,17.161138247913886,2.972476183596373
