objID,ra,dec
106900176247175185,17.624753506186853,-0.9127616555133857
