objID,ra,dec
101590170362058780,17.03620074503036,-5.33469721298503
