objID,ra,dec
107640174376201481,17.43759135,-0.29918186
