objID,ra,dec
108380174289456093,17.42887004,0.32134363
