objID,ra,dec
108530171738975688,17.17390014624165,0.44596823276617364
