objID,ra,dec
110970170404574154,17.04054344,2.4781216
110970170407534221,17.040773259951976,2.478134166597905
110970170408383877,17.040771883895683,2.478137153528017
