objID,ra,dec
102680174538786326,17.453916434321428,-4.428489711427355
