objID,ra,dec
99510176532745586,17.6532572704716,-7.070680152221673
