objID,ra,dec
102720175318028801,17.531758926314705,-4.3930853103783924
