objID,ra,dec
107700171593351561,17.159409869016045,-0.24910392215580865
