objID,ra,dec
104310176287868397,17.628851655285583,-3.0684900242909987
