objID,ra,dec
108120172060373658,17.206020535086406,0.10261854534143316
