objID,ra,dec
107840171682632616,17.16835057755211,-0.13151307218182012
