objID,ra,dec
99630174372420395,17.437189226963415,-6.975107661389275
