objID,ra,dec
107160170035935150,17.00370265407296,-0.696055048433207
107160170038865151,17.003721971568318,-0.6960634018273689
