objID,ra,dec
107430172455020541,17.245551967626128,-0.47491582800471926
