objID,ra,dec
107260177392934670,17.739329735286713,-0.6132225576408957
