objID,ra,dec
111250170487551491,17.04878679820109,2.7092102795503754
