objID,ra,dec
100120174376585747,17.437729973778033,-6.562215488195032
