objID,ra,dec
94940176816318246,17.681603085970035,-10.876808241668522
