objID,ra,dec
109090172013474240,17.20131575,0.91142837
