objID,ra,dec
106200175112954285,17.511290154081387,-1.4967964536850549
