objID,ra,dec
106380179982303621,17.998162438941595,-1.347395636753277
