objID,ra,dec
107200173176700715,17.317677501846045,-0.666378903063741
