objID,ra,dec
109050177912320664,17.791025443445925,0.8751753883146259
109050177909060556,17.790991317599318,0.8751449306838617
