objID,ra,dec
108000170786028726,17.07866999186042,0.006848265360725711
