objID,ra,dec
107880177499627178,17.749905783403793,-0.09437869062692428
