objID,ra,dec
106830174942108123,17.49424737793346,-0.9686205172445103
