objID,ra,dec
106590174442416405,17.444213385829563,-1.1699953820101057
