objID,ra,dec
108830172823476992,17.28236350983767,0.6970785780089532
