objID,ra,dec
106040175842729321,17.58427188,-1.62580494
