objID,ra,dec
107310172176420475,17.21768131928347,-0.5749780065237171
