objID,ra,dec
102090177410354168,17.741003273793712,-4.921992428082496
