objID,ra,dec
103010171664777396,17.166524645916173,-4.152439104749355
103010171662067578,17.166294136194033,-4.1523819453559785
103010171661127255,17.1662876,-4.15240311
