objID,ra,dec
111430171278422962,17.127840196402357,2.86044184849577
