objID,ra,dec
104780171938847368,17.1939243334125,-2.677559611623747
