objID,ra,dec
108360176361981193,17.636222436529604,0.30064407881095356
