objID,ra,dec
107400170816540874,17.081689224433905,-0.49965185088773195
