objID,ra,dec
102730174572298771,17.45724727348947,-4.384701766614123
