objID,ra,dec
103560170242145365,17.02434582,-3.69588478
103560170243555658,17.02442094971683,-3.6957022059179496
