objID,ra,dec
110160176620987059,17.66217647064545,1.805515423953389
