objID,ra,dec
108610173754434422,17.37546086317701,0.5116384483755486
