objID,ra,dec
97020179681106791,17.96824294424899,-9.144577899024169
