objID,ra,dec
107930174689796161,17.468921706322213,-0.053450879141626925
107930174688656472,17.468919091416033,-0.05345133312871848
