objID,ra,dec
101750170870433372,17.087107098621782,-5.205871999277938
