objID,ra,dec
108120171598468355,17.159873896956455,0.10654683775030663
