objID,ra,dec
106820175134552428,17.51349748062503,-0.9817086309848002
