objID,ra,dec
101620175318192016,17.53187645470202,-5.315370148806475
