objID,ra,dec
107300171345230892,17.134597911312813,-0.5829754550767173
