objID,ra,dec
106750170663012729,17.06629901106658,-1.0397809431881038
