objID,ra,dec
103880173951889379,17.39523388566475,-3.425885095850364
