objID,ra,dec
98530175534167319,17.553455280347773,-7.885886660332814
98530175532477039,17.55335911,-7.88611453
