objID,ra,dec
108640172958126501,17.29582920472883,0.5383353368783333
