objID,ra,dec
110130177024442211,17.702443142606167,1.7764754441782447
