objID,ra,dec
105540176164050620,17.616457662250433,-2.0498824162773235
