objID,ra,dec
101060176678442928,17.667899908075377,-5.781292503314076
101060176677172560,17.66784307,-5.78141497
