objID,ra,dec
104920175633450480,17.5633314687641,-2.5666608422590964
