objID,ra,dec
110920175338852353,17.53384337,2.4349628
110920175338072755,17.533809647555355,2.435148544628071
