objID,ra,dec
106810179906266593,17.99067673697461,-0.9865794644411799
