objID,ra,dec
105580174981763087,17.49818416463093,-2.0144264514427053
