objID,ra,dec
109180179523299865,17.95231652462773,0.9910904178004489
