objID,ra,dec
103990178927246008,17.892790611349724,-3.336951795976677
