objID,ra,dec
104700179867532383,17.98680219394517,-2.7483570362884984
