objID,ra,dec
109230170564873564,17.05654525079585,1.027612266932031
109230170567803584,17.05657923,1.02758496
