objID,ra,dec
100900174756320107,17.4756938277553,-5.916965347143659
