objID,ra,dec
104560179619462214,17.96196422,-2.86514837
