objID,ra,dec
108500176821168809,17.682193826149295,0.4236355411363084
