objID,ra,dec
107200179439303239,17.943972743732175,-0.6643398317065451
