objID,ra,dec
108840170357773203,17.0357841464775,0.7022866631585467
