objID,ra,dec
110200171155050142,17.115437701295544,1.8329596888777318
