objID,ra,dec
107940174707542792,17.47074994617146,-0.04807188636664933
