objID,ra,dec
98510171953724443,17.19520379,-7.90518226
98510171951293954,17.195171789674312,-7.905397409986135
