objID,ra,dec
95790179922002163,17.99220835384471,-10.173535586338845
