objID,ra,dec
107920179915318760,17.9915608310316,-0.059716045740317844
