objID,ra,dec
111190172203598264,17.220496429499722,2.664843412825052
