objID,ra,dec
104670173797500052,17.379791531807133,-2.7752255563004713
