objID,ra,dec
110900177835277574,17.783510793182963,2.4225657138037744
