objID,ra,dec
108290175156626228,17.51557988,0.24628663
108290175153936125,17.515441609162597,0.2463799788438719
