objID,ra,dec
104400171124723869,17.11246452912221,-2.997126368985519
