objID,ra,dec
107620171682741205,17.16835760707546,-0.31603604251132456
