objID,ra,dec
103920174522142074,17.452223740150256,-3.3986418550431976
