objID,ra,dec
111570175255007360,17.525507359315224,2.980754442212982
