objID,ra,dec
109570172020362219,17.20210660872585,1.3097324350904138
