objID,ra,dec
100660173476635871,17.347710466704477,-6.112072292630696
