objID,ra,dec
106760176820199540,17.6820899001239,-1.0257234895682623
