objID,ra,dec
101690171039762965,17.103983770335763,-5.2562209858844
