objID,ra,dec
108840179167731109,17.916748020231896,0.7006299338993357
