objID,ra,dec
107760171381681018,17.138217899719734,-0.19959536840103445
