objID,ra,dec
99850171271867636,17.127221244332894,-6.785638694567062
