objID,ra,dec
95460176122537763,17.61230363736368,-10.443848381296402
