objID,ra,dec
107990172398751621,17.239940653420074,-0.007401159618299362
