objID,ra,dec
102440176604423268,17.660463235970173,-4.630953471082234
