objID,ra,dec
108640172936441753,17.293665419665345,0.5344025692402061
