objID,ra,dec
110510172097478286,17.20975394556876,2.098161777688086
