objID,ra,dec
106510177568061199,17.756838022914494,-1.2410870727994754
