objID,ra,dec
106140174850018461,17.48500733709811,-1.5433353912662378
