objID,ra,dec
106750171582602440,17.158251254951967,-1.0400462116061893
