objID,ra,dec
108490179222323410,17.92227604263582,0.4107685846030641
