objID,ra,dec
108130177780541685,17.777898227753827,0.10929355211990832
108130177777801795,17.777873463868193,0.10932559149133385
