objID,ra,dec
106690179205269070,17.92052021365651,-1.0844873782612952
