objID,ra,dec
108210179532587583,17.953279786612345,0.18093044239391462
