objID,ra,dec
104490174805778142,17.48058004348499,-2.918549218514642
