objID,ra,dec
108220178701382599,17.87006036235752,0.18512962145371806
