objID,ra,dec
99610179682205530,17.96832844526401,-6.987411063444669
