objID,ra,dec
107680172503670509,17.250387800410596,-0.2666143073882041
