objID,ra,dec
104000174575271983,17.45745407260182,-3.3317553579803354
104000174572652342,17.457457963619234,-3.331728499400904
