objID,ra,dec
107200174735644584,17.473587291730976,-0.663204145187579
