objID,ra,dec
111580176189219565,17.619016439768647,2.9909243926430675
