objID,ra,dec
105830173823550290,17.382310079660837,-1.8084746331310526
