objID,ra,dec
108730170574984204,17.057496438700184,0.6114856127787275
