objID,ra,dec
111380170229718424,17.022947994341145,2.8233444822518616
