objID,ra,dec
102280172855502716,17.285649296408675,-4.764721231045819
