objID,ra,dec
108070173320720191,17.332120671742633,0.058167582547118304
