objID,ra,dec
108120173855596152,17.385557357716863,0.10478786638716077
