objID,ra,dec
109450177408461414,17.74089551520055,1.209107363731815
