objID,ra,dec
107040172483943918,17.248423179913626,-0.7971431646325449
