objID,ra,dec
100930179277461545,17.92776857753313,-5.890827660749713
