objID,ra,dec
111060179176737849,17.917792542971906,2.556148422236439
