objID,ra,dec
109940177598552089,17.75988294,1.61805005
109940177595632045,17.759634785818054,1.6179999417852828
