objID,ra,dec
106940171869562918,17.187020995529945,-0.8812812576639498
