objID,ra,dec
100900171713968305,17.1714558877836,-5.910076842929164
