objID,ra,dec
108600177006322020,17.700645626114003,0.5012374559701989
108600177003781506,17.700631957964926,0.5012223333878542
108600177003051848,17.70037092,0.50115284
