objID,ra,dec
107830170554043738,17.055435601482145,-0.1390589531493246
