objID,ra,dec
104620172263725797,17.22641175728799,-2.812167163051164
