objID,ra,dec
104740172090397252,17.20908608726155,-2.710940379808396
