objID,ra,dec
110430176946378978,17.694731512560043,2.032117416501537
