objID,ra,dec
107740173716434273,17.37164341103681,-0.2135377420740996
