objID,ra,dec
101960177237167350,17.723762066896484,-5.027572261567702
