objID,ra,dec
107720172614684180,17.261469103405936,-0.23021157849680035
