objID,ra,dec
95210175596458678,17.559694288588226,-10.651517695493474
