objID,ra,dec
99470178592818956,17.8593418212203,-7.101239603389091
