objID,ra,dec
104100171953846207,17.19542951405218,-3.245194260896477
