objID,ra,dec
101940172527551228,17.25279111090795,-5.049318937959192
