objID,ra,dec
104180173300019369,17.33002989,-3.17592239
