objID,ra,dec
106150175588119015,17.558838498870486,-1.534526327421963
