objID,ra,dec
104960177788578166,17.778886587346346,-2.526896652116342
