objID,ra,dec
107470172049031361,17.205081348480103,-0.44091400508328765
