objID,ra,dec
107260171055110384,17.105567034502062,-0.6167079648546318
