objID,ra,dec
106400177104824219,17.710526951951646,-1.3302376961889497
