objID,ra,dec
96580179261489611,17.92620286800412,-9.508996205209186
