objID,ra,dec
107440171782039431,17.178275727779265,-0.45917385259624793
