objID,ra,dec
110510170616915100,17.06171638,2.09556653
