objID,ra,dec
107570174475092078,17.447429910585466,-0.35702372608897115
