objID,ra,dec
107140179716058139,17.971635404338826,-0.7102423890531975
