objID,ra,dec
98380170857338880,17.085734931431748,-8.009599436935815
