objID,ra,dec
105710173956422602,17.395683107757858,-1.9066024724415231
