objID,ra,dec
110780171284888605,17.12852216150021,2.323476352882711
