objID,ra,dec
100240179164606194,17.91646168,-6.46183805
100240179161716194,17.916205338856617,-6.461816099678098
