objID,ra,dec
110630173280687269,17.328103621162793,2.1973348201678666
