objID,ra,dec
109770176899668458,17.690042022276966,1.4816948743594398
