objID,ra,dec
104870175952700623,17.595285875306093,-2.6082022589996665
