objID,ra,dec
108400176917586047,17.69182752,0.33798601
