objID,ra,dec
109330175200878628,17.52027973,1.11502771
