objID,ra,dec
108330177418581841,17.74192537473483,0.2761190073833067
108330177421441788,17.74215252,0.27614219
