objID,ra,dec
109320175447996604,17.54483526760196,1.105141613521746
