objID,ra,dec
98210177849096589,17.784946786456793,-8.153210493285172
