objID,ra,dec
107500175967052019,17.59655369,-0.41560818
107500175965211726,17.596534435117654,-0.41560502821852524
