objID,ra,dec
106460173240184191,17.324086879587036,-1.280309511162844
