objID,ra,dec
107210170976080742,17.097725922590804,-0.6581471216857518
