objID,ra,dec
103540173288149189,17.328875868334993,-3.7094096077242567
