objID,ra,dec
101890174822149811,17.482264462036703,-5.083848210345124
