objID,ra,dec
107540170130101544,17.012999334292775,-0.3824887575605828
