objID,ra,dec
108300177868762909,17.787034032052365,0.251924365478836
