objID,ra,dec
105880175688325279,17.568850824122098,-1.7626209199042209
