objID,ra,dec
109050176066660777,17.606734083180438,0.8752393743935434
