objID,ra,dec
108660170939608153,17.09399916,0.55643518
108660170937068289,17.09368266,0.55652385
