objID,ra,dec
107510171527914285,17.152691747230957,-0.4051568553438494
