objID,ra,dec
103540174906687388,17.49066009130657,-3.7109281949228436
