objID,ra,dec
108140176755905319,17.675660315554374,0.12067954134526881
