objID,ra,dec
107020177462974374,17.7463342728448,-0.8135367042679832
