objID,ra,dec
107620170645975075,17.064640637088807,-0.31293126696814566
