objID,ra,dec
108640173370785301,17.337091553666053,0.537323629830809
