objID,ra,dec
99510174064796190,17.406546080464764,-7.070104111216221
