objID,ra,dec
103170170722504030,17.072276880897,-4.022031186359611
