objID,ra,dec
104320177400186158,17.740069973564616,-3.0618507142060216
