objID,ra,dec
107820176457204239,17.645778268393265,-0.14686201028423987
