objID,ra,dec
103740176651229680,17.66514523,-3.54236457
