objID,ra,dec
106280175161048100,17.5160915227815,-1.4269455895352015
