objID,ra,dec
109160170147678824,17.01467991,0.97372584
109160170148039303,17.014762731627076,0.9739726069788452
