objID,ra,dec
101700178757441834,17.87577163277491,-5.248836970150725
