objID,ra,dec
108020174169687499,17.416977958417963,0.022531893304514005
