objID,ra,dec
111660172178313053,17.217858760605736,3.0521204462150084
