objID,ra,dec
106000173981573401,17.39816968509484,-1.664252760714813
