objID,ra,dec
103980175789017565,17.57891901732068,-3.344053667939913
