objID,ra,dec
100670172736749447,17.273732717755877,-6.100630933650235
