objID,ra,dec
103160170470547630,17.047028691261854,-4.027389968886141
