objID,ra,dec
107850170698750702,17.069922712869285,-0.12489153324654227
