objID,ra,dec
108830173937096789,17.39381889590259,0.6969305988491398
108830173941636698,17.394021235036977,0.6969290222544348
