objID,ra,dec
100000177628585383,17.762888844521914,-6.662544374385533
100000177627945050,17.76282674,-6.66274236
