objID,ra,dec
107480170595201927,17.059655231005486,-0.4321352460745814
