objID,ra,dec
107420178603929505,17.86044397408096,-0.4757292513615402
