objID,ra,dec
110730171365026889,17.136504368863246,2.280361988042759
