objID,ra,dec
105690177351314838,17.735172014494736,-1.921502211105614
