objID,ra,dec
102310174673499484,17.467385740447902,-4.734108895989275
