objID,ra,dec
104370175657365948,17.565750423651558,-3.0203909081255196
