objID,ra,dec
103440176763496002,17.67636509,-3.79534391
103440176762916359,17.67634265,-3.7950688
