objID,ra,dec
111440172586154332,17.25867249,2.86997041
111440172585814716,17.258618499386785,2.870212321906718
