objID,ra,dec
101120174236044208,17.423591300033323,-5.730207958309574
