objID,ra,dec
108110172509827227,17.251006928481576,0.09728391968152085
