objID,ra,dec
103200176887863910,17.68882951,-3.99709185
