objID,ra,dec
100930178142608782,17.814343502031523,-5.884700067708191
