objID,ra,dec
102360177800973826,17.78011454484395,-4.697172926564302
