objID,ra,dec
109470176628750550,17.662916895238485,1.2250934578950439
