objID,ra,dec
107710170518858079,17.0518501,-0.23527723
