objID,ra,dec
107610170494023445,17.049476312269608,-0.32256122408143767
