objID,ra,dec
111470174480995147,17.448134902849787,2.8955804687349875
