objID,ra,dec
109440174654587406,17.46547212067697,1.2057857315949783
