objID,ra,dec
99250173306982499,17.330758677623187,-7.289875661617653
