objID,ra,dec
107240176707785362,17.670763331953427,-0.6293502112140295
