objID,ra,dec
108230176909824345,17.69105700462759,0.19488971154807613
