objID,ra,dec
101180171974875576,17.197495800979645,-5.679131193513518
101180171972085237,17.19747982651073,-5.679132187389176
