objID,ra,dec
107260173382514425,17.33825411880487,-0.6133153164009397
