objID,ra,dec
109990178872080548,17.887149635130985,1.658346835301654
109990178868500636,17.88693065,1.65846371
