objID,ra,dec
105140176253301192,17.62536401512998,-2.382709465198056
