objID,ra,dec
103320170223577525,17.022411704188745,-3.8940968949680217
