objID,ra,dec
107220175600182394,17.5600443208661,-0.6484472427023227
