objID,ra,dec
108810177441499696,17.74417330870647,0.682671203409194
