objID,ra,dec
103510173143414839,17.31425167,-3.7379708
103510173141975137,17.3142484594626,-3.7378408166990185
