objID,ra,dec
99570177310099869,17.731041471738557,-7.017109291146176
