objID,ra,dec
104740171964811014,17.196497589954472,-2.7161261808780863
