objID,ra,dec
104200179681046122,17.968195822811452,-3.16201163365244
104200179683135861,17.96821851212461,-3.16202631053972
