objID,ra,dec
109170173228339485,17.32289242582034,0.9825409226654059
