objID,ra,dec
100980179927705490,17.992615137266192,-5.845791581924769
