objID,ra,dec
108120170497292138,17.04965339,0.10106698
108120170497281621,17.04947973452488,0.10104816211964393
108120170493811590,17.04934206419968,0.10098437537987527
108120170490031676,17.0491698735358,0.10091129983448002
