objID,ra,dec
106550172686846153,17.268691072212036,-1.203594499807829
