objID,ra,dec
108780172784919015,17.278459266047566,0.6571094941394471
