objID,ra,dec
108860172494094248,17.249458904226277,0.7198078418432562
