objID,ra,dec
107020172853604146,17.28536326,-0.81359526
107020172854504697,17.28544728,-0.8131625
