objID,ra,dec
107930176200149207,17.619940162281733,-0.0510566275225888
