objID,ra,dec
102560172029014154,17.202887420863387,-4.5302906340769
