objID,ra,dec
101220171161731701,17.116185699182445,-5.648932789589361
