objID,ra,dec
103760176280710115,17.62821045,-3.53351489
