objID,ra,dec
108320173749077810,17.37490657652516,0.27278621960167104
