objID,ra,dec
107810171343993368,17.13456679,-0.15594655
107810171345943615,17.134655760603614,-0.15576249675594428
