objID,ra,dec
107510173016502517,17.301796562116667,-0.40651636500232186
107510173019712557,17.301771451224425,-0.4065200503021911
