objID,ra,dec
108030170386013431,17.03860118,0.02750184
