objID,ra,dec
106940173638590847,17.36397166891289,-0.8829894173812532
