objID,ra,dec
107090173578097540,17.357816107930407,-0.7524203512821069
