objID,ra,dec
109160177514609040,17.751544467229166,0.9738108858164192
109160177517379096,17.75158426804512,0.9738031952146999
