objID,ra,dec
107230171682181881,17.168278780623137,-0.6405596402971273
