objID,ra,dec
106690176405589458,17.640584852073314,-1.0840783788824082
