objID,ra,dec
108120172987407923,17.298806846154328,0.10618554735096024
