objID,ra,dec
98790170026698842,17.002743548152914,-7.667990960237607
