objID,ra,dec
102210178766010077,17.876591526468168,-4.825389628845269
102200178763839736,17.876536581021035,-4.825443515453367
