objID,ra,dec
110640170228426249,17.022862238620384,2.204859374738742
