objID,ra,dec
108180176843175319,17.684353584684246,0.1539960891593884
