objID,ra,dec
107820171551987693,17.155313125780648,-0.14407491270791095
