objID,ra,dec
100710170303617789,17.03042195134336,-6.068870322332091
