objID,ra,dec
109430171328217833,17.132843959966817,1.1978129141748586
