objID,ra,dec
109440171659141416,17.166027411695573,1.2007645444252755
