objID,ra,dec
98380176093099430,17.609366512328656,-8.00915512439662
