objID,ra,dec
109280174045666379,17.404596686861037,1.0715736948211005
