objID,ra,dec
106500172831347165,17.28311475817294,-1.2443969167484135
106500172831557659,17.28309442,-1.24419929
