objID,ra,dec
107680176260594949,17.62609778137184,-0.2628061201943633
107680176260575307,17.626116014720058,-0.2627724420318681
