objID,ra,dec
106900171328506689,17.132850346219886,-0.9114982551169468
