objID,ra,dec
111610170886741346,17.08857138204231,3.009031610447984
