objID,ra,dec
110420179921420002,17.992126637756005,2.0163418714870605
