objID,ra,dec
108610175521170775,17.552035442121174,0.5086097000860755
