objID,ra,dec
107320177381992802,17.738220165511784,-0.56476325576455
