objID,ra,dec
106560174851807649,17.48516151,-1.19420046
106560174848677483,17.484949886270417,-1.1940998712852913
