objID,ra,dec
106230174518738520,17.451832111357586,-1.4683162043679003
