objID,ra,dec
101170177184146793,17.718465765947673,-5.686360970016921
