objID,ra,dec
109840174645726552,17.464591130165303,1.53845748032403
