objID,ra,dec
108520174036063658,17.403588758952772,0.4359721551322007
