objID,ra,dec
109340172089443453,17.20924476357185,1.119227186539579
109340172092793620,17.209261557413583,1.119253769482371
