objID,ra,dec
111410179953727936,17.99544644902311,2.8478539914903944
