objID,ra,dec
105060170445986331,17.04471983182471,-2.4450022750680187
