objID,ra,dec
101950173783503581,17.37839438,-5.03894597
101950173783163920,17.37831322168951,-5.0387410830026935
