objID,ra,dec
106300179041859076,17.904179726970078,-1.4094458153120648
