objID,ra,dec
110340173690501087,17.369052043257515,1.950511771171552
