objID,ra,dec
95590173207251125,17.32070052950901,-10.34106083587713
