objID,ra,dec
105620176244986963,17.62449943324097,-1.97791059128225
