objID,ra,dec
106100174779528620,17.477877211373304,-1.5765366545737012
106100174776788382,17.47766948,-1.57671959
