objID,ra,dec
100110171885198556,17.18851911,-6.56820553
100110171882648716,17.18832906105289,-6.568072320058201
