objID,ra,dec
105790178351849297,17.835183495516382,-1.8343229139450554
