objID,ra,dec
100220171300165013,17.130097019414045,-6.479497230745592
