objID,ra,dec
107770176023524499,17.60223462,-0.18839113
107770176021394102,17.60221658937983,-0.1886466184138483
