objID,ra,dec
108190177862394595,17.78624334,0.16163994
