objID,ra,dec
108710176328247070,17.632908769516423,0.5971731876789479
108710176330556855,17.63307159141553,0.5970315370558261
