objID,ra,dec
106390173222479288,17.32208041,-1.33429844
106390173218299316,17.321933681959766,-1.334271208054132
