objID,ra,dec
107800170413642698,17.04130363,-0.16489642
