objID,ra,dec
99700170558504612,17.056011615930583,-6.913137990526757
