objID,ra,dec
107120173248256767,17.324827672906892,-0.7280823676429063
