objID,ra,dec
100800173801409374,17.38020445344254,-5.992596773188098
