objID,ra,dec
106300174604899813,17.460481482978782,-1.4088388428697176
