objID,ra,dec
108770171779720395,17.17798886,0.64160626
