objID,ra,dec
105610170723975681,17.07246040454795,-1.987340725990241
