objID,ra,dec
107870170427101251,17.04269944857262,-0.10772936478199588
