objID,ra,dec
96690175671842685,17.56719039639066,-9.423097203987234
