objID,ra,dec
109870179281713357,17.928182313541612,1.5607421422525516
