objID,ra,dec
108020170197546784,17.01976421966679,0.021920227181792335
