objID,ra,dec
111070173530491675,17.35309784251455,2.559403847731372
