objID,ra,dec
107420172124463108,17.212516027463597,-0.4810019931535644
