objID,ra,dec
100230175745018835,17.574449441352957,-6.467987340376619
