objID,ra,dec
107020174811479783,17.48117940957676,-0.8088238288175438
