objID,ra,dec
106850174274245958,17.42758836277271,-0.953668788135084
106850174277105735,17.427768351137725,-0.953807714849852
106850174277866209,17.427735179161317,-0.9536797593666945
106850174280195927,17.427901103275428,-0.9537996043622085
