objID,ra,dec
109270171986131317,17.198582017585355,1.0589811655346122
