objID,ra,dec
105600175675374181,17.567597296027472,-1.9969341953913384
