objID,ra,dec
106760171418115646,17.141754948967233,-1.0289516216652272
