objID,ra,dec
108150175787926627,17.57879832820512,0.13011483329576756
