objID,ra,dec
99650173594724688,17.35959755841302,-6.954745702857432
