objID,ra,dec
101840172602910796,17.260354128662357,-5.132990204588687
