objID,ra,dec
102870177047642438,17.704776713678676,-4.273376678670092
102870177045182261,17.704726411439076,-4.2734288242126075
