objID,ra,dec
108050170788142962,17.07906572,0.04366623
108050170791712759,17.079201868073515,0.04349389232180472
