objID,ra,dec
108740176233742151,17.623441079035608,0.6180407893882214
