objID,ra,dec
97980177825727205,17.78260348934176,-8.344340618587085
