objID,ra,dec
109250173101614266,17.310216937464688,1.0448182583629246
