objID,ra,dec
99340172730160375,17.273116086007068,-7.216673936504173
