objID,ra,dec
98380177771884863,17.77718438,-8.01289327
98380177769285036,17.77694991052324,-8.012803643200657
