objID,ra,dec
107940176397639647,17.63978577,-0.04235634
