objID,ra,dec
110790170378406274,17.037893736186785,2.32985449755068
