objID,ra,dec
107650171884884326,17.188547453736632,-0.28845328506204276
