objID,ra,dec
107500176127730927,17.61280416,-0.41631307
