objID,ra,dec
102560179589633702,17.959026311298576,-4.530631519584989
