objID,ra,dec
97610171386829231,17.138647053236262,-8.650998441066207
