objID,ra,dec
104170174577509460,17.45790985,-3.18412847
