objID,ra,dec
108550171202482059,17.120232427856838,0.4596399312772975
