objID,ra,dec
107360172712545086,17.271292094798934,-0.5294622178527366
