objID,ra,dec
110710173502910075,17.35033677,2.25802693
