objID,ra,dec
106380173034118463,17.303523126648322,-1.3433864829470208
