objID,ra,dec
107430176509118464,17.650948746823385,-0.4683880853048198
