objID,ra,dec
106630170924422553,17.092326034661973,-1.1398432290662426
