objID,ra,dec
108920176448292319,17.644866697654113,0.7681946796701578
