objID,ra,dec
95160177217194733,17.721829614570872,-10.696420639711196
