objID,ra,dec
109170174675087585,17.467531145507973,0.9809513353843627
