objID,ra,dec
100270178786403800,17.878724414419363,-6.438768299340084
