objID,ra,dec
103640174531841400,17.453223918144474,-3.6325318580749943
