objID,ra,dec
106610172941574981,17.294123793493814,-1.154645852039307
