objID,ra,dec
108070178370526606,17.837118067616167,0.06337036092923179
