objID,ra,dec
106720173425661691,17.342612882842264,-1.06556887848359
