objID,ra,dec
109610179956243847,17.995591150727506,1.3445095185813005
