objID,ra,dec
104610173483429100,17.348349016668436,-2.817724301313013
