objID,ra,dec
106670172686045843,17.268661740733467,-1.103871704879128
