objID,ra,dec
107650172869512630,17.286745285157814,-0.28992194304083085
107650172866802321,17.286650020160263,-0.28999507877283304
