objID,ra,dec
111230177789405991,17.77903284630031,2.6963917131007755
