objID,ra,dec
110620170871184024,17.08712974536244,2.186353929997924
