objID,ra,dec
98220178871161841,17.887149830613534,-8.148798578689442
