objID,ra,dec
107940174900473449,17.490019799599267,-0.04756990148448443
