objID,ra,dec
101800177678929958,17.76794966253695,-5.158745534045221
