objID,ra,dec
99110173538222148,17.35385713061467,-7.4068837649061985
