objID,ra,dec
108890178790707677,17.87915493428326,0.7477148891092057
