objID,ra,dec
104030173889925832,17.389012364743156,-3.3039280769407555
