objID,ra,dec
101170176290445283,17.629074487164907,-5.68763465454423
