objID,ra,dec
110920177204683504,17.720501810345727,2.4358671211617278
