objID,ra,dec
106070178412782897,17.841370668612974,-1.606360169178051
