objID,ra,dec
99770172136279074,17.21374347181946,-6.851028209631244
