objID,ra,dec
107670171641587678,17.16413227,-0.26893317
