objID,ra,dec
107630174684710025,17.46847667,-0.3086784
107630174686810266,17.468643826783765,-0.30853606675184364
