objID,ra,dec
111590170317703900,17.031721551847248,2.994626412731588
