objID,ra,dec
111420176271878404,17.627254368845435,2.8565854770400114
