objID,ra,dec
108010178740113625,17.87403074390836,0.010947380713887775
