objID,ra,dec
98370179338433521,17.93384748123942,-8.022355896176395
