objID,ra,dec
107560172203978779,17.220435155658866,-0.3596987248793661
