objID,ra,dec
100800172557477217,17.255803492712005,-5.994311988251012
