objID,ra,dec
102270176656926438,17.66563029029987,-4.770094222698614
