objID,ra,dec
105950178980339353,17.89799858010923,-1.7009130238653938
