objID,ra,dec
110670179420654592,17.942073412705263,2.228468139632888
