objID,ra,dec
103890178711279423,17.871247164332505,-3.4175339667703164
