objID,ra,dec
106380179960229166,17.996064815299373,-1.3427494016905805
