objID,ra,dec
104350176839875519,17.68402215979233,-3.037468812014649
