objID,ra,dec
107650173579896264,17.357992489472732,-0.2868715912776926
