objID,ra,dec
108500171373443048,17.137386005621185,0.41877059077009765
