objID,ra,dec
111370171421278203,17.142058006674645,2.8148151294208708
