objID,ra,dec
101450172382283799,17.23817663,-5.45539426
101450172379754162,17.237963638591083,-5.455234037418413
