objID,ra,dec
106040172382885853,17.238323088321277,-1.6290154456818786
