objID,ra,dec
106800171554996271,17.155526283850023,-0.9950982982338812
