objID,ra,dec
104230173567726683,17.356828888594347,-3.1364021608558974
