objID,ra,dec
109450177700850091,17.77018375,1.20780984
