objID,ra,dec
111100174880352185,17.488020335718065,2.584773616360932
