objID,ra,dec
107510178513834143,17.851413713384556,-0.4052690191928136
