objID,ra,dec
104840176764886232,17.676590395732028,-2.6285505265104345
