objID,ra,dec
106020177949519376,17.79502744494854,-1.642580940862834
