objID,ra,dec
110050170556713473,17.05569872,1.71093308
110050170556683837,17.055701989273295,1.7110534069369534
