objID,ra,dec
104870172618829044,17.261963405900396,-2.6011534358310473
