objID,ra,dec
108780170873311183,17.08730795472474,0.6506040981677247
108780170873390814,17.08733785,0.65032436
