objID,ra,dec
97650170569226915,17.05690762069015,-8.619585247682014
