objID,ra,dec
108210173195722359,17.3195822064572,0.17656544066668073
