objID,ra,dec
106410179894384296,17.98947207232888,-1.3218126295571617
