objID,ra,dec
106520170714241485,17.071458305082853,-1.2325390476559024
106520170714761106,17.07149807914756,-1.2327046522584204
