objID,ra,dec
102190179935046223,17.99357628017921,-4.8368361564773705
