objID,ra,dec
107730171345578501,17.134637679343168,-0.21835332281543535
