objID,ra,dec
107250179594476795,17.9595052505639,-0.6197408016667859
