objID,ra,dec
109060173761573206,17.376169844554777,0.8855610395786286
