objID,ra,dec
109040175000099160,17.500016771303322,0.8739193958117507
109040174999899162,17.50000636045043,0.8739055644678096
