objID,ra,dec
99780170312112768,17.031276210906217,-6.84798720854354
