objID,ra,dec
108230171214230363,17.12138326336477,0.1915654382739245
