objID,ra,dec
109430172384289853,17.238429877947432,1.1994659485816561
