objID,ra,dec
102560179196615784,17.91973687512338,-4.52886343664951
