objID,ra,dec
108300176943339791,17.69442997954562,0.2577368975964724
