objID,ra,dec
108060175327364617,17.532750986432497,0.05350631982900957
