objID,ra,dec
106830177510313492,17.75107754,-0.97245877
106830177511223147,17.751169749649698,-0.9727000585397432
