objID,ra,dec
111330170347772902,17.03479477403846,2.776996887372145
