objID,ra,dec
103330178735341628,17.87362719,-3.89059643
103330178739212040,17.8739215,-3.89031443
