objID,ra,dec
108890172859007669,17.285934287151658,0.7476621032393351
