objID,ra,dec
107120174194062165,17.419406330633286,-0.7318725996603349
