objID,ra,dec
107130179379691794,17.938037749894285,-0.7237558852274852
