objID,ra,dec
108470173554588242,17.355420827202195,0.39815372728374293
