objID,ra,dec
105000170633186725,17.063213169107158,-2.4947500465748043
105000170630036700,17.06317909128531,-2.494768897658985
