objID,ra,dec
106940173727409417,17.372790085649743,-0.8758212028450284
