objID,ra,dec
100010174297432507,17.429819642048983,-6.656519359450489
