objID,ra,dec
107140175292815963,17.529260308912665,-0.7120743101668732
