objID,ra,dec
107840172904392539,17.290553263925425,-0.13152398242558616
107840172905672842,17.290559492225707,-0.1315026458253747
