objID,ra,dec
96150170173044944,17.017347294375277,-9.871185764009605
