objID,ra,dec
110290172652851998,17.26532311672026,1.9096505533642276
