objID,ra,dec
107900176737070338,17.673744537398978,-0.08345978947921665
