objID,ra,dec
111390174093989552,17.409411853810823,2.8325808091282587
111390174093059897,17.40936196,2.83268552
