objID,ra,dec
102810177180568309,17.718136196768864,-4.318360683190863
