objID,ra,dec
107010172200132763,17.22019070766412,-0.8231314093494971
