objID,ra,dec
107730172713877717,17.27139433164312,-0.21896781055271136
