objID,ra,dec
111110173303104656,17.330341050293345,2.5951537574730326
