objID,ra,dec
106690175609366569,17.56102617242925,-1.0866980929258643
