objID,ra,dec
104920179383509506,17.938334498573298,-2.5591874285015423
104920179382179830,17.9381444,-2.55897606
