objID,ra,dec
106870172214959085,17.2215443096673,-0.9346127557414479
106870172215808396,17.22153025,-0.93488706
106870172216898787,17.22159664876229,-0.9347609052951809
