objID,ra,dec
111540176717615474,17.671855589474593,2.954359146256678
