objID,ra,dec
109420171988938544,17.198964324796382,1.1900514996550466
