objID,ra,dec
103170178813801173,17.88134359509851,-4.024448249932565
