objID,ra,dec
102080174843069090,17.48435692844125,-4.926106744150554
