objID,ra,dec
107020175573487565,17.557448793625248,-0.8107732440761539
107020175576707352,17.55768594,-0.81072017
