objID,ra,dec
98370177255961805,17.725616991021354,-8.023832845177257
