objID,ra,dec
103770184312938831,18.431288524616722,-3.518005918715117
