objID,ra,dec
108960189124553624,18.912454955589713,0.8026290190574861
