objID,ra,dec
105190182576998024,18.2577030274817,-2.3353563888502396
