objID,ra,dec
108590184440607796,18.444147459654136,0.49769264072555414
