objID,ra,dec
108940183329931580,18.33301734874063,0.7842513958537133
