objID,ra,dec
102270181282696143,18.128275705892523,-4.770211543672201
