objID,ra,dec
101960181437134083,18.143842450420223,-5.030297765205468
