objID,ra,dec
108630186955730067,18.695603855921313,0.5246883273508236
