objID,ra,dec
108950184496679960,18.44969948351562,0.7995735563078473
