objID,ra,dec
99020186869711334,18.686982334034823,-7.482612932482312
