objID,ra,dec
110210184827234479,18.482825477665333,1.844967981438365
