objID,ra,dec
110090182345218557,18.23448147409746,1.7482561713705822
110090182345108058,18.2344813623478,1.7482424490955586
