objID,ra,dec
105650187944010251,18.79451536909434,-1.958414730191505
