objID,ra,dec
107580180347736968,18.03484089319307,-0.3445677689169089
