objID,ra,dec
110580184494671252,18.449491142269817,2.150675650975827
