objID,ra,dec
104730188416923488,18.84174217175392,-2.7225006613441236
