objID,ra,dec
107590180821185306,18.08222457416387,-0.3376308162270096
