objID,ra,dec
109210180160402727,18.01601447644828,1.0102135919646953
