objID,ra,dec
106420180376233083,18.037775102571164,-1.3146145624767767
