objID,ra,dec
107960184314905952,18.43153918536222,-0.0286619230380903
