objID,ra,dec
103490188706687487,18.87062927407618,-3.7524241257788264
