objID,ra,dec
106600189856407482,18.985670346207907,-1.1607534050016168
