objID,ra,dec
108810180483917837,18.04838962508153,0.6811654984748327
