objID,ra,dec
102170189777221348,18.977757853096726,-4.85756975532268
