objID,ra,dec
110220189041504400,18.90417688210492,1.8533318665745775
