objID,ra,dec
99810183801743654,18.380210472012664,-6.822269023358869
