objID,ra,dec
106050188335421614,18.833568054486236,-1.6240685693011954
