objID,ra,dec
102610183438023040,18.343836274348178,-4.489525429671104
