objID,ra,dec
108220181185323481,18.118542518412884,0.18583529018550318
