objID,ra,dec
108460184846997386,18.484755997494712,0.3891575602675502
