objID,ra,dec
110490186363241450,18.63631064183323,2.075890824370423
