objID,ra,dec
109630180053004663,18.00528421,1.36186374
109630180052355036,18.005210765960193,1.3621444037905106
