objID,ra,dec
108060183964905019,18.396501168230625,0.05379011372347938
