objID,ra,dec
110630189869629636,18.98694522,2.19932089
110630189868299960,18.986844413675865,2.199552302112959
