objID,ra,dec
103490185392184317,18.53921808357941,-3.7550068992939925
