objID,ra,dec
109480189112044700,18.91116087362204,1.2368525401895554
