objID,ra,dec
109100181572586967,18.157276554720138,0.9220661559139438
