objID,ra,dec
109040181395302000,18.139545770166833,0.8679303264625627
