objID,ra,dec
108820189837409911,18.983811817265895,0.6911222435435854
108820189835649633,18.98379670251783,0.6910728068495043
