objID,ra,dec
105250188483641667,18.848395458149117,-2.2906524113608664
