objID,ra,dec
103160185887785019,18.58886109706599,-4.029576687455746
