objID,ra,dec
108310182542231852,18.254218519611506,0.2594513903822734
