objID,ra,dec
107750188368609988,18.836876251972033,-0.20043355064228122
