objID,ra,dec
107130180147581138,18.01478834590492,-0.7244307748786438
