objID,ra,dec
108220188198543250,18.819898742214104,0.18566552418136917
