objID,ra,dec
97860187034303417,18.70337699,-8.44751337
97860187031913117,18.703261675931234,-8.447757363682266
