objID,ra,dec
110680186147204691,18.614641281148067,2.236846230365484
110680186144104678,18.61441763,2.23686461
