objID,ra,dec
107710187732753690,18.7730915,-0.23887284
107710187731554114,18.773172762073358,-0.23864682035181597
