objID,ra,dec
99200186113141747,18.611322726634747,-7.33222208543299
