objID,ra,dec
103390186179826768,18.6179660503213,-3.8363446311681075
