objID,ra,dec
108190185537606343,18.553779673253775,0.1632473680555639
