objID,ra,dec
109910183493005878,18.349362726638645,1.5962009084913302
