objID,ra,dec
110350185523918698,18.552375826148413,1.965075946408644
