objID,ra,dec
109360180149469587,18.01486573085325,1.1408773503672465
