objID,ra,dec
107010184353214066,18.43534234118863,-0.821968201020843
