objID,ra,dec
104340189708502096,18.970964599042357,-3.048653196961143
