objID,ra,dec
96330185607117879,18.56077303882631,-9.718740209270392
