objID,ra,dec
109320183653472578,18.36542345234144,1.1016702897388848
