objID,ra,dec
110540187554115127,18.755406721712976,2.1205263509365824
