objID,ra,dec
97090186229470992,18.622956240816585,-9.091165933180788
