objID,ra,dec
99180187086424443,18.708674200257203,-7.346648524501285
