objID,ra,dec
99050187873727541,18.787445147896843,-7.4523214158736115
