objID,ra,dec
102210188566484159,18.85659385,-4.82191682
102210188562864303,18.856293285549054,-4.8217758512231415
