objID,ra,dec
101910184822568852,18.482348639193283,-5.06797021194229
