objID,ra,dec
99230188844267354,18.884489246697512,-7.302516667915829
