objID,ra,dec
109380189176685714,18.917700751564233,1.1544080564665278
