objID,ra,dec
101820188016800560,18.8016351,-5.14986564
101820188014780806,18.801533817413805,-5.149662311677738
