objID,ra,dec
106120182961125651,18.29616387331645,-1.5623747179983356
