objID,ra,dec
106460184605076570,18.46053390655526,-1.2782549565617547
106460184603206864,18.46033812,-1.27801521
