objID,ra,dec
98090188510823219,18.85111329227965,-8.256036244599933
