objID,ra,dec
113310183858321685,18.385769028008863,4.425996055857351
