objID,ra,dec
110770181258817018,18.12576901,2.31389314
110770181255857032,18.125624838688516,2.313849487618062
110770181254686603,18.12564381,2.31378595
