objID,ra,dec
108650185215861517,18.521662601629597,0.542560898466138
108650185212891491,18.52165329346584,0.5425549992685985
