objID,ra,dec
109140186885661735,18.68858486842102,0.9510546669267578
