objID,ra,dec
107370181788560589,18.178851192036202,-0.5249610666526917
