objID,ra,dec
108640183645003519,18.364536136665382,0.5358233577256778
