objID,ra,dec
103070184215640323,18.421491940145003,-4.108447780642505
