objID,ra,dec
107010188039916575,18.80399823,-0.81987103
