objID,ra,dec
103180189767710750,18.976772504948627,-4.016375510821672
