objID,ra,dec
104520184376400100,18.437677335742233,-2.900277291457726
