objID,ra,dec
96200182027908835,18.202822167882317,-9.826315838668823
