objID,ra,dec
108950184996599077,18.4997079550316,0.79887307108541
