objID,ra,dec
99880184303583369,18.430380253808952,-6.76424462670524
