objID,ra,dec
108120184661768759,18.46616075268024,0.10690265398374167
