objID,ra,dec
105260186221486013,18.622206822146985,-2.278629899638
