objID,ra,dec
110480189554954692,18.95555769,2.07021293
