objID,ra,dec
105480189491653847,18.94916885,-2.09717393
105480189488943647,18.9490298788512,-2.0973629699179486
