objID,ra,dec
110480185182814966,18.518307831207835,2.070409480094308
