objID,ra,dec
106880180293681608,18.029434215926926,-0.9323823814422293
