objID,ra,dec
107890184455717281,18.44561292363737,-0.08613216237171936
