objID,ra,dec
109990184484170735,18.448503455374784,1.6585587713896073
