objID,ra,dec
97940181355271780,18.13557243900929,-8.38223726574713
