objID,ra,dec
105800181022939918,18.102295795762476,-1.8254433250807498
