objID,ra,dec
105250188590002956,18.85909209618356,-2.289410052521929
105250188591013278,18.85908440251523,-2.2893395060309
