objID,ra,dec
108580188052659866,18.805343518776567,0.4911877508159531
