objID,ra,dec
108370181402417913,18.14025282,0.31453029
108370181399908089,18.140066564647086,0.3147220413378299
