objID,ra,dec
110200181146623095,18.114604156870545,1.8355706368015101
