objID,ra,dec
108960184467816521,18.446722802206132,0.8050171577954236
108960184466086786,18.44663736,0.80525767
108960184463426459,18.446550959058285,0.8050161293266466
