objID,ra,dec
107690183597393093,18.35972636,-0.25614035
