objID,ra,dec
102950185847921847,18.584841884689027,-4.207147625329403
