objID,ra,dec
107070184549203176,18.454857368733013,-0.7726443037526691
