objID,ra,dec
109480180108490998,18.01084702055013,1.2337471603316608
