objID,ra,dec
99450185877508590,18.587764823438274,-7.118228687073143
