objID,ra,dec
104650181419083434,18.14196895296061,-2.7891811060296465
