objID,ra,dec
101520189036176871,18.903624211959297,-5.39462768378728
