objID,ra,dec
108120180550587372,18.055063701147567,0.10574984180694363
