objID,ra,dec
110870187368028921,18.736881832799284,2.3987402065286023
