objID,ra,dec
99190186345215224,18.63456885042177,-7.337664643080871
