objID,ra,dec
101900180242726748,18.024328200363314,-5.07805113610967
