objID,ra,dec
107450186721989995,18.67221932533946,-0.4504238199089689
