objID,ra,dec
99700180018814064,18.001955006352652,-6.913622388726339
