objID,ra,dec
98490181366981214,18.136716338454324,-7.92431520489041
