objID,ra,dec
111080182135579359,18.213583134092865,2.5740657308365678
