objID,ra,dec
106650181922500435,18.192198985619306,-1.124961858232697
