objID,ra,dec
102380186401420293,18.640142709744943,-4.68342612945408
