objID,ra,dec
108860187079599873,18.70796475649204,0.7245543855214225
