objID,ra,dec
104790189257788444,18.92569917772882,-2.6682318853086375
104790189255138561,18.925527056179536,-2.668209819077455
104790189252608716,18.92546600911661,-2.6680831479674327
