objID,ra,dec
106930180273568822,18.027364509196442,-0.8847443521343427
