objID,ra,dec
105970180774080450,18.07742435814931,-1.691610161025665
