objID,ra,dec
99130181234152809,18.123543924149676,-7.3897191827959166
