objID,ra,dec
98370181468862974,18.14692599881219,-8.022857013338786
