objID,ra,dec
110060184916600091,18.49166715,1.71619914
