objID,ra,dec
106890182272491926,18.227291696919018,-0.9237720476193843
