objID,ra,dec
108350188793285960,18.879368392054886,0.2962372604979711
