objID,ra,dec
108040183626021197,18.362615021820243,0.03400375263677096
108040183628171427,18.36265468318449,0.03401494942341406
