objID,ra,dec
105210187130343405,18.71306070218423,-2.3225077196186588
105210187133453479,18.71333427,-2.32245078
