objID,ra,dec
107190182708214277,18.27086028594763,-0.6717804147781851
