objID,ra,dec
105130186318440185,18.631864920113646,-2.391913637260338
