objID,ra,dec
105640181464815322,18.146512105734,-1.9626403560937884
