objID,ra,dec
103270187424390997,18.742455249821113,-3.9411859501990234
