objID,ra,dec
109150186348285331,18.634831604542978,0.9623614071283519
