objID,ra,dec
105360189071482090,18.90712321570603,-2.198758142971416
