objID,ra,dec
108610188701808269,18.87021034973448,0.5148569327862569
