objID,ra,dec
102940181441080314,18.144125461264,-4.216849176281195
