objID,ra,dec
107660184125708215,18.412558636523666,-0.27677729252163535
