objID,ra,dec
105440181669501767,18.16700498554271,-2.132248773022053
