objID,ra,dec
96370188418930075,18.841925334584378,-9.691938197369678
