objID,ra,dec
106900185552579513,18.555257371815607,-0.9090689609883306
