objID,ra,dec
100500186158549557,18.615856005244474,-6.2424597871665535
