objID,ra,dec
97530184929047909,18.49290229,-8.71874511
97530184925818019,18.492666673929108,-8.718668507153666
