objID,ra,dec
105050187893956442,18.789473144526895,-2.4532647053215744
