objID,ra,dec
103100180858882525,18.085912143962265,-4.081581462439629
