objID,ra,dec
98930187522157954,18.752265552785317,-7.552015138791368
