objID,ra,dec
109350184114992082,18.41166599479634,1.1264616663341491
109350184117612250,18.41172986978414,1.1264642058541872
