objID,ra,dec
98320187669479511,18.766927615454552,-8.059140052979162
