objID,ra,dec
109280187958183617,18.79583157535412,1.069286533717486
