objID,ra,dec
99410184214472991,18.421497487448686,-7.156196523505568
