objID,ra,dec
109290180807621486,18.080707241931144,1.0758620675035409
