objID,ra,dec
100660181325857790,18.132601770845497,-6.110525222724809
