objID,ra,dec
98290184180037634,18.41798857918324,-8.08559605554271
