objID,ra,dec
108800181804356154,18.180437099338796,0.671417344615811
