objID,ra,dec
106700188362045207,18.836218700364444,-1.079359243642745
