objID,ra,dec
109340187427710539,18.742797171288462,1.116744294966071
