objID,ra,dec
105410186351914971,18.635178546788485,-2.154577414585689
