objID,ra,dec
104980189119092350,18.911958915101486,-2.5150724523577055
104980189121562527,18.91213041,-2.51489649
