objID,ra,dec
99150182114856232,18.21156047490847,-7.370201431759245
