objID,ra,dec
108630180967498686,18.096680072257126,0.5318045309135926
