objID,ra,dec
110250181419502450,18.141913109236437,1.876729138557059
