objID,ra,dec
109540182166629408,18.216707380562255,1.290774019723709
