objID,ra,dec
95380180017963058,18.00177935828301,-10.514471101446851
