objID,ra,dec
107800180221087047,18.02215714625868,-0.1611662897890389
