objID,ra,dec
107300186879329568,18.687939286489172,-0.5757302564142432
