objID,ra,dec
106830184098351284,18.40984248039696,-0.9742827421940865
