objID,ra,dec
107490183137013880,18.313727517726875,-0.4221179019772064
