objID,ra,dec
109030189114092073,18.911421046594768,0.8596700430431489
