objID,ra,dec
102950188075714550,18.80761319175058,-4.204939364698196
