objID,ra,dec
96350181710289586,18.171047859946693,-9.700672163628454
