objID,ra,dec
97790184436111503,18.443651834551353,-8.507409601839926
