objID,ra,dec
110350188350104156,18.835053171006347,1.9614799285546871
