objID,ra,dec
102300180838218606,18.083876965138586,-4.743185086729389
