objID,ra,dec
109520185619154886,18.561879375505935,1.2704079931330041
