objID,ra,dec
107540182529453036,18.252882849724266,-0.38116380818004075
