objID,ra,dec
109290184851685389,18.48517242802415,1.0791118632848893
