objID,ra,dec
105680183700555609,18.370143585530712,-1.9290796815988427
