objID,ra,dec
108090189824994733,18.982547445218483,0.07855299967646093
