objID,ra,dec
98160186124502799,18.61245278530218,-8.198036941897305
