objID,ra,dec
104700187543889474,18.754470992147443,-2.742432069320255
104700187541849241,18.75425034,-2.74265508
