objID,ra,dec
105120185558064092,18.555769205818674,-2.396935296991269
