objID,ra,dec
105520185947888946,18.594881097327562,-2.059608374437283
