objID,ra,dec
108040180337195929,18.033719387339637,0.03796064822723065
