objID,ra,dec
106410188617176669,18.86170837,-1.31979095
