objID,ra,dec
108830185460487975,18.546048111017036,0.6979789751834276
