objID,ra,dec
103000184786589801,18.478657774201928,-4.158798477107733
