objID,ra,dec
102210186094473976,18.609505047622285,-4.822025755182311
