objID,ra,dec
108050180912738311,18.091274887607497,0.0482499870063636
