objID,ra,dec
96660188296064263,18.82959160585382,-9.446833744310213
