objID,ra,dec
105040182219460978,18.22203990530613,-2.466296165718915
