objID,ra,dec
104590185378321802,18.537908051478052,-2.840542584908782
