objID,ra,dec
99070184364268832,18.436437378043856,-7.4347209557376255
