objID,ra,dec
104840188981753401,18.898255514323807,-2.630908803679396
