objID,ra,dec
105390187936059842,18.793776230821244,-2.166941843387802
105400187937680156,18.79376396714816,-2.1669475490523324
