objID,ra,dec
99600188624657655,18.862502357998302,-6.994002838487503
