objID,ra,dec
108060184778386961,18.477805884564216,0.055445962040044115
