objID,ra,dec
103640188251082780,18.82506862211877,-3.63133244910475
