objID,ra,dec
111190180472596325,18.047295800117865,2.6631443797819294
