objID,ra,dec
102390185872571621,18.58724790779548,-4.673958069949619
