objID,ra,dec
101430188364159495,18.836410263643693,-5.46743880218819
