objID,ra,dec
98150184368562297,18.43690797405213,-8.206704770298686
