objID,ra,dec
96990186175196437,18.617511870613026,-9.16997298999637
