objID,ra,dec
105400188646600495,18.86473781214495,-2.1666628606807112
