objID,ra,dec
106610185057695937,18.50580363966791,-1.1538081197002212
