objID,ra,dec
110720189418616538,18.941869857287518,2.271704114958094
