objID,ra,dec
105500187073866502,18.70742615428729,-2.0782535081602065
