objID,ra,dec
98770186025864005,18.60266513615177,-7.688698493394824
