objID,ra,dec
107650182025292291,18.20252745743488,-0.2901926759975954
