objID,ra,dec
108280186370661024,18.63713420778391,0.23378810276668896
