objID,ra,dec
102540182098824182,18.209939171179272,-4.546877380498933
