objID,ra,dec
109310188107460504,18.810761780388614,1.091712350279945
