objID,ra,dec
110610180477991455,18.04784003592374,2.1758627499005203
