objID,ra,dec
109200188932780509,18.893323350554642,1.0000985726578944
