objID,ra,dec
101340185616315979,18.56163716806882,-5.545445886335843
101340185615495605,18.56155009,-5.54566109
