objID,ra,dec
110620180356124285,18.035553114177695,2.186486863524062
