objID,ra,dec
110770181838834496,18.183985988675996,2.3117046310249623
