objID,ra,dec
109610188337977284,18.833861701686722,1.3473952583606263
