objID,ra,dec
108130183701651580,18.370098984996364,0.10930625272526275
