objID,ra,dec
97120182897043409,18.289750003858902,-9.064147525879964
