objID,ra,dec
105340189775219159,18.977531590232015,-2.2093795131751643
