objID,ra,dec
110810186036628482,18.60378561853791,2.3483560374649635
