objID,ra,dec
108380180323864099,18.03221607,0.31955343
108380180321253962,18.032104188951923,0.31958124993210796
