objID,ra,dec
110010180311179766,18.03114915,1.68276838
