objID,ra,dec
107150189559194839,18.955871650339855,-0.7047328770858196
