objID,ra,dec
106600189557712908,18.955829264030847,-1.1646553087311498
