objID,ra,dec
109850180293112839,18.029323157243866,1.5435725523667436
