objID,ra,dec
109060180258241709,18.02581968,0.88434638
109060180256752110,18.02572841812172,0.8845731399396721
