objID,ra,dec
108510187399567444,18.73998232005702,0.43082226347320396
