objID,ra,dec
99970181831106986,18.183152371563725,-6.686198595642657
