objID,ra,dec
104030189138512887,18.913888212919453,-3.3063130061717714
