objID,ra,dec
103100187030848826,18.70321518,-4.07633079
