objID,ra,dec
109360185758222637,18.575860708505935,1.1351413439941398
