objID,ra,dec
98150186015665809,18.601577833988404,-8.203851750229395
