objID,ra,dec
107840185682396299,18.5682665125227,-0.12843573127884184
