objID,ra,dec
99970185968201529,18.596800414175,-6.690810080439529
