objID,ra,dec
107470183149166388,18.31490607858249,-0.43675367093738626
