objID,ra,dec
108070180152683678,18.015279450145762,0.06097845010296329
