objID,ra,dec
103230188421678971,18.842254856452005,-3.9678301004173995
