objID,ra,dec
106570183819737312,18.38200549,-1.18597842
