objID,ra,dec
109310182289606287,18.229018871157706,1.096415865126167
109310182289095944,18.229007666561905,1.0964046091668052
