objID,ra,dec
105310185947714446,18.594817735170444,-2.23834268701955
