objID,ra,dec
98470188932166188,18.89328439901287,-7.936876297323067
