objID,ra,dec
110490182160364688,18.2161154439936,2.0785283261348884
