objID,ra,dec
102410183874672562,18.387545598801978,-4.65660270130658
