objID,ra,dec
107170182831552437,18.28313201,-0.68996699
