objID,ra,dec
96210187838630831,18.783912783367036,-9.824597443120915
