objID,ra,dec
102840184813559515,18.48135603,-4.29241314
