objID,ra,dec
108070182331335750,18.233158385191263,0.06271740539257184
