objID,ra,dec
98340189955410695,18.995607593764493,-8.049742823870336
