objID,ra,dec
99750184985110636,18.498527519944428,-6.874819632703059
