objID,ra,dec
110710181133592083,18.11340885107808,2.2597240290310614
