objID,ra,dec
96610181457833184,18.145801092064147,-9.489352243977649
