objID,ra,dec
109320184198467909,18.41991607952694,1.1062492309488894
