objID,ra,dec
109350184117999637,18.411868342875454,1.132682944460285
