objID,ra,dec
96420182203439373,18.220384870335117,-9.642514989417245
