objID,ra,dec
108010181790995042,18.178995,0.012126
108010181788064933,18.178803337392715,0.012004691630754004
