objID,ra,dec
107800189166068538,18.916652549114996,-0.1601517151184103
107800189166508184,18.916614532409106,-0.16018876755786374
