objID,ra,dec
103470181997305904,18.199753975520125,-3.7704547333928926
