objID,ra,dec
108230186115603401,18.611570802507412,0.19413474420114102
