objID,ra,dec
106910186303104387,18.630309617335662,-0.9050178353473968
