objID,ra,dec
103990186983616933,18.69831495155935,-3.3362741876482405
