objID,ra,dec
100860186863609502,18.686412251055067,-5.9424428728150325
