objID,ra,dec
103080182914448252,18.291343082926428,-4.093489970049856
103080182911558540,18.29120749,-4.0933225
