objID,ra,dec
108420183894190435,18.38938661051631,0.3498963283758033
