objID,ra,dec
105440188429472191,18.84299100366471,-2.131783718742583
