objID,ra,dec
103950182819400554,18.28196934414659,-3.3749050753775154
