objID,ra,dec
108990185264805028,18.52636547677189,0.8286518811457034
