objID,ra,dec
103610187829904562,18.782952761369003,-3.6549307825506534
103610187827174488,18.78291297,-3.65488742
