objID,ra,dec
108300188515023330,18.85153937006931,0.2524045448343331
