objID,ra,dec
107560180687338739,18.068907578403387,-0.35986598756255817
