objID,ra,dec
101790184566918086,18.45669679578985,-5.168662031654946
