objID,ra,dec
108910181751019561,18.17513814528928,0.7658897869066068
