objID,ra,dec
109550182792267218,18.27934542602923,1.2973577593519918
