objID,ra,dec
108490181432663022,18.14325755,0.41048846
108490181429053329,18.1430061757849,0.4106213609942667
