objID,ra,dec
108470188055699686,18.80557907472583,0.3993996026359899
