objID,ra,dec
99010188510642414,18.851131639417815,-7.489998945275446
