objID,ra,dec
97670183340930246,18.334115416560834,-8.608512419973076
