objID,ra,dec
107870184939503387,18.493977081892158,-0.10591453998790022
107870184944143721,18.49421086,-0.10577061
