objID,ra,dec
110630187493829353,18.749446682429845,2.199137252199392
