objID,ra,dec
101750184578711781,18.45788711975727,-5.2071799631930435
101750184575571783,18.45776967,-5.20702766
