objID,ra,dec
99900189953768480,18.995459059302462,-6.74331205035361
