objID,ra,dec
109790188930906268,18.893044268716192,1.4965342277076694
