objID,ra,dec
109450184701577378,18.47021483093543,1.2141373784009302
