objID,ra,dec
99950180679448274,18.06798391524775,-6.70176061705897
