objID,ra,dec
98190188747780180,18.874894272960184,-8.175170841075566
