objID,ra,dec
108800186324251061,18.632453577744418,0.6672215074872242
