objID,ra,dec
109510182887180516,18.288815310169444,1.2583968661113851
109510182890280699,18.28904768,1.25854919
