objID,ra,dec
105630186577204092,18.65777069545646,-1.9719661266942237
