objID,ra,dec
95930184189002930,18.41892094123251,-10.056201827891831
