objID,ra,dec
102120189625312041,18.96251758154499,-4.898612080400993
