objID,ra,dec
109110185665133321,18.56653590239339,0.9274166039250922
