objID,ra,dec
107110184839571635,18.483904942507685,-0.7405898729251241
