objID,ra,dec
109370186820103327,18.68202996570607,1.1440657490569541
