objID,ra,dec
99190186383210945,18.638350695107537,-7.341230372317205
