objID,ra,dec
110940182535187301,18.253561899243593,2.45569202183418
