objID,ra,dec
108080182628054717,18.2627768260808,0.07021311607077779
