objID,ra,dec
108390184096584363,18.409702369596452,0.32829393912498633
