objID,ra,dec
99820185139819397,18.513981254285046,-6.809212280167426
