objID,ra,dec
108890189236379448,18.923690902054055,0.7492429381794941
108890189237669751,18.923727162976693,0.749297829041015
