objID,ra,dec
104230189857113552,18.98576867,-3.13910867
