objID,ra,dec
105140188896578563,18.889746553193227,-2.3765362084538237
