objID,ra,dec
108720187073780218,18.707359031650594,0.5997013919204995
