objID,ra,dec
104320188889129417,18.888979742623594,-3.059188442450667
