objID,ra,dec
100140181858691369,18.185927898254377,-6.549217638571539
