objID,ra,dec
111030185023641409,18.502519130370388,2.5258405629157177
