objID,ra,dec
105210185593675142,18.55939224412203,-2.321115921227345
