objID,ra,dec
107600187715518564,18.771558710246133,-0.32657695748490695
