objID,ra,dec
98860183528582596,18.35292197869431,-7.614891548250544
