objID,ra,dec
109630186715043729,18.671605388503064,1.3610701835076384
