objID,ra,dec
102630189974790542,18.99749785787828,-4.47511888921641
