objID,ra,dec
108850186093335447,18.609368386686267,0.7125015865741056
