objID,ra,dec
95790185762022225,18.57621097371925,-10.173431123566235
