objID,ra,dec
108940188237476411,18.823735026556825,0.788297187172284
