objID,ra,dec
102450181294881602,18.129547979197845,-4.624063615234717
