objID,ra,dec
98370184871765814,18.487249069779796,-8.02043653716571
