objID,ra,dec
107870186759742995,18.67584076868197,-0.10589328236761122
107870186757963331,18.675827908824477,-0.1058880998183258
