objID,ra,dec
104760189661541352,18.96627380220653,-2.699324702869411
