objID,ra,dec
109750184393550891,18.43938935269619,1.4587317473853527
