objID,ra,dec
103110185336787337,18.53371934026156,-4.069330167370908
