objID,ra,dec
98540181835230206,18.183561925126533,-7.883530470390944
