objID,ra,dec
105440186469549008,18.64691075,-2.12618693
105440186466438997,18.646700481515136,-2.1261410438393558
