objID,ra,dec
108520182056632054,18.20571033638589,0.4346520864594692
