objID,ra,dec
107010184214026471,18.421414779528938,-0.8199584633551829
