objID,ra,dec
108110187291822848,18.729237255415185,0.09366242593576699
108110187292783246,18.72939294,0.09385802
