objID,ra,dec
102390181908618293,18.190964774144987,-4.668447889768715
102390181911608140,18.19113817,-4.66851966
