objID,ra,dec
99150186707573705,18.670793867336485,-7.372245981447067
