objID,ra,dec
109480183522962848,18.352390014114324,1.2352585223445345
