objID,ra,dec
104610180575013401,18.05755812680898,-2.8225284662868875
