objID,ra,dec
109140180949571125,18.094971560458834,0.9505598776931347
