objID,ra,dec
104440184704896201,18.470563416861793,-2.961929609878759
