objID,ra,dec
110590183624318932,18.362643236031058,2.1654613210719047
110590183627908702,18.36281345,2.16520449
