objID,ra,dec
110820189471829180,18.947278032343178,2.3573308117977234
