objID,ra,dec
96460186847136224,18.684726893918892,-9.611788099625088
