objID,ra,dec
105850184661184392,18.466199686667288,-1.7884113428313009
