objID,ra,dec
107260186872450249,18.68719077155622,-0.6169758012423551
