objID,ra,dec
103250186807219248,18.68076849264411,-3.951015494929278
