objID,ra,dec
104470187711152804,18.77116267661204,-2.9396728528555043
