objID,ra,dec
108160183069393069,18.3069360472672,0.1354936708188139
