objID,ra,dec
108560186287884749,18.628845688466203,0.4702487173092087
108560186290164481,18.629022875292588,0.47006443940982146
