objID,ra,dec
108850187409733217,18.74098574,0.71066444
