objID,ra,dec
95680186645026948,18.66456418191352,-10.261203610012561
