objID,ra,dec
102830182606434018,18.260694403365783,-4.305349122852404
102830182603903844,18.260633744307697,-4.305372321989234
