objID,ra,dec
107710188320679952,18.832178643567943,-0.23382645687671888
107720188323780103,18.832333207721366,-0.23371626231198914
