objID,ra,dec
108170189639126759,18.96394064033305,0.14692395696449165
