objID,ra,dec
101160182351862260,18.235278540596426,-5.6984937169193515
