objID,ra,dec
107500180778698917,18.077922803175138,-0.40963132133116104
