objID,ra,dec
109180180703448631,18.07034749,0.99014395
