objID,ra,dec
107690189669516892,18.966980291713977,-0.25299280556497433
