objID,ra,dec
108120184554797972,18.455503174598665,0.10626046851542187
