objID,ra,dec
107760187887165941,18.788731566003854,-0.1954721327349537
