objID,ra,dec
106840180068534741,18.00685166,-0.96306356
