objID,ra,dec
98340182670014337,18.26700008,-8.04671215
98340182669563972,18.266981741930188,-8.047043567618381
