objID,ra,dec
99130185667519540,18.566784688256668,-7.384059074890669
