objID,ra,dec
99550186565531423,18.656582301031275,-7.04082385586829
