objID,ra,dec
107330188717460975,18.87168558380242,-0.5578541891501159
