objID,ra,dec
107980186073416273,18.607382869479725,-0.011780022714485366
107980186074126604,18.60739647231083,-0.011773817673002472
