objID,ra,dec
100550183270266607,18.327025982140192,-6.203171393507081
100550183267646801,18.32678391,-6.20304332
