objID,ra,dec
108160182010234975,18.20103245,0.13710543
