objID,ra,dec
104570184356108152,18.435714587677698,-2.851969697484541
