objID,ra,dec
102060180426857782,18.042764467518506,-4.943967408325211
