objID,ra,dec
108500182918279258,18.29197703493793,0.4240541844965109
