objID,ra,dec
108310189486646807,18.94873985231894,0.263534201251735
108310189487926360,18.948735941114577,0.26345970119753237
