objID,ra,dec
107470184160058592,18.41589871,-0.43498874
