objID,ra,dec
108710184409716826,18.440971768838388,0.5969252013089257
108710184406786649,18.440896234025818,0.5968815992494834
