objID,ra,dec
109500182296600037,18.22974434098386,1.2497047007065867
