objID,ra,dec
109350183164958195,18.31656132131542,1.1314663759354506
