objID,ra,dec
103100181338769852,18.13392486,-4.07548455
103110181339730218,18.134011738169384,-4.075240280518652
