objID,ra,dec
107640188796063169,18.87972437,-0.29771615
