objID,ra,dec
102270189752400013,18.97525928,-4.77532614
102270189752910345,18.975343493635016,-4.775095002391611
