objID,ra,dec
110530188936000845,18.89368343837573,2.1086811336041404
