objID,ra,dec
108430180912340688,18.091262966931698,0.3584833807986791
