objID,ra,dec
107680180112393949,18.01127889789553,-0.263748223101084
