objID,ra,dec
110040186868928455,18.686959010216356,1.706660483136857
