objID,ra,dec
109410186536305892,18.65362207915546,1.1796830778345737
109410186533456338,18.65360092926148,1.1796907988135334
