objID,ra,dec
106290184547462149,18.454789878509843,-1.4235923533663397
