objID,ra,dec
111080183376635749,18.337597590095182,2.5710107130521354
111080183374065937,18.33754924073906,2.571030143595325
