objID,ra,dec
98030189905546138,18.990630704253743,-8.303518189939433
98030189903486410,18.99039736,-8.30330152
