objID,ra,dec
107090188855193929,18.885520532375907,-0.7554179236786251
