objID,ra,dec
107950182465350004,18.246548991851437,-0.04205366622772108
