objID,ra,dec
105260186741986321,18.674240017232247,-2.2784481464589055
