objID,ra,dec
109100185851651298,18.585237625793628,0.9172767933388166
109100185852150904,18.585331103877515,0.917100474922642
