objID,ra,dec
110040188819264826,18.88194051362226,1.7036388627155503
