objID,ra,dec
109840189510106011,18.951077296148245,1.5379910656846243
