objID,ra,dec
102070183694115690,18.36944921756726,-4.937293972415017
