objID,ra,dec
101080188753828815,18.87542862169954,-5.759711841227373
