objID,ra,dec
106210184498044145,18.44965771198705,-1.4885962454621209
106210184494824066,18.449588133138683,-1.4885969540449868
