objID,ra,dec
95470183310090383,18.331029477952846,-10.441709612276291
