objID,ra,dec
101300184799553673,18.479939797949257,-5.580726467425877
101300184794913490,18.47966084,-5.58078265
