objID,ra,dec
109180185826329980,18.582617918088484,0.99130404625871
