objID,ra,dec
102430183943115963,18.394351150738366,-4.63704703762925
