objID,ra,dec
101490181954045659,18.195465397108965,-5.420712976483567
