objID,ra,dec
107800187351497749,18.735179438886718,-0.16058929716291162
