objID,ra,dec
107340186812101939,18.68116843472282,-0.5487036644455571
