objID,ra,dec
103960186989256342,18.698942566760262,-3.3618161638975557
