objID,ra,dec
108120188230730638,18.823078833494616,0.10016817810009246
108120188227720715,18.822878015431534,0.10017694091024179
