objID,ra,dec
102500180753530775,18.07540517264918,-4.582999908137867
