objID,ra,dec
106870180160974634,18.01611355644087,-0.9381430646189686
