objID,ra,dec
107220182196032341,18.21957589,-0.64870195
107220182195431756,18.219549061255655,-0.64895973443967
