objID,ra,dec
109340186948393752,18.694840928845153,1.119389386893239
