objID,ra,dec
104370182767739251,18.27675561790878,-3.01774930641026
