objID,ra,dec
108110189066311819,18.906640255871444,0.09280166206805712
