objID,ra,dec
108360187850254842,18.785047449678828,0.30363794025766755
