objID,ra,dec
103790183934871306,18.393520285597557,-3.507620566616482
