objID,ra,dec
102520188522108074,18.85230178787192,-4.560290829148592
