objID,ra,dec
108590186065621344,18.606621528917906,0.4924297555345092
