objID,ra,dec
111370182732861817,18.273342035016114,2.8094497737726374
