objID,ra,dec
107140185548842864,18.554885219487787,-0.7146403343524628
