objID,ra,dec
111180186326061831,18.632657155839297,2.651119935385559
