objID,ra,dec
100820187245778835,18.72460537693979,-5.976313972524047
