objID,ra,dec
109290180295239309,18.029510428042915,1.0823688627333303
