objID,ra,dec
105800188377000917,18.83774232549427,-1.832920778739561
