objID,ra,dec
108670186492969454,18.649333827934402,0.5658485810185647
