objID,ra,dec
108910185658048838,18.565815969652085,0.7653381253746879
