objID,ra,dec
109470185910076819,18.591027061434126,1.230379592970605
