objID,ra,dec
105680183663291206,18.36628823669416,-1.93263196979812
