objID,ra,dec
107420185680468568,18.568068932157708,-0.4765358594620095
