objID,ra,dec
109280187094704052,18.709386600466466,1.0697134232464494
109280187093574363,18.70933396169612,1.0697553125871324
