objID,ra,dec
105020180915196820,18.09154325772433,-2.4780227106653006
