objID,ra,dec
104640183439142949,18.344004380851665,-2.7979612370323084
