objID,ra,dec
108920188729189682,18.872940925290827,0.7743591988564528
