objID,ra,dec
104800186538319087,18.653955668489598,-2.6594854370564445
