objID,ra,dec
108310185985767278,18.598615731238944,0.2640017679676168
