objID,ra,dec
99400181742732008,18.17426597604577,-7.165295446426553
