objID,ra,dec
109760180002415356,18.00012821344866,1.470731907796357
