objID,ra,dec
108840180136674765,18.01365860143669,0.7036346620827372
