objID,ra,dec
107800183811855376,18.381191530287666,-0.1625738547006845
