objID,ra,dec
96350184128481290,18.412926832192056,-9.707552646271253
