objID,ra,dec
103670181923958485,18.19266987209878,-3.601630320269651
