objID,ra,dec
101690182486744317,18.248697916903154,-5.255112093755773
101690182484654612,18.24857053,-5.25502
