objID,ra,dec
109210185988672998,18.598839838403563,1.0104224303780842
