objID,ra,dec
107930188533729321,18.85346562,-0.05100113
107930188536299478,18.853610918614116,-0.05091218965615501
