objID,ra,dec
99770189533663131,18.95337713707442,-6.856099458697673
