objID,ra,dec
108370188180091868,18.81809264627774,0.3095151753137014
