objID,ra,dec
100960186803691105,18.680422184855416,-5.866081376409374
