objID,ra,dec
108140181416565524,18.141637697973717,0.12083591192142998
