objID,ra,dec
108100189494470394,18.94947974515607,0.08313785328552332
108100189495210045,18.94948138472199,0.08309201369577546
