objID,ra,dec
108650184556995763,18.45571026420185,0.5460834682184366
