objID,ra,dec
111010189266929710,18.92661371692773,2.5161339691645503
111010189264249816,18.926439895421456,2.5160977452618094
