objID,ra,dec
106800182447191004,18.244735596674523,-0.9995363454126552
