objID,ra,dec
107840186787083843,18.67875733,-0.13046699
