objID,ra,dec
109440184633829829,18.463443329456577,1.2078610736685573
