objID,ra,dec
109710182292197197,18.229243141306668,1.430629774813099
109710182292007553,18.229241637466775,1.4306624729645576
