objID,ra,dec
109030180825586735,18.082559472352415,0.8635361165248052
