objID,ra,dec
109440183144656861,18.314553029206866,1.2053969729438154
