objID,ra,dec
110150186807665515,18.68083772,1.79592986
