objID,ra,dec
108290186838723720,18.683866983042652,0.2443805047443531
