objID,ra,dec
107770180296455177,18.029677339960216,-0.18772649026033605
