objID,ra,dec
103310181166301760,18.1166590254894,-3.9072234107890753
