objID,ra,dec
107120184561438280,18.45615800324246,-0.7267687023616489
