objID,ra,dec
110650182052616008,18.20529252368662,2.2129631753577894
