objID,ra,dec
106800180006178699,18.00067450795696,-0.9931574639911698
