objID,ra,dec
100290186315794457,18.631579763836335,-6.4217382066514785
