objID,ra,dec
110680182076232358,18.2076815,2.23492596
110680182074592630,18.20760622133915,2.2351124154982847
