objID,ra,dec
99200186696217068,18.66970923566849,-7.32775295770786
