objID,ra,dec
105150189208724122,18.92092253,-2.37195611
