objID,ra,dec
96780183970840333,18.397147597681016,-9.350040266519503
