objID,ra,dec
107390185407977599,18.5407987692173,-0.5023333007387991
