objID,ra,dec
105280184119792971,18.41206055126436,-2.2646126563027082
