objID,ra,dec
108020181244161087,18.12446215455371,0.017151101901934675
108020181246151390,18.12456417,0.01730455
