objID,ra,dec
108230183103130349,18.3103379667592,0.19158143788096174
