objID,ra,dec
108600187258839345,18.725916866641928,0.5074015773078246
