objID,ra,dec
105940187926167952,18.79263973480726,-1.7104518465776402
