objID,ra,dec
107430181300270595,18.13005961305434,-0.4748699647044894
