objID,ra,dec
103880196799740814,19.679945651487095,-3.433072085189734
