objID,ra,dec
105910191851666482,19.185245090398663,-1.736620214767354
