objID,ra,dec
107950191761069220,19.17613780148997,-0.034384242625812036
107950191760388877,19.17603653,-0.03462305
