objID,ra,dec
95030197676010276,19.767608251695002,-10.808491174544171
