objID,ra,dec
108730197105953109,19.710614089428393,0.6105565891064931
