objID,ra,dec
108950190780305700,19.078073291456697,0.7960291895513061
