objID,ra,dec
109340198701474253,19.87016107507464,1.1197969726090085
