objID,ra,dec
99910195031273103,19.50320524345499,-6.739433347302675
