objID,ra,dec
108760192488197943,19.248838639746683,0.6395664357827907
