objID,ra,dec
106430197672625318,19.767170662696838,-1.3043395574262542
