objID,ra,dec
109020193276579126,19.327636978254596,0.8573626054981552
