objID,ra,dec
109050193953367668,19.395357304595912,0.8810682523573812
