objID,ra,dec
99970198652266970,19.865272827970873,-6.686221248646618
