objID,ra,dec
107670195410101872,19.540966684779274,-0.2738843618217301
