objID,ra,dec
102350197014216342,19.701463460177578,-4.703477838550935
