objID,ra,dec
102410197553023754,19.755301791471535,-4.655564041832756
