objID,ra,dec
104640190645847120,19.06461417208603,-2.7944278140074617
