objID,ra,dec
107920195851273083,19.58515184723749,-0.06448881392355733
