objID,ra,dec
110600197240702374,19.724140023094275,2.1682710762009676
