objID,ra,dec
101590193136049964,19.31367134,-5.33373433
101590193134519594,19.313526044349278,-5.333988668577811
