objID,ra,dec
109040198556282106,19.855605537738626,0.8679913663996356
