objID,ra,dec
108950199217167586,19.92161525168617,0.7975837682227285
108950199214657360,19.92147229,0.79739481
