objID,ra,dec
110350198406862864,19.840739222367084,1.9603188933325784
