objID,ra,dec
103110191424589077,19.14250125726801,-4.067837796129783
