objID,ra,dec
108780196496168481,19.64964064,0.65677894
