objID,ra,dec
107080192890021666,19.288867030976242,-0.7656745869580757
107080192887041608,19.288862985950875,-0.7656652672225066
