objID,ra,dec
102300190624903262,19.06247096677635,-4.747668884327067
