objID,ra,dec
99100194746193107,19.474660120113885,-7.414457061403545
