objID,ra,dec
106540196779843040,19.67795973,-1.21444049
106540196777473220,19.677781044002703,-1.214312291794034
