objID,ra,dec
101950199391809192,19.9392170080156,-5.034321378433612
