objID,ra,dec
108370198113192799,19.8113788453016,0.31027490943791075
