objID,ra,dec
102360192390483403,19.239099893691133,-4.697545194816025
