objID,ra,dec
107920198425318055,19.84253724245448,-0.06035634659025983
