objID,ra,dec
105610194199979421,19.420004485272525,-1.984056957221307
