objID,ra,dec
105220191900686142,19.19009691034972,-2.3119130259565956
105220191897836231,19.18990617,-2.31177383
