objID,ra,dec
109830191332511976,19.133331081139175,1.5262420973614532
