objID,ra,dec
103880190826119404,19.082556557417696,-3.425880500913559
