objID,ra,dec
105960193267872699,19.326764131242818,-1.6981431351995129
