objID,ra,dec
109590199902910733,19.9903254,1.32523341
109590199901921154,19.99024047,1.3255292
