objID,ra,dec
109100192233749191,19.2233957,0.92393624
