objID,ra,dec
97030191192262253,19.119181548612495,-9.140142928377285
