objID,ra,dec
100940190172958368,19.01731022802812,-5.8767030637573106
