objID,ra,dec
107140198802750931,19.88028563540775,-0.7162422606910532
