objID,ra,dec
105460190305372033,19.03048332463939,-2.1153368870569618
