objID,ra,dec
107200193468532528,19.34694624423771,-0.6649289225841977
