objID,ra,dec
109270198229333267,19.822905781492672,1.0606551279633534
