objID,ra,dec
96050191182497821,19.11832418952372,-9.952070762179877
