objID,ra,dec
102220196205903148,19.62061468912517,-4.814396422295302
