objID,ra,dec
106680194931150806,19.49317626530089,-1.0996353797597842
