objID,ra,dec
107800190361825047,19.036218343866416,-0.16289395887059369
