objID,ra,dec
102720192846640120,19.28470011367736,-4.4002764327153345
