objID,ra,dec
107870191902549582,19.190262670174803,-0.10078503854836589
