objID,ra,dec
106450195597484804,19.559806238628315,-1.2880631742903847
