objID,ra,dec
96050195907964505,19.59079780904241,-9.954921773918688
