objID,ra,dec
109520194351976654,19.435203482995128,1.2718046173994697
