objID,ra,dec
104720198989850083,19.89902564,-2.73356145
