objID,ra,dec
105250190231062077,19.023141655043037,-2.2903613169567856
