objID,ra,dec
107700198986579859,19.89872586,-0.24210207
107710198985210422,19.898580627537857,-0.24187334215696835
