objID,ra,dec
109730192210376252,19.221111655785858,1.4464567409151563
