objID,ra,dec
104690199654033112,19.965465099025103,-2.756098955189881
