objID,ra,dec
107960191190681463,19.119095265759995,-0.032512244492486304
