objID,ra,dec
105930199509198525,19.950960585303662,-1.7181905149274943
