objID,ra,dec
109750195755175620,19.575481978468492,1.4625736463022654
