objID,ra,dec
108970197036913223,19.70366333,0.81071103
108970197035173658,19.703541198201087,0.8108410426444974
