objID,ra,dec
106950193081403982,19.308223005061354,-0.8720083642187583
