objID,ra,dec
108530192352631437,19.235189035305066,0.44253378973137414
