objID,ra,dec
107950195265031023,19.526679312621646,-0.04113976313988922
107950195269661293,19.5268276,-0.04088705
