objID,ra,dec
105200190553601960,19.055434944328177,-2.3319909760804665
