objID,ra,dec
107870196676280199,19.66760757713689,-0.1085707026072371
