objID,ra,dec
98600195175005105,19.517537527437504,-7.829483157718971
