objID,ra,dec
110120197978489534,19.797918353712134,1.7742267797749085
