objID,ra,dec
99370191631719198,19.163173609376248,-7.184380839042908
