objID,ra,dec
108420190047907810,19.004763380281844,0.3561711754641056
