objID,ra,dec
107620190496030079,19.04970103197093,-0.31695398736562636
