objID,ra,dec
101760199165896248,19.9166266656514,-5.195066348062224
