objID,ra,dec
108490193988006239,19.39879955696745,0.413109755536832
108490193987416726,19.3987272,0.41341008
