objID,ra,dec
103150199374270570,19.937403493123135,-4.0416536779414995
