objID,ra,dec
101020190530005923,19.05295319009322,-5.812070630190966
