objID,ra,dec
105380198799324841,19.879842462058043,-2.1796661501691545
