objID,ra,dec
98360193327804258,19.332830365426933,-8.030168587440198
