objID,ra,dec
105780194864188762,19.486600866877996,-1.8430540620093354
