objID,ra,dec
110930192434379260,19.24346880028555,2.4489988205785327
