objID,ra,dec
109480192639615176,19.26397858568602,1.2373036648586309
