objID,ra,dec
105190197709843713,19.770945814158953,-2.338948244642317
