objID,ra,dec
107050197466845745,19.74671979416172,-0.7872191496761592
