objID,ra,dec
109500195916091137,19.59160334430858,1.2505445825984285
