objID,ra,dec
107410192161482651,19.21616492,-0.48984404
107410192158872533,19.21587701,-0.48990608
