objID,ra,dec
109150197743348665,19.77440609516667,0.96512956521595
