objID,ra,dec
107760191249068799,19.1249394676684,-0.19307595548688244
