objID,ra,dec
101160198807500573,19.880799477056467,-5.699854522761025
