objID,ra,dec
106900190883659757,19.08840218855058,-0.9089352167553416
