objID,ra,dec
108700190271916834,19.027220852683055,0.5886429445584493
