objID,ra,dec
98890191821902086,19.182208625720072,-7.5903002929697525
