objID,ra,dec
107890194498693279,19.44989987,-0.089352
107890194495442923,19.44952194867054,-0.08948537764715857
