objID,ra,dec
97640198333589361,19.833348964941727,-8.62587951208686
