objID,ra,dec
98370194669872946,19.467051667954777,-8.022868831023771
