objID,ra,dec
109530198722303304,19.8722705307327,1.2773508441072108
