objID,ra,dec
100480197869100759,19.786910621767127,-6.26645775139618
