objID,ra,dec
97000194531749964,19.45326324080574,-9.158715847238444
