objID,ra,dec
107830199281193587,19.928148881562464,-0.13911924874528184
