objID,ra,dec
109240192318681249,19.23191791504034,1.0343144503190016
109240192318901723,19.231919822632214,1.0343232619634222
