objID,ra,dec
110050191070105005,19.10713509,1.71212621
110050191068355452,19.10695953,1.71242864
110050191066695075,19.106865804768365,1.7122351593172307
