objID,ra,dec
101970193695305773,19.369554437038467,-5.020500946437553
