objID,ra,dec
107020191173230510,19.117527234867218,-0.8166943392110494
