objID,ra,dec
106010195714161219,19.571542978604953,-1.6577556931945647
