objID,ra,dec
107840190967891670,19.096773635779112,-0.13231901144747688
