objID,ra,dec
108780198435274435,19.843575193904442,0.6532840506009496
