objID,ra,dec
106570197487456746,19.748783129174832,-1.1864460394757201
