objID,ra,dec
107620197216067701,19.72159449160833,-0.3107037244082993
