objID,ra,dec
97040191861495760,19.186117340607357,-9.128877616765413
