objID,ra,dec
110650195498484569,19.54977555,2.21173184
110650195494984336,19.54948459,2.21158313
