objID,ra,dec
108340194485801989,19.44855171647476,0.28451304766304075
108340194483971710,19.44839789,0.28434621
