objID,ra,dec
104350191830022824,19.18299249,-3.03966077
104350191828742489,19.182900231235713,-3.039915156977232
