objID,ra,dec
106980194189544557,19.41893575,-0.84655255
106980194186954060,19.418740293264346,-0.8467809579143011
