objID,ra,dec
96670196154258240,19.615479699199415,-9.435134351920599
