objID,ra,dec
109190191820949061,19.182120592942205,0.9988429094109744
