objID,ra,dec
108310190791683650,19.079225934618396,0.26099059026886284
