objID,ra,dec
94940199248741265,19.92489623708164,-10.882628265865971
