objID,ra,dec
98380198363092377,19.836336631141087,-8.015084484138763
