objID,ra,dec
104230190501191810,19.0501948436937,-3.1405347003879984
