objID,ra,dec
107400197422773780,19.742293044889667,-0.4972351062226001
