objID,ra,dec
108500193456313025,19.345640377757967,0.41883550049470586
