objID,ra,dec
101850193217163090,19.321775430153906,-5.122800315096775
