objID,ra,dec
105210190975313305,19.0975569,-2.32256759
