objID,ra,dec
108410194017823409,19.40176803132929,0.34415039426598343
