objID,ra,dec
103620194971962375,19.497263720534846,-3.648418071095575
