objID,ra,dec
108740191207280732,19.12073860765515,0.616890078422419
