objID,ra,dec
107390191794012984,19.179376332592966,-0.506199702163975
