objID,ra,dec
100560191547697407,19.15477997,-6.19415525
100560191546617730,19.154730235341127,-6.19390183544373
