objID,ra,dec
101980192262500817,19.22626338294154,-5.016309213375803
