objID,ra,dec
107990196521056965,19.65210144061773,-0.0029489696680854533
