objID,ra,dec
110430199057959553,19.905795428658926,2.032526115893301
