objID,ra,dec
110230198866113485,19.8866366415454,1.8608690508974295
