objID,ra,dec
105690191747434761,19.174838359376004,-1.9214095652691927
