objID,ra,dec
97550195020011608,19.50203436379224,-8.707313141129987
