objID,ra,dec
108080190549933736,19.05501389745449,0.06936060336828494
