objID,ra,dec
104670192995676065,19.29952876,-2.77010678
104670192993646772,19.299418172034336,-2.769824719934675
