objID,ra,dec
103560197586092214,19.758849686376383,-3.698515819679555
