objID,ra,dec
109850199590574339,19.95911993344162,1.544933704964249
