objID,ra,dec
106500196551358786,19.655179681152013,-1.2430085686203525
