objID,ra,dec
110740197785367019,19.77852548115787,2.288804719600609
