objID,ra,dec
98670195684625069,19.568519099078003,-7.771142797642278
