objID,ra,dec
109290195745247437,19.574566890342403,1.0808294418899964
