objID,ra,dec
101940194305299955,19.43051525185368,-5.042186014896527
101940194303039732,19.430320014038074,-5.042225319010781
