objID,ra,dec
95680199291831237,19.92923642062708,-10.265945038011978
