objID,ra,dec
101520192066726064,19.20668912490231,-5.395261664412628
