objID,ra,dec
104920199088282025,19.908843570840002,-2.5652461057137277
