objID,ra,dec
105820193633541472,19.363427364965837,-1.8158414141867056
