objID,ra,dec
96980194377462474,19.43770983,-9.18149299
96980194376022814,19.437684857923312,-9.181293322819036
