objID,ra,dec
104600193099841312,19.310023416534683,-2.8326206575693478
