objID,ra,dec
109310199579872454,19.95802219247472,1.0933325473510718
