objID,ra,dec
103270197761415215,19.776157394132582,-3.9377164017551984
