objID,ra,dec
107950197986175997,19.798702632475603,-0.03700768840673037
