objID,ra,dec
103220194818030980,19.481882575746614,-3.982909888223673
