objID,ra,dec
107350197657654345,19.765816559845412,-0.53842577594104
