objID,ra,dec
107980191059354926,19.10612179,-0.01277524
107980191062225074,19.106197709474785,-0.01274681668341963
107980191063325455,19.10636471,-0.01250098
