objID,ra,dec
106910197477389509,19.747744470188092,-0.9008070547258873
