objID,ra,dec
97850190048945550,19.004966658217697,-8.454048158485602
