objID,ra,dec
107450199435995944,19.94358878877605,-0.4537600704607544
