objID,ra,dec
108850193606196927,19.360624057511522,0.7137233456280306
