objID,ra,dec
106040198258496168,19.825906708097534,-1.6285243889720087
