objID,ra,dec
106750198754010792,19.875439216125358,-1.0414441022625482
