objID,ra,dec
109380197721000123,19.77211041500744,1.1497003480506254
