objID,ra,dec
109030195145206990,19.51456443411292,0.8638266760500579
