objID,ra,dec
101680197705008643,19.77054272718809,-5.259765338709873
