objID,ra,dec
103570193376238354,19.337617267150897,-3.6851788866018453
