objID,ra,dec
99150190172811337,19.017369868778122,-7.37421921850908
