objID,ra,dec
101190198564619969,19.856527626905194,-5.666978676153422
