objID,ra,dec
109160198577739436,19.85773713944111,0.9741527583538746
