objID,ra,dec
103580195546967213,19.554665434378702,-3.6777218510663783
103580195544347436,19.554580115565017,-3.6776576566891706
