objID,ra,dec
98480194025788869,19.402608347387947,-7.926337130680937
