objID,ra,dec
107180191908169604,19.19087631,-0.67572315
107180191906599902,19.190722891805002,-0.6754881341807475
