objID,ra,dec
97390196029974910,19.6030220398622,-8.83792116499912
