objID,ra,dec
110020198069918953,19.807018308846654,1.69043980022769
