objID,ra,dec
107960198007516547,19.800723216403444,-0.02825989359580501
