objID,ra,dec
98900198398878072,19.839936233317733,-7.576963340658577
