objID,ra,dec
109110199921931755,19.992270311799047,0.9260046095069394
109110199924631470,19.992411311256973,0.9258990146735675
