objID,ra,dec
97530194804089316,19.480429633367244,-8.717565644334929
