objID,ra,dec
108080196778101806,19.677786033999098,0.06783280351708333
