objID,ra,dec
108640198528495716,19.85287734,0.5376964
