objID,ra,dec
106550198202515345,19.820301916167136,-1.2041804019299625
