objID,ra,dec
101400195884748606,19.58856817889522,-5.493207511538466
