objID,ra,dec
110570194763013581,19.476282322053027,2.1442376867577937
