objID,ra,dec
102770193839499618,19.383945923181837,-4.35073813582923
