objID,ra,dec
99420192873013123,19.28728973609317,-7.147797882443648
