objID,ra,dec
106510196440560697,19.644105474281922,-1.2414359070245764
