objID,ra,dec
106810197874773715,19.78752477132966,-0.9889366353849525
