objID,ra,dec
101640190230692466,19.023062154851633,-5.298322247754688
