objID,ra,dec
99480191974617019,19.19749890029468,-7.094503998440012
