objID,ra,dec
96250191884587543,19.18847075616054,-9.785710952410309
