objID,ra,dec
104730198938201547,19.89372999,-2.72400533
