objID,ra,dec
105900199306616568,19.93069616641793,-1.7448417047731548
