objID,ra,dec
108150194010307126,19.401057611428364,0.1304961392849292
