objID,ra,dec
99930190126833113,19.01274910143287,-6.722821926131775
