objID,ra,dec
110960194357537690,19.43581407322843,2.4727553024831392
