objID,ra,dec
103020196568672215,19.65694621982765,-4.14857643951164
