objID,ra,dec
100060192831270845,19.283164882641294,-6.616303564384569
