objID,ra,dec
103840196234731449,19.6235172158522,-3.4658060266906148
