objID,ra,dec
100780194451065437,19.445127762066637,-6.012501718242873
