objID,ra,dec
101860192582864263,19.25832899948092,-5.113487216334029
