objID,ra,dec
109390197950320438,19.795089956642173,1.158304732307799
