objID,ra,dec
99600190748256071,19.074873654634132,-6.9953295032539
