objID,ra,dec
102170199284169749,19.92838746,-4.85057325
102170199280499696,19.92804978,-4.85059383
