objID,ra,dec
104880197066206638,19.70669887721882,-2.5949811701342766
