objID,ra,dec
104320198985688785,19.898677596203544,-3.0596291071044597
