objID,ra,dec
109290196046217917,19.604700984962857,1.0812162876965417
