objID,ra,dec
97170191429353712,19.142921656277387,-9.022191051480073
