objID,ra,dec
99430198596925587,19.85971536,-7.13734111
99430198593555454,19.8594134741078,-7.137358146124646
99430198593195807,19.859409689850903,-7.13735965594656
