objID,ra,dec
108540195307622393,19.530972406347896,0.4516706654712528
