objID,ra,dec
106520196675129490,19.667472839206905,-1.2257429788403151
