objID,ra,dec
107220199270930719,19.92710849807716,-0.6497722028424894
