objID,ra,dec
100590194799216045,19.47995071837361,-6.1703283170740875
