objID,ra,dec
103270199712139039,19.971208831839917,-3.934448342136572
103270199712529385,19.97123632,-3.93420876
