objID,ra,dec
98250191272310020,19.127242802802265,-8.125336896923585
