objID,ra,dec
109800191001865526,19.10027337883243,1.5042172584579863
