objID,ra,dec
107800190487049020,19.048723328210816,-0.1594873175640739
