objID,ra,dec
106580194386159861,19.43876011015127,-1.1755952744781197
