objID,ra,dec
106020196435743130,19.643599122574443,-1.6478874400246615
