objID,ra,dec
107800196436808008,19.64364043789493,-0.1603847951089916
