objID,ra,dec
110910190345195881,19.034576914152474,2.4294970341461255
