objID,ra,dec
110490197188830318,19.71892665007461,2.07488015857835
