objID,ra,dec
109290192085839029,19.20862258,1.08214589
109290192088779044,19.208859997619605,1.0821134960168022
