objID,ra,dec
95470196912580093,19.691072662772292,-10.441872087136574
95470196909100080,19.691057430334933,-10.441883116098195
