objID,ra,dec
97040192394755577,19.239467687447426,-9.129055569865796
