objID,ra,dec
107890199045594845,19.90462848,-0.08802347
