objID,ra,dec
106800197054393774,19.70549380220942,-0.9971824069531597
