objID,ra,dec
103790197011152908,19.701099396346283,-3.5063192926922033
103790197010092294,19.70097529,-3.50657475
