objID,ra,dec
105660194104642263,19.41054677047865,-1.9484066426599194
