objID,ra,dec
102790196104338051,19.61053250568356,-4.33535993718863
