objID,ra,dec
106380194255568969,19.425607747965913,-1.3429170144259743
106380194258679181,19.42573997,-1.34267081
