objID,ra,dec
103770194822095204,19.482290780996042,-3.520997908315669
