objID,ra,dec
96740197695846638,19.76974157777605,-9.378088763717672
