objID,ra,dec
105330192881587648,19.28821689730288,-2.218973118689445
