objID,ra,dec
109490191434188305,19.14342559264295,1.248176655172886
109490191433317986,19.14334742,1.24797034
