objID,ra,dec
108220192053732097,19.205446841247696,0.1846714312825397
