objID,ra,dec
108450198666480267,19.866707350278727,0.3748872490628781
