objID,ra,dec
107800196311336088,19.63112814672603,-0.1620025337519805
