objID,ra,dec
110610198773323207,19.877364496694973,2.1773815331809425
