objID,ra,dec
110760196651525841,19.665189035264888,2.3044580885218218
