objID,ra,dec
95180194282938707,19.42831555953352,-10.676402759289097
