objID,ra,dec
108600193185053619,19.318534978432396,0.5026388683221866
