objID,ra,dec
107890194549241869,19.45488808116816,-0.09050400699456418
