objID,ra,dec
106570195680472728,19.568076238801783,-1.1897590652498093
