objID,ra,dec
108010192383593357,19.238434080732045,0.010708975677472279
