objID,ra,dec
100110196252639235,19.62530654829492,-6.567680552387735
