objID,ra,dec
105310190964445818,19.096481770786337,-2.237185935951084
