objID,ra,dec
106850196094459595,19.60946431134999,-0.9506073195055695
