objID,ra,dec
105170199175399902,19.917601303648134,-2.3503950611270206
