objID,ra,dec
96690197840308610,19.78405569557244,-9.418129063261114
