objID,ra,dec
98190196215787896,19.621612135106304,-8.168795612322025
