objID,ra,dec
96500197947076128,19.79468981,-9.57840139
96500197945166389,19.79454223857332,-9.578284093195276
