objID,ra,dec
108790199815258114,19.981516342760038,0.6646984116449969
