objID,ra,dec
97580199563971511,19.956410892603557,-8.682436614275415
