objID,ra,dec
107130192493164693,19.249363395922348,-0.721493596735253
