objID,ra,dec
95760193374902777,19.337543336940513,-10.19797574721873
