objID,ra,dec
98060195756606488,19.575617898323806,-8.278294627875084
