objID,ra,dec
107230190277357625,19.027724823830127,-0.6357207567695738
