objID,ra,dec
102300190773772100,19.07741509346786,-4.748654977048577
