objID,ra,dec
108770199983930025,19.99839113,0.64127911
