objID,ra,dec
109270197832066280,19.783254074683995,1.0631998358696961
109270197831126614,19.78324343824536,1.063204321697375
109270197829606076,19.78306495,1.06322328
