objID,ra,dec
109040198890101391,19.889004556203947,0.8673592321914857
