objID,ra,dec
94910196699646010,19.66996573,-10.9036473
94910196698566377,19.66986130060355,-10.90337158138947
