objID,ra,dec
110220190667241742,19.066854631596225,1.8511732217236532
