objID,ra,dec
108980199463164420,19.946419658116685,0.8199269027397674
