objID,ra,dec
109220197241696514,19.724211773625186,1.0216982064189706
