objID,ra,dec
106930194614491629,19.46144221,-0.89066795
106930194612091806,19.461243943920522,-0.890517332746398
