objID,ra,dec
106630194461407736,19.446219564511356,-1.1355786984542087
