objID,ra,dec
109170190303964928,19.030437215466506,0.9787169403617433
