objID,ra,dec
104290197151988956,19.715232244023777,-3.0845802524468113
