objID,ra,dec
102210191182830347,19.118267750600715,-4.8251065694268185
