objID,ra,dec
103870190422379374,19.042419,-3.434344
103870190425159457,19.04257197899012,-3.4341566022788403
