objID,ra,dec
96530198689017615,19.86895252238973,-9.552305740811965
