objID,ra,dec
103800194775932485,19.477636919862963,-3.498279526604707
