objID,ra,dec
104630194251097908,19.425107754841832,-2.802119368751846
