objID,ra,dec
106580198168787081,19.81689136515337,-1.177836612422898
