objID,ra,dec
107930199919958956,19.99201788863471,-0.05124882406540962
