objID,ra,dec
110390195321332213,19.532073877737012,1.993118198871479
