objID,ra,dec
109360196740032572,19.67405747595613,1.135156748459647
