objID,ra,dec
103780193241373181,19.324143239299545,-3.5143520482493615
