objID,ra,dec
107680196587219698,19.6586619940282,-0.2589226165789344
