objID,ra,dec
97840199731671042,19.973168142046898,-8.466144167275102
