objID,ra,dec
110750194628603902,19.462724406778204,2.294570702909682
