objID,ra,dec
100770196717202710,19.67170573642861,-6.0231164918491285
