objID,ra,dec
103820198211594136,19.821179264764844,-3.480334634699548
