objID,ra,dec
110550190161077742,19.016082882843065,2.131077460461235
