objID,ra,dec
108830196832731192,19.68329024200408,0.6923612474032945
