objID,ra,dec
107030195591229922,19.55926387908157,-0.8007667801528077
107030195592579530,19.559329672969007,-0.8007367898584952
