objID,ra,dec
106530193689880626,19.369001767318125,-1.2248258641829155
