objID,ra,dec
106790193705299365,19.37068272857086,-1.0008709890760106
