objID,ra,dec
109330190828489230,19.082951819753198,1.1157414004236457
