objID,ra,dec
99920191593904602,19.159431932957325,-6.729838861948292
