objID,ra,dec
102220196222136785,19.622198127810933,-4.811546409906582
102220196223826435,19.622220454945992,-4.811560218168407
