objID,ra,dec
101430198623656340,19.862430824974997,-5.470061848814988
