objID,ra,dec
109770196598935900,19.659991791714948,1.4794975761894449
