objID,ra,dec
108610196320553135,19.63208629037275,0.5105568491847904
