objID,ra,dec
101220191835511716,19.183601445850034,-5.648914149934947
