objID,ra,dec
108890199314537542,19.931421495737847,0.7475154269475652
