objID,ra,dec
108580199705609331,19.970581720780952,0.4907484236749059
