objID,ra,dec
99100195952881450,19.59527372,-7.41579504
99100195951351827,19.595110236821235,-7.415515355241152
