objID,ra,dec
107550199268126134,19.926833766690294,-0.3702900776302746
