objID,ra,dec
108820195487300234,19.54866411806966,0.6831621477479568
