objID,ra,dec
108820193743229239,19.37435332833582,0.6906516451597917
