objID,ra,dec
100090194019178543,19.40197136910949,-6.584942094230813
