objID,ra,dec
105340197464445593,19.74644725,-2.21228399
105340197463346000,19.74641725805388,-2.212021914274823
