objID,ra,dec
107220195195946082,19.519705912914073,-0.645319731343299
