objID,ra,dec
96970196484250264,19.64842965593081,-9.191748952930345
