objID,ra,dec
110050192522783457,19.252240838440347,1.7107376786998088
