objID,ra,dec
109270193478694356,19.347925117034027,1.0616132138749728
