objID,ra,dec
107460190758824463,19.07591297055759,-0.44668871750629247
