objID,ra,dec
109410190661619523,19.06602971,1.18261124
109410190659589850,19.06600012129269,1.1827386026177473
