objID,ra,dec
104770199501418295,19.950288823280907,-2.6850352261583703
