objID,ra,dec
106550196861616705,19.686129620489975,-1.2031190933438656
