objID,ra,dec
101030190529632083,19.052945062918575,-5.8069116152860225
