objID,ra,dec
109080196994115619,19.699523652655646,0.9043200996681245
