objID,ra,dec
97530199435485688,19.943559973077953,-8.72061984270724
