objID,ra,dec
107630198317971481,19.831842087947905,-0.3075447439193291
