objID,ra,dec
105370194869175060,19.486944054664793,-2.187836838650899
