objID,ra,dec
101950194078741097,19.407921979963017,-5.041150068454689
