objID,ra,dec
107770196450363054,19.64504438318215,-0.18952978082421895
