objID,ra,dec
108450191640970417,19.16412548,0.37496732
