objID,ra,dec
99350196530561599,19.652995448709802,-7.207362658774594
