objID,ra,dec
103400198005558618,19.80057696849779,-3.826517162884883
