objID,ra,dec
100640197191997785,19.71921151419066,-6.1272634638377115
