objID,ra,dec
100810197605006022,19.760533194716814,-5.9872015615240235
