objID,ra,dec
109830198999040962,19.899996311710385,1.5255154328264806
