objID,ra,dec
100790198559442399,19.855995517355552,-6.006752037079113
