objID,ra,dec
104050190645075435,19.064556505173492,-3.287503639870672
