objID,ra,dec
107930192880175460,19.288016581959884,-0.05418080759348067
