objID,ra,dec
109210198091653410,19.809199243383784,1.0107648273375909
