objID,ra,dec
109310191013803708,19.101505113827518,1.0942811583711476
