objID,ra,dec
107200197209888381,19.72099687,-0.6600369
107200197207828632,19.720822619398184,-0.659841551469376
