objID,ra,dec
101630198517830164,19.85176652069397,-5.308478299037449
