objID,ra,dec
109140194797278021,19.47974327059605,0.9563161855024577
