objID,ra,dec
107960191166500045,19.11668396648191,-0.03369577715437959
