objID,ra,dec
102750194206906703,19.420693897841993,-4.369981695154934
102750194206506356,19.42069326399712,-4.369980925729557
