objID,ra,dec
108350199490261354,19.949055037866497,0.292464690856788
