objID,ra,dec
101680199953460596,19.995324654451274,-5.266586114442897
