objID,ra,dec
107190196703713193,19.670433094210914,-0.6727235126569867
