objID,ra,dec
99960199373654326,19.937486387491507,-6.696691990868303
