objID,ra,dec
105510193758148732,19.37586419300975,-2.068099210801575
