objID,ra,dec
106340199070576320,19.90716247,-1.37847057
106340199074036309,19.90744710965389,-1.3785000439785935
