objID,ra,dec
106100190903138026,19.090305941624234,-1.5770738306798515
