objID,ra,dec
97620190713956336,19.07144267524307,-8.645063493759027
