objID,ra,dec
104670197471332498,19.74718212650177,-2.7732978218857682
