objID,ra,dec
105140199763526322,19.976328854686404,-2.3784452159897937
