objID,ra,dec
106700198763489046,19.87636423868102,-1.076074881880716
