objID,ra,dec
107890190194892645,19.019427377875655,-0.08980770515902782
107890190193512947,19.019388115918016,-0.08973647141655695
