objID,ra,dec
107640194743276484,19.474377514682182,-0.29496570657974724
107640194741446794,19.4741907,-0.2947827
