objID,ra,dec
107620193599449567,19.359943955229024,-0.30914773169327
