objID,ra,dec
101450194948984455,19.494939321568083,-5.45495575751398
