objID,ra,dec
108220193964615733,19.39649230562872,0.18767964483808885
