objID,ra,dec
107040195499599877,19.54992918,-0.79199962
