objID,ra,dec
107800197634133560,19.763358326540946,-0.16415254286232372
