objID,ra,dec
106390195381941363,19.538221316511084,-1.3409130269533318
