objID,ra,dec
106500198543419227,19.854456483106013,-1.2425987203979716
106500198546179347,19.854534556030455,-1.2425574255974905
