objID,ra,dec
108170194660439064,19.466002219680774,0.14876536508269703
