objID,ra,dec
97990193910648881,19.39103753115728,-8.334603595381788
