objID,ra,dec
109900196246748226,19.62468042,1.58982213
109900196249188511,19.624904419784343,1.5898644790145153
