objID,ra,dec
108880198112775807,19.811270408318308,0.7377937493666528
