objID,ra,dec
107720194230551005,19.42306062617117,-0.2328572309181342
