objID,ra,dec
109070197077459357,19.707782082593837,0.8990559566028653
