objID,ra,dec
109280195127202321,19.51276196,1.06822832
