objID,ra,dec
102520195945568999,19.594585065498386,-4.559523295184584
