objID,ra,dec
106720194905571636,19.490626051919808,-1.0655942872305546
