objID,ra,dec
106650191543173418,19.154313420623215,-1.1225379151771822
