objID,ra,dec
96160194663525538,19.46635750519151,-9.862386025239234
