objID,ra,dec
103330195276463565,19.527745995100794,-3.889027212648635
