objID,ra,dec
102720192671105901,19.267159173978325,-4.395485097866411
