objID,ra,dec
103550195864583486,19.586502116836872,-3.7058642160362116
