objID,ra,dec
103360193105179912,19.310593720903324,-3.8587980491857383
