objID,ra,dec
97510199288219065,19.92882806643398,-8.734466937251504
