objID,ra,dec
109090194122299613,19.41202827,0.91603866
109090194118469559,19.41199631166236,0.9159672345956565
