objID,ra,dec
103760191491463888,19.149158197372163,-3.5304889989397066
