objID,ra,dec
106880198143688068,19.81440439431095,-0.9269804837660248
