objID,ra,dec
100580196923561375,19.692352149522677,-6.18257244695637
