objID,ra,dec
106370196480021308,19.64803216207292,-1.357611576667634
