objID,ra,dec
103560191741885280,19.17422812,-3.69587145
