objID,ra,dec
106660196328428696,19.632907791792817,-1.109757239240453
