objID,ra,dec
108030194772610976,19.47728649996206,0.025417415499336786
