objID,ra,dec
102240195510347140,19.551066281822656,-4.794443575358302
