objID,ra,dec
108010191857893706,19.18576895,0.01108848
