objID,ra,dec
105010197760430523,19.77604941393903,-2.491642415860108
