objID,ra,dec
98470196695820140,19.669567229025617,-7.941911531523942
