objID,ra,dec
95620190573249414,19.05732432892776,-10.309228820794562
