objID,ra,dec
106760196311183881,19.63125639296398,-1.0303653826556611
