objID,ra,dec
107260198352256086,19.8352192042783,-0.6119867263638267
