objID,ra,dec
95750197031937784,19.70322215836348,-10.202178647278524
