objID,ra,dec
106540191178408456,19.117876163080776,-1.210012072936392
