objID,ra,dec
97180199218592449,19.921922112456443,-9.014958751028932
