objID,ra,dec
106890197544974268,19.75451380330622,-0.9218094927287162
