objID,ra,dec
108610193224640280,19.322481456596662,0.5081929745248829
