objID,ra,dec
108340191811725291,19.181242556562978,0.287367937885219
