objID,ra,dec
109060198813983012,19.881386690218157,0.8854720758188825
