objID,ra,dec
110650191097749941,19.10981633,2.21626539
