objID,ra,dec
97440191289884764,19.129015578338045,-8.79637813676332
