objID,ra,dec
107290195340195663,19.534070725714866,-0.5874442424948308
