objID,ra,dec
109330191899628782,19.190029977581492,1.1153125256799057
