objID,ra,dec
101020193857274890,19.385784396049004,-5.812982494038156
