objID,ra,dec
107720199720416691,19.97205379481808,-0.2281892700559136
