objID,ra,dec
107290193574331264,19.35748988718172,-0.5910244286872849
