objID,ra,dec
105360191955413906,19.19552515379307,-2.197127595118049
