objID,ra,dec
109130195700618434,19.570101910995724,0.9483289867761248
