objID,ra,dec
108330199837500861,19.983900595495616,0.2754028002788312
