objID,ra,dec
100060198015988359,19.801606420248138,-6.6100733831827165
