objID,ra,dec
108900195463744558,19.54638817947709,0.7534586910081527
