objID,ra,dec
104730193286792325,19.328734171008747,-2.7235251658451785
