objID,ra,dec
108990191784262401,19.178439792016025,0.8266045677714141
