objID,ra,dec
110370198541085787,19.854174701747247,1.979430049466525
