objID,ra,dec
109290195814698377,19.581519038606658,1.0816060880155465
