objID,ra,dec
106620198061937169,19.806242005162822,-1.1444258405880392
