objID,ra,dec
101680198812546726,19.88126616213305,-5.2613790859361
