objID,ra,dec
95230197108636256,19.710866717772568,-10.636835881249533
