objID,ra,dec
105640198815455922,19.88156584370241,-1.9620562463495432
