objID,ra,dec
108540191287601687,19.128759085897045,0.4510219622213574
