objID,ra,dec
109000195555865823,19.555637667000468,0.8378054694065028
