objID,ra,dec
109600199914141176,19.99137986852871,1.3339881108558558
