objID,ra,dec
108330198520816708,19.852120639268275,0.2801890920919968
