objID,ra,dec
99810190928428840,19.092925550885614,-6.8180193317635815
