objID,ra,dec
107090200200659005,20.02008275,-0.75119953
107090200200398667,20.020069288588907,-0.7514286765620447
