objID,ra,dec
106740205308573681,20.53082504617756,-1.047356043071703
