objID,ra,dec
101820206574560709,20.657517509153184,-5.149787018530911
