objID,ra,dec
107810206355162771,20.635583796334124,-0.15639647522495456
