objID,ra,dec
108050205523690085,20.55240968402512,0.04135229387677238
