objID,ra,dec
108320206581991161,20.658255368988794,0.26723949406666375
