objID,ra,dec
104170205066630870,20.506746248108623,-3.191281581067775
