objID,ra,dec
108190201301772565,20.13018130135743,0.1600987418248342
