objID,ra,dec
106930206281023791,20.628120323777907,-0.8889314915828533
