objID,ra,dec
103330209261971998,20.926243081101386,-3.8903417277623187
