objID,ra,dec
107180205596071757,20.559721886789276,-0.682257205340382
