objID,ra,dec
104130204176482237,20.417678427854206,-3.2235132160641644
