objID,ra,dec
103720204931824574,20.493230353895026,-3.563283856084771
