objID,ra,dec
108720209985351750,20.998571745236482,0.6010552644330538
