objID,ra,dec
109530207953782005,20.79548360514106,1.2762984904409869
