objID,ra,dec
109300205263724890,20.52637384,1.08702182
