objID,ra,dec
109480204963284078,20.496314418668682,1.2363443309782973
