objID,ra,dec
98570204957867465,20.495702802446303,-7.852336197969269
98570204955047526,20.495623850807952,-7.852328603081304
