objID,ra,dec
100080201320115740,20.13196944333141,-6.5956520656686815
