objID,ra,dec
103040204163184218,20.41635775595029,-4.130189612418723
