objID,ra,dec
103330208270301906,20.82702949889601,-3.8903570299976704
