objID,ra,dec
108400205333020339,20.53335723641805,0.33325088833673694
