objID,ra,dec
105170202832532156,20.28328799066589,-2.3568863796976567
