objID,ra,dec
109150200075971120,20.00759984745868,0.9588494806588936
