objID,ra,dec
103740200975337335,20.09762777466929,-3.5442635630894204
