objID,ra,dec
110410208319927540,20.832076645747755,2.0142381252033776
