objID,ra,dec
104560209316276902,20.931897696717904,-2.861189055739506
104560209321896963,20.932253059494595,-2.8611800654883606
