objID,ra,dec
97210201317780566,20.13171851,-8.99136557
97210201316440543,20.13164407,-8.99153781
97210201314560868,20.131489933625307,-8.991307481743286
