objID,ra,dec
104090206514867859,20.65151678,-3.25205111
