objID,ra,dec
101340202010902216,20.201091272004028,-5.548531750902382
