objID,ra,dec
106340206105340313,20.6106364015635,-1.3835834704483376
