objID,ra,dec
107470203380590920,20.338096093710814,-0.44127343312678896
