objID,ra,dec
101510209053344848,20.905329442668716,-5.404679504641615
101510209053244507,20.9053214,-5.40493132
