objID,ra,dec
104440202694121942,20.26947297566514,-2.965421261338851
