objID,ra,dec
98890208609726121,20.86102513179606,-7.586872066042086
98890208608556511,20.86099532,-7.58666367
