objID,ra,dec
100470209302524548,20.93030696372101,-6.271537739183985
