objID,ra,dec
99980203574566294,20.357521263469746,-6.67839498418493
