objID,ra,dec
109060201242487118,20.124316185639234,0.8889273786099939
