objID,ra,dec
109930200809182660,20.08096438,1.61016737
