objID,ra,dec
105920202606104739,20.260660378008925,-1.7297589781227531
