objID,ra,dec
108220208157166842,20.81579473149491,0.18861301366567768
