objID,ra,dec
101830209294519923,20.929441521013658,-5.133776715107705
