objID,ra,dec
98460207363503648,20.736340520916407,-7.947298705209222
