objID,ra,dec
108030203561561798,20.35614987083249,0.026099008982802336
