objID,ra,dec
105250202429243401,20.242899683994874,-2.289283882132081
