objID,ra,dec
95010201244702327,20.124504188757758,-10.823364934547834
