objID,ra,dec
105100209733058145,20.973502662888237,-2.4101533030753117
