objID,ra,dec
104550204803081310,20.480387171033573,-2.874270592150461
