objID,ra,dec
100470201196872162,20.119670324900888,-6.273585516649774
