objID,ra,dec
108520200663288909,20.066327251052613,0.4403975664306523
