objID,ra,dec
96500209585611968,20.95844157729401,-9.581924473054833
