objID,ra,dec
106480208165868054,20.81664246058799,-1.2603213783355405
