objID,ra,dec
109860206358220956,20.63586876350313,1.5503826457628533
