objID,ra,dec
106560209756249979,20.97564008505936,-1.1920161061895584
