objID,ra,dec
108510204673147690,20.467204043222953,0.43104602102335454
