objID,ra,dec
103390204052207888,20.405246670657817,-3.835419704263571
103390204054737739,20.4054686,-3.83547888
