objID,ra,dec
104770204035627171,20.403566937212666,-2.6860866929637095
