objID,ra,dec
101580202533039193,20.253344520027785,-5.342706922744449
