objID,ra,dec
108620206049914924,20.60496820455729,0.520467675805282
108620206046544927,20.604870237383334,0.5203966786739453
