objID,ra,dec
108970207880376980,20.788106643959388,0.813741662112942
