objID,ra,dec
109600208867367162,20.8867338,1.33894468
