objID,ra,dec
101700205567620229,20.556784692205273,-5.250083596493938
