objID,ra,dec
108000208373940136,20.837364729293476,-0.00031805436721972453
