objID,ra,dec
100530207677324602,20.76777342,-6.22144371
100530207676494955,20.76768465938564,-6.221208429707693
