objID,ra,dec
107010203034489004,20.303525929468172,-0.8179680226996403
