objID,ra,dec
105920205168542207,20.51688749958495,-1.731823815230376
