objID,ra,dec
105010204323803485,20.432445635711428,-2.489135594754908
