objID,ra,dec
99920203644132009,20.36445107926985,-6.732004277152326
