objID,ra,dec
107510204432767814,20.443343230529134,-0.4021963769572193
