objID,ra,dec
99710209611623459,20.961175569526134,-6.905830837326492
