objID,ra,dec
103500206607516087,20.660804333424895,-3.7452703632702193
