objID,ra,dec
102200205944283056,20.594460656619468,-4.831127523120241
