objID,ra,dec
108190204486317639,20.44865877500544,0.1643140566887762
