objID,ra,dec
99240202985583248,20.29859061193369,-7.297672908099277
