objID,ra,dec
99420200887854778,20.08878167,-7.14634319
99420200885804514,20.088610565866034,-7.146584391255589
