objID,ra,dec
107340203191637036,20.31918357376047,-0.5444844283570957
