objID,ra,dec
104250201156872443,20.11569277879051,-3.123252557592557
