objID,ra,dec
108280206357194375,20.63580217611316,0.23661387393943653
