objID,ra,dec
98320205890393368,20.589051170733114,-8.06425176912677
