objID,ra,dec
102580209925857718,20.99263307,-4.51060499
102580209928827760,20.99283168872148,-4.510530800765452
