objID,ra,dec
109370209831401227,20.983209498591638,1.14232539813987
