objID,ra,dec
108380204693978210,20.469437253455762,0.32313383522052513
