objID,ra,dec
109530201101124404,20.110196136997757,1.2782852213615226
