objID,ra,dec
95930205803076873,20.580323930452884,-10.052947916479583
