objID,ra,dec
104800208697966560,20.86984258,-2.66149641
