objID,ra,dec
110130208997271621,20.899535573667837,1.7760728964730852
110130208994951823,20.899515510185026,1.7761142525153217
