objID,ra,dec
98560208218647173,20.821971649542053,-7.861131469631296
