objID,ra,dec
108190207875969809,20.78764339278493,0.16608541378939867
