objID,ra,dec
104480203719712418,20.37204455517137,-2.9317136274777043
