objID,ra,dec
107310208323295327,20.832323775588648,-0.570907818674844
