objID,ra,dec
109160209636327088,20.963684907862408,0.9721998587153367
