objID,ra,dec
110370208327985284,20.8328208,1.97905252
