objID,ra,dec
109460202850199521,20.28488712643141,1.2242363522890287
