objID,ra,dec
110660202442806795,20.244294654484737,2.2219616098025528
