objID,ra,dec
108190200416241120,20.04170774724607,0.15893161088090518
