objID,ra,dec
110460203300704879,20.32998296,2.05367184
110460203299195163,20.329934853225147,2.053939912842823
