objID,ra,dec
109490200299640475,20.029999605724765,1.241685913592841
