objID,ra,dec
107190205182194364,20.518284921766753,-0.6717535874690879
