objID,ra,dec
96070205764671885,20.57641675,-9.94044707
96070205761471944,20.576188792307004,-9.940411111237616
