objID,ra,dec
103190202973262750,20.297056772075056,-4.006357045903847
103190202970503326,20.29706916,-4.00594459
103190202969193017,20.29694387399527,-4.006254955436117
