objID,ra,dec
100460207146290561,20.714636024894183,-6.283197407045924
