objID,ra,dec
107700208705752647,20.870518858436125,-0.24814733117549348
