objID,ra,dec
110340204419908621,20.442114635257532,1.9567357725941998
