objID,ra,dec
107960200938002914,20.0938186758738,-0.031284844896225156
