objID,ra,dec
109890200341387872,20.03419261456737,1.5811920423380936
