objID,ra,dec
103980204136147119,20.41367402220818,-3.344453058713634
