objID,ra,dec
103960205903096729,20.590333798927407,-3.3614443000507284
