objID,ra,dec
102110203247854309,20.32483481588315,-4.905044308244885
