objID,ra,dec
110080204984895299,20.49845596672134,1.7373375920096836
110080204981805106,20.49822374,1.73735718
