objID,ra,dec
100630208876556361,20.88765451493637,-6.136664858887622
