objID,ra,dec
108390205034307100,20.50348317128845,0.3305513312648909
