objID,ra,dec
98240204815900303,20.481594102764493,-8.133495785299203
