objID,ra,dec
105000209445697771,20.94462065252665,-2.493842350183157
