objID,ra,dec
101610200027128803,20.002703379760735,-5.318003133618946
