objID,ra,dec
107360200517647690,20.051755179261136,-0.5272806162413198
