objID,ra,dec
106530203482169957,20.34824479338746,-1.217080038355245
