objID,ra,dec
100780201795078996,20.179496922662825,-6.0095471405891985
