objID,ra,dec
105210207280295267,20.728093870660803,-2.320974271137914
