objID,ra,dec
107790202005874994,20.200587869295266,-0.17118637778685175
