objID,ra,dec
110550201790272901,20.1790236,2.12703611
