objID,ra,dec
108090201287803523,20.12875285,0.07762715
108090201284923482,20.128530644181996,0.07755562488084045
