objID,ra,dec
110530201935784227,20.19354396464898,2.111423362957348
