objID,ra,dec
110230203463021790,20.346348687252426,1.8594007144513287
