objID,ra,dec
108460208223661543,20.822355265531318,0.38397806769449255
108460208222541224,20.822349984016203,0.38397258825423364
