objID,ra,dec
105120201398482739,20.139857795597273,-2.3981007715778175
