objID,ra,dec
99180208821144243,20.882188267490914,-7.346767018018479
