objID,ra,dec
109500208111031578,20.81106974,1.25105239
109500208107901361,20.81077,1.25074378
