objID,ra,dec
108480208064089816,20.80643236662029,0.4078398721418705
