objID,ra,dec
103050203932244859,20.39326158951534,-4.121305304406882
