objID,ra,dec
108810203571655829,20.357131210191316,0.6794289066656118
