objID,ra,dec
95440204302988179,20.4303199407064,-10.460383415259114
95440204301517894,20.43031548388291,-10.460385757208321
