objID,ra,dec
95170200300787347,20.03008904307017,-10.685842985628732
