objID,ra,dec
109200207995364233,20.799568121844793,1.0031328046456571
