objID,ra,dec
96050202753644538,20.275423856214555,-9.9548628275065
