objID,ra,dec
108870201874435562,20.18745326,0.72928937
