objID,ra,dec
108130206288166644,20.62895507443806,0.11354127476337446
