objID,ra,dec
107920202870146619,20.287014015650893,-0.06153803920545777
