objID,ra,dec
103510209297803944,20.92983506201863,-3.7388265856560765
