objID,ra,dec
106120209672142049,20.9672596533352,-1.5653940990626511
