objID,ra,dec
99240207630507376,20.763059679717465,-7.294230550424871
