objID,ra,dec
109000209557074622,20.955699352385928,0.8368334270684741
109000209554594441,20.95550739,0.83672025
