objID,ra,dec
104830209199537876,20.919942013232458,-2.635440640311847
