objID,ra,dec
108320209570717484,20.957097293147914,0.2725166146196779
