objID,ra,dec
103350205944072627,20.59440734,-3.87315507
