objID,ra,dec
101990206663125770,20.666344144960593,-5.0038082108911315
