objID,ra,dec
107230208015301046,20.801549221607853,-0.6411810592037386
