objID,ra,dec
103710207108320215,20.710697925017502,-3.5752462574755457
