objID,ra,dec
106520208330592216,20.83307391948269,-1.231953721412049
106520208330521784,20.83308346072681,-1.232036005579522
