objID,ra,dec
95500206859518035,20.685976169861075,-10.410304313653727
