objID,ra,dec
106810200479543121,20.047953243937123,-0.989548490738412
