objID,ra,dec
102390200755889505,20.075584941268023,-4.667504843626707
