objID,ra,dec
104880200302083453,20.030218107460012,-2.5975088158450363
