objID,ra,dec
106840200823897088,20.082403361543424,-0.9611477356306791
