objID,ra,dec
104780209155291675,20.91550136582065,-2.6822843960358216
