objID,ra,dec
99140203983513835,20.398354081189805,-7.380469049907422
