objID,ra,dec
107330200536318937,20.053748879560207,-0.5513481617291982
