objID,ra,dec
109620208951114086,20.89516278,1.35308578
