objID,ra,dec
106090203734955982,20.373534091865977,-1.5870283814327142
106090203731146083,20.37339923,-1.58702996
