objID,ra,dec
106050205965040377,20.59647099852414,-1.6250575608258488
