objID,ra,dec
107180206379845775,20.63806651212778,-0.6789039626706993
107180206382725747,20.63830006,-0.67887805
