objID,ra,dec
101330208023901475,20.80241717427991,-5.557463800067036
