objID,ra,dec
108980208541137199,20.85400212,0.82231748
108980208537907607,20.853756536576114,0.822533068841803
