objID,ra,dec
97970200370635495,20.03704008,-8.35406913
97970200368175729,20.036801223691768,-8.353955046070432
