objID,ra,dec
97420206179585349,20.617977419701166,-8.81259308387254
