objID,ra,dec
110500206228777992,20.622966942336305,2.0896555290520005
