objID,ra,dec
103500202027691773,20.202838736126143,-3.748810254288481
