objID,ra,dec
107770205940885497,20.593975842308943,-0.18752236109633755
107770205938015124,20.59381406,-0.18774308
