objID,ra,dec
94910202084042131,20.208426163349234,-10.906877913381937
