objID,ra,dec
106610205009039625,20.5009366007405,-1.150673312384336
