objID,ra,dec
107530201388306676,20.13885477,-0.38646631
107530201386136905,20.13873724511743,-0.3863064553237647
