objID,ra,dec
102160204335321787,20.433565777077057,-4.865505561917909
