objID,ra,dec
104430207060196085,20.706069306840327,-2.970303028415366
