objID,ra,dec
103000203637125272,20.36375294,-4.16270037
