objID,ra,dec
103880208685250340,20.868574063296247,-3.4334046401661684
