objID,ra,dec
105690200148686382,20.014888968619925,-1.9200451684645752
