objID,ra,dec
105860203029754537,20.3029784724373,-1.7798132102498618
