objID,ra,dec
108490204721685810,20.472203628849797,0.4128170483929707
