objID,ra,dec
106660208659045399,20.865981117735377,-1.1124107072726412
