objID,ra,dec
109950208893818758,20.889343379568253,1.6319783875911626
109950208892499052,20.88928052,1.63215014
