objID,ra,dec
102020206736866681,20.67371124083708,-4.978077881897857
