objID,ra,dec
102160206353753269,20.635450964725486,-4.864259665225182
