objID,ra,dec
108580208052037038,20.805254292788106,0.4888226324887321
