objID,ra,dec
109490208941037109,20.894108647200348,1.2472230425937352
