objID,ra,dec
105700204076687188,20.40769264266454,-1.9110514514105916
