objID,ra,dec
95190200177703055,20.017792079348247,-10.67275055755062
