objID,ra,dec
105100205812662244,20.58128689113757,-2.415004760038107
