objID,ra,dec
103900209937673550,20.993850460365092,-3.4141110271868835
