objID,ra,dec
106990202575944205,20.257678765028007,-0.8384794920704124
