objID,ra,dec
108310209632324365,20.963289203128415,0.2615833488607192
