objID,ra,dec
107600201283643617,20.128360996970823,-0.33070755924645
