objID,ra,dec
109480201198851754,20.119924465632664,1.234381317864622
