objID,ra,dec
99450203449379252,20.345003779545575,-7.117646915215187
