objID,ra,dec
98110205990025520,20.59903987572698,-8.237486353809482
