objID,ra,dec
101290207278028754,20.727846015597144,-5.584696906791998
