objID,ra,dec
109490204111299059,20.41113067264629,1.2488128366406677
