objID,ra,dec
105230205291274234,20.52919007634663,-2.3052417085061387
