objID,ra,dec
96160209784943680,20.97850207606742,-9.863966057751034
