objID,ra,dec
108440209144110443,20.91442740431541,0.36667701267768016
