objID,ra,dec
104980204740311488,20.47402241,-2.51577771
104980204736161365,20.47364948509723,-2.515742415640733
