objID,ra,dec
108840202082820700,20.208289359476293,0.7002233055727947
