objID,ra,dec
99380208914597966,20.8915194175368,-7.177058704568161
