objID,ra,dec
96800203693589396,20.369416575887143,-9.325846891054718
