objID,ra,dec
108630204405000931,20.440531075806483,0.525406489196256
