objID,ra,dec
107170200574926671,20.057444312106497,-0.6864563472892534
