objID,ra,dec
108220200588151281,20.058769739763402,0.18409076805993252
