objID,ra,dec
106260200102945901,20.010348098850777,-1.44554306036941
