objID,ra,dec
98950207887574452,20.788782970816733,-7.538299020695494
