objID,ra,dec
97220202341397962,20.23417618899063,-8.977043897651498
