objID,ra,dec
101820201418930456,20.141891856605344,-5.150003621264348
