objID,ra,dec
103570201895678052,20.189658820379346,-3.6853150244254413
