objID,ra,dec
108000202414316128,20.24138326599649,0.004748078378544283
