objID,ra,dec
107990201093886281,20.109395344892125,-0.003479240482276232
