objID,ra,dec
94950206965283630,20.696543487168206,-10.872303532587042
