objID,ra,dec
103740200069104748,20.00694960150689,-3.546391741473664
