objID,ra,dec
108140201864307412,20.186415781724502,0.12249987385824818
