objID,ra,dec
96200209935461184,20.993529197409107,-9.832693186085967
