objID,ra,dec
104200203639368950,20.36401609926597,-3.1596579733443777
