objID,ra,dec
96380206271876978,20.627239163798244,-9.677883800343498
