objID,ra,dec
104080200172727656,20.017398324383503,-3.260604308159483
