objID,ra,dec
107910208154988274,20.81553127433139,-0.06849614869728951
