objID,ra,dec
109120206958932937,20.695957790831166,0.9353724654709499
