objID,ra,dec
110370205944195878,20.594389419534327,1.9796093019444732
110370205943126249,20.594371266353715,1.9797261328951306
