objID,ra,dec
102290201479767370,20.147921,-4.752391
102290201476607548,20.147702258624992,-4.752450598722094
