objID,ra,dec
99030201601868908,20.160283302258843,-7.467911642542942
