objID,ra,dec
104690203511765254,20.351205336066165,-2.754349156226631
