objID,ra,dec
106150205930897546,20.59312637977874,-1.5357464075328684
