objID,ra,dec
109460205393718884,20.539375762295027,1.2236926167731366
