objID,ra,dec
102670207455389106,20.745514679789828,-4.434441753148508
