objID,ra,dec
106330202468926124,20.246906193083053,-1.386999551506907
106330202465666003,20.246680723525763,-1.387098805548452
