objID,ra,dec
104620207025355972,20.702584351245385,-2.812081838449412
