objID,ra,dec
109480205936253552,20.593649009263824,1.2360424094807234
