objID,ra,dec
96240201013100059,20.1012865538766,-9.80024844657994
96230201015289409,20.10145651,-9.80048771
