objID,ra,dec
103220201372986400,20.13736867796081,-3.9781524988004997
