objID,ra,dec
107120208536583196,20.85375673023113,-0.7311349924465935
