objID,ra,dec
103920209911799584,20.99111206146543,-3.392305606522967
103920209909189737,20.991102756117012,-3.3922576357637606
