objID,ra,dec
106400207097711767,20.709756683895545,-1.3323488196658182
106400207096041448,20.709706358893392,-1.3325363630079257
