objID,ra,dec
101260209990126041,20.99901100919083,-5.612020287373963
