objID,ra,dec
103250205581055232,20.558156410139347,-3.954313415186697
