objID,ra,dec
105940206546652935,20.65470905,-1.71467812
