objID,ra,dec
103940205161249736,20.51619923046642,-3.375588692390156
