objID,ra,dec
99950200088117567,20.008871211813922,-6.702374718238216
