objID,ra,dec
107600202583393814,20.25838772,-0.3305173
