objID,ra,dec
104560208857490732,20.885840791395456,-2.86641406386691
