objID,ra,dec
98600202488549246,20.248892353128774,-7.82598983867983
