objID,ra,dec
107830208195393470,20.819556340819013,-0.13915163295846852
