objID,ra,dec
101530207800730781,20.780093532086166,-5.39140742996591
