objID,ra,dec
109660207962097021,20.79624392840874,1.3887670475008231
