objID,ra,dec
107630207459341538,20.745952790775164,-0.30744612247375763
