objID,ra,dec
104470204196207903,20.41967686814805,-2.9355387492060325
