objID,ra,dec
95420200080442986,20.008087589388396,-10.481145580290317
