objID,ra,dec
109700206173776624,20.617395449357574,1.4217795988445765
