objID,ra,dec
103810201400455159,20.140095457550128,-3.4877812530535395
