objID,ra,dec
102960200930086268,20.0930462836254,-4.195103896373097
