objID,ra,dec
109140200093569371,20.00940579297932,0.9573927025043223
