objID,ra,dec
99550209677636596,20.967790923424197,-7.036531320880322
