objID,ra,dec
110270200470018119,20.04683668,1.89804553
110270200466837839,20.04665973374049,1.8978485111929342
