objID,ra,dec
109410203871926792,20.38717266870379,1.1802909751644515
109410203870227062,20.38701353,1.18048103
