objID,ra,dec
98200203070809120,20.307062228369062,-8.159457685894397
