objID,ra,dec
105240202059093803,20.205945218297092,-2.2972269473967173
