objID,ra,dec
107020202319378233,20.23190128,-0.8101736
107020202320757934,20.23213526,-0.8104504
