objID,ra,dec
95360202445922106,20.244619334274002,-10.53189449650056
