objID,ra,dec
108530201915208893,20.19150281,0.44870243
