objID,ra,dec
107420202746300111,20.274658704956494,-0.4836047312505423
