objID,ra,dec
101090208159025598,20.815936346318704,-5.754057241928176
