objID,ra,dec
108440205645994832,20.564646124356447,0.37018826142430106
108440205647374344,20.56468976,0.37010379
