objID,ra,dec
98930203483464177,20.348344383140873,-7.555208551398783
