objID,ra,dec
109020205532974639,20.55331778,0.85348379
