objID,ra,dec
104680209624888954,20.962555274664876,-2.759630501585336
