objID,ra,dec
97570200937348351,20.09375853516199,-8.685075213072095
