objID,ra,dec
107480202401325540,20.240364978409534,-0.4290459367899291
