objID,ra,dec
105940203290759928,20.329161432297393,-1.7087665168524389
