objID,ra,dec
100880208923988122,20.892428737617898,-5.926925437783095
