objID,ra,dec
106290206929952031,20.69300849141006,-1.4236684974390044
