objID,ra,dec
107330206561571654,20.6561706302929,-0.5573906857410317
