objID,ra,dec
107790206412400535,20.641337268204616,-0.1749413988476182
