objID,ra,dec
98510201721201159,20.172148758069365,-7.907713651574365
