objID,ra,dec
105790207828360014,20.78287437,-1.84204041
105780207826359691,20.7827671,-1.842251
