objID,ra,dec
105810203575048934,20.35758448345732,-1.8179069749035976
