objID,ra,dec
107420203950289384,20.395085818650895,-0.47588624498700405
