objID,ra,dec
103540205021460253,20.50221473,-3.71668041
