objID,ra,dec
100280205539970640,20.55392129,-6.43318939
100280205538720326,20.553913994005384,-6.433375431163855
