objID,ra,dec
107670207918711537,20.79185088711291,-0.27409268341519005
