objID,ra,dec
106570202060651985,20.20607253688068,-1.1904101593690155
