objID,ra,dec
98400208126743602,20.812705475138063,-7.9973439099073405
