objID,ra,dec
107010206360074094,20.63607391728756,-0.821921145203419
