objID,ra,dec
99150209002487799,20.900344064738803,-7.368789352159045
