objID,ra,dec
109120200379181276,20.037958377880532,0.9340366539914837
