objID,ra,dec
102540201528545831,20.152900884562545,-4.545508481894951
