objID,ra,dec
101950201226429553,20.12265875754688,-5.034072353754988
