objID,ra,dec
104080200425485242,20.04257620128966,-3.2627118918496807
