objID,ra,dec
107290202152888687,20.2152875131191,-0.5847559126639996
