objID,ra,dec
106620207377341200,20.737774567287627,-1.149351787173033
