objID,ra,dec
107700208314055937,20.831441326273318,-0.24548699823247586
