objID,ra,dec
97240201150919943,20.115122824312,-8.958745540228172
