objID,ra,dec
105060205711900499,20.571252890288758,-2.4499847467033535
