objID,ra,dec
103060201897616568,20.18982230092414,-4.111604403389151
