objID,ra,dec
103210202529999881,20.25302994,-3.98381798
103210202527759641,20.25280482,-3.98377603
