objID,ra,dec
109990202017533422,20.201853482922488,1.6607980626879393
