objID,ra,dec
107500207732518823,20.773291499997985,-0.40966392919731043
