objID,ra,dec
101270208424393408,20.842432755797773,-5.6058590493487825
