objID,ra,dec
108280206919372704,20.69197402835899,0.23516327329660563
