objID,ra,dec
109060205411913384,20.541197703843604,0.8857825919653728
