objID,ra,dec
100110208185773699,20.818651995413124,-6.572234602025998
