objID,ra,dec
99860205779315983,20.57798339568876,-6.778686343911914
