objID,ra,dec
99230204934397147,20.49340595298443,-7.3027524932702965
