objID,ra,dec
97220205955162754,20.59555004259736,-8.98138505980582
