objID,ra,dec
95700207383382199,20.738412876314744,-10.248473029561048
