objID,ra,dec
107490205560825217,20.556137623762947,-0.42105679393318857
