objID,ra,dec
98600208478579606,20.84789126669829,-7.825683283603871
