objID,ra,dec
104370208469686670,20.84704671324825,-3.0198197060846415
