objID,ra,dec
103840202048153786,20.204815484782042,-3.4637867216371965
