objID,ra,dec
109420209729519726,20.97301702,1.19105766
