objID,ra,dec
107730204344479746,20.43446665389533,-0.21722795763544311
