objID,ra,dec
108450201524573859,20.152472347506414,0.37780088132804623
