objID,ra,dec
109660206802724886,20.680341985932863,1.3869904805134072
