objID,ra,dec
103020207164295667,20.71644742,-4.1456377
