objID,ra,dec
107430204116366275,20.411674167509005,-0.4701673601735062
