objID,ra,dec
105520201199215207,20.11995223,-2.0627055
