objID,ra,dec
108220203919318571,20.39207979430689,0.1901812700249047
108220203921518859,20.392227481572323,0.19034129350864804
108220203923768628,20.392426209519275,0.19016893393086656
