objID,ra,dec
99380207176170066,20.717642445928607,-7.183657868281673
