objID,ra,dec
109280206493330659,20.649349397694277,1.0668272557871914
