objID,ra,dec
107410204849272033,20.48499951549945,-0.4903729746533074
