objID,ra,dec
107650202264850924,20.22650222,-0.29125377
107650202266871385,20.226570667557493,-0.29096627796989966
