objID,ra,dec
106180208380066540,20.838067820650824,-1.5116325021208075
