objID,ra,dec
106670206950724988,20.6951620939412,-1.1045548353887542
