objID,ra,dec
96900204332074481,20.433236508599016,-9.246575347053941
