objID,ra,dec
104590206857870259,20.685930622601283,-2.841815609289928
