objID,ra,dec
98620208609614789,20.860939156675766,-7.81305939380193
