objID,ra,dec
108590206836870519,20.683728704873428,0.4916883442924008
