objID,ra,dec
100850205898472063,20.589956610095577,-5.956926726047494
