objID,ra,dec
107540204325375046,20.43256849565934,-0.3794619395075271
