objID,ra,dec
109700200135310885,20.013593945925596,1.4169728403409365
