objID,ra,dec
102260209581122554,20.958075404073856,-4.78155337217604
