objID,ra,dec
95830205001566111,20.50015363034785,-10.136898079702304
