objID,ra,dec
108260205778595516,20.577898154241794,0.22088984091197308
