objID,ra,dec
102830200673267397,20.067370862073364,-4.302533650285217
