objID,ra,dec
105030202316922310,20.231721049561017,-2.4734216476464526
