objID,ra,dec
104870200511154901,20.051132339908374,-2.6046270334223443
