objID,ra,dec
109380202791498537,20.279154013239317,1.156678006024538
