objID,ra,dec
107950201766398946,20.17665009948501,-0.03459136207765779
