objID,ra,dec
108180203215053546,20.32150665862585,0.15255806089766338
