objID,ra,dec
108820203912547176,20.39129977851703,0.6888890300190709
