objID,ra,dec
109690203199288627,20.3199234287826,1.4151195994292767
