objID,ra,dec
108790204285043836,20.42852354,0.66115682
