objID,ra,dec
102480200234847648,20.023736792889416,-4.593972842990835
102480200237517767,20.02379933086265,-4.5939230527808075
