objID,ra,dec
106290209787654003,20.97878232,-1.42201186
106290209785103851,20.978580140883846,-1.42216706296127
