objID,ra,dec
95600203121576263,20.312194266821994,-10.328463706052439
