objID,ra,dec
99780206653373367,20.665386933221743,-6.847582772561371
