objID,ra,dec
100130204347497095,20.43478724654998,-6.552773961997533
