objID,ra,dec
102660207023562414,20.702485025704508,-4.448321772363617
