objID,ra,dec
100500207393470488,20.73938654006738,-6.2498866627155465
