objID,ra,dec
108330207876509877,20.787774801714317,0.2828181143526933
