objID,ra,dec
107990209873941590,20.987469733389254,-0.0073830091587507515
