objID,ra,dec
98950202143030312,20.214407892160665,-7.541752281792108
