objID,ra,dec
98780208625067250,20.862537530439017,-7.677590032892352
