objID,ra,dec
99770206509023107,20.650968297680954,-6.8560977760318105
