objID,ra,dec
106630200155272397,20.01562753689381,-1.1400489068356572
