objID,ra,dec
102750209860854183,20.986071914558117,-4.371856268889643
