objID,ra,dec
106770203279226439,20.328013716578166,-1.020061529359295
106770203281686683,20.32823230461707,-1.019871467584095
