objID,ra,dec
105130204560532059,20.45613036319331,-2.390300064317125
