objID,ra,dec
95690205931697152,20.59313907480024,-10.252692359656185
