objID,ra,dec
102480202909283515,20.290895175272784,-4.597375535392788
102480202906603627,20.29082228,-4.59736461
