objID,ra,dec
109020208364227199,20.83649807944929,0.8556003471336064
109020208367657293,20.83676645,0.85570157
