objID,ra,dec
102520206072886581,20.607365506279688,-4.561536106423199
