objID,ra,dec
95010207234189270,20.7234640481315,-10.81761998185043
95010207235449660,20.72341631,-10.81745569
95010207237059159,20.72367838,-10.81773726
