objID,ra,dec
101310206324702340,20.6325327272137,-5.57336157973931
