objID,ra,dec
108170200920717126,20.092093008810586,0.14724382326725385
