objID,ra,dec
106610207802052399,20.780288958765496,-1.156725251197574
