objID,ra,dec
101690208942998251,20.894320651196825,-5.251861550444475
