objID,ra,dec
107820201814008312,20.181410756284144,-0.14343730143700006
