objID,ra,dec
98280207487196294,20.748765652217767,-8.095085660848458
