objID,ra,dec
106910207973556202,20.797327950270812,-0.9035896799922372
