objID,ra,dec
109320209334685671,20.933526022644386,1.1043444447748276
