objID,ra,dec
102410206703688410,20.670364739106653,-4.651695042870418
