objID,ra,dec
98570205259700797,20.52597194527342,-7.858021958019916
