objID,ra,dec
110410206125798019,20.61257504,2.01464686
