objID,ra,dec
96200209326074184,20.932613960585133,-9.830179991040158
