objID,ra,dec
104150208981397602,20.898287523842637,-3.202269136737536
104150208983377871,20.898391552097493,-3.202145217642509
