objID,ra,dec
101400208317950933,20.83182707225408,-5.499585201612018
