objID,ra,dec
101890207962375613,20.7961572174454,-5.087259634423364
