objID,ra,dec
107240208161605475,20.81615059,-0.62914219
107240208159865786,20.816013514857953,-0.6289147902937965
