objID,ra,dec
107280206854106576,20.685419166012057,-0.5949494672902899
