objID,ra,dec
105630208500896433,20.85011839108376,-1.9700193670635013
