objID,ra,dec
107990200470072828,20.04690271,-0.00631581
107990200467003077,20.046692277930966,-0.00617242931047065
