objID,ra,dec
95860205941803353,20.59423899126822,-10.11426030312844
