objID,ra,dec
108950200352902753,20.035296647737148,0.7936264898605292
