objID,ra,dec
99240202852961113,20.28534922665905,-7.299450290544841
