objID,ra,dec
100080207794281151,20.779497549765182,-6.599398247394331
