objID,ra,dec
99910206176885890,20.61772411474808,-6.73707722026678
