objID,ra,dec
104100209719947824,20.972205167430385,-3.2437320947717287
