objID,ra,dec
97870206580883347,20.658118263759114,-8.439232341152099
