objID,ra,dec
108510209979066726,20.998015997440486,0.4302502795092272
