objID,ra,dec
105450207528259789,20.752862640671637,-2.1172441135113274
