objID,ra,dec
105250203082290113,20.308381880959683,-2.291888543225678
