objID,ra,dec
102160207856985263,20.785769030620934,-4.862699512104971
