objID,ra,dec
108770204654024226,20.46542821714456,0.6447495902824872
