objID,ra,dec
106670203284906289,20.328522222704454,-1.1035038644677262
