objID,ra,dec
97710208175375607,20.81757440250578,-8.57065239937567
