objID,ra,dec
110230206204369055,20.62047125411904,1.8654775072199437
