objID,ra,dec
105190204990283106,20.49920179332331,-2.3395507246240412
