objID,ra,dec
99910208606468971,20.86071062233783,-6.734505351241336
