objID,ra,dec
108760204129778138,20.413006060585797,0.6397255989176869
