objID,ra,dec
108650205157116329,20.515661396950907,0.5466475509637112
108650205154056374,20.51542401,0.54667056
