objID,ra,dec
108830205139288904,20.51393833588013,0.6986945441179097
