objID,ra,dec
109370205623003230,20.56226732236238,1.1439241403981275
