objID,ra,dec
99230202595250081,20.259556285960116,-7.3086431892508825
