objID,ra,dec
107130201193559523,20.11939713535806,-0.7174283627867971
