objID,ra,dec
99630201928208582,20.19265873194093,-6.968028023066596
99630201925858777,20.19263288743406,-6.968001803715267
