objID,ra,dec
109490208767645455,20.87670387,1.24578896
