objID,ra,dec
96440206264551316,20.626496256434475,-9.632664937339424
