objID,ra,dec
100290201387824353,20.13876531658,-6.421763493929017
