objID,ra,dec
104470206311823354,20.631187054680353,-2.939232722660895
104470206310483050,20.63098512,-2.93939111
