objID,ra,dec
98460205259584043,20.525969599073598,-7.946904693278468
