objID,ra,dec
108270204961943329,20.496252786400756,0.227405999073774
108270204961063001,20.49615516,0.2272381
