objID,ra,dec
107050208043114488,20.804356674018713,-0.7883148303057788
