objID,ra,dec
98770200290423508,20.02909629651844,-7.689091430815509
98770200288623211,20.02888608,-7.68916183
