objID,ra,dec
107290201249467906,20.124949327321364,-0.5853462706560503
