objID,ra,dec
103310204761660199,20.476142634187106,-3.9085127508278728
