objID,ra,dec
105490207589812455,20.75897196574661,-2.08992163375113
