objID,ra,dec
98450205375110046,20.53755418498442,-7.95858017159076
