objID,ra,dec
102550208606986583,20.860819539283664,-4.536507589117278
