objID,ra,dec
103400205398330467,20.53992034881102,-3.833220242860536
