objID,ra,dec
103160206163401769,20.616252054117137,-4.032298686759959
103160206160181621,20.616157215286645,-4.032356826503531
