objID,ra,dec
97900200712920946,20.071219630391347,-8.416189226802228
97900200709661099,20.071202112785837,-8.416180104469484
