objID,ra,dec
108540205113818186,20.511416181747396,0.4564549780483473
