objID,ra,dec
102090209458381209,20.94578970246142,-4.9243615801736675
102090209455891408,20.9456726,-4.92420483
