objID,ra,dec
107950207234311075,20.72347203477498,-0.04117556366287795
