objID,ra,dec
102510200860230331,20.0860534,-4.5750071
102510200858450667,20.085880466312968,-4.574801371269838
