objID,ra,dec
104880204850792139,20.48506404791459,-2.5986070798284597
