objID,ra,dec
105920202470596911,20.24715526089973,-1.7279584178676342
