objID,ra,dec
109130204762572839,20.47627654013576,0.943616771997424
