objID,ra,dec
99750200278856408,20.027949923219474,-6.8700329407812735
