objID,ra,dec
107490209660106405,20.96617976783758,-0.4201484463470343
