objID,ra,dec
109320201183080252,20.118287541887035,1.099768854462304
