objID,ra,dec
106780205056217154,20.505657890805978,-1.0110425992179333
