objID,ra,dec
97210202740745432,20.27412531845165,-8.987509472002868
