objID,ra,dec
106640206132984660,20.61321868,-1.12997469
106640206132044979,20.61316628,-1.12969881
106640206131164251,20.61314219974816,-1.129956913489441
106640206130054596,20.61313243275722,-1.1299613752429998
