objID,ra,dec
107220202777292909,20.277762729225486,-0.6479323693276302
