objID,ra,dec
106780209721975785,20.97225619855109,-1.0121591836936865
