objID,ra,dec
107320209831279686,20.983158596600695,-0.5590030895155385
