objID,ra,dec
108390203463686175,20.346430701839093,0.3297696388202958
