objID,ra,dec
108720207750473203,20.77503796676257,0.6022066922842217
