objID,ra,dec
108970205574765527,20.557484656581902,0.8125406756700004
