objID,ra,dec
95430203192878963,20.319265794991846,-10.467916124492225
