objID,ra,dec
103560205670065001,20.567043477297027,-3.696353207032293
