objID,ra,dec
102080219539849915,21.953826447691064,-4.925457037968604
102080219537279746,21.953791466459332,-4.92558110447455
