objID,ra,dec
106300214681008071,21.46816542437046,-1.4103008717511267
