objID,ra,dec
99160211376953654,21.137750902978485,-7.363997918588482
