objID,ra,dec
109350219301513130,21.930162733075356,1.127243274295744
109350219302823431,21.93025785,1.12749467
