objID,ra,dec
105250214385531561,21.43868043267257,-2.2907282725982503
