objID,ra,dec
104420212060552099,21.206036367524504,-2.981986531545687
