objID,ra,dec
105830218111952486,21.811215618874854,-1.806630265440394
