objID,ra,dec
105000210964723945,21.096574119723545,-2.4970569167407213
