objID,ra,dec
106840217403026257,21.740316364706523,-0.9618523041675734
