objID,ra,dec
106020212336650257,21.233616786009577,-1.6500931166005042
