objID,ra,dec
100740219716416507,21.971663038313114,-6.04492478906404
