objID,ra,dec
109720216374989314,21.637614704436857,1.440540231221225
