objID,ra,dec
95480215708825421,21.57090393581273,-10.429153268994998
