objID,ra,dec
97310212996763030,21.2996959188738,-8.906114130523616
