objID,ra,dec
105820219861848445,21.986217500057332,-1.8099767925663153
