objID,ra,dec
109660210299127408,21.029811909826496,1.3892192780169532
