objID,ra,dec
107430218672166919,21.86721216,-0.46960393
107430218670977256,21.867142205899405,-0.46935999728730987
