objID,ra,dec
109210214543067409,21.454346403913107,1.014097532438886
