objID,ra,dec
109950217882749957,21.788328713607395,1.632941303671612
