objID,ra,dec
107510214180189918,21.418099102068588,-0.4004147812286869
