objID,ra,dec
105740218685003976,21.86839433,-1.88033068
