objID,ra,dec
109430217794061590,21.779426361408202,1.192584722507927
