objID,ra,dec
107910210508715767,21.051012106215392,-0.07055599947147442
