objID,ra,dec
100590210102531525,21.010300775277386,-6.174044958996443
