objID,ra,dec
107430212521323875,21.252145047600443,-0.4721444003774943
