objID,ra,dec
101080213357699931,21.335738745951936,-5.7586948429691125
