objID,ra,dec
107910217263028453,21.726284622311674,-0.06836690646798577
