objID,ra,dec
106930216062836246,21.606322730293595,-0.8869503574618888
106930216064455885,21.606395060371298,-0.8870163744309467
