objID,ra,dec
101070212554107188,21.2553951962365,-5.769316219849079
