objID,ra,dec
100080215676579600,21.567684231533033,-6.5923935168535435
