objID,ra,dec
105240210384457778,21.03848247,-2.29384188
105240210381817655,21.038256035258932,-2.293961405644556
