objID,ra,dec
107400219536453889,21.953739360797282,-0.49715571770975475
