objID,ra,dec
108570216428347421,21.642868561521606,0.4807643374947205
