objID,ra,dec
99070217645956412,21.76457334994323,-7.436665637307772
