objID,ra,dec
105280211536980926,21.153649640546178,-2.266282679788357
105280211535480594,21.15360276,-2.26648822
