objID,ra,dec
101490216679000281,21.667924245334117,-5.425137457339542
