objID,ra,dec
105040212728462542,21.27296893740089,-2.464943451046467
