objID,ra,dec
109710216469805957,21.64702065161321,1.4296416078971936
109710216473515854,21.647246813317288,1.429492440353367
