objID,ra,dec
108170215182864222,21.51832335836984,0.14484481062005083
