objID,ra,dec
104410213335251894,21.333607834671547,-2.990361493453807
