objID,ra,dec
98440214176015556,21.417612587906838,-7.962395150532936
