objID,ra,dec
104230216602899222,21.66037558,-3.13423188
