objID,ra,dec
104920219893303746,21.98944352188813,-2.5638616415226183
