objID,ra,dec
107420212623742761,21.262376793549,-0.4814364916642265
