objID,ra,dec
106950210021967954,21.00221700399615,-0.8686928667627359
