objID,ra,dec
102710212731360675,21.27311485,-4.40811917
102710212728560827,21.2728631079581,-4.4080311828597845
