objID,ra,dec
106950214404123609,21.440467803339857,-0.872370663613677
