objID,ra,dec
100260211030948763,21.10312550096052,-6.443010415869917
100260211030649114,21.10312765,-6.44296161
