objID,ra,dec
109410214154924189,21.4155036077695,1.1781043731809195
