objID,ra,dec
103450215824533232,21.582489844506732,-3.7894010928311745
