objID,ra,dec
108980217239907394,21.72412189569184,0.8223851519638544
