objID,ra,dec
103840212962915037,21.29617849403339,-3.462689240041952
