objID,ra,dec
107720213821801200,21.382204447626734,-0.23271144595405688
