objID,ra,dec
108490216503113958,21.6503249683413,0.41122252759308026
