objID,ra,dec
107860219887820772,21.988815342956173,-0.11642885302457552
