objID,ra,dec
105340211471457152,21.147218998817443,-2.2111332963000567
