objID,ra,dec
108150215066606235,21.506698412428868,0.12982781065047663
