objID,ra,dec
99440219106408046,21.91066793161909,-7.127014251440257
