objID,ra,dec
108060217830612589,21.783067943045214,0.05177213673034913
