objID,ra,dec
96860216265094544,21.62652904673081,-9.279878542366363
