objID,ra,dec
108540215862898745,21.586271346534236,0.4569078264147769
