objID,ra,dec
105170219896489146,21.9896385,-2.3512494
