objID,ra,dec
99760217403016298,21.740336031045572,-6.86176988947464
