objID,ra,dec
108220212332635459,21.23328236453053,0.1874928352026799
