objID,ra,dec
107670218377627404,21.83769226,-0.26914026
107670218374477633,21.837512813459874,-0.26910195447632335
