objID,ra,dec
104530214295857649,21.4296365877005,-2.8856820901566533
