objID,ra,dec
107860213134290022,21.313451686031534,-0.11703357764707424
