objID,ra,dec
100220216554727036,21.65558385,-6.47787098
100220216554166708,21.65543237789479,-6.478104099942133
