objID,ra,dec
101390212071840623,21.207179785000825,-5.508164755231708
