objID,ra,dec
103770215737196827,21.57382850656041,-3.5196168972177793
