objID,ra,dec
107530219039127839,21.903964385583006,-0.3855194080559839
