objID,ra,dec
104410213487441812,21.348774292367832,-2.9904708499983075
