objID,ra,dec
107590219104138180,21.910553828489494,-0.3351561354580973
