objID,ra,dec
107730211103995324,21.110438729548047,-0.22095106980093726
