objID,ra,dec
109350214584000642,21.45842207990982,1.1251558508369823
