objID,ra,dec
98330214063377481,21.40636589851054,-8.052452339633176
