objID,ra,dec
105480216546066118,21.654748011535265,-2.0952477533531018
