objID,ra,dec
99550216085370233,21.60857694,-7.04195028
99540216084739907,21.608533016064392,-7.042081248893607
