objID,ra,dec
101620219831633271,21.98319279583574,-5.314355136296014
