objID,ra,dec
102850212491045474,21.24912303289084,-4.2874876928900845
