objID,ra,dec
107310219538993248,21.95393446,-0.57266725
107310219536283379,21.95367194453401,-0.5725626700353024
