objID,ra,dec
109170215993863918,21.599427573927787,0.9778833644021531
