objID,ra,dec
106170215697310658,21.56964710164792,-1.524825849074201
