objID,ra,dec
102540212890049887,21.28902448,-4.54214444
