objID,ra,dec
106540210974266852,21.097559440831763,-1.211282670531165
106540210978177023,21.09769687840782,-1.2112816333257268
