objID,ra,dec
109790210368802102,21.036965887151354,1.4930318636550184
