objID,ra,dec
99180212949350766,21.295011209954993,-7.349661280804477
99180212947321024,21.29485181,-7.3494756
