objID,ra,dec
103370212752134819,21.275045907457333,-3.8546396444608466
103370212748184914,21.27495659988854,-3.8545993465138344
