objID,ra,dec
106450213871260339,21.387160371173355,-1.291748286846856
