objID,ra,dec
106280213997095424,21.39975903602014,-1.4291664447264898
