objID,ra,dec
98320217533880071,21.753389969619505,-8.066927299271793
