objID,ra,dec
105160214425164695,21.44253425109554,-2.3630894145756765
