objID,ra,dec
109870210208281390,21.02086451167201,1.559129579980601
