objID,ra,dec
107720219617524975,21.961796065450912,-0.2295842977325378
