objID,ra,dec
108630214943229432,21.494305268084887,0.5324711004368738
