objID,ra,dec
108030214608060002,21.460929051228874,0.024588567663805055
108020214613539676,21.46123506,0.02443781
108020214609419681,21.461027403739948,0.02446180062813451
