objID,ra,dec
103660210772366980,21.077275605710618,-3.6112403011170486
