objID,ra,dec
107900215913910242,21.591409464643288,-0.08349613222775278
