objID,ra,dec
95300217799669869,21.779992863610236,-10.575449165089072
