objID,ra,dec
107380210697119527,21.069748376607432,-0.5091253993320297
