objID,ra,dec
103920213485330360,21.348551113022523,-3.4000339296499265
103920213482970592,21.348441195370512,-3.3999456623134474
