objID,ra,dec
98070218213881040,21.821502379573293,-8.27433074644612
