objID,ra,dec
104510214022585365,21.402256397092266,-2.90418913932645
