objID,ra,dec
106880215380284210,21.538059656705446,-0.9302149766195434
