objID,ra,dec
105440216179926415,21.61792141705434,-2.1281984326899224
