objID,ra,dec
109560218489283160,21.848926116090066,1.3022930139083158
