objID,ra,dec
102950212200475707,21.22008003870543,-4.20398804723776
