objID,ra,dec
106810212794191215,21.27949007671738,-0.9910656205766245
