objID,ra,dec
107790212688539872,21.268799220305272,-0.16705454514964532
