objID,ra,dec
100510217594698102,21.759467924030492,-6.235243820622321
