objID,ra,dec
104270213480819617,21.348197088756816,-3.100571557455001
