objID,ra,dec
107840215329432546,21.532959673315382,-0.13162468115891995
