objID,ra,dec
109430218814806153,21.881479712620276,1.1964357869652693
