objID,ra,dec
106380218732165016,21.873253385889054,-1.3462548761282016
