objID,ra,dec
108900213504021726,21.350408115203514,0.7510831413063507
