objID,ra,dec
109230215365142452,21.536539420936894,1.026640774058261
