objID,ra,dec
108190212369134746,21.23693475206356,0.16191397641404853
