objID,ra,dec
106670218995794299,21.89958976627625,-1.1051033938943318
