objID,ra,dec
109990214830452364,21.48306707564565,1.6598554829224965
