objID,ra,dec
99530211704385578,21.170494278085147,-7.054067163048485
