objID,ra,dec
108780214037454898,21.403766684333018,0.6537209677947171
108780214037385278,21.40375255,0.65402614
