objID,ra,dec
108400217199924627,21.720105984673232,0.33680737661394666
