objID,ra,dec
103320210489064070,21.048924768407904,-3.8969589459395664
