objID,ra,dec
106780219488203121,21.948877139426234,-1.0145855857528419
