objID,ra,dec
101750210709687651,21.07100473721021,-5.202339229230203
