objID,ra,dec
104770218418148560,21.841925538612728,-2.6849336526738066
