objID,ra,dec
95610210886702501,21.0886522334793,-10.323194122974787
