objID,ra,dec
108310217803296096,21.78041679708863,0.26297873884536865
