objID,ra,dec
109420214282870870,21.428292750487678,1.1836749132460134
109420214286230704,21.428459,1.183582
