objID,ra,dec
109310218990970940,21.89911597,1.09206438
109310218987371039,21.898820474632018,1.0921572610161616
