objID,ra,dec
103160211279009525,21.127963308580057,-4.025765103867757
