objID,ra,dec
104360216349810588,21.635007331095785,-3.0332409387045063
