objID,ra,dec
106990212123071343,21.212351113095796,-0.8409611136504562
