objID,ra,dec
107840219851117668,21.985104453352527,-0.12728435526010273
