objID,ra,dec
102580218614323930,21.86142027962989,-4.513820293439462
