objID,ra,dec
98790217854721047,21.78548620379049,-7.674474907865873
