objID,ra,dec
107300216545600771,21.65455783,-0.58304581
107300216544821166,21.654522176834618,-0.5827692379589606
