objID,ra,dec
109940211756295499,21.17563999977549,1.6209215429205261
