objID,ra,dec
107180219196974971,21.919741292845565,-0.6795823720069731
