objID,ra,dec
109610218915354248,21.891615794139156,1.344875058098964
