objID,ra,dec
106190215503831044,21.550415199622076,-1.5078288072851405
