objID,ra,dec
106590217621250233,21.762109434377876,-1.1751440741279946
