objID,ra,dec
101210218253136053,21.82532882234215,-5.653677641039435
