objID,ra,dec
109180210239492080,21.02390422725562,0.9847396781377343
