objID,ra,dec
106500218500950857,21.850124034411262,-1.2496545016168856
