objID,ra,dec
98140217715299367,21.77150612057196,-8.209221927287501
