objID,ra,dec
106850210780196959,21.078055098438032,-0.9529280743517301
