objID,ra,dec
103860216185306792,21.618597924604806,-3.4447081267377646
