objID,ra,dec
107870217993166700,21.79931353854023,-0.10314348950390363
