objID,ra,dec
107510218712497742,21.871336670480815,-0.4023055348250003
