objID,ra,dec
107520218712130360,21.871198007937963,-0.40010532618480993
