objID,ra,dec
108830216312687705,21.63125293930762,0.6977947564077644
