objID,ra,dec
102770212409906640,21.24093581476312,-4.353191020930341
