objID,ra,dec
106660212576713013,21.257654092483182,-1.1145907252816343
