objID,ra,dec
107050217347956036,21.734669021791664,-0.787066807139658
107050217345725831,21.734455375971528,-0.787114857757728
