objID,ra,dec
105360211455874494,21.145635851150153,-2.1967190698046415
