objID,ra,dec
99380211347707269,21.13481966350214,-7.177631341487747
