objID,ra,dec
106490218531580460,21.853171408906483,-1.2583347727392236
