objID,ra,dec
107180211772910431,21.177328527372662,-0.683368468397042
