objID,ra,dec
97870217795664502,21.779577892043807,-8.438297773285786
