objID,ra,dec
108550216769526587,21.676991654444354,0.4633792595920767
