objID,ra,dec
109080219612721880,21.961432900275646,0.9011376889025171
