objID,ra,dec
108190215174782147,21.517507185300317,0.15977565140329603
