objID,ra,dec
100130219821961183,21.98219638735964,-6.557707693491052
