objID,ra,dec
109930211565290562,21.15655236162373,1.608482189866624
