objID,ra,dec
109610216532075348,21.653326343328928,1.3457503107514743
