objID,ra,dec
102350215806567277,21.580716183901174,-4.7026467722032965
