objID,ra,dec
108200212455611184,21.24554666335809,0.16724156380568853
