objID,ra,dec
109530214729320691,21.472954482702495,1.275209593716244
