objID,ra,dec
101330213496654199,21.349667436575757,-5.555163516043004
101330213499574258,21.349673868261437,-5.555160845869127
