objID,ra,dec
105780217994492311,21.799477141429136,-1.84850336605433
