objID,ra,dec
107250215939360358,21.594025016677804,-0.6252147600657343
107240215940249942,21.594031290275844,-0.6252677928695052
