objID,ra,dec
108450212689818386,21.269016239938832,0.381637573418187
