objID,ra,dec
109500218093199308,21.809355341373557,1.2573706275959804
