objID,ra,dec
102800218371085689,21.83713986,-4.32896501
