objID,ra,dec
107780212637798733,21.263797025067063,-0.1764339857359558
