objID,ra,dec
99770216117508551,21.611794968319057,-6.851578314659889
