objID,ra,dec
98290218897520882,21.889747315398786,-8.091240456949333
