objID,ra,dec
108420210052046250,21.005276430197995,0.35489812436288076
