objID,ra,dec
98660216689420652,21.66889951376583,-7.783229798821806
