objID,ra,dec
109150211501190022,21.15014793,0.95798776
109150211500600373,21.150091306866585,0.9582363453536575
