objID,ra,dec
103670215615282674,21.561540349965963,-3.606518770931951
