objID,ra,dec
109230218123043302,21.81226683,1.02735495
109230218120393439,21.812106291407535,1.0274274245300332
