objID,ra,dec
106520219331013394,21.93313413036505,-1.2308721488657077
