objID,ra,dec
106770211170216288,21.117091686750996,-1.0200874203959338
