objID,ra,dec
103780215700536575,21.57003753360022,-3.511535736852718
