objID,ra,dec
104110217332440551,21.733251229553115,-3.241629858619169
