objID,ra,dec
99430213913749319,21.39144428564377,-7.1342408473346115
