objID,ra,dec
102330217240945086,21.724137665137,-4.721185023418755
