objID,ra,dec
109020212072834665,21.207295483936306,0.8535348373811699
