objID,ra,dec
107190219993640758,21.999413805164146,-0.6747006285159342
