objID,ra,dec
107830210982233366,21.098237276199743,-0.13926142776450942
