objID,ra,dec
101360213180708751,21.317959718927405,-5.526364009218706
