objID,ra,dec
99130214200094365,21.420057323149397,-7.388365056705221
