objID,ra,dec
107060210085099198,21.008564556291475,-0.7759724662817756
