objID,ra,dec
108320217062844692,21.70626907,0.27035737
108320217062265067,21.70618575447169,0.2704978151361231
108320217060345334,21.70606680198141,0.270586312739983
108320217057104808,21.7059633,0.27032407
