objID,ra,dec
99780210263612698,21.026385619009567,-6.8480845546340126
