objID,ra,dec
105560218367810853,21.83677237096964,-2.0330135926095223
