objID,ra,dec
109600214330026578,21.433032627758227,1.3384602789840836
