objID,ra,dec
109380211904165324,21.19034585568399,1.1540018861170684
