objID,ra,dec
107510212753480022,21.275387494512838,-0.4086748090286041
