objID,ra,dec
103320210242805026,21.02449289,-3.896135
