objID,ra,dec
109420218424979802,21.84245784710895,1.1911554068419776
