objID,ra,dec
107550210372491942,21.037331630638885,-0.3738539042636967
107550210373121595,21.03736577247205,-0.37395447582347735
