objID,ra,dec
106650214303642950,21.43040600828083,-1.1229027832737117
