objID,ra,dec
109140217340727318,21.734096688990928,0.9557157446693868
109140217337937402,21.73402675370624,0.955728674417788
