objID,ra,dec
107060211062393929,21.10625611301395,-0.7804332175240353
