objID,ra,dec
100040219313540310,21.931392877670337,-6.633462159547354
