objID,ra,dec
109950213473164333,21.347387999576924,1.6282050377208697
