objID,ra,dec
100880215384991863,21.538489316467487,-5.932129592014861
