objID,ra,dec
108410216658854112,21.665930449767195,0.3446925890035088
108410216661614202,21.66618472,0.34475004
