objID,ra,dec
100350215898948398,21.589941660372393,-6.36835865767737
