objID,ra,dec
105080216786731868,21.678695212443532,-2.4321777007548664
