objID,ra,dec
104330216525767864,21.65256752217523,-3.0521589308570976
