objID,ra,dec
97380211848298090,21.184887550735816,-8.843536951360601
