objID,ra,dec
108740219133692131,21.9133952933281,0.6180306808730345
