objID,ra,dec
99580218198506115,21.81988254970864,-7.011937773853753
99580218195826311,21.81969098,-7.01184711
