objID,ra,dec
104280211316863349,21.13173020980268,-3.097733322751076
