objID,ra,dec
105600217814210065,21.781390611539106,-2.000364782728721
