objID,ra,dec
103700210503382766,21.050477968698566,-3.581381557780376
