objID,ra,dec
108760210215855003,21.02157978048539,0.6371298019620111
