objID,ra,dec
108370218449289228,21.84505386545562,0.31562295117081496
108370218452099144,21.845162725586643,0.3155886708599937
