objID,ra,dec
104280218255346094,21.82555730011422,-3.0953679700410874
