objID,ra,dec
108760219351529238,21.93514425701551,0.6406579039786796
