objID,ra,dec
107030218903287154,21.890441,-0.802632
107030218904637501,21.890494340816115,-0.8024534423855987
