objID,ra,dec
106660217108781100,21.710884862362384,-1.116113287011921
