objID,ra,dec
101720211877665878,21.187774562628363,-5.228794311990566
