objID,ra,dec
106870216568759560,21.656911968015383,-0.9340571080649807
