objID,ra,dec
96360218038981517,21.80385547864177,-9.699108466541807
