objID,ra,dec
100040214207640748,21.42089083,-6.63307943
100040214209400423,21.420987908766772,-6.6333597174772025
