objID,ra,dec
99320217309298273,21.730942122835145,-7.226795236021816
