objID,ra,dec
104090211965050364,21.196536235064194,-3.258466208482024
