objID,ra,dec
106440212036632600,21.20363997779573,-1.2981938049585011
