objID,ra,dec
104250212558784456,21.256027220160252,-3.121653002152665
