objID,ra,dec
95180210259972944,21.026009466764194,-10.68125506841498
