objID,ra,dec
97280216199654489,21.62003843690788,-8.92992770653866
