objID,ra,dec
99680214787870135,21.47881100062532,-6.9335976829916826
