objID,ra,dec
108330210790772340,21.079085726743926,0.27655110205667477
