objID,ra,dec
97980216966791336,21.696676978930203,-8.349272144125258
