objID,ra,dec
95190215423663586,21.542374486828802,-10.672331758364187
