objID,ra,dec
106950211427590191,21.142799665922638,-0.8752448053840264
