objID,ra,dec
99850214174690611,21.41748711907792,-6.791532623460505
