objID,ra,dec
104970211626522334,21.16272089,-2.52344274
