objID,ra,dec
106560213230593974,21.32312110991152,-1.1970635658969164
