objID,ra,dec
106350212276694129,21.227687258851763,-1.3719334204947253
