objID,ra,dec
104080217382278938,21.738308986205336,-3.259647271742682
