objID,ra,dec
107970218034805241,21.803451525292555,-0.021019210090438535
