objID,ra,dec
101680219997933892,21.99979095472879,-5.263823998623231
