objID,ra,dec
106120211632278161,21.163205722390686,-1.5602769413182505
