objID,ra,dec
97870214485844501,21.44863194172524,-8.438255364990436
