objID,ra,dec
105810215284248009,21.528411599252944,-1.8186133537515838
