objID,ra,dec
107360213002859831,21.300332163847607,-0.5255526967856431
