objID,ra,dec
106770210873143014,21.087353244803985,-1.022870522369587
