objID,ra,dec
100230217707806951,21.770768722227082,-6.469419825054845
100230217706997356,21.77075996508876,-6.4694038027409455
