objID,ra,dec
104780210265287984,21.026408306416794,-2.677059473155351
