objID,ra,dec
107170214065778888,21.40665125194206,-0.6846729619344856
