objID,ra,dec
101770211298900802,21.129923399803832,-5.191351938866467
