objID,ra,dec
100140214445800270,21.444635132355874,-6.550157229365014
