objID,ra,dec
108150217315182394,21.731553334080704,0.12660846813676585
