objID,ra,dec
97280217056577876,21.705730499369498,-8.92709445490171
