objID,ra,dec
108980217768133647,21.776897374637635,0.8193447961721565
