objID,ra,dec
108050217057783637,21.7057856774758,0.04429936830913995
