objID,ra,dec
108460213041529160,21.30419825028565,0.3906140073877187
