objID,ra,dec
107160216004823310,21.600566742488,-0.6976886072064896
