objID,ra,dec
107970216605276414,21.660507580902546,-0.02004196858153275
