objID,ra,dec
100340210977850157,21.097810640549795,-6.383539812397467
