objID,ra,dec
109280210748202555,21.07485696080836,1.0684451693195518
