objID,ra,dec
105980212873972930,21.28739894479654,-1.6812719035889896
