objID,ra,dec
104240213299835852,21.33006664639646,-3.1288914074165883
