objID,ra,dec
102290214371551783,21.437196320681924,-4.757183255740957
