objID,ra,dec
109020210606364216,21.06064249972713,0.8531750771498865
