objID,ra,dec
108500214926588125,21.492626750189828,0.4231022546411852
