objID,ra,dec
104350213524459857,21.352417024912747,-3.03385813129907
104350213521409723,21.352368878840885,-3.0338943605897257
