objID,ra,dec
108630214566823276,21.45669615777259,0.527344221427837
