objID,ra,dec
104310212243820889,21.22438070679306,-3.0746359278439876
