objID,ra,dec
102890216163813619,21.616364782355408,-4.255686114979392
102890216163793269,21.61648855,-4.25594613
