objID,ra,dec
109850210350097951,21.03496023,1.54786033
109850210348907480,21.034954291275046,1.5476715842549669
