objID,ra,dec
109460216790926550,21.67910575906785,1.2217349400902884
