objID,ra,dec
101610218060878536,21.806079090464962,-5.318274055345794
