objID,ra,dec
105790215873730863,21.58736719543593,-1.8413580087380137
105790215870430849,21.5870833,-1.8413235
