objID,ra,dec
107840213568390314,21.356877256842154,-0.13344609518477776
