objID,ra,dec
108730216280879056,21.628134564676767,0.6154624276971132
