objID,ra,dec
108250214796391789,21.479674103222976,0.20945943935054492
