objID,ra,dec
100430211415880243,21.141595365826554,-6.308475145770096
