objID,ra,dec
98400212714928088,21.271498002995912,-7.993556535305969
