objID,ra,dec
99610219152046102,21.91524968114605,-6.986978378266774
