objID,ra,dec
100000217748040746,21.77479413,-6.66634598
100000217747671102,21.7748025786874,-6.666106793176436
