objID,ra,dec
102240211393790442,21.139377309169326,-4.800079247449798
