objID,ra,dec
101150217472440763,21.74723461443018,-5.708034133968538
