objID,ra,dec
109220212417332975,21.241864781463516,1.0187533620628262
