objID,ra,dec
108390213539174901,21.35392854,0.32872145
108390213536324958,21.35367705775892,0.3288105816339085
