objID,ra,dec
105660215809484046,21.581025355156978,-1.9469304222139627
105660215809054388,21.58101573,-1.94666507
