objID,ra,dec
109040218875015117,21.887505341689074,0.8705210480815698
