objID,ra,dec
108880210718599735,21.071849164741526,0.7410886607234426
