objID,ra,dec
103310212148965897,21.21490078995644,-3.9037504432535557
