objID,ra,dec
106250214037623282,21.40377329002443,-1.4559302777335492
106250214034083235,21.40355659,-1.45599977
