objID,ra,dec
103870212595030550,21.259546589380324,-3.441588284676108
