objID,ra,dec
106740219171539036,21.91724061594167,-1.04277641116864
