objID,ra,dec
98670217088404636,21.70881788803129,-7.771502003641657
