objID,ra,dec
107950217248472512,21.724848921709935,-0.039954209832106805
