objID,ra,dec
109480215287393233,21.528734572974987,1.2356924201697859
