objID,ra,dec
107260215983930283,21.59841179264954,-0.6168370694569585
