objID,ra,dec
109020213365566670,21.33649291047396,0.8551241207409154
