objID,ra,dec
100990217389350466,21.73895940242379,-5.841584562429029
