objID,ra,dec
105070216439193387,21.643955918156625,-2.439249725104767
