objID,ra,dec
107180211522180426,21.15220259,-0.68341344
107180211522160085,21.15224374,-0.68366795
107180211519250288,21.152075281267532,-0.6835360099556879
