objID,ra,dec
103510219320645246,21.93206439,-3.73763989
103510219317565411,21.93196128,-3.73753075
