objID,ra,dec
97890214599928893,21.460032454388475,-8.417917145604125
