objID,ra,dec
102310212067366661,21.206675502573844,-4.736523213594259
102310212066366319,21.206571139071,-4.73672331652266
