objID,ra,dec
99380218568532816,21.856869041835775,-7.1813040287483
