objID,ra,dec
107330218666169710,21.86665997324411,-0.5506439892631076
