objID,ra,dec
99440216005362591,21.60056187927344,-7.131513154239936
