objID,ra,dec
99120214529764837,21.452984959120887,-7.396307358844536
