objID,ra,dec
98460213732111255,21.37308043,-7.94926016
98460213728951469,21.37291539532128,-7.949146887967091
