objID,ra,dec
100240216909898479,21.690965814515636,-6.459960461563442
