objID,ra,dec
108020211234603504,21.1234843616626,0.019173276822836156
