objID,ra,dec
105340216706259910,21.670710213061973,-2.208861968013079
