objID,ra,dec
96330213337322638,21.33365652920548,-9.72328705798037
