objID,ra,dec
97180219683888960,21.968418251854878,-9.009536117577158
