objID,ra,dec
103410214471969087,21.447291205832148,-3.8177281134907144
