objID,ra,dec
105090210900845500,21.090162819462137,-2.420801015707617
