objID,ra,dec
101740210755391606,21.075491685783728,-5.215748773787378
