objID,ra,dec
106500214258829905,21.42586816048027,-1.242170011694696
106500214261779748,21.426111361274447,-1.242192969972275
