objID,ra,dec
106310219443705564,21.944417846882434,-1.4040776233720071
