objID,ra,dec
96310210084845832,21.0084761315659,-9.737117861002355
