objID,ra,dec
106760213203785274,21.32041849241873,-1.029333717451394
