objID,ra,dec
97810217079791055,21.70790146,-8.49106588
97810217078261369,21.70784485319338,-8.490894288086007
