objID,ra,dec
106710210970246942,21.09705303,-1.06959777
