objID,ra,dec
97860216505970180,21.650615401877303,-8.450219015821943
