objID,ra,dec
107730214415846022,21.44159959698904,-0.22035838095846236
