objID,ra,dec
95590218352018665,21.83520575583615,-10.334848021423793
