objID,ra,dec
105210213065037496,21.30656573,-2.31914622
105210213060477352,21.306247663462102,-2.319227840270909
