objID,ra,dec
97910215357360085,21.535785057555316,-8.408608549152806
