objID,ra,dec
107050215611159379,21.56115452046148,-0.7843043729818339
