objID,ra,dec
109520211419846673,21.14201808258325,1.2718510523321915
