objID,ra,dec
107310211522181721,21.15223930955615,-0.5739709498857098
