objID,ra,dec
103430219360279867,21.9361332658835,-3.800521594885463
