objID,ra,dec
98750217914489111,21.79143534049637,-7.701082787584695
