objID,ra,dec
100290214330559642,21.433071593939818,-6.417329088640549
