objID,ra,dec
110190213718731654,21.371797244887475,1.8261488336944158
