objID,ra,dec
106530212789277168,21.278765472824308,-1.2194122305651747
