objID,ra,dec
109220219426831949,21.942698410227198,1.0179061237408855
