objID,ra,dec
101860213690568354,21.36905754332486,-5.110115510539201
