objID,ra,dec
108300217654209689,21.765408386546596,0.25761507584376303
