objID,ra,dec
110000214543850319,21.45438803913146,1.6664944280666276
