objID,ra,dec
97050212064878464,21.206509732124946,-9.118221169597101
