objID,ra,dec
107580217551530211,21.755230307361746,-0.350283602103436
