objID,ra,dec
108430217626546998,21.762701008538702,0.36376350373744676
