objID,ra,dec
104230210814555293,21.081488002981434,-3.137673144985849
