objID,ra,dec
106030217682963673,21.76828232994617,-1.6389286671459007
