objID,ra,dec
99610213691772758,21.369261114868245,-6.989714746802976
