objID,ra,dec
107150217615138894,21.761531897365685,-0.7013162700298262
