objID,ra,dec
97480212716168389,21.271653947847106,-8.759883468158893
