objID,ra,dec
103480212200345284,21.21992499,-3.76265283
103480212196875522,21.219793595614245,-3.762508953140358
