objID,ra,dec
107680216363394611,21.636353194369843,-0.263183919482416
