objID,ra,dec
109580217976690636,21.797701060473912,1.3168350178963861
