objID,ra,dec
97080214977720167,21.497789997341123,-9.100176275892737
