objID,ra,dec
96640211510943797,21.15106464721748,-9.463832305124562
