objID,ra,dec
103010219703797841,21.97042334547719,-4.152141887042603
