objID,ra,dec
105980214343976065,21.434454079312175,-1.6786646185115486
