objID,ra,dec
102950219400700484,21.94010733847197,-4.208337334681046
