objID,ra,dec
98670219804709551,21.980517484833747,-7.7673926380143135
