objID,ra,dec
107510216955210764,21.695562330641426,-0.40819966328726387
