objID,ra,dec
109420217352737408,21.73529647,1.18914073
