objID,ra,dec
108190212168698390,21.216868763458653,0.16494033825071724
