objID,ra,dec
107660213305767006,21.33075819,-0.2780447
107660213309686871,21.330880246914607,-0.27792312539371417
