objID,ra,dec
100190213915134378,21.391550325593514,-6.505045561826212
