objID,ra,dec
104340215755202906,21.575541904989596,-3.0479545526729934
