objID,ra,dec
108830212540200331,21.25391678855944,0.6915705027504084
