objID,ra,dec
108370218589442845,21.85901322481942,0.3102981371133379
