objID,ra,dec
100460211563797362,21.156382752739503,-6.277545095431916
