objID,ra,dec
106500219943824219,21.994417092128653,-1.2468212334873192
