objID,ra,dec
96440214661251808,21.466143760191617,-9.632151520553672
