objID,ra,dec
106570214100431347,21.410082645343504,-1.1909573380192084
106570214100761009,21.41013749,-1.1911184
