objID,ra,dec
101860211452131794,21.145208835425816,-5.115535265072392
