objID,ra,dec
107800212752995254,21.275334242123776,-0.16268196470750731
