objID,ra,dec
101750213606802320,21.360653965662376,-5.206777099646795
