objID,ra,dec
98980217637344500,21.763711420326956,-7.513279187459851
