objID,ra,dec
108250212300794317,21.2300906741329,0.21157994207814126
