objID,ra,dec
108480212136963271,21.21372326434044,0.40236007503616167
