objID,ra,dec
96360214940133051,21.494045354595816,-9.697776076651605
