objID,ra,dec
104430219773181292,21.977335186952498,-2.974181261969234
