objID,ra,dec
104530210904013678,21.09039501,-2.88894585
104530210900073834,21.09015515746747,-2.8888579536109997
