objID,ra,dec
107840218357324144,21.835750260077337,-0.13034190358349482
