objID,ra,dec
106810211556093418,21.15562113788537,-0.9892383617530741
