objID,ra,dec
106500211978171595,21.19780810088089,-1.2490437197528417
