objID,ra,dec
108570214413536853,21.44136760944171,0.4803635327657971
