objID,ra,dec
107090212957812533,21.29585017399686,-0.7565851587336166
