objID,ra,dec
101050212801192099,21.280151012889387,-5.790357559132636
