objID,ra,dec
106570217377642078,21.73776234042959,-1.1902873528652718
