objID,ra,dec
107450212841431768,21.284142554702147,-0.4572366663059633
