objID,ra,dec
105230217978010318,21.797919117412086,-2.308338073981295
