objID,ra,dec
104590217583975911,21.758426419714315,-2.8370277375151343
