objID,ra,dec
108480219880004285,21.98805483980239,0.40320883017918596
