objID,ra,dec
107540219847688724,21.9848411,-0.37644568
