objID,ra,dec
103920210394641711,21.03952619616363,-3.398946962059633
