objID,ra,dec
108940212403233535,21.2403194,0.78593992
