objID,ra,dec
100130210896269635,21.08966739009904,-6.550644412085861
