objID,ra,dec
104460219466100927,21.946614872788,-2.9495698285446106
