objID,ra,dec
108760219709866252,21.97102338423112,0.6381617557574414
