objID,ra,dec
109570217981842265,21.79819324939345,1.3098020501393601
