objID,ra,dec
107720216418086418,21.641767079955216,-0.22839724119828106
