objID,ra,dec
104870212285714558,21.228581927874185,-2.6048983132680226
