objID,ra,dec
101320219424647764,21.9424478107545,-5.560584347192781
