objID,ra,dec
101310219041794209,21.90418175,-5.57180715
101310219041474620,21.904097889033405,-5.571550189074042
101310219037734680,21.90403949,-5.57156527
