objID,ra,dec
108750212553961263,21.255313535940008,0.6256752578026252
