objID,ra,dec
102140218099684253,21.809970917667748,-4.880182236648485
