objID,ra,dec
108200215142639149,21.514307264226037,0.17397887709930723
