objID,ra,dec
107020212999125781,21.29993880747732,-0.8122413727411812
