objID,ra,dec
107020211929755555,21.19297659,-0.81239676
107020211926895776,21.19273209,-0.81225545
