objID,ra,dec
102430213536065435,21.353609057611244,-4.63757407114589
