objID,ra,dec
108770217719377882,21.77200729460359,0.6477935192964361
