objID,ra,dec
107840214891883911,21.489221734049934,-0.13044943524034333
