objID,ra,dec
106820215593074122,21.55936899002141,-0.9802589810613775
106820215595984062,21.559524635496885,-0.9803670222107463
