objID,ra,dec
107550210361100975,21.036195038672684,-0.37464054661669927
