objID,ra,dec
110200211988684807,21.1989350738701,1.836966972879646
