objID,ra,dec
109430212978002020,21.297807918763333,1.1929564378775834
