objID,ra,dec
106930219944624248,21.994443587264108,-0.8885302111923586
