objID,ra,dec
108660217173413298,21.717438878798596,0.5523534627271047
