objID,ra,dec
103420216494383590,21.649362388084345,-3.814252233585938
