objID,ra,dec
100330213641579614,21.364167757941736,-6.383997143740338
