objID,ra,dec
106690219492497367,21.949287969319386,-1.0858611925114976
