objID,ra,dec
96770217308470836,21.730864085841976,-9.357979498389868
