objID,ra,dec
95670218720371994,21.872044459604975,-10.27371001726737
