objID,ra,dec
97780217190240291,21.719065380287176,-8.516784379804616
