objID,ra,dec
106640215812017054,21.581247032614982,-1.127892409037913
