objID,ra,dec
103470210139083080,21.013957598618656,-3.7728246632867743
