objID,ra,dec
97270215561779778,21.556212202190896,-8.93384095448147
