objID,ra,dec
107960211163951593,21.11646431,-0.03247188
