objID,ra,dec
102420213439695732,21.343992696901527,-4.645619835930652
