objID,ra,dec
109260215120486794,21.512062922158314,1.0552580369409579
