objID,ra,dec
107200213076301508,21.307670704487826,-0.6657818784965158
