objID,ra,dec
109950212116202205,21.21164180740116,1.6264759429529883
