objID,ra,dec
102680217023144074,21.702269091293257,-4.430443642943024
102680217024883642,21.70248038,-4.43068811
