objID,ra,dec
101080220300027543,22.030022984718087,-5.7607631421029435
