objID,ra,dec
109050223368107966,22.336818263042034,0.8811150781079948
