objID,ra,dec
99500222548674699,22.254892045043583,-7.079749356761939
