objID,ra,dec
109050229434305329,22.94345271757873,0.8790363100223257
