objID,ra,dec
101420222098380895,22.209911054583888,-5.482927400081732
