objID,ra,dec
108800229124275722,22.912667415251665,0.6711304475583973
108800229128175755,22.912675825629155,0.6711331606972826
