objID,ra,dec
103550222017483985,22.201795919813584,-3.705351319715385
