objID,ra,dec
108000224315847739,22.431571428022274,0.006027789350124262
