objID,ra,dec
97830222992650388,22.29929834775623,-8.47501604079263
