objID,ra,dec
107690222692688788,22.269315697408018,-0.2513945861214933
