objID,ra,dec
96870226363466738,22.636368033058474,-9.26976641709222
