objID,ra,dec
95920226747369218,22.67474212335223,-10.059319173363345
