objID,ra,dec
108780224653329870,22.465326623777138,0.6577235291529717
