objID,ra,dec
105840222908603216,22.29086741281396,-1.7977655480500634
