objID,ra,dec
102690226993960244,22.69939597849709,-4.425096175790811
