objID,ra,dec
100110226509658002,22.6509618108166,-6.5686742072332365
