objID,ra,dec
104040226533998950,22.6534668635709,-3.29290678346886
