objID,ra,dec
108240224288905359,22.428911100304052,0.20407679009494778
