objID,ra,dec
104240225895878668,22.589525783211716,-3.1264699942066922
