objID,ra,dec
108570227160988367,22.716132232805176,0.4815911454151668
