objID,ra,dec
103440229289145187,22.928974278835536,-3.7960439675042648
