objID,ra,dec
107950227424160351,22.742382159172994,-0.041582977618804945
