objID,ra,dec
106550221737399073,22.17383016,-1.20111998
