objID,ra,dec
108740225355863504,22.535629667285566,0.6191447495784242
