objID,ra,dec
98740222263917360,22.226314810700035,-7.710940708844197
