objID,ra,dec
109090227214676514,22.721445032270935,0.9134238763761454
