objID,ra,dec
108710225186246274,22.5186021729273,0.5965230326438895
