objID,ra,dec
96080226957494147,22.69575743776262,-9.930204150288438
