objID,ra,dec
107400223853559684,22.38535602939735,-0.4922516851270059
