objID,ra,dec
108780225998639027,22.59991631585813,0.6570408055612931
108780226000428668,22.599954909557727,0.6569271424067034
