objID,ra,dec
108590227295230143,22.729522694034383,0.49140697226379043
