objID,ra,dec
108180226830957679,22.683058661639443,0.15604292282204896
