objID,ra,dec
108840221556652157,22.155690119568078,0.7014486795691371
