objID,ra,dec
102650221559246732,22.156021141746816,-4.453094753477093
