objID,ra,dec
104290223403969072,22.340564956632512,-3.084543896753961
