objID,ra,dec
109070223557131482,22.355687947358188,0.892568475022179
