objID,ra,dec
105360220872236917,22.08718168229339,-2.1947343189960744
