objID,ra,dec
106190222064320388,22.20648230026924,-1.5083013152896918
