objID,ra,dec
107220222521542094,22.25212258,-0.64865295
