objID,ra,dec
99900223754470084,22.37543749715212,-6.750326066341614
