objID,ra,dec
106650228584946859,22.85855601962556,-1.1196167367709537
106650228588226967,22.85863607930159,-1.1195934050319285
