objID,ra,dec
102570226711168730,22.671137213353393,-4.518202996657335
