objID,ra,dec
97420222584939670,22.25856915379714,-8.808986978804667
