objID,ra,dec
105380222363927718,22.23629583158216,-2.177346857284096
