objID,ra,dec
106220227046848330,22.70473958837096,-1.4767808471134576
