objID,ra,dec
105850222690666213,22.269076866563744,-1.7869009530119866
