objID,ra,dec
107320228853644755,22.885300344050254,-0.5630961872686678
