objID,ra,dec
107480229140287166,22.91406340702548,-0.427690681718536
