objID,ra,dec
108350222590298442,22.25898970728999,0.29824690218620603
108350222588018696,22.25880638,0.29856992
