objID,ra,dec
100000221388647385,22.13903497341292,-6.6609165190755775
