objID,ra,dec
99920224769968674,22.477009848995287,-6.726515935125136
