objID,ra,dec
108970223272763645,22.32729720017752,0.8109607495848545
