objID,ra,dec
96290222666498332,22.266632041448553,-9.751731628680465
