objID,ra,dec
102510225715569214,22.57156282,-4.56772174
