objID,ra,dec
109300223337591304,22.333787487634716,1.084024928493556
