objID,ra,dec
104840222771817351,22.27722806933593,-2.627575341516916
