objID,ra,dec
106050227360942706,22.73618447871297,-1.623112442078519
