objID,ra,dec
104380227875716452,22.787372268453538,-3.0116846847897785
104380227872866327,22.787338657807886,-3.011670561513491
