objID,ra,dec
100250227022574937,22.70231981419122,-6.454540140687577
