objID,ra,dec
106980220144417749,22.014399038176506,-0.8438661676891026
106980220141407860,22.0141048,-0.84381455
