objID,ra,dec
103050224791509005,22.479317626218176,-4.117724225573721
