objID,ra,dec
99520225355991889,22.535624148970285,-7.065468305133729
