objID,ra,dec
108580228282352284,22.82827101,0.48491493
108580228284012591,22.828361631990596,0.485146796100626
