objID,ra,dec
107040220216940263,22.02173130935441,-0.8001308199549036
