objID,ra,dec
108620228837799023,22.88381371228097,0.5238652600199616
