objID,ra,dec
102680220800941853,22.080089782660128,-4.432202174612407
