objID,ra,dec
106590228815307811,22.88152819,-1.16883863
106590228813418069,22.88137176424649,-1.168632917877381
