objID,ra,dec
99730229630853523,22.963063222562234,-6.889082972303274
