objID,ra,dec
100290224327764521,22.432814546162277,-6.421598912182565
