objID,ra,dec
104470229857526311,22.98575823707814,-2.9367843624780994
