objID,ra,dec
108510227639667428,22.76399637624931,0.4307403155475551
108510227637607184,22.76387773161961,0.43062185416336185
