objID,ra,dec
107380225308624849,22.53092687839797,-0.5129858075723077
