objID,ra,dec
102440226412299942,22.641199486289775,-4.62539239403817
