objID,ra,dec
108590221210878017,22.12108087242508,0.4980652590980211
