objID,ra,dec
109140225161371063,22.516158181755223,0.9504830901103772
109140225158610883,22.51593877,0.9503991
