objID,ra,dec
106780226105219577,22.610565429602286,-1.009108696409139
