objID,ra,dec
102960224168369465,22.41683509646354,-4.192461890445208
102960224171179371,22.41711512,-4.19254387
