objID,ra,dec
99330229016191285,22.901629727772534,-7.224316492879765
