objID,ra,dec
100060229330100277,22.933001662526117,-6.616782528688868
100060229329060726,22.93295474,-6.61660459
