objID,ra,dec
109260225073192313,22.50734338096422,1.0515465913028177
