objID,ra,dec
97950220668585650,22.066871203095808,-8.370653265947707
