objID,ra,dec
109260227460427687,22.746089614787582,1.0560074003189384
