objID,ra,dec
103300228176761678,22.8176762,-3.9156122
103300228173431581,22.817462498192253,-3.9157068036124048
