objID,ra,dec
105560229655827505,22.965609742529256,-2.027424479200989
