objID,ra,dec
108670228722235683,22.872251530996728,0.5627548251475796
