objID,ra,dec
98960223750584862,22.375075838507303,-7.529679231869857
