objID,ra,dec
104870226054921154,22.605494650344163,-2.60780603963885
