objID,ra,dec
103040228175043638,22.817491556008097,-4.130668322280444
103040228172823427,22.81735964,-4.1308707
