objID,ra,dec
96320229549588834,22.954995347164008,-9.726355449910285
