objID,ra,dec
109730220668911947,22.066946972209266,1.4428777992325075
