objID,ra,dec
107030225769583558,22.577064057508288,-0.805722428183172
