objID,ra,dec
108430229166949985,22.91668516,0.36622841
108430229169709732,22.91700628516534,0.36608379654421885
