objID,ra,dec
106900229676563267,22.967652141089133,-0.9143026002907197
