objID,ra,dec
103610229639123773,22.963962958651027,-3.6555265374064705
