objID,ra,dec
109020223360012930,22.336047444370163,0.8520531731673789
