objID,ra,dec
108410222306842112,22.230686282333714,0.34316306317177847
