objID,ra,dec
102890225212288682,22.52129785,-4.25148472
102890225209728498,22.521028840471796,-4.251655204869506
