objID,ra,dec
109560225317047874,22.531802746665882,1.3062264218128072
