objID,ra,dec
109240221966740104,22.196728881740516,1.0330346660585057
