objID,ra,dec
104920229881500831,22.988295101762297,-2.566366831574774
104920229882670397,22.98829575,-2.56653569
