objID,ra,dec
108120224609856455,22.46097149379364,0.10496238124576109
