objID,ra,dec
106450228320278066,22.83194925156903,-1.2853511160086541
