objID,ra,dec
108050221540752951,22.15406792266545,0.04373527894068855
