objID,ra,dec
99060225760766725,22.57608979013422,-7.444776107705664
