objID,ra,dec
104520226900283157,22.690069226335954,-2.89773895390983
