objID,ra,dec
97070222215898461,22.22160798510957,-9.101648997967965
