objID,ra,dec
99870222200856785,22.220092004275788,-6.769675338959062
