objID,ra,dec
108660221047079481,22.104758344393836,0.5575244862024997
