objID,ra,dec
107350227182038344,22.71822453,-0.53508162
107350227184968391,22.718490634357206,-0.5350648906878849
