objID,ra,dec
109230228980766030,22.898031618473023,1.029645368019716
