objID,ra,dec
102910227759168561,22.77597792,-4.23491061
102910227759018897,22.775958708877337,-4.234656308597247
