objID,ra,dec
106450221042516001,22.104276427854234,-1.2870796557479585
