objID,ra,dec
103550228773495573,22.877447090972343,-3.7040813082620185
