objID,ra,dec
107880222678026075,22.26769564,-0.09528896
107880222674426066,22.267568761051812,-0.09532829778953594
