objID,ra,dec
105540226395855856,22.639583022436163,-2.0455169611728587
