objID,ra,dec
96010226800453912,22.680055105073706,-9.98873739940366
