objID,ra,dec
102920228775964873,22.877657028329068,-4.229590345277261
