objID,ra,dec
98270222542715378,22.25429823657185,-8.104196493017847
98270222545595478,22.25449462,-8.10416469
