objID,ra,dec
100080223619321065,22.36193658728967,-6.599514664594793
