objID,ra,dec
109300223472433601,22.34731958442286,1.0859834797156245
