objID,ra,dec
109100221917809356,22.19181083042961,0.9241149943362462
