objID,ra,dec
105500222746365980,22.274664586819682,-2.0787168612644535
105500222743536014,22.27440537,-2.07868025
