objID,ra,dec
99990221480458599,22.14806078729245,-6.668211642708253
