objID,ra,dec
106430221163183151,22.116315305184912,-1.3061549506187573
