objID,ra,dec
102710225505719024,22.55064026361417,-4.401213823399704
