objID,ra,dec
108990225194574366,22.519536593482474,0.8283561865726452
