objID,ra,dec
101070222222120450,22.222256039266007,-5.774969867793119
