objID,ra,dec
109010225871751073,22.587253971623635,0.8422382299077497
