objID,ra,dec
108850229281498890,22.92814971697408,0.7154499085630549
