objID,ra,dec
106400223582893796,22.35837263463835,-1.3306345920454195
