objID,ra,dec
109510220521840472,22.052236748910676,1.25837526791035
