objID,ra,dec
108540226190682935,22.618995687245675,0.45200092235050576
