objID,ra,dec
105280227884219752,22.788501432348003,-2.2588295921909634
