objID,ra,dec
103380224325266283,22.43247655,-3.84520765
103380224323275836,22.43237528596647,-3.845469806681483
103380224321986136,22.43224175,-3.8452636
