objID,ra,dec
102870223860842755,22.386114057713506,-4.273083962655545
