objID,ra,dec
108430229574937180,22.957459595001964,0.3640255463525928
