objID,ra,dec
100180221241002660,22.12412018605002,-6.5148168318689885
