objID,ra,dec
105850229889015939,22.98892197,-1.78710264
