objID,ra,dec
109210220413227028,22.041321805934363,1.0138655080486259
109210220410217217,22.041161136039168,1.013905759497346
