objID,ra,dec
103390223362899051,22.33634720183553,-3.8345094024671775
