objID,ra,dec
108750223890383397,22.389007621681337,0.6274748127948725
