objID,ra,dec
104230226844246464,22.68442440161087,-3.136673868922175
