objID,ra,dec
99560229450608577,22.94508669280064,-7.02656907665983
