objID,ra,dec
101180226031561311,22.60315383162178,-5.682606749707089
