objID,ra,dec
108790229514178263,22.951366504858296,0.6649098431598268
108790229516988129,22.95163255,0.66478192
