objID,ra,dec
104770227260804788,22.726077793914413,-2.688032540406174
