objID,ra,dec
102250228964091727,22.896405631968598,-4.790570736309038
