objID,ra,dec
108140229374676348,22.937489440247067,0.12159855967177138
108140229375645810,22.93752093,0.12140634
