objID,ra,dec
108570227466594964,22.746694701204184,0.47879114863652655
