objID,ra,dec
104690224942357369,22.49424195869692,-2.752546116987743
