objID,ra,dec
105800222801655289,22.28023567519055,-1.8293446425475322
