objID,ra,dec
105260226990793492,22.69913723116342,-2.2807487371620256
