objID,ra,dec
106850222869043446,22.286973499094728,-0.9557810738649044
