objID,ra,dec
108860225908648491,22.590942234479375,0.723356390997864
