objID,ra,dec
96060226382380333,22.63826418633845,-9.95005013407615
