objID,ra,dec
103670228026459734,22.802708512517434,-3.6006013804858252
