objID,ra,dec
102360226519806635,22.651879563325455,-4.694797689890888
