objID,ra,dec
102080225474609101,22.547496215569822,-4.926070864570719
