objID,ra,dec
108690228664443265,22.866480478269526,0.5773880391411843
