objID,ra,dec
107300228930339285,22.893128149807517,-0.5759521464852081
