objID,ra,dec
106930220497902110,22.049851086602576,-0.8902113443432972
