objID,ra,dec
100210226163898809,22.616414277767305,-6.484719664120518
