objID,ra,dec
102440222023450975,22.20249748228549,-4.632883618660165
