objID,ra,dec
109000220425326229,22.04247437756399,0.8382249616390671
