objID,ra,dec
106500229571693062,22.95710546310148,-1.2477660566463482
