objID,ra,dec
97970229313846364,22.9313554014369,-8.353401794007636
