objID,ra,dec
104340221537256107,22.15376332759143,-3.0452831827047433
