objID,ra,dec
107940220196960781,22.019733724295147,-0.04970293499769101
