objID,ra,dec
105670225554928352,22.55544084838,-1.9351376868397945
105670225552018343,22.55525146,-1.93510558
