objID,ra,dec
105400224059637858,22.406132998151907,-2.1604096594937916
105400224062538090,22.40621278,-2.1602343
