objID,ra,dec
103240223280173115,22.328058191944898,-3.9644049041038256
