objID,ra,dec
106070227047136275,22.7047582124543,-1.6034909857415955
