objID,ra,dec
105570222560753626,22.256166478007945,-2.0224008611988
