objID,ra,dec
105010227582679737,22.758312185095676,-2.4838669522515944
