objID,ra,dec
104200227078213014,22.707860883791017,-3.164529738381281
