objID,ra,dec
108210224275957628,22.427591286656103,0.18100717783043074
