objID,ra,dec
103070229430840209,22.94319821248766,-4.108545766731152
