objID,ra,dec
103580221525414064,22.152594081220986,-3.6803414232632368
