objID,ra,dec
107400226924531802,22.69248408560253,-0.49888091531265105
