objID,ra,dec
99160221042756699,22.10422083,-7.36146412
99160221039436804,22.104014921778045,-7.361331394775342
