objID,ra,dec
99500223306204858,22.330604957026868,-7.079629407484978
