objID,ra,dec
104020221905861569,22.1906444991628,-3.3157801696805658
