objID,ra,dec
107950222021616658,22.202165054461922,-0.03650466510816123
