objID,ra,dec
100430224770941696,22.477152082638185,-6.307252495483802
