objID,ra,dec
108830224290613788,22.428995522968854,0.6944741475620052
