objID,ra,dec
108430228928676181,22.89289518666792,0.3631427451633715
108430228932966194,22.89315013,0.3631166
