objID,ra,dec
107380228570482981,22.85704845,-0.51454022
