objID,ra,dec
109030227287690877,22.728721584262484,0.858709523678595
109030227285680644,22.72856498,0.85850526
