objID,ra,dec
108750225464525385,22.546452674588117,0.6290999584018392
