objID,ra,dec
105180220415259587,22.041629142788466,-2.3423798313706548
