objID,ra,dec
97820224573157385,22.45720867,-8.47750498
97820224569867459,22.457010226698124,-8.477446717678804
