objID,ra,dec
103850229136870880,22.91374454078798,-3.457902878463978
