objID,ra,dec
107120229305312121,22.930574301003794,-0.7319748472518273
