objID,ra,dec
98420228675771893,22.867592266414768,-7.982157638316156
