objID,ra,dec
96220222329655748,22.23294040463703,-9.81221671516063
