objID,ra,dec
96200224110327966,22.411057231472704,-9.827037879501994
