objID,ra,dec
98200228336246879,22.833619705767532,-8.161302003331436
