objID,ra,dec
107110220088484419,22.008896357567874,-0.7383241231689924
