objID,ra,dec
108390228128433992,22.812966690251795,0.3280183564421426
