objID,ra,dec
103900225427843843,22.5426884874099,-3.4138658897090983
