objID,ra,dec
104200225445613699,22.544560259039574,-3.163951586215421
