objID,ra,dec
104280224756293601,22.47546028303856,-3.097327542124181
