objID,ra,dec
102500229594519041,22.959479324283887,-4.576164848745627
