objID,ra,dec
106710224115720154,22.411590313972855,-1.0754582341057284
106700224115819774,22.411591463454887,-1.0754707425571544
