objID,ra,dec
108530229217916607,22.921793240999946,0.4468314746417174
