objID,ra,dec
108060220758051500,22.075827533225336,0.05088020253070158
