objID,ra,dec
106930221724944284,22.172505717022084,-0.8885204878675983
