objID,ra,dec
102530222713256274,22.2713523379495,-4.553473451929484
