objID,ra,dec
109260221218323996,22.121869298368676,1.0529843896713076
