objID,ra,dec
103550220305631981,22.030558812502374,-3.7071371914181546
