objID,ra,dec
105670221145392699,22.114629437872647,-1.9397553139326933
