objID,ra,dec
108950229540614334,22.954140861601743,0.7948265044224266
