objID,ra,dec
106560223352373997,22.335330065717436,-1.1970466397281974
