objID,ra,dec
104830227557152738,22.75573311785331,-2.639753228657685
