objID,ra,dec
102650226762091250,22.676254082134324,-4.457782956405879
102650226760450947,22.676238717538915,-4.457799618199504
