objID,ra,dec
108580226130444349,22.613096951551682,0.48665540767852344
