objID,ra,dec
105070224550827840,22.45510092,-2.43551376
105070224547807589,22.45480612,-2.43571307
