objID,ra,dec
97940223212365200,22.321269611785787,-8.379359557500475
