objID,ra,dec
99890220429213505,22.042979756928222,-6.755797291880469
