objID,ra,dec
108510223513802872,22.35140144420878,0.42686373374407766
