objID,ra,dec
95650227041375369,22.70417793115771,-10.287555989569432
