objID,ra,dec
107610227044489026,22.704481220312598,-0.31784470437379864
