objID,ra,dec
103220229440845984,22.944191343076845,-3.9787983298002616
