objID,ra,dec
108730224466496320,22.446601183575275,0.6131819988540141
