objID,ra,dec
107050221954577045,22.195446122230063,-0.7861549333388034
