objID,ra,dec
101990223119581440,22.311999759428538,-5.007492297312804
