objID,ra,dec
98760221886123775,22.18858358510242,-7.697226283537614
