objID,ra,dec
107210222139577877,22.214019265994306,-0.652180535699326
