objID,ra,dec
107530227391287336,22.73912033210636,-0.3859304803379776
