objID,ra,dec
108760227614654254,22.761521542030305,0.6365294269885914
