objID,ra,dec
96620225389914016,22.53900689541871,-9.480336868606598
