objID,ra,dec
106680226103928641,22.61036747,-1.09311367
106680226100248807,22.610091864007902,-1.0930928729348497
