objID,ra,dec
99000223902568900,22.390361418484808,-7.49296111801205
