objID,ra,dec
100560224280852033,22.428203030397974,-6.198650242272661
