objID,ra,dec
101010226240847437,22.624067106131317,-5.819157626729768
