objID,ra,dec
104770226519110802,22.651929836411153,-2.6911772972785615
