objID,ra,dec
108760228668842584,22.866919748020255,0.6351694404374297
