objID,ra,dec
107280221288067936,22.128804568176573,-0.5937758879647042
