objID,ra,dec
96370220971370843,22.09715108228922,-9.691322178820265
