objID,ra,dec
106550227727715282,22.772717766357005,-1.2042809901455636
