objID,ra,dec
97690221305937555,22.130629680109752,-8.585712807671975
