objID,ra,dec
100640223176656785,22.317771157724717,-6.127999434404403
