objID,ra,dec
104780226917449832,22.691770794708063,-2.675530875731663
