objID,ra,dec
107050224482166209,22.44827431,-0.78686539
