objID,ra,dec
108210225022698467,22.50239722597336,0.1817307509778217
108210225025968842,22.502461493206724,0.18180031018881815
