objID,ra,dec
108030225204839390,22.520484959024955,0.03238467166491082
