objID,ra,dec
95620229308116873,22.9308869,-10.31135714
95620229306286571,22.930681202430026,-10.31148246114793
