objID,ra,dec
103680229207023143,22.92081143,-3.59772952
