objID,ra,dec
95490222661314051,22.26613414137421,-10.421966356028056
