objID,ra,dec
105810223816404969,22.381636934513423,-1.8212013812916132
