objID,ra,dec
109210221209978652,22.121036323885715,1.0152196915962357
