objID,ra,dec
103120227360987770,22.736133844403145,-4.060493236009172
