objID,ra,dec
96680226668727291,22.666888997303644,-9.42762781147492
