objID,ra,dec
106040224258633534,22.425921413094667,-1.6308118599402177
