objID,ra,dec
109620222845512731,22.284659512302067,1.3518907566522098
