objID,ra,dec
108410222666679997,22.266651876724406,0.34962444015919814
