objID,ra,dec
95790221427012320,22.14271134158024,-10.173397661827815
