objID,ra,dec
107980227425406475,22.742497396359056,-0.011539145678562757
