objID,ra,dec
100380226529711396,22.653041773313834,-6.349197239023994
