objID,ra,dec
101260223032186459,22.303221924688312,-5.6116971358553025
