objID,ra,dec
104940224856087596,22.485340746002322,-2.5443677584443622
104940224853297213,22.485339418536658,-2.5443625087632533
