objID,ra,dec
104890227962842085,22.796286840366015,-2.5905557405314097
104890227962221727,22.796297315576016,-2.590556211909585
