objID,ra,dec
102460229323150161,22.932359821381066,-4.616896728515361
