objID,ra,dec
108440220665842565,22.06666688383523,0.3684630222209892
