objID,ra,dec
102380223358489922,22.33586534,-4.67537573
102380223358449513,22.33582574961917,-4.675750408263234
