objID,ra,dec
107510223202767735,22.32019096487015,-0.4023528468518694
107510223199347578,22.320061152752128,-0.402363333858764
