objID,ra,dec
108030222424384785,22.24242107814011,0.028629048302386908
