objID,ra,dec
107810225090971132,22.509092622924722,-0.15780256399889617
