objID,ra,dec
95980220362741188,22.036288215733293,-10.016016226969558
