objID,ra,dec
108280222899911444,22.289984753479793,0.23414478254347446
