objID,ra,dec
108530225595069273,22.5595067,0.44901857
108530225592548902,22.55920424732998,0.4486924142690212
