objID,ra,dec
101060228032083040,22.803223440325134,-5.781194443598271
