objID,ra,dec
108600226403913032,22.6403671906322,0.5021619954802723
