objID,ra,dec
107770224410105801,22.44101996779724,-0.1872164805136314
