objID,ra,dec
109790221659818887,22.16600955703219,1.498732221964027
