objID,ra,dec
107970226847767558,22.68476559278792,-0.019047299812270484
