objID,ra,dec
98280220777934481,22.077785974551286,-8.096586041887084
