objID,ra,dec
108290220948123240,22.094869086520628,0.24402285621020664
