objID,ra,dec
108780227185469851,22.718528171916347,0.6578303641775678
