objID,ra,dec
106780228334646519,22.833483594865633,-1.0115741274829226
