objID,ra,dec
108590227307405838,22.730688388164985,0.49622920135893483
