objID,ra,dec
101080229667006439,22.966723132785443,-5.761651880667768
