objID,ra,dec
105540223342026860,22.33419910262951,-2.044608689446064
