objID,ra,dec
105180224926364286,22.492670164148084,-2.346850896733279
