objID,ra,dec
108110220972421167,22.097346675858947,0.09230778221127706
