objID,ra,dec
105230227285251473,22.72860112599739,-2.3073511602246404
105230227286161816,22.72873990911185,-2.307175023980301
