objID,ra,dec
108060221213643495,22.121339977172997,0.05251145610918877
