objID,ra,dec
106880221506911858,22.150697086437486,-0.9321823633680233
