objID,ra,dec
98010222683184121,22.26836248330966,-8.321923268699967
