objID,ra,dec
98280222341146723,22.234133274092695,-8.094782023544015
