objID,ra,dec
108040228642233494,22.86422272,0.03591473
108040228640813201,22.864050650802003,0.035694062380724756
