objID,ra,dec
107310227974824007,22.797495333266266,-0.5720557074348465
