objID,ra,dec
102940227653142769,22.765394300551545,-4.214752085218436
