objID,ra,dec
108270226093357911,22.609317518452652,0.23122838107290267
