objID,ra,dec
108100228960211458,22.89600529729425,0.08419975664273913
