objID,ra,dec
102750229713360398,22.97133689412276,-4.3750296379669935
