objID,ra,dec
97510227083664929,22.70842837113252,-8.737930398584208
