objID,ra,dec
104260221840559303,22.18402139878156,-3.108916182186984
104260221839599801,22.184023000138083,-3.1089200247533717
