objID,ra,dec
107590228232744062,22.82325424,-0.33881019
107590228231713642,22.82318455,-0.33898366
