objID,ra,dec
97150222918441885,22.29186137628915,-9.040454837470099
