objID,ra,dec
104560223265260851,22.32653861671257,-2.866331188238286
