objID,ra,dec
109430229098989342,22.909926212942736,1.1990868402402335
