objID,ra,dec
100510222227759529,22.222798395966183,-6.234088826563869
