objID,ra,dec
99180225642155771,22.564235437470877,-7.345598858284016
