objID,ra,dec
98130224191085763,22.41909185980498,-8.220571154307834
98130224188055774,22.418911518565448,-8.220555963597057
