objID,ra,dec
105250228532091246,22.853287804014855,-2.29094293178799
