objID,ra,dec
108790227499046297,22.749997206165567,0.6631821253854547
