objID,ra,dec
107120221806169499,22.18080065971667,-0.7258044928624405
