objID,ra,dec
102690220757865655,22.07578692589111,-4.420682300717702
