objID,ra,dec
102650229578683139,22.95784902787195,-4.456054115493668
