objID,ra,dec
106750228866800164,22.886743077372323,-1.0419820153504256
