objID,ra,dec
106770225954054802,22.595493760683752,-1.0214183212207095
