objID,ra,dec
101940225268423730,22.526900229564927,-5.047201752070384
