objID,ra,dec
99210225188957020,22.518910906745106,-7.31963052528977
