objID,ra,dec
104740229495300171,22.949572434526416,-2.7169072373557097
