objID,ra,dec
108580227334938166,22.733515376782467,0.4897690239130192
