objID,ra,dec
102590223912962135,22.391345025194816,-4.506956265727605
