objID,ra,dec
106570228923502830,22.89231823621971,-1.1896523852424201
