objID,ra,dec
104520221868615452,22.186903422650715,-2.8958512376427263
