objID,ra,dec
107680227465754493,22.746591180674486,-0.2634733093011112
107680227463973934,22.746489687366598,-0.26363348397776903
