objID,ra,dec
107420225211464155,22.521156064695397,-0.4801935573300333
