objID,ra,dec
99450225340570163,22.534091117586755,-7.125252402925937
