objID,ra,dec
108060226877280758,22.68777679066253,0.05026726362295729
108060226880580845,22.68798443052043,0.05036698343250878
