objID,ra,dec
101160224216772860,22.421722729069977,-5.697949062718043
