objID,ra,dec
107630224993879207,22.499364059625904,-0.3010310340561389
