objID,ra,dec
106330225202714753,22.52027946957797,-1.388293349282072
