objID,ra,dec
100140226584699281,22.658481363413728,-6.542639282786518
