objID,ra,dec
106960220247092491,22.024766071770088,-0.8649157144230776
