objID,ra,dec
98260223793063951,22.379270278183867,-8.113813220023431
