objID,ra,dec
108740226228313920,22.622897103370455,0.6195280737838043
