objID,ra,dec
102560223866715227,22.386719349976012,-4.529231687836256
