objID,ra,dec
100120222959413383,22.295972058019167,-6.564227534378655
