objID,ra,dec
101230225990906583,22.599133776698636,-5.63652225009033
