objID,ra,dec
108320220629793266,22.063011325390136,0.2690167915328241
