objID,ra,dec
108670227407928630,22.740799490540013,0.5651823231816375
