objID,ra,dec
109120226719248791,22.671951181596924,0.9402739241714207
