objID,ra,dec
106720229147864664,22.914815314993703,-1.0630924947557538
