objID,ra,dec
108150222350484241,22.23502328160686,0.12820119908245417
108150222348544499,22.23490597,0.12834599
