objID,ra,dec
103840228467861749,22.846859075956303,-3.465544309019705
