objID,ra,dec
109220227348849589,22.734822621959346,1.0243454183779166
109220227347029910,22.73476427,1.02452906
