objID,ra,dec
107500224937362425,22.493775683112094,-0.41501824680894905
