objID,ra,dec
101360222599969122,22.260027406617766,-5.5260648641856704
