objID,ra,dec
103370226907277483,22.69060554463074,-3.8525054961960885
103370226904247470,22.690565269104624,-3.85248044497519
