objID,ra,dec
104520221421807112,22.142207620990757,-2.8944684868648385
