objID,ra,dec
96220220957343207,22.09574335581689,-9.814372814231692
