objID,ra,dec
101230226857719184,22.68579212977003,-5.6343605447876035
