objID,ra,dec
103110226837734384,22.68377427,-4.07173662
