objID,ra,dec
104200222465000546,22.246473033654357,-3.1665966200856217
