objID,ra,dec
95670226682718302,22.668305178556356,-10.268446889995708
