objID,ra,dec
108150221105756143,22.11048564165291,0.12986900933154208
108150221103156484,22.11035269,0.13004399
