objID,ra,dec
96620220376312742,22.037626470181678,-9.481416038011659
