objID,ra,dec
103030228201886472,22.820270738647046,-4.136619178979664
