objID,ra,dec
109470228974998225,22.897492522391303,1.2315496313896193
