objID,ra,dec
103990221112570135,22.111263019072425,-3.3418394618915532
