objID,ra,dec
107590226300141104,22.630023602136127,-0.34112242190454256
