objID,ra,dec
99000227173385416,22.717330052427116,-7.495833732141926
