objID,ra,dec
103980227504308198,22.75048628612714,-3.343533131622509
