objID,ra,dec
103380227489937033,22.749039910150444,-3.84456747086945
