objID,ra,dec
98310221970745006,22.197090756992935,-8.071190638465726
