objID,ra,dec
103170229086101564,22.908729199006366,-4.024138234738401
