objID,ra,dec
101400228158493997,22.815835197140377,-5.497004269216217
