objID,ra,dec
100340222635838317,22.26359047484927,-6.376751576978548
