objID,ra,dec
102940228500437182,22.850074766817013,-4.211054726203386
