objID,ra,dec
107230220135413465,22.01356476483097,-0.6391186299553682
