objID,ra,dec
99190225666304068,22.56666618127657,-7.338657383566663
