objID,ra,dec
101180222450157935,22.245080765241262,-5.677055711275924
101180222452967851,22.24530176,-5.67714328
