objID,ra,dec
104150222416986296,22.241740133532634,-3.2034448356554304
