objID,ra,dec
95910221627199200,22.16274081903701,-10.067687580117248
