objID,ra,dec
103040223778606167,22.377931021590108,-4.128494815623495
