objID,ra,dec
100140222467929106,22.246821348933523,-6.542771046767761
