objID,ra,dec
106320229038528703,22.90384682160415,-1.3930800456457448
