objID,ra,dec
102680227997264789,22.799841184139343,-4.4297603993745795
