objID,ra,dec
106820224061777650,22.406270076177513,-0.9773444958399157
