objID,ra,dec
97390222745016715,22.274555434526164,-8.836444651515745
