objID,ra,dec
106960220336631813,22.033722244118238,-0.8655277371334453
