objID,ra,dec
107490228535898474,22.85357889855077,-0.4183682743872858
