objID,ra,dec
107380224100155293,22.410068300541848,-0.512572237700535
