objID,ra,dec
109060229324752110,22.932319369521405,0.8846405801623664
109060229319042154,22.932014684144328,0.8847588919499911
