objID,ra,dec
103860222883686819,22.28842463,-3.44466249
103860222884046365,22.28846123046259,-3.4450095867256025
