objID,ra,dec
103720224898370000,22.48972852903144,-3.567071761507508
103720224895820177,22.48956776,-3.56684967
