objID,ra,dec
96150222745300456,22.274489468264335,-9.874964880147445
