objID,ra,dec
95080229937508693,22.993749523345453,-10.759724251726986
