objID,ra,dec
104230222916844392,22.291699442063724,-3.1384192579078776
