objID,ra,dec
107020222978271004,22.29790476326462,-0.8162205876001092
