objID,ra,dec
107260223698787732,22.3699250003829,-0.610557380261515
