objID,ra,dec
108210225298280021,22.52982188366855,0.17463758940988092
