objID,ra,dec
98150226764157821,22.67642953971861,-8.202147557374106
