objID,ra,dec
108430228456139232,22.84564592485033,0.3657330413856724
