objID,ra,dec
107270224115472166,22.411617631292184,-0.6068877883858115
