objID,ra,dec
109100220919393019,22.09202644,0.91874698
109100220921562662,22.09214665923983,0.9185269312878069
