objID,ra,dec
102170223904418332,22.390461312230098,-4.851727917035076
