objID,ra,dec
105760224799920317,22.48001693518939,-1.866799901548557
