objID,ra,dec
106900221044889769,22.10451313828601,-0.9089127756396277
