objID,ra,dec
95210223617755231,22.361812206734122,-10.654322153474308
