objID,ra,dec
103130224860221466,22.48595461711844,-4.057518674159852
103130224856651175,22.48566817,-4.05769375
