objID,ra,dec
108690221699560790,22.169990972369753,0.5752813417617874
