objID,ra,dec
106440221713955741,22.17135072448202,-1.2955380183544147
