objID,ra,dec
106670222993467520,22.29932854,-1.10240753
106670222990467743,22.299104110628303,-1.1022237791658982
