objID,ra,dec
107150227852793353,22.78528221326115,-0.7058590389203254
107150227855583420,22.78555125,-0.7058374
