objID,ra,dec
100190228596952009,22.859712738033682,-6.506981392321885
