objID,ra,dec
106770220814309626,22.081427986308206,-1.0173423428362682
