objID,ra,dec
100080229534529363,22.953423553866465,-6.592565030009343
