objID,ra,dec
99950224812400022,22.481252246371685,-6.708657153503991
