objID,ra,dec
102760228923858242,22.892378567629972,-4.360123656902969
