objID,ra,dec
95280227837728130,22.78379631497714,-10.593561707870217
