objID,ra,dec
100290220946363223,22.09462046,-6.42266544
100290220943903479,22.09442744002903,-6.422471704163241
