objID,ra,dec
106700221456598822,22.145667556777305,-1.076293916163628
106700221454209041,22.14554358,-1.07617004
