objID,ra,dec
108970221646292070,22.164703974194456,0.8096787997597206
