objID,ra,dec
102910224192840866,22.41924041,-4.24126695
102910224190121061,22.419143490747732,-4.2411047953962875
