objID,ra,dec
106080220178496148,22.017836914204118,-1.595090133345077
106080220176516503,22.01765881,-1.59490581
