objID,ra,dec
109180232117903646,23.211838300046633,0.9860397784485166
