objID,ra,dec
108050231519312851,23.151920561522587,0.04360208218719677
