objID,ra,dec
104760237478235181,23.747857187267424,-2.6960430073981123
