objID,ra,dec
106680235946751779,23.594643626635527,-1.098885927885512
