objID,ra,dec
108900237482629457,23.748297628810782,0.7575190186965685
