objID,ra,dec
106070234412904319,23.441291811467803,-1.605139567053347
