objID,ra,dec
104790233235171222,23.323440063438177,-2.6741997555559833
104790233233461595,23.32346319929458,-2.6742139199931474
