objID,ra,dec
102860235549111059,23.55497827767033,-4.282824767302231
