objID,ra,dec
108820237135069613,23.713463981793094,0.6910612607764585
