objID,ra,dec
106250231236062825,23.123646698806976,-1.4564258717944891
