objID,ra,dec
107760235798124649,23.579926680697184,-0.1965495848367839
