objID,ra,dec
107480236385104135,23.638564261532228,-0.4302890595894926
