objID,ra,dec
104500230139565455,23.013993995162465,-2.912509221659687
104500230137155655,23.013756165940205,-2.9123265602975152
