objID,ra,dec
108850239382096108,23.93815304843618,0.7130159232709612
