objID,ra,dec
103220233487915363,23.34879312969799,-3.9792862929410138
