objID,ra,dec
106640235381999274,23.5382167906174,-1.1259584901262487
