objID,ra,dec
108460237987591921,23.79875303,0.38452065
108460237988201525,23.798810714900387,0.38427407595302177
