objID,ra,dec
107980238268236147,23.826938027964715,-0.01200353816556782
