objID,ra,dec
103150236060292330,23.60601113749674,-4.0401303239009705
