objID,ra,dec
107980235691187301,23.56909552,-0.01092233
