objID,ra,dec
96080238980258646,23.898066472703164,-9.926396639111863
