objID,ra,dec
104400236215939593,23.621586432935132,-2.992349437510986
