objID,ra,dec
100660239985967915,23.998610274491533,-6.110426839736552
