objID,ra,dec
101210231278018383,23.127818997714257,-5.65177605102858
