objID,ra,dec
101980236668918240,23.666984611310827,-5.010084614776702
