objID,ra,dec
108590234411097617,23.44115048428814,0.497612561356783
