objID,ra,dec
104860232845993266,23.284656032635567,-2.614299875425178
