objID,ra,dec
100050234613604142,23.46143369357082,-6.621876590706105
