objID,ra,dec
108470234823031161,23.48236043459354,0.3922519754352795
