objID,ra,dec
102830233899670786,23.389870009855326,-4.308064265652314
