objID,ra,dec
108030239599519168,23.96002077344874,0.0322084922803825
