objID,ra,dec
107820237503785199,23.750525639341774,-0.14597451011267762
