objID,ra,dec
107380239234719439,23.923527813312084,-0.5091039915765063
