objID,ra,dec
103510231329022612,23.132910910393853,-3.73987612713346
