objID,ra,dec
107760236178299272,23.617899698776924,-0.19268190297108442
