objID,ra,dec
107820239592093398,23.9592816192879,-0.1474528405274253
