objID,ra,dec
108510234103545116,23.410383685288085,0.428899011435672
