objID,ra,dec
108030230888715703,23.088905891354912,0.029332583543502194
