objID,ra,dec
106110231031732939,23.103140153034452,-1.5729936926145374
