objID,ra,dec
107660230304051426,23.03041064561065,-0.282529578334212
