objID,ra,dec
107210233227620188,23.322782866917628,-0.6585698167914338
