objID,ra,dec
108380239535284135,23.95349806514017,0.31973447294276647
