objID,ra,dec
100740233981257168,23.39816962718963,-6.044353480345633
