objID,ra,dec
104810231469353683,23.14701602045782,-2.6557863480919806
