objID,ra,dec
109180233481002637,23.348176290459246,0.9851988616890097
