objID,ra,dec
108820238174595883,23.817378016758337,0.6879649278733689
