objID,ra,dec
98340239475021593,23.947514319120028,-8.049020985096556
