objID,ra,dec
102230237259118020,23.725979089742708,-4.801982315303273
