objID,ra,dec
102140234572851329,23.457230534461743,-4.882612388132291
