objID,ra,dec
108220235644999320,23.56450108,0.1907466
