objID,ra,dec
98680237638709065,23.763917288730433,-7.759343950774276
