objID,ra,dec
103420239253047180,23.92535832,-3.8110134
