objID,ra,dec
100060237680350076,23.768106922095726,-6.616949558676123
100050237680659721,23.76813601,-6.61720115
