objID,ra,dec
109100232092003902,23.209244954440315,0.9195071565771175
