objID,ra,dec
105890230832368608,23.083263678190576,-1.7515596734682204
