objID,ra,dec
105310239324030815,23.93245150385111,-2.241315822837891
