objID,ra,dec
106570237598952651,23.75990938181813,-1.189801104212654
