objID,ra,dec
106100230376380510,23.03769951019255,-1.5832193660763505
106100230374740964,23.03768881,-1.58306856
