objID,ra,dec
102530238122558430,23.812296357761205,-4.55167532419186
