objID,ra,dec
106130230222418105,23.022178672724944,-1.5520276874948584
