objID,ra,dec
99730239590845105,23.959095340662994,-6.887723563524863
