objID,ra,dec
107790235483457849,23.5482922618192,-0.1688876211189616
