objID,ra,dec
106540238509179802,23.85089107911193,-1.2088775575530644
