objID,ra,dec
100860238862606177,23.886239974962386,-5.945191437726016
