objID,ra,dec
108790233032512909,23.303247871050907,0.660375133967321
