objID,ra,dec
103800237916998460,23.791710349777865,-3.4932754590497863
