objID,ra,dec
106460233309536740,23.33102041524985,-1.278127496948906
