objID,ra,dec
108780231597305862,23.159707809613955,0.6546786575527208
