objID,ra,dec
101950231409241500,23.14094044247981,-5.040785223508812
