objID,ra,dec
97140239710232246,23.971009964073627,-9.048473981893652
