objID,ra,dec
103650233630333096,23.363036300625854,-3.622799790128225
