objID,ra,dec
102470238121075905,23.812145577511632,-4.603779096072183
