objID,ra,dec
106240236517470053,23.65164342772553,-1.4669338257989053
