objID,ra,dec
101550234999241154,23.499904217901822,-5.374382220645994
