objID,ra,dec
106380235978080663,23.597816092819468,-1.3498312391492473
