objID,ra,dec
102680234597806674,23.459831671700716,-4.428209990307011
