objID,ra,dec
107580237268620780,23.72685949,-0.34970145
