objID,ra,dec
107400237253354087,23.725379659920804,-0.4969523890166437
