objID,ra,dec
96640230543124573,23.054306635351473,-9.463196106187292
