objID,ra,dec
102010234535826535,23.453531009767993,-4.986636126310109
