objID,ra,dec
102740234283951420,23.428436894077404,-4.382582805782138
