objID,ra,dec
108230231068062078,23.106924199096746,0.1930204170029363
