objID,ra,dec
103700233997930378,23.39975816943961,-3.583469021981443
103700233997530004,23.39974864,-3.58370261
