objID,ra,dec
108460236062320199,23.606207746128064,0.38315629636384846
