objID,ra,dec
95770238141026794,23.81407481,-10.18641275
95770238139536391,23.813978634023872,-10.18666842562392
