objID,ra,dec
109240231849188608,23.184970783396125,1.0401383235949695
