objID,ra,dec
107080233242587699,23.32430016713543,-0.7606252223233064
