objID,ra,dec
109100230945894235,23.094674353763722,0.9198548995379077
