objID,ra,dec
106820237691079168,23.769118483834635,-0.9760513326589834
