objID,ra,dec
102800232099418178,23.209976885971592,-4.326957173443369
