objID,ra,dec
107200237237242483,23.72383560062481,-0.6649662685616112
