objID,ra,dec
107710237613530042,23.76136341087875,-0.24195778204820684
