objID,ra,dec
102040231278539731,23.127740853767648,-4.958918151844215
