objID,ra,dec
101280231803455856,23.180384232410386,-5.595477100751183
