objID,ra,dec
103110239534125127,23.953418120210824,-4.070980560052089
103110239534445508,23.953447361083906,-4.070837842608197
