objID,ra,dec
108780239819787554,23.981987517309186,0.6559270060080121
