objID,ra,dec
108220233328438097,23.33285621115784,0.1897194459011243
