objID,ra,dec
106890231688327369,23.1689062996165,-0.9191572515822748
