objID,ra,dec
103820232389255111,23.23880964572594,-3.479388741224264
