objID,ra,dec
105450234827247508,23.4828120251242,-2.1191673020094197
