objID,ra,dec
106930238003603704,23.800364556908356,-0.8889765931759853
