objID,ra,dec
101160233282801839,23.328315061086965,-5.698832110129346
