objID,ra,dec
103530238219816533,23.822058738634382,-3.7199164145361157
