objID,ra,dec
107680236532973851,23.65335278,-0.26398211
107680236533033428,23.653341116095312,-0.2641623045342768
