objID,ra,dec
104850236456931327,23.64575781258842,-2.6241790140857257
