objID,ra,dec
98590230747888655,23.074796606098445,-7.8348084754061205
