objID,ra,dec
108000235201312607,23.520193317300862,0.0017476332867635042
