objID,ra,dec
106000234351470487,23.435183630071272,-1.6666660453218263
