objID,ra,dec
107820230609986998,23.061014969501656,-0.14459654579768855
