objID,ra,dec
107360232354252594,23.235437922404333,-0.5315434450665947
