objID,ra,dec
103640234124370375,23.412213861509866,-3.6336367385177097
103640234121650102,23.4121862573337,-3.6336564188357467
