objID,ra,dec
108450235658965839,23.565880068845065,0.3795030147794449
