objID,ra,dec
105350238445226680,23.844540230541437,-2.203062092789439
