objID,ra,dec
98150232477451910,23.247716223582884,-8.207050552059817
