objID,ra,dec
102390237022116549,23.70221380892655,-4.669916617542643
