objID,ra,dec
102690230612857914,23.06130008211063,-4.418786346129458
102690230609837728,23.06104511,-4.41884083
