objID,ra,dec
108490233891668118,23.389175095605136,0.4147021686432928
