objID,ra,dec
95600239375853332,23.937587769138236,-10.330911188706693
