objID,ra,dec
98110230906577394,23.090625726673636,-8.235887915970045
