objID,ra,dec
108180233511294567,23.351164256290865,0.15338821357321916
