objID,ra,dec
100300239483672911,23.948383123639093,-6.414638333787487
100300239483083336,23.94832284,-6.41428558
