objID,ra,dec
105240237039671146,23.7040101151689,-2.299494797466982
