objID,ra,dec
96980234648381809,23.46482881417013,-9.182128063861475
