objID,ra,dec
104960238761906858,23.876194737979173,-2.5279715347565412
