objID,ra,dec
107080230606191800,23.060606556934147,-0.7655134408909097
