objID,ra,dec
105400239885542507,23.988593113337846,-2.1649400829313015
