objID,ra,dec
103770230013246473,23.001396739055732,-3.519959060892559
