objID,ra,dec
108810236313253374,23.631366914743758,0.6774241094827224
