objID,ra,dec
108670233557577154,23.35575360953373,0.5638982844198827
