objID,ra,dec
105610234392616408,23.439290307501317,-1.986707298569285
