objID,ra,dec
108370233810793844,23.381060777098504,0.3112278845608929
