objID,ra,dec
106960232884960902,23.28850102874979,-0.8662440318948784
