objID,ra,dec
104170233517856128,23.3517185744072,-3.1869064045480435
