objID,ra,dec
105500236913970028,23.691523012599585,-2.083697605313915
