objID,ra,dec
104430232739045491,23.2739415761611,-2.9709021382962617
104430232738045175,23.273888139893746,-2.9709565707560577
