objID,ra,dec
96130239942601776,23.994326175263314,-9.890475605020486
