objID,ra,dec
108510234503002663,23.45032203051255,0.42681342818028023
