objID,ra,dec
109300232707813852,23.270833782090232,1.086154401348121
