objID,ra,dec
107770231763271996,23.176343028987038,-0.1904957986347901
