objID,ra,dec
104810234959117505,23.495971886056264,-2.6524151990869016
