objID,ra,dec
107230233121936092,23.31222183677699,-0.6369530994133259
