objID,ra,dec
103580238447081603,23.844762251519615,-3.6823420876840878
103580238449711403,23.84492952,-3.68247594
