objID,ra,dec
95990234267809775,23.42677546638331,-10.000471840714713
