objID,ra,dec
103540235485346536,23.548557403474568,-3.7116010355248865
