objID,ra,dec
106230233480620869,23.34817931,-1.47460826
