objID,ra,dec
107190230010021202,23.001086211095448,-0.6743341710626174
