objID,ra,dec
108720232355730641,23.23559561623133,0.6001823993005119
