objID,ra,dec
107530236583556608,23.6584206308034,-0.38655808302945377
