objID,ra,dec
102030231925420779,23.192325951884712,-4.9747758694816895
102030231922300740,23.1923106,-4.97482977
