objID,ra,dec
107390232090019513,23.208961037339197,-0.5007665920027938
