objID,ra,dec
97990230146136080,23.01456063171191,-8.336977667587744
