objID,ra,dec
105220237048147783,23.704902465515694,-2.3106183486431786
