objID,ra,dec
98620237622960647,23.762339035981782,-7.816412203445771
