objID,ra,dec
107670236020631427,23.60207510319483,-0.2742591884517375
