objID,ra,dec
101110232971554377,23.297197926112347,-5.738419270587111
