objID,ra,dec
107710238842803386,23.88432802389052,-0.23907908558794486
