objID,ra,dec
100980231090972702,23.1091618095635,-5.848045128088629
