objID,ra,dec
107470230817306168,23.08176223512215,-0.43695384378728774
