objID,ra,dec
102180237468901183,23.74688176106806,-4.849425108739239
