objID,ra,dec
106980236697961049,23.669833785471404,-0.8495145698306141
