objID,ra,dec
106690233926092671,23.39281154,-1.09010068
106690233927372336,23.392831473499587,-1.0901024776960884
