objID,ra,dec
102680235319182546,23.531993303463697,-4.431622172534375
