objID,ra,dec
104300230153401266,23.015334417418387,-3.0826533349656757
