objID,ra,dec
103160236286637883,23.628732045396948,-4.027128535190144
