objID,ra,dec
101520233434863196,23.3435196035449,-5.3976883566851255
