objID,ra,dec
107060236208595187,23.62089758745106,-0.7794020791183428
