objID,ra,dec
108510234978097839,23.497798344426002,0.43115345834107516
