objID,ra,dec
107990235096580973,23.50973278,-0.00795049
107990235093660781,23.50945315,-0.00809421
