objID,ra,dec
106170232818142205,23.28186727,-1.523546
106170232817172538,23.281780408234575,-1.5232488868173224
