objID,ra,dec
104760239785756059,23.978629621043748,-2.6952901398951292
