objID,ra,dec
108670238999293072,23.899912081024862,0.5605431247700279
