objID,ra,dec
107600235707891476,23.57084277237971,-0.3325252451625614
107600235705101531,23.57062841294644,-0.33243062669997064
