objID,ra,dec
103180234941327270,23.494190480769397,-4.0110348338396875
