objID,ra,dec
104180234911541369,23.491127722195333,-3.1824478140046524
104180234910621735,23.491180172393452,-3.182340200017495
