objID,ra,dec
109040231862868636,23.18628663,0.87350072
