objID,ra,dec
108870230987420830,23.098808790291123,0.7252849966647547
