objID,ra,dec
96770239227121713,23.922790625538546,-9.357279490157879
