objID,ra,dec
108930235195747610,23.51958368,0.78096001
