objID,ra,dec
103720237797102368,23.77971236,-3.56503311
103720237794182380,23.779500864094594,-3.5650273488134903
