objID,ra,dec
107070237005701378,23.700595735661853,-0.77420403190742
