objID,ra,dec
108210230563059128,23.056336032530442,0.1822413172649145
