objID,ra,dec
107390236542664831,23.654371073521716,-0.5046959997715669
