objID,ra,dec
102760233847688789,23.38476268,-4.35970078
102760233844798889,23.384614626466394,-4.359727119198553
