objID,ra,dec
107980233284401980,23.32850149778392,-0.015362062063164882
