objID,ra,dec
102700233749980926,23.375065207271913,-4.416289203487057
