objID,ra,dec
103880235063624847,23.50640038192045,-3.429655148624067
