objID,ra,dec
107160239843490506,23.984347785109325,-0.7000228594127776
