objID,ra,dec
103610232964067514,23.296419728044746,-3.6524475061514114
