objID,ra,dec
101530236386171395,23.638614783181122,-5.39071292266461
