objID,ra,dec
95910233305413383,23.330534187082044,-10.07250082194093
95910233305683032,23.330702,-10.072664
