objID,ra,dec
108210232792363769,23.279287806816097,0.17777977112567994
