objID,ra,dec
108750237315986948,23.731605368478235,0.6304278524062306
