objID,ra,dec
108830230290497604,23.029017068737193,0.6975886262576999
