objID,ra,dec
106890230740793567,23.074064431757883,-0.9224034529309885
