objID,ra,dec
105240230462819435,23.046280890700174,-2.2924396675100818
