objID,ra,dec
98050237357670431,23.73581966,-8.29156347
98050237356900807,23.73570171029266,-8.291389108070307
