objID,ra,dec
107430235298137985,23.52978014,-0.46871818
107430235295888273,23.529625119793668,-0.4685367289554564
