objID,ra,dec
101550238797533970,23.87978020049574,-5.372070698135831
