objID,ra,dec
107000230812806553,23.081403881433403,-0.8282689998034218
