objID,ra,dec
108220237283544087,23.728442572936405,0.18633758022852698
