objID,ra,dec
105320232269513743,23.226973148364774,-2.230549373338393
