objID,ra,dec
107620236537339787,23.653755645813153,-0.308884952656202
