objID,ra,dec
98700238687680327,23.86877428,-7.75006411
98700238686150685,23.868672476566704,-7.749803246591835
