objID,ra,dec
102380234507315469,23.450821029988905,-4.679181866041989
102380234507515132,23.45074207,-4.67941733
