objID,ra,dec
100660231523427936,23.152358589917156,-6.110389186986484
