objID,ra,dec
108360238064142112,23.806427616342297,0.30142133784510083
