objID,ra,dec
108170230547373801,23.054832037656208,0.14445361011889643
