objID,ra,dec
102680234886094101,23.488877942834304,-4.4305555017335285
102680234890083796,23.488997211525575,-4.430612059565481
