objID,ra,dec
107580233589535326,23.35900032,-0.34622155
107580233588994991,23.358968156055802,-0.34622158860264246
