objID,ra,dec
103400233720226033,23.37204402980017,-3.8286950262608217
