objID,ra,dec
108490238692146846,23.86924538792143,0.4136910359790022
