objID,ra,dec
102490238456016941,23.84565871468476,-4.586344612849144
102490238455326507,23.8455592,-4.58662397
