objID,ra,dec
104180231839500768,23.183962119850197,-3.183071424586267
