objID,ra,dec
107220235250003033,23.52502420017232,-0.6478822426690424
