objID,ra,dec
104280232600787548,23.260100695204084,-3.0940719810645985
