objID,ra,dec
102700237470642541,23.747069370951287,-4.414906014504866
