objID,ra,dec
102420234997104901,23.499736613109647,-4.646322058802245
