objID,ra,dec
97520237302992813,23.730360469590252,-8.73127231651244
