objID,ra,dec
101900236574886802,23.657550318722667,-5.078030092656499
