objID,ra,dec
95200238632107646,23.86311389,-10.66059015
95200238628917503,23.8629388568789,-10.66072542711515
