objID,ra,dec
106910239089188335,23.908879391664488,-0.9017600600555645
