objID,ra,dec
109090233645897249,23.364548635696874,0.9140144785393239
109090233643397063,23.36432314,0.91386989
