objID,ra,dec
102480231864124700,23.18657369,-4.59646006
102480231866504372,23.18669232890169,-4.59670824892532
