objID,ra,dec
108410238318462870,23.831846857982825,0.34371385096778023
