objID,ra,dec
107450237518928895,23.75189637,-0.45127481
107450237515709059,23.751634720771072,-0.4511914355160245
