objID,ra,dec
109260231011903272,23.10120108181504,1.0523728336160967
109260231009893638,23.10106403,1.05256428
