objID,ra,dec
100130235316427577,23.531675852626428,-6.552302396850268
