objID,ra,dec
107050235727970946,23.57279851180209,-0.7913344200955795
