objID,ra,dec
106700235946953970,23.59472127011136,-1.0804048980640149
