objID,ra,dec
103420235999433674,23.599982354637977,-3.8138707262629565
