objID,ra,dec
99730230142509147,23.0142070563147,-6.884383091624965
