objID,ra,dec
107490238540764702,23.854179247088474,-0.4214187390668419
