objID,ra,dec
108020235010625380,23.501122660473982,0.020701645820164028
