objID,ra,dec
107520239776913787,23.97769593828071,-0.3972544880104623
