objID,ra,dec
104030234269218873,23.426983590997565,-3.3013442369802193
