objID,ra,dec
106980237596606524,23.75969905965077,-0.8449893428598261
