objID,ra,dec
99040235357100280,23.535727589817515,-7.466773615956501
