objID,ra,dec
95330230458126590,23.045821875688162,-10.553181386166095
