objID,ra,dec
108940236257132198,23.625777104636672,0.7848207322706868
