objID,ra,dec
102710238534758294,23.85351907351288,-4.401859270797872
