objID,ra,dec
99770238380814051,23.83818511397422,-6.8552753877036805
