objID,ra,dec
98010234900510901,23.490147827903787,-8.324603202929486
