objID,ra,dec
107270237455434833,23.7455873354853,-0.6046973318607005
