objID,ra,dec
101260231863086058,23.186539,-5.61213476
101260231866955882,23.186722485804932,-5.612137452314504
