objID,ra,dec
99190238830349014,23.883088327844888,-7.334482210176579
