objID,ra,dec
101170237301982792,23.73019915,-5.68965396
101170237299032567,23.72990965,-5.68985339
101170237298482953,23.729905515562006,-5.689532472795616
