objID,ra,dec
106890238899353409,23.889958445444083,-0.9225682787586854
