objID,ra,dec
99370237979325355,23.79794184,-7.1875674
99370237977105030,23.797799865666384,-7.187771065376899
