objID,ra,dec
107280232643338204,23.26437887294403,-0.5935299488300114
