objID,ra,dec
98330237091990675,23.7090835,-8.05816814
98330237089201196,23.709050205477947,-8.057833012045105
