objID,ra,dec
107940238260328687,23.82607102955112,-0.043160997233511585
