objID,ra,dec
107760238568914896,23.856937159205476,-0.19625960112720878
