objID,ra,dec
107920232735105514,23.27362190410163,-0.062480176226453736
