objID,ra,dec
104330233979560594,23.39799300753017,-3.0581841077019214
