objID,ra,dec
100420239165128932,23.91654128849758,-6.309633520525116
