objID,ra,dec
98750232944545310,23.29441833063297,-7.7042270026300494
