objID,ra,dec
107650237152159189,23.715269947682742,-0.2843752096971694
