objID,ra,dec
108400239295581900,23.929521509512988,0.3345682430196075
