objID,ra,dec
101670234048013162,23.404824763047944,-5.272903846006368
101670234047792766,23.40482245,-5.27297788
