objID,ra,dec
102480230789476612,23.07893953207315,-4.59486099378228
