objID,ra,dec
106790235055125709,23.505547294829988,-1.0039267888685084
