objID,ra,dec
106710239895852999,23.989655591817257,-1.0728924365913146
