objID,ra,dec
100170238355469736,23.83547092529819,-6.517224505130257
