objID,ra,dec
97990231396413907,23.13979430225625,-8.338866624675246
97990231400563595,23.139992,-8.338843
