objID,ra,dec
108650237385207976,23.73855117637517,0.548023957925007
