objID,ra,dec
105050232773231220,23.277358586376394,-2.457687524855897
