objID,ra,dec
106300238324564062,23.83246700449956,-1.4136293590612485
