objID,ra,dec
108270238633988650,23.86339706,0.23186016
