objID,ra,dec
102210236338578781,23.633894728330528,-4.8180230321434685
