objID,ra,dec
101120235048812933,23.504959822323997,-5.731197997949108
