objID,ra,dec
101440239105501225,23.910610961652157,-5.466005257460683
