objID,ra,dec
108890235243460094,23.524337895213378,0.7413224471364713
