objID,ra,dec
108370231985981830,23.198638929277905,0.30950001665498106
