objID,ra,dec
109240230774900876,23.07753909103763,1.03372252884508
