objID,ra,dec
106510232638152464,23.2638148046731,-1.2400281770169297
