objID,ra,dec
100310237140701266,23.714092014375197,-6.407590172118534
