objID,ra,dec
95160234017536130,23.401759909913885,-10.69525782792773
