objID,ra,dec
102400235493629653,23.54946463501769,-4.65893091536863
