objID,ra,dec
107270232449925406,23.24512121,-0.60415283
107270232453355543,23.24534933769121,-0.6040464714435455
