objID,ra,dec
106320237973219587,23.797323442898858,-1.39240146330058
