objID,ra,dec
102590233958567276,23.395916751501517,-4.502690378402343
