objID,ra,dec
95880231069460595,23.106948094985484,-10.099829808419635
