objID,ra,dec
105740232828665853,23.282846402385733,-1.8788710576514676
