objID,ra,dec
101700232688254202,23.268850014774245,-5.2468571766103445
