objID,ra,dec
105610231046752953,23.104675390177036,-1.989553777005327
