objID,ra,dec
108980231172413886,23.11740534605535,0.819540756142936
