objID,ra,dec
106530235634516510,23.563449986838894,-1.2199413112033806
