objID,ra,dec
108980233993907449,23.39938222640823,0.8225064867860956
