objID,ra,dec
103160239509497241,23.950975546866555,-4.027679817339128
