objID,ra,dec
101810239732067529,23.97319709588139,-5.152478115072989
101810239730227251,23.97299986,-5.15258711
