objID,ra,dec
104480238769793771,23.87703367694961,-2.9305812407552625
