objID,ra,dec
100850238899259847,23.890011317072915,-5.9504123936559585
