objID,ra,dec
100460238935729142,23.893603771818945,-6.276114676516634
