objID,ra,dec
104400233418572113,23.341867123647262,-2.9986305960110746
