objID,ra,dec
98240233568691312,23.35690579979295,-8.13263062822599
