objID,ra,dec
99650235340397994,23.534053442618625,-6.9519571341495165
