objID,ra,dec
107460237027689620,23.702723504395536,-0.44222260484105075
