objID,ra,dec
105860232336319988,23.233679868619074,-1.775364887730564
