objID,ra,dec
103160231497085932,23.149864047110437,-4.028768531929802
