objID,ra,dec
108610232316259369,23.23164053588378,0.5157421896732305
