objID,ra,dec
108880232546460408,23.254667260280904,0.7332968177979832
