objID,ra,dec
108090235631067468,23.56324934,0.08081954
108090235633977340,23.563289696434577,0.08061456668596675
