objID,ra,dec
104410230978487413,23.097672090846196,-2.9861869045739433
104410230975336992,23.09764152076495,-2.9861839755697583
