objID,ra,dec
102440236012903075,23.601278574582263,-4.631133775234647
