objID,ra,dec
107690236188095661,23.61886717,-0.25400075
107690236185575400,23.618628466733373,-0.25413562484377716
