objID,ra,dec
97850230687561814,23.068741268626628,-8.45715496362416
