objID,ra,dec
102440237013803155,23.70144166999342,-4.630944034814797
