objID,ra,dec
108760239282615091,23.92825503715802,0.6372222228868795
