objID,ra,dec
99070230066934141,23.00678303232459,-7.438573656227144
