objID,ra,dec
107100232136164035,23.213600171956283,-0.7469262676973143
107100232135074492,23.213553767584447,-0.7467445483646816
