objID,ra,dec
106640233559584510,23.35602073919696,-1.1299428919837458
