objID,ra,dec
104960238964270567,23.896506262602234,-2.533268828048652
