objID,ra,dec
106010237121091162,23.712071452340982,-1.6577263299864449
