objID,ra,dec
105680235555081486,23.555498694622905,-1.9324490110284822
