objID,ra,dec
105020233305556701,23.33060696309848,-2.4780990168305266
