objID,ra,dec
106760232576049594,23.25767444443845,-1.0257405049608581
