objID,ra,dec
100810234484842929,23.448448388712865,-5.989573773765167
