objID,ra,dec
102480233598397556,23.359853911824974,-4.594063183333422
