objID,ra,dec
107840239635823013,23.963545989605976,-0.13111039403742464
