objID,ra,dec
97860231739348691,23.173934902590528,-8.443166966640078
97860231737028438,23.17371166,-8.44329524
