objID,ra,dec
103550232868845922,23.286794521795084,-3.7037831277699937
