objID,ra,dec
103120234125164996,23.41255743,-4.06295065
