objID,ra,dec
106180232061359345,23.206137820470495,-1.5092281108482517
