objID,ra,dec
104170238527827878,23.852754461992564,-3.1856258344021926
