objID,ra,dec
107180238348563980,23.83492280585563,-0.6804100316293542
