objID,ra,dec
107140231223144641,23.122359806878062,-0.7132161896643465
