objID,ra,dec
103520235555356460,23.555544309273092,-3.728345163247724
