objID,ra,dec
107030234847022982,23.484739509278285,-0.8062669410675389
