objID,ra,dec
107440239564768082,23.956485009885892,-0.4602955222389177
