objID,ra,dec
107260239670936783,23.967072845957098,-0.6114143189847819
