objID,ra,dec
109010230706544593,23.070712695213764,0.8450905839012125
