objID,ra,dec
105180233375111119,23.337460902718252,-2.349416540519038
