objID,ra,dec
109150234046726438,23.40468863545837,0.9632722526811786
