objID,ra,dec
102000234047790886,23.404814882214847,-4.9996080881682765
