objID,ra,dec
102120236173524294,23.61744517008183,-4.896729108318489
