objID,ra,dec
107640238311460586,23.83117934413333,-0.2999299304506278
