objID,ra,dec
108810232752861200,23.275281661580006,0.6756582405443767
