objID,ra,dec
104550234319515353,23.431984430655728,-2.870917360151927
