objID,ra,dec
108870237240883992,23.72411484,0.72797926
108870237242493677,23.72428019,0.72771099
