objID,ra,dec
104310238393950367,23.839413874768336,-3.075050224320792
