objID,ra,dec
98840238914677753,23.89152222506718,-7.627191893776988
