objID,ra,dec
107410237642819680,23.7643268162641,-0.48398060211822375
