objID,ra,dec
102530235484887201,23.54853201189738,-4.552736507851969
