objID,ra,dec
101350238662861356,23.866343569131562,-5.540868727777111
