objID,ra,dec
102490233174088568,23.317506866141763,-4.584880580829567
