objID,ra,dec
103690238740785323,23.874137729334258,-3.5875904447378986
