objID,ra,dec
96200233920379133,23.392075114243276,-9.826073380749364
