objID,ra,dec
107950237777977690,23.77788783711219,-0.035625359992425644
