objID,ra,dec
107930236602066115,23.66026677649538,-0.053611115967363204
