objID,ra,dec
95960235985498978,23.598566503990895,-10.026201676659419
