objID,ra,dec
105310234555860772,23.45553802807101,-2.2413840054546696
