objID,ra,dec
101290230759124702,23.07592778612577,-5.588137646895884
