objID,ra,dec
104200234975799752,23.497604303198248,-3.158928413866004
