objID,ra,dec
107760236780644698,23.678050794241877,-0.19646387994233316
