objID,ra,dec
98520230797025120,23.079713373081596,-7.896072451328639
