objID,ra,dec
107210233242402452,23.324270342773204,-0.6566766295680112
