objID,ra,dec
108100238798246011,23.879795636768225,0.08787902448011754
