objID,ra,dec
100920236888543252,23.688811509543054,-5.8976013907540645
