objID,ra,dec
105350230381480762,23.03816763471065,-2.208089917161647
