objID,ra,dec
107020239933996309,23.993346207602716,-0.8117888749993447
