objID,ra,dec
95710230420118788,23.042026509966686,-10.234692488084908
