objID,ra,dec
109010233456428921,23.34565127379932,0.8486513731451679
