objID,ra,dec
101700236472373400,23.647301900711618,-5.247510270078202
