objID,ra,dec
104240237096011001,23.70964762539333,-3.132873054638051
