objID,ra,dec
101570233023148123,23.30239881061551,-5.351925715135171
