objID,ra,dec
99050237790495241,23.77912047347573,-7.454250617327612
