objID,ra,dec
106550237256614223,23.72555771,-1.20512379
