objID,ra,dec
100230233886154274,23.388674564608625,-6.471797753911467
