objID,ra,dec
104400237137151034,23.71377140660829,-2.999511851096838
