objID,ra,dec
102580236772742787,23.67731057124098,-4.514722443097993
