objID,ra,dec
109310231499791646,23.150069802682882,1.0925756997052316
