objID,ra,dec
106010238930062843,23.893043624811327,-1.65638079858589
