objID,ra,dec
98860239189906486,23.91902378040356,-7.611596029017413
