objID,ra,dec
108540230359029178,23.035971321854333,0.45725532439768474
