objID,ra,dec
107460231468167777,23.146841907112584,-0.4439141756968411
