objID,ra,dec
104270231857966077,23.185693190104423,-3.103578717103875
