objID,ra,dec
99210230243331173,23.024351759491175,-7.32437973195425
