objID,ra,dec
102500236022665847,23.602284371687887,-4.578840611965313
