objID,ra,dec
108730239209838056,23.92098256352635,0.6147047439991745
