objID,ra,dec
107240239445659740,23.94463914493193,-0.6256058737172787
