objID,ra,dec
99220230722344811,23.0722388486112,-7.313015134401696
