objID,ra,dec
107420232161808600,23.216295843590274,-0.4765459023828216
107420232163878350,23.21626187,-0.47656168
