objID,ra,dec
102270236700236131,23.670079019338733,-4.770251947221621
