objID,ra,dec
101870235900400718,23.590095420135036,-5.108160564381548
