objID,ra,dec
107120238446502363,23.844630835884278,-0.731680055392393
