objID,ra,dec
108860233304841488,23.330462132256677,0.7175250948060007
