objID,ra,dec
107580239898623162,23.989874927477423,-0.34770291525883673
