objID,ra,dec
101290239558052211,23.955833526510897,-5.5901633372721085
