objID,ra,dec
108550231857110129,23.185771338876833,0.45807072268328125
