objID,ra,dec
108700237197609290,23.71979112,0.59077267
