objID,ra,dec
107310232578511063,23.257840952761324,-0.5744525001076464
