objID,ra,dec
102150231951840270,23.19521861,-4.8754107
102140231951509933,23.19518593679142,-4.875413729750023
