objID,ra,dec
107060239392542049,23.93923374710162,-0.7820042358770009
