objID,ra,dec
108060235469659598,23.547021379629506,0.05765320052111474
