objID,ra,dec
97980233434300989,23.34345447100685,-8.349486765959194
