objID,ra,dec
97070238724355362,23.872429710228587,-9.104216039093036
