objID,ra,dec
103000230464738845,23.04648940233627,-4.159674574826129
