objID,ra,dec
105750244083939700,24.408485863500875,-1.8672612727754179
