objID,ra,dec
99310240936812162,24.09357367281576,-7.240267409113531
99310240935341814,24.09349842620957,-7.240445125749674
99310240935021448,24.0935025,-7.24053585
