objID,ra,dec
104680243248518780,24.324840491923286,-2.7596555612431963
