objID,ra,dec
104110242327923189,24.23284106,-3.23936727
104110242324813114,24.23265380408155,-3.239581697923134
