objID,ra,dec
102640246943996816,24.69444665732103,-4.461325254606967
