objID,ra,dec
108190243559268476,24.35604957652499,0.16496422554280082
