objID,ra,dec
108400247609103383,24.76097459,0.3357646
