objID,ra,dec
102770247743509172,24.7744184290855,-4.351033254364052
