objID,ra,dec
104590246546724929,24.65475186469448,-2.8379186901198223
