objID,ra,dec
106590241615376675,24.161561551584082,-1.1698214432197052
