objID,ra,dec
103760247158296179,24.71592313627338,-3.5284899447800515
