objID,ra,dec
100260246146586047,24.614680539029937,-6.445280951453795
