objID,ra,dec
100230241669399501,24.166913647500106,-6.467256726087876
100230241667589990,24.166848,-6.46700979
