objID,ra,dec
98950240978329154,24.09783484273536,-7.534335873699535
