objID,ra,dec
107520249052671895,24.905257071904384,-0.3988039723172147
