objID,ra,dec
105380240108818853,24.010936646704476,-2.1763743726350575
