objID,ra,dec
99640241160196857,24.116021944344652,-6.961336995267009
