objID,ra,dec
100780247399338594,24.739933248482945,-6.0098033990445545
