objID,ra,dec
106950247861957774,24.786237614236136,-0.8688813007911017
