objID,ra,dec
96480248368731702,24.83692171633322,-9.598910144017244
