objID,ra,dec
102660242516118011,24.25161569,-4.44365519
102660242513438125,24.251440184992827,-4.443485508092177
102660242512587785,24.25133762,-4.44367778
