objID,ra,dec
104260244745533531,24.474518066014888,-3.114072387064955
