objID,ra,dec
104280240750884096,24.075246910009323,-3.0970047756139913
