objID,ra,dec
106370245387965295,24.53883043577475,-1.3543426930596636
