objID,ra,dec
103280241364740117,24.13650644524841,-3.9336258510960587
