objID,ra,dec
108270242986030560,24.29875052208089,0.22515478144148982
