objID,ra,dec
101700241909565485,24.190939130400533,-5.245792217222893
