objID,ra,dec
104770248207368933,24.82075783202077,-2.6845668144875803
