objID,ra,dec
106570240317582280,24.03178028477985,-1.19014768098285
