objID,ra,dec
102490243783832297,24.378442090178076,-4.590122239163195
