objID,ra,dec
107430241330368124,24.133089284186475,-0.46857966978473015
