objID,ra,dec
100150245075253793,24.50760268814439,-6.5388579875763755
