objID,ra,dec
107000247222428171,24.722254094026507,-0.8268878085004077
