objID,ra,dec
108110241696397123,24.16976066,0.09719585
