objID,ra,dec
105130245774607443,24.577525408706844,-2.3858248900337458
