objID,ra,dec
99670243494680349,24.34954304213129,-6.941762234233686
