objID,ra,dec
106760247016124787,24.70164396848093,-1.0297278670968264
