objID,ra,dec
102250243373052186,24.33734293433468,-4.790221763482308
