objID,ra,dec
96630244237655964,24.42383391905291,-9.47038750085567
