objID,ra,dec
98170249108450675,24.910880259117253,-8.19139594374993
