objID,ra,dec
105800242229351933,24.223014225725528,-1.8321019871070419
