objID,ra,dec
97820245993933556,24.599406,-8.480562
97820245995683866,24.599595262940056,-8.48046823869809
