objID,ra,dec
107410248365389978,24.83664219,-0.48407911
107410248366699339,24.836646153460144,-0.48410090797486865
