objID,ra,dec
106700241012505066,24.101261708114833,-1.079490531389306
