objID,ra,dec
96850240793502410,24.07935015,-9.28998065
96850240793472256,24.07934726,-9.29010886
96850240792302026,24.07923033,-9.29030107
96850240791562431,24.079174,-9.289951
96850240791502326,24.079205303237885,-9.29004575302647
96850240791232027,24.07912326,-9.29030021
96850240791132430,24.07911326,-9.28996371
96850240791122314,24.07911273,-9.29006095
96850240790392296,24.07903936,-9.29007597
96850240790212405,24.07902154,-9.28998484
