objID,ra,dec
103590247628469582,24.76284798,-3.66735652
103590247625219746,24.762600192577636,-3.6672740889822433
