objID,ra,dec
106200247776686993,24.77766779711852,-1.494686132857608
