objID,ra,dec
107240243093550433,24.30937664643554,-0.6333377213248274
