objID,ra,dec
102610243014154878,24.30143288,-4.48795352
