objID,ra,dec
108910240488577975,24.04881938039474,0.764653136811084
