objID,ra,dec
108850242219895877,24.222074249382562,0.7128335930069439
