objID,ra,dec
96710248536759031,24.853674979682545,-9.401174220481133
