objID,ra,dec
98240242211166431,24.22109732752762,-8.12819187793711
