objID,ra,dec
106910246290360369,24.629079438697325,-0.908391524043909
