objID,ra,dec
102930241896742886,24.189712781759393,-4.222908211649259
