objID,ra,dec
102310243621078505,24.36216731880859,-4.734991517950397
