objID,ra,dec
107930241651781929,24.165244566650582,-0.05706694360281411
