objID,ra,dec
97840249321695750,24.932212872631517,-8.46219171700522
