objID,ra,dec
103620248141489365,24.814211139837415,-3.6425622127913733
