objID,ra,dec
106130248018170088,24.801774245904856,-1.5586164686813246
106120248015809806,24.80153039,-1.55887846
