objID,ra,dec
105230246434237116,24.6435395201711,-2.3027987126114033
