objID,ra,dec
98970249446879141,24.944688366067048,-7.517718851989609
