objID,ra,dec
98800246489286537,24.648980261281316,-7.661556245025423
