objID,ra,dec
107810249453848593,24.945415658793042,-0.1516021211729814
