objID,ra,dec
103560247923610238,24.792550015107068,-3.7001795495732037
