objID,ra,dec
106610241017034040,24.101705335100167,-1.1553820594962683
