objID,ra,dec
103660247929861286,24.79304786468827,-3.6159642846418785
