objID,ra,dec
103570245228428360,24.522866459695134,-3.6850748245443703
