objID,ra,dec
105760247299261024,24.729955096693775,-1.8661560864198605
