objID,ra,dec
102680248936173125,24.89361265298401,-4.431081752973624
