objID,ra,dec
96560245527704570,24.552818849968915,-9.529910666353013
