objID,ra,dec
100510248917235583,24.891716193499263,-6.237328071551869
