objID,ra,dec
102190244288389624,24.42900028153115,-4.834009820470338
102190244291589662,24.429038370601027,-4.834024685901015
