objID,ra,dec
95810247944972686,24.79454989487238,-10.156459401576456
