objID,ra,dec
96170244641829469,24.464219184799806,-9.850813410731648
