objID,ra,dec
101400241948654550,24.194833455047007,-5.496553945128501
