objID,ra,dec
98850246923181534,24.692444765435514,-7.624140600788661
