objID,ra,dec
103910249163675687,24.91653638443059,-3.4040610510343745
