objID,ra,dec
104170244573120135,24.457314825224216,-3.1919432545536592
