objID,ra,dec
104270249150192863,24.91506618,-3.10634702
104270249147963110,24.91488692232253,-3.1061307310138218
