objID,ra,dec
102490244176378258,24.41765686752125,-4.585136001441132
