objID,ra,dec
96440243165307070,24.316672905567103,-9.627758540586013
