objID,ra,dec
102160247093252506,24.70926683676884,-4.865004686454854
102160247090472470,24.70920111940295,-4.86502551952646
