objID,ra,dec
106260249388740656,24.93888028479831,-1.4498792307248691
