objID,ra,dec
107740249144056541,24.914404373118643,-0.2115766012752974
