objID,ra,dec
105780244966112736,24.496612291856312,-1.848149784539655
