objID,ra,dec
104300241245816641,24.12463832641534,-3.0781574342916747
