objID,ra,dec
106860246857135901,24.685753825907785,-0.9454684301529724
