objID,ra,dec
107710244520674635,24.45210992,-0.23820821
107710244520034302,24.452078241141248,-0.238446709461741
