objID,ra,dec
108570243963091957,24.396348507145824,0.4763015734010713
