objID,ra,dec
103540240359287477,24.03594073,-3.71077164
103540240356417404,24.03569324729813,-3.7108369801066043
