objID,ra,dec
103190241962149634,24.196277334219616,-4.000689992773439
