objID,ra,dec
107630244519704390,24.4519535,-0.30512588
107630244517834071,24.451817220257567,-0.3053036441171252
