objID,ra,dec
102220241948677262,24.194894267935215,-4.81102350462103
