objID,ra,dec
107830243599951136,24.360145668046023,-0.14121759811444562
107830243600330794,24.36010977733255,-0.14130147751507713
