objID,ra,dec
107170241675657757,24.16759854,-0.6855824
