objID,ra,dec
104670241922727631,24.192285200939935,-2.7689506422149064
