objID,ra,dec
107080247694692621,24.76949179065259,-0.764859649095381
