objID,ra,dec
97390244693997263,24.46942070716768,-8.835936995946323
