objID,ra,dec
103040244884038614,24.488460604584052,-4.126571709610732
