objID,ra,dec
97090247712748084,24.77120716739744,-9.085244727271798
