objID,ra,dec
105260245874993772,24.587556203544203,-2.280605044830496
