objID,ra,dec
102980246503291070,24.65042875400748,-4.182793648455193
102980246501510799,24.65022333,-4.18301637
