objID,ra,dec
108200243201546589,24.320217303966896,0.17187845643517263
