objID,ra,dec
102670248758689341,24.875833154137887,-4.434248860265474
102670248758018887,24.8759077,-4.43453822
