objID,ra,dec
104560246861994234,24.686203606307476,-2.863488490256992
