objID,ra,dec
95310243851410788,24.385184063112703,-10.574663986421985
