objID,ra,dec
107890249491298416,24.949147079596948,-0.08508668177087972
107890249491868030,24.94919254,-0.08532756
