objID,ra,dec
106640247092280346,24.709234230077364,-1.1333175545145282
