objID,ra,dec
108410247861589810,24.78616498428474,0.3494611458513017
