objID,ra,dec
102430249688645018,24.96885109053217,-4.637860829641177
