objID,ra,dec
108120244667910816,24.46684697,0.10033604
108120244670880635,24.46711623931309,0.10020327616940396
