objID,ra,dec
104230248584164988,24.8585928301957,-3.137876113722992
