objID,ra,dec
107150249702556345,24.970285036333905,-0.7034238775537404
