objID,ra,dec
107840240448176407,24.0448180941181,-0.12832267411144274
