objID,ra,dec
105390242048237182,24.204911404216265,-2.169381002517824
