objID,ra,dec
107140248452218710,24.84531168,-0.70972809
