objID,ra,dec
106130247610116227,24.76106557,-1.55331198
106130247612536515,24.761300566118884,-1.553289346766072
