objID,ra,dec
107290244891419431,24.4891604,-0.58420165
107290244894669297,24.48943440922781,-0.5843088405037079
