objID,ra,dec
107960245523786956,24.552456119303727,-0.02793640309461214
