objID,ra,dec
106390248141979824,24.814221642638646,-1.333872990253833
