objID,ra,dec
108730243338889818,24.333901237114993,0.6161157645999551
