objID,ra,dec
106590245120324342,24.512051289510154,-1.1717741224756333
