objID,ra,dec
96670243407188984,24.340735028171252,-9.434509858122757
