objID,ra,dec
101760243995554879,24.39954695073631,-5.196321107993049
