objID,ra,dec
104500244049571692,24.404903691662145,-2.9156700871746586
