objID,ra,dec
108340241796106060,24.179776201184662,0.2880788453227887
