objID,ra,dec
106990247961814545,24.796195216935995,-0.8382589286057403
