objID,ra,dec
108110241185344124,24.11860506350057,0.09477130681655728
