objID,ra,dec
98470249673057513,24.967338687194093,-7.935669013712101
