objID,ra,dec
102290248216818108,24.82174405591217,-4.7518748426099
