objID,ra,dec
99810240158619324,24.015852195009465,-6.817551427728856
