objID,ra,dec
103610248449827611,24.84499764342358,-3.652363162522149
