objID,ra,dec
100130245824761843,24.582514947774506,-6.557169010971144
