objID,ra,dec
95600247117692106,24.71179868737685,-10.331941511418904
