objID,ra,dec
108630240582520668,24.058258072179765,0.525193112893777
