objID,ra,dec
104310248938675440,24.893922435706504,-3.0708620889889597
