objID,ra,dec
103340249953716980,24.99538095333663,-3.877831355518866
