objID,ra,dec
107600245747361428,24.57473077623701,-0.33255331912008235
