objID,ra,dec
98620249471148560,24.947127249935487,-7.809837255536641
