objID,ra,dec
104740248250295973,24.825029325949426,-2.7120752988039327
