objID,ra,dec
99470247520840012,24.75209137233189,-7.108601767399752
