objID,ra,dec
106350248752999752,24.875276127659536,-1.3673099924890622
106350248752249402,24.87521762,-1.36756843
