objID,ra,dec
100130248568944706,24.856919675546084,-6.554829236435691
100130248565834490,24.85662234,-6.55493642
