objID,ra,dec
101230243801631694,24.38024288961253,-5.640606864629349
