objID,ra,dec
96060240258132844,24.025870225360176,-9.94791041052678
