objID,ra,dec
106970247697694946,24.769880850107516,-0.8544855527153903
