objID,ra,dec
98990244886390239,24.488706305483507,-7.508483842448085
