objID,ra,dec
100180245085515790,24.50846889,-6.51201422
100180245082526114,24.50830781979133,-6.511894990966365
