objID,ra,dec
100230247241371792,24.724174027284214,-6.473847896040003
