objID,ra,dec
107230249541402248,24.95412660848347,-0.6401431298737329
