objID,ra,dec
106280247162085541,24.716319696589565,-1.4292089527286858
