objID,ra,dec
104160248547353365,24.854814101898707,-3.1975281151910937
