objID,ra,dec
108060245706026641,24.570638374468274,0.055143308335670896
