objID,ra,dec
98970241787963992,24.178749322528205,-7.522048909490873
