objID,ra,dec
108310244920757803,24.49207819,0.26447572
