objID,ra,dec
108010247482213519,24.74830578,0.01083663
108010247485153657,24.74848842610963,0.011004298189853353
