objID,ra,dec
106770240391664043,24.039191703159137,-1.0220262152923762
