objID,ra,dec
99470246589987039,24.659134137042305,-7.102803160773156
