objID,ra,dec
108510246459110098,24.6460127469769,0.42476937699963746
