objID,ra,dec
103640248107370944,24.81077731925765,-3.6329097697112354
