objID,ra,dec
108310243660819069,24.366096103467044,0.2655352120132198
