objID,ra,dec
107550240138882798,24.013943367185554,-0.3730167752413698
