objID,ra,dec
97800241686493310,24.168632352401957,-8.497583672854764
