objID,ra,dec
101420243104607259,24.310423548651645,-5.477646193919964
