objID,ra,dec
101300242865310368,24.286513866990894,-5.583371049558649
