objID,ra,dec
103790245733644740,24.5735056995458,-3.504765664963871
