objID,ra,dec
106380245586459263,24.55870541653939,-1.3426875029685439
