objID,ra,dec
107390248623600440,24.86242867953563,-0.508377216285338
