objID,ra,dec
106540249729436607,24.972925398159084,-1.211549314798138
