objID,ra,dec
107500244275816496,24.42755343022644,-0.41156687399047115
