objID,ra,dec
101000248801864456,24.880151581099323,-5.82998316828024
