objID,ra,dec
108030246338840606,24.63402699683615,0.025125334515809113
