objID,ra,dec
107940249273160222,24.927311905239655,-0.050207710828276964
