objID,ra,dec
107220248569720968,24.85699822993242,-0.6495756274199693
