objID,ra,dec
105590249938949891,24.993927511729908,-2.000464502668522
