objID,ra,dec
101500243890897385,24.389137650580253,-5.410863112842289
