objID,ra,dec
105240246860329580,24.686086330774785,-2.292350113579668
