objID,ra,dec
108460243356607800,24.33564667112058,0.3894634253024172
