objID,ra,dec
107730248836119275,24.883627129155933,-0.21767341601196127
107730248837058944,24.88370895,-0.21790444
