objID,ra,dec
107760244437185139,24.443775663104375,-0.1961275415464257
