objID,ra,dec
107180242905727052,24.290624724957905,-0.6776598528789598
