objID,ra,dec
98080249175626678,24.91748931093792,-8.261431070704505
98080249173096474,24.91744088222689,-8.261424255317994
