objID,ra,dec
103640247100054624,24.71009802973231,-3.629832360937957
