objID,ra,dec
108550245793663546,24.579309154478842,0.46093139683783585
