objID,ra,dec
99140245598415964,24.55990877887425,-7.378742122999622
