objID,ra,dec
95530242042458107,24.204172551615056,-10.385174875564765
