objID,ra,dec
105350246515189216,24.651599913140473,-2.2010551011193042
