objID,ra,dec
107620249955758620,24.99559409269708,-0.3098770621107404
