objID,ra,dec
102630249000062578,24.899984535853985,-4.47324039824441
