objID,ra,dec
105490249739394014,24.973963350175453,-2.088673355713766
