objID,ra,dec
106900243693415641,24.36932956,-0.91233847
106900243693044987,24.36923722,-0.91274184
106900243691405361,24.369150371068557,-0.9125546400760078
