objID,ra,dec
106260248983603058,24.898381772831854,-1.4478899522516777
