objID,ra,dec
108050241500449236,24.150153411056902,0.049087184634095345
