objID,ra,dec
99910246251440870,24.625211782411395,-6.741328410435967
