objID,ra,dec
104900240713431219,24.071373890817394,-2.5826787566398597
