objID,ra,dec
95970241500174402,24.15004506504101,-10.021657871120384
