objID,ra,dec
101010243268997933,24.32691345,-5.81872937
101010243265847975,24.326652062023427,-5.818733787285327
