objID,ra,dec
103050242189497129,24.21904234673622,-4.119439067763685
