objID,ra,dec
107930249224534813,24.92246376172164,-0.05467613402839494
