objID,ra,dec
104070248828025513,24.882794992868998,-3.2707404636274817
