objID,ra,dec
102710244122264234,24.412219407906495,-4.405173110298443
