objID,ra,dec
96560248911522996,24.891113235363285,-9.531214579934803
