objID,ra,dec
100200243181109753,24.31812071767552,-6.492260709544128
