objID,ra,dec
95230243051933848,24.305241094056143,-10.638695604534846
