objID,ra,dec
106100249646311990,24.96463669409009,-1.5820990461266768
