objID,ra,dec
99070244658973889,24.4660252308948,-7.438829902555095
