objID,ra,dec
108240241826436762,24.182620113433927,0.20538069659524757
