objID,ra,dec
107610247791320547,24.77921578792434,-0.3249484018750121
