objID,ra,dec
103220246604535839,24.66046522,-3.97881967
103220246600295782,24.660179584592612,-3.978903332455827
