objID,ra,dec
106590248455225754,24.845502069774028,-1.1705747323032898
