objID,ra,dec
102380244239646757,24.424034294964102,-4.67804972983693
