objID,ra,dec
97890249137108151,24.913746491623524,-8.418521196304253
