objID,ra,dec
107080243878275232,24.38788426843185,-0.7625992344619967
