objID,ra,dec
99020247586183992,24.758605218536367,-7.4803598354393355
