objID,ra,dec
105420246025007958,24.602527024415316,-2.1437522493960164
