objID,ra,dec
103600248473702067,24.847328581543604,-3.6652769128596896
