objID,ra,dec
97160243152669514,24.315294415999716,-9.025703039037872
