objID,ra,dec
100180240808505974,24.08090770086288,-6.5119244786214425
