objID,ra,dec
104080240244146357,24.02448044205747,-3.2617306864587365
