objID,ra,dec
100190244370398605,24.437025895264785,-6.501537657878558
