objID,ra,dec
103760249326148586,24.932820465510204,-3.5265064841676304
103760249328888697,24.93291605,-3.52646368
