objID,ra,dec
102620241476012550,24.147600597363002,-4.481541134389128
