objID,ra,dec
102030242338496094,24.233870089744457,-4.970294983038954
