objID,ra,dec
103050242199813905,24.220019231380842,-4.122112536321193
