objID,ra,dec
107890242378963497,24.237931215837694,-0.08914794120278034
