objID,ra,dec
102740249606711781,24.96068005920411,-4.382192897228187
