objID,ra,dec
106770249467461420,24.946669018219456,-1.0242389192917483
