objID,ra,dec
97730242107982892,24.21082615257458,-8.556279043203121
