objID,ra,dec
103760243929667216,24.39289494510472,-3.5276876804847865
