objID,ra,dec
101720247454367443,24.74547478624424,-5.227486866642075
