objID,ra,dec
106120245151862482,24.51520390273797,-1.5650085304431949
