objID,ra,dec
108140242800623318,24.28011577994973,0.11912196652035568
