objID,ra,dec
95250245592498335,24.559302166227614,-10.61832480059002
