objID,ra,dec
97090242367393242,24.23676399998294,-9.089241198967501
