objID,ra,dec
104540243643540930,24.36434979,-2.88289567
