objID,ra,dec
106630244283322298,24.428373295895828,-1.1401873848938755
