objID,ra,dec
104600248382239535,24.838193012792267,-2.8256955553249
