objID,ra,dec
103150242163679407,24.216381781365342,-4.034194057599671
