objID,ra,dec
106550246816651784,24.68167210248391,-1.2072439254635632
