objID,ra,dec
102470242121299769,24.212153119009702,-4.600459735087082
