objID,ra,dec
105120246963987844,24.696350521346194,-2.3937276154697678
