objID,ra,dec
106090249177187207,24.917718947316565,-1.5860514275672437
