objID,ra,dec
102650245359108512,24.535953606287322,-4.451602547475642
