objID,ra,dec
106700247438365010,24.743857856506356,-1.0795167995064503
