objID,ra,dec
106750241236332796,24.1236706118833,-1.039736319447067
