objID,ra,dec
101820243159216968,24.31599243790457,-5.144565608351646
