objID,ra,dec
100200247721430988,24.772137472453444,-6.499538297581874
