objID,ra,dec
98340240939461591,24.09389183,-8.04894006
98340240936301578,24.093624262262196,-8.048966962475326
