objID,ra,dec
103890243586166694,24.35857179445804,-3.4197351239857032
