objID,ra,dec
97360245573170416,24.557369364635324,-8.866659347412202
