objID,ra,dec
107270246049132549,24.60489602767834,-0.6066553142084623
