objID,ra,dec
106730248098684991,24.8099111036788,-1.0545555797128336
