objID,ra,dec
108650247217297261,24.721756668120463,0.547357032207547
