objID,ra,dec
102800241532643117,24.153241384533562,-4.331028446622994
