objID,ra,dec
107020240249575083,24.024965610720084,-0.8127741090863468
