objID,ra,dec
104590247496864162,24.749839650228296,-2.8385188112230133
