objID,ra,dec
108320248717208048,24.87175085,0.27298467
