objID,ra,dec
106150248890980914,24.8890619168499,-1.541295171907401
