objID,ra,dec
102300243964172375,24.39645873,-4.74836954
102300243962162614,24.396245194065337,-4.748199278663271
