objID,ra,dec
108060242371782031,24.23718076,0.05134767
108060242368861886,24.23694301273753,0.05129318374773936
