objID,ra,dec
105990246186166191,24.618740216485474,-1.6703004584211971
