objID,ra,dec
102280247427588971,24.742791737091594,-4.7594589945534285
