objID,ra,dec
108600240493671871,24.049412561525358,0.5012069295592354
