objID,ra,dec
97950243405036116,24.340568305268366,-8.37021607956037
