objID,ra,dec
104220249186469340,24.918707696730625,-3.1426010753126308
