objID,ra,dec
102500242415682967,24.24157971321681,-4.581200945159898
