objID,ra,dec
108750241304760225,24.130373,0.624966
108750241304030596,24.130445365569482,0.6251825615042123
