objID,ra,dec
107600245361248398,24.536023431801297,-0.32686651139758205
107600245359228109,24.53591328428623,-0.32696417284896995
