objID,ra,dec
96120241897542173,24.189871445147173,-9.898567339778438
