objID,ra,dec
99700241092086296,24.109214641052187,-6.911807370120762
