objID,ra,dec
106210241278678184,24.127951871808005,-1.485142382599866
