objID,ra,dec
99920241893052173,24.1893832376829,-6.7319051617092205
