objID,ra,dec
101090244794106723,24.47939607,-5.75303514
101090244791016636,24.479128293886514,-5.7531394784783965
