objID,ra,dec
102530247645657309,24.76460514292782,-4.552640749163276
