objID,ra,dec
102610246235719034,24.62359339436456,-4.4845153324051985
