objID,ra,dec
107900245622699040,24.56235974,-0.07621372
