objID,ra,dec
104110244181963433,24.418194678111103,-3.239199993997132
