objID,ra,dec
105380246002085129,24.600148748005008,-2.1795935859165954
