objID,ra,dec
102740244242221794,24.424214480244448,-4.382228892549325
