objID,ra,dec
105840249138791369,24.913886502122033,-1.7992868783574296
