objID,ra,dec
100760248126559239,24.812612088341712,-6.025978018577832
