objID,ra,dec
108250241927390706,24.19278221915807,0.20863873930654458
