objID,ra,dec
98720249559261713,24.95592977995416,-7.732230777834865
