objID,ra,dec
107910247323959622,24.73230809601626,-0.06748672618827861
