objID,ra,dec
101630242977900194,24.297804619072515,-5.308542199287025
101630242977310524,24.29778932,-5.30839547
