objID,ra,dec
105760245574356077,24.557441078877634,-1.8620103997233164
105760245572296373,24.557349068967394,-1.8617865225167
