objID,ra,dec
102260247775891095,24.7775569364412,-4.7827748426295935
