objID,ra,dec
95660246915522416,24.691590437160464,-10.281623815434235
