objID,ra,dec
108330241263416935,24.126462811617905,0.28050409623033634
