objID,ra,dec
106700245139375183,24.513958669724293,-1.0794601602715879
