objID,ra,dec
107590245297328552,24.52975541571075,-0.3350023696097042
