objID,ra,dec
101330240856893318,24.0856411166203,-5.555880104834296
