objID,ra,dec
106970247482897494,24.74832983216578,-0.8524774218767227
