objID,ra,dec
106190249638756497,24.96391608,-1.50339752
