objID,ra,dec
105200241227951648,24.122871885297705,-2.3322696792757887
