objID,ra,dec
104750249406348023,24.94059626896473,-2.701978169961318
