objID,ra,dec
107530243900984554,24.39016729452083,-0.3882563654352866
