objID,ra,dec
97520245277497744,24.52777587415362,-8.727231501140242
