objID,ra,dec
106800245627544490,24.56278216221399,-0.9966111061389816
