objID,ra,dec
100930245295965555,24.52958727855442,-5.887343498973364
