objID,ra,dec
107170245225765510,24.522590937976236,-0.6875081490198799
