objID,ra,dec
96860243678726962,24.367907898917874,-9.27784095640725
