objID,ra,dec
108530249335500908,24.93357037284473,0.44202414508012355
