objID,ra,dec
104560242095608378,24.209516196672492,-2.860051553806433
