objID,ra,dec
106810247625037486,24.76254147919081,-0.9857715104931801
106810247626437831,24.76265198,-0.98549288
