objID,ra,dec
104430245489184616,24.54894450615193,-2.971488752301251
