objID,ra,dec
106520245836385498,24.58363146568123,-1.2291391827616123
