objID,ra,dec
108400242965007530,24.296547064525733,0.3391859488118081
