objID,ra,dec
98480249812877551,24.981299063420817,-7.927299909855162
