objID,ra,dec
102260248907579124,24.89074346799246,-4.776068691206513
