objID,ra,dec
102180240001927759,24.000208485269173,-4.843884964423354
102180239998887857,24.00002323,-4.84382308
