objID,ra,dec
106770242113555212,24.211431780388118,-1.0208780071382018
106770242115455530,24.21157227,-1.02075223
