objID,ra,dec
98910242715364609,24.271665294565622,-7.571571852620163
98910242717894423,24.27167717794482,-7.571576202861073
