objID,ra,dec
103270246266683550,24.62673962,-3.93908955
