objID,ra,dec
105800247506392192,24.750598462413105,-1.831966940264302
105800247504621888,24.75052333,-1.8321703
