objID,ra,dec
108720240829101224,24.08294294,0.60080545
108720240830081592,24.082999240689976,0.600874288219995
