objID,ra,dec
108690241240150529,24.124082938364857,0.5750657844842727
