objID,ra,dec
107620248759681307,24.87605976526276,-0.31589327691786717
