objID,ra,dec
107080244181341321,24.41821691572738,-0.7659159853179711
