objID,ra,dec
106790241914607653,24.191492252983334,-1.0023218882487488
