objID,ra,dec
96970240502687677,24.05028262,-9.18560761
96970240500567946,24.050128835260338,-9.18537835145494
