objID,ra,dec
102600246540895905,24.654112424863854,-4.495437778432141
102600246540386263,24.65408037,-4.49515216
