objID,ra,dec
106050247126752853,24.712652568067913,-1.622997527048053
