objID,ra,dec
108120246132556102,24.613318466529012,0.10477165962405773
