objID,ra,dec
101870243680996062,24.368138670134748,-5.103635898547371
