objID,ra,dec
108000242588108479,24.25888286664485,0.0067687804626020654
