objID,ra,dec
99480245408231938,24.5409729,-7.09869603
99480245406542412,24.540776342245817,-7.098469219379819
