objID,ra,dec
98090243617269774,24.361758516326947,-8.250442058387135
