objID,ra,dec
98950248753008609,24.875375165021325,-7.534876536904378
