objID,ra,dec
97000244101302014,24.410154768181112,-9.165427437215412
