objID,ra,dec
108190243343505685,24.334403335888798,0.16277486134761848
