objID,ra,dec
106950244974811023,24.497452107520026,-0.8745377221587656
