objID,ra,dec
101580244301988939,24.430262290576444,-5.342882079191623
