objID,ra,dec
106110249990938353,24.999138123404283,-1.568406523807124
