objID,ra,dec
108310242911179597,24.291123743732644,0.2660278420078087
