objID,ra,dec
104140243029172392,24.302970841467218,-3.2150283189186597
104140243029162760,24.3030907496142,-3.21479730169105
