objID,ra,dec
95800241860076345,24.185979915789876,-10.161636428284016
