objID,ra,dec
97940245071186537,24.507150054244118,-8.378204930358784
