objID,ra,dec
98120247263383886,24.72636276,-8.23043326
98120247266063995,24.726583703922692,-8.230247525003662
