objID,ra,dec
106370247639248651,24.76398388,-1.35151793
106370247636698517,24.763735224607995,-1.3515664747669225
