objID,ra,dec
103930246849068595,24.68489618,-3.38472845
103930246848389106,24.6849401,-3.3844312
