objID,ra,dec
97010249728670472,24.9730278004696,-9.158237352019986
