objID,ra,dec
107890240879890532,24.08799330937347,-0.09146115090368523
107890240879570878,24.08797646148157,-0.09140271856259322
