objID,ra,dec
96550245785105322,24.578520775048634,-9.537610668172613
