objID,ra,dec
108510245325604006,24.53259679,0.42803284
108510245328034222,24.532802798834545,0.4281626280181868
