objID,ra,dec
102520245543493807,24.55439571,-4.56382653
