objID,ra,dec
107570244908634413,24.49085314503615,-0.3550529487737914
