objID,ra,dec
108400248217861661,24.821837966896993,0.33434562711377624
