objID,ra,dec
107710240988806872,24.098972132110006,-0.23628638922424505
