objID,ra,dec
103010259529124256,25.95292061874562,-4.155167251117158
