objID,ra,dec
101960252450869533,25.24515980098991,-5.025730219628287
