objID,ra,dec
106890253499811470,25.34994024388012,-0.9240765397806338
