objID,ra,dec
103870251917687791,25.19182888581225,-3.4355265376930078
