objID,ra,dec
101850256904718363,25.69045284065365,-5.1184087158069875
