objID,ra,dec
107910250622808206,25.062227180237272,-0.06848530297000473
