objID,ra,dec
106170256096577044,25.609681001657478,-1.5194826890435484
