objID,ra,dec
97530255725920424,25.57251511,-8.7249769
97530255724190747,25.57237118436537,-8.724748159356583
