objID,ra,dec
104680250845779282,25.08463342944872,-2.7592230425310196
104680250845949654,25.0846148,-2.75897718
