objID,ra,dec
107640257498825551,25.749915199035232,-0.29570676941758645
