objID,ra,dec
97330250231486799,25.02314419908672,-8.8863224489839
