objID,ra,dec
107640250546725762,25.05469905101245,-0.29556313187673605
