objID,ra,dec
103430254682247321,25.46826235627761,-3.8025993866503636
