objID,ra,dec
104910250967847529,25.09682788451765,-2.5690884926045205
