objID,ra,dec
107580253843238024,25.384373052955915,-0.3436827753794755
