objID,ra,dec
105040254606945388,25.460853156037363,-2.46250074342984
