objID,ra,dec
103440257574908396,25.757505962755655,-3.793294376561154
