objID,ra,dec
106750258927064616,25.892762498835292,-1.0381956642432209
