objID,ra,dec
103080258996576950,25.899602454469836,-4.0946284292246435
