objID,ra,dec
106940255345314721,25.53459890040208,-0.879749083227723
