objID,ra,dec
99170259388242715,25.938862607244698,-7.356352669310988
