objID,ra,dec
103700252585499707,25.258630089625385,-3.57563931162816
