objID,ra,dec
105810257140110044,25.71414552811885,-1.8252732065531216
105810257139410435,25.71409164,-1.8250724
