objID,ra,dec
102760253001630731,25.30021137251688,-4.366307784541098
