objID,ra,dec
97720254205270674,25.420552208171557,-8.566438150442748
