objID,ra,dec
105690258451563547,25.84515519,-1.92239528
