objID,ra,dec
107970255752956209,25.57529573,-0.02018497
