objID,ra,dec
98870251566897822,25.156772834798108,-7.602139713244918
