objID,ra,dec
103640254122686459,25.41233758746583,-3.628320502748721
