objID,ra,dec
96510251744454035,25.174532901659724,-9.571978627352197
