objID,ra,dec
101420250103862990,25.010340037022466,-5.4812446914327255
