objID,ra,dec
106230256338259560,25.633919343170625,-1.4674933778499297
