objID,ra,dec
107730255568961878,25.55690963013596,-0.22385110773813607
107730255572291846,25.556914808441213,-0.22384919888635013
