objID,ra,dec
99560250236523995,25.023649311777824,-7.030317352261144
