objID,ra,dec
102490253869918631,25.38710908,-4.58495675
