objID,ra,dec
101240259598084936,25.959823571323764,-5.62954245153705
