objID,ra,dec
99890252850695077,25.284988965547353,-6.754407094786667
