objID,ra,dec
98640250633221310,25.063243696960672,-7.79913617720021
