objID,ra,dec
106780259987484598,25.998870496551408,-1.0131850874751782
