objID,ra,dec
103990254625360560,25.462479722753677,-3.3414998817601473
