objID,ra,dec
102060258026654414,25.802700610177872,-4.94671118923105
