objID,ra,dec
108010257731571019,25.773203708578734,0.008838011910071792
