objID,ra,dec
101050257134586509,25.71349752865327,-5.7865775480789425
