objID,ra,dec
106520255409243623,25.541064925512966,-1.2306430558952974
