objID,ra,dec
107950255628578617,25.562931175167602,-0.034894629991087445
