objID,ra,dec
96330254966319880,25.496712021202214,-9.7170678744872
