objID,ra,dec
107430258588130982,25.858801981032073,-0.4744982416359525
