objID,ra,dec
95700256460996072,25.646111812831013,-10.245280268671113
