objID,ra,dec
97430257792328280,25.779284105709365,-8.801762861928728
