objID,ra,dec
102340258966383922,25.896624565638124,-4.713668238151614
