objID,ra,dec
105390255251687332,25.52521456,-2.16926239
105390255250286979,25.52506449,-2.16947199
