objID,ra,dec
101630256654447336,25.66548105972907,-5.30258791129263
