objID,ra,dec
106860258960576448,25.896094033152934,-0.9449977858791992
