objID,ra,dec
101270259134202520,25.913496709725944,-5.6066213803182565
