objID,ra,dec
102650254407400098,25.4407720649702,-4.458606053550101
