objID,ra,dec
107380250673988117,25.067365209563256,-0.5103037133262542
