objID,ra,dec
99650255798191566,25.579937870222334,-6.9573347805951125
