objID,ra,dec
101100250141304387,25.01410653596315,-5.746748093461652
