objID,ra,dec
103480259030640297,25.903025469910325,-3.766782251423999
