objID,ra,dec
107280251755662536,25.175531301403165,-0.5982927222769368
