objID,ra,dec
100570258011858804,25.80123951338729,-6.184584631390664
