objID,ra,dec
103540254348289742,25.434948205943392,-3.708792185488478
