objID,ra,dec
108180255662526352,25.56625933142114,0.1548503937895457
