objID,ra,dec
99740257672644260,25.76733207301433,-6.880038552464159
