objID,ra,dec
105670257924042521,25.79250399748578,-1.9399501902313296
