objID,ra,dec
107980256938977567,25.693962934016017,-0.010750546601818015
