objID,ra,dec
107120250568398174,25.05683297468991,-0.7269058352750518
