objID,ra,dec
107050257794919381,25.779517079770375,-0.7842257692141301
