objID,ra,dec
97740254935767573,25.493579516446232,-8.54404563980765
