objID,ra,dec
103890258531161359,25.853066331940315,-3.424196841833482
