objID,ra,dec
107440258383636431,25.83837987,-0.46164771
