objID,ra,dec
98580250554558001,25.055483870185597,-7.843638134360653
