objID,ra,dec
106170253194799015,25.31948776558752,-1.5179913392260644
