objID,ra,dec
99000258969962393,25.896998881516357,-7.498317378844386
