objID,ra,dec
102430258342729077,25.834304639442472,-4.634471079730001
