objID,ra,dec
100630257677195633,25.767762548701967,-6.1372295181681515
