objID,ra,dec
103510259818023167,25.981713535462077,-3.739528488699243
