objID,ra,dec
101990256852795775,25.685360834814745,-5.00387731183085
