objID,ra,dec
100860254997844323,25.499786903840008,-5.946750188439467
