objID,ra,dec
97220252102012122,25.210219770506914,-8.981862060184767
