objID,ra,dec
98650255517690393,25.55174690836855,-7.7916105084135685
98650255516220746,25.55164773,-7.79140737
98650255514560368,25.551595901720827,-7.791595272938168
