objID,ra,dec
107470250378871973,25.03782802,-0.44039287
107470250377262255,25.03779756018016,-0.4402528436967991
