objID,ra,dec
103120258149034276,25.814818762699677,-4.063453242425369
103120258146814038,25.81467612,-4.06362992
