objID,ra,dec
100390250321910078,25.032248239273983,-6.341953467110332
