objID,ra,dec
96480250453748751,25.045409994077783,-9.593065059722596
