objID,ra,dec
103550252104263581,25.210520290014614,-3.705641932832633
