objID,ra,dec
96660258900591428,25.8899814,-9.4493854
96660258898651150,25.890003333424495,-9.449358586761404
