objID,ra,dec
97890259227667555,25.922791281196602,-8.419034260400998
