objID,ra,dec
95420257055739940,25.705595309497003,-10.475368295351558
