objID,ra,dec
95580253774096585,25.377406907190114,-10.34481992822479
