objID,ra,dec
95290250958568738,25.09588962732116,-10.584696330411994
