objID,ra,dec
107230252812589718,25.28126069,-0.63392565
