objID,ra,dec
106080255816630873,25.581672354682034,-1.599601538484065
