objID,ra,dec
99920256254753714,25.62554027619599,-6.730566003004221
