objID,ra,dec
106930258189168971,25.818956831902934,-0.884564625155827
