objID,ra,dec
97200258753603173,25.875324836648517,-8.997828978615999
97200258751652697,25.875264893730574,-8.997950649624103
