objID,ra,dec
102740257796848982,25.77970904253693,-4.3762498095486615
