objID,ra,dec
97980252621103670,25.262140804108657,-8.347272724065315
