objID,ra,dec
103740250394350950,25.039479487877966,-3.5495827250571192
