objID,ra,dec
102610258977353493,25.897856519853423,-4.489111206938895
