objID,ra,dec
108210254327926046,25.4329333,0.17985465
108210254329126406,25.432935638156746,0.1798979730516521
