objID,ra,dec
98060254150809229,25.415166561930782,-8.276015314621512
