objID,ra,dec
105790259132996999,25.913290498416483,-1.836249608939806
