objID,ra,dec
100450258607900455,25.860870527793764,-6.2916034609194
