objID,ra,dec
108140254762048325,25.47622640630906,0.12322955987291298
