objID,ra,dec
99500252151514414,25.21521898829272,-7.07997610219753
