objID,ra,dec
106860253729801446,25.37302737,-0.94915641
