objID,ra,dec
101930255118178032,25.511787813766755,-5.051916841659338
101930255116718432,25.51167996,-5.05163918
