objID,ra,dec
96630259040266566,25.904048531608797,-9.469851876869917
