objID,ra,dec
106950252182914221,25.21838268,-0.87191206
106950252186854203,25.21858033129545,-0.8719023635208867
