objID,ra,dec
96460257292494087,25.72933394314852,-9.613615566847216
