objID,ra,dec
106580255719096289,25.572086138296925,-1.1786018227114126
106580255719975943,25.572107844906654,-1.1787105031195768
