objID,ra,dec
107880250349065118,25.03490546020615,-0.09613011489785511
