objID,ra,dec
106990252159655658,25.2159556376172,-0.8373441307798571
