objID,ra,dec
106980259925554739,25.992492494183455,-0.8464727120721126
