objID,ra,dec
97860256470925685,25.647081880185414,-8.445651266766452
