objID,ra,dec
105930254759348523,25.476038083405122,-1.7182528253835458
