objID,ra,dec
104950252068780450,25.206945283293262,-2.5416893046208
