objID,ra,dec
96790252587692877,25.25871222758238,-9.33957949497211
