objID,ra,dec
105810259288596037,25.92885933,-1.82032564
