objID,ra,dec
99070257719625026,25.771974641546702,-7.4377807188820135
