objID,ra,dec
100280254993789598,25.499374139475876,-6.425642113600931
