objID,ra,dec
98680259460539966,25.946071052909527,-7.75868600972137
