objID,ra,dec
105160256039941121,25.604147606511752,-2.36618542709442
105160256039250723,25.604102116539252,-2.366267894025527
