objID,ra,dec
108180252376967314,25.237721439259346,0.15566347201073513
