objID,ra,dec
102010257062098672,25.706220214017144,-4.984769564259478
