objID,ra,dec
108180252334587763,25.23347544690535,0.15603523149604653
