objID,ra,dec
96790258643854132,25.86438279494134,-9.338565684413814
