objID,ra,dec
102070256847927965,25.684835586785674,-4.9354252974594095
