objID,ra,dec
98230254214880023,25.421405,-8.141973
98230254212310211,25.421247481371093,-8.141833539665905
