objID,ra,dec
108370252513954298,25.25142365257463,0.3115075256756706
