objID,ra,dec
97870250365820124,25.036608770363557,-8.441893381273552
