objID,ra,dec
105850250538575073,25.053897711573743,-1.7878328270268384
