objID,ra,dec
105890255129658405,25.513066357414626,-1.7517272933863668
