objID,ra,dec
104340257212729181,25.721330747318724,-3.0427710514375437
104340257216179101,25.72138447185366,-3.042856028186411
