objID,ra,dec
107940252495901005,25.24959523661052,-0.04951878875878859
