objID,ra,dec
95530256329688161,25.632957019033498,-10.38519990648039
