objID,ra,dec
99580255630572154,25.563113253891256,-7.015176103965828
