objID,ra,dec
101310254600644510,25.4600455875009,-5.5716343456715025
101310254598514271,25.45985521,-5.57181177
