objID,ra,dec
107830252134017983,25.21338746,-0.13538144
