objID,ra,dec
101660254177300577,25.417734515426133,-5.283195780113368
