objID,ra,dec
108160255151557140,25.514989994557713,0.13877977272910874
108160255148386969,25.51497094037403,0.13872787511853266
