objID,ra,dec
102680258765501791,25.87659132,-4.43205822
