objID,ra,dec
107100258972288754,25.897306974991523,-0.7431141588507827
