objID,ra,dec
107040257977023812,25.79767501438965,-0.7971223690260056
