objID,ra,dec
105590251963180693,25.196394793293234,-2.0081348046269523
