objID,ra,dec
98540251635736692,25.16361224666377,-7.8780668231777575
98540251636986373,25.16370875,-7.87835109
