objID,ra,dec
103470253452099839,25.345226208102964,-3.767147990575211
