objID,ra,dec
100110251767238148,25.176766413768814,-6.56855860135424
