objID,ra,dec
107730252252323710,25.22523798445039,-0.22227377271943768
