objID,ra,dec
99250252993750747,25.299450091051202,-7.291351526875816
