objID,ra,dec
105810250395142419,25.0395272,-1.82333694
105810250394722802,25.0395321099884,-1.8230634732681605
