objID,ra,dec
96720251873858932,25.187393142185613,-9.392909677697187
