objID,ra,dec
96170258443506214,25.84434474,-9.85347231
96170258440706132,25.844136077361643,-9.853523749598061
