objID,ra,dec
103730250772764995,25.07720370199197,-3.5544116709283538
