objID,ra,dec
108350252219774383,25.221917116284153,0.29486574193988785
