objID,ra,dec
102590255874764480,25.587460539488184,-4.504946285393479
