objID,ra,dec
107160254941940859,25.494308452572046,-0.6995474982837435
107160254942431285,25.49421201,-0.69928355
