objID,ra,dec
107270259547503674,25.954757728500677,-0.6056605874805947
