objID,ra,dec
102380259284028841,25.928387832576533,-4.676302172110089
