objID,ra,dec
99190257356282144,25.735639936163384,-7.340156955452927
