objID,ra,dec
107750257566879928,25.756767310441052,-0.20034247043152673
