objID,ra,dec
98260250067237606,25.006705727989452,-8.110640291941191
