objID,ra,dec
106060250593255035,25.05932688493831,-1.6129576019742224
106060250593004654,25.05934261,-1.61317514
