objID,ra,dec
106340252079150008,25.2079646086003,-1.3837776836757625
