objID,ra,dec
105250259600586841,25.960062529343904,-2.2863190753104377
