objID,ra,dec
107130255485878503,25.54864851705041,-0.718264834236114
