objID,ra,dec
107500253279532226,25.327959983819692,-0.41516838123665456
