objID,ra,dec
104150251083327875,25.108394525851136,-3.2021073928301487
