objID,ra,dec
99110254329512853,25.43298989318693,-7.4062372728451065
