objID,ra,dec
102700251803725575,25.180282826596525,-4.412283634871571
102700251802205867,25.18021871216207,-4.412205618002476
