objID,ra,dec
103580252112307838,25.2112593,-3.67714558
103580252109998044,25.211070585380064,-3.676944258153489
