objID,ra,dec
106580251995941258,25.199616242710068,-1.1826199626570497
106580251996991605,25.19975978,-1.18241501
