objID,ra,dec
98520250999181907,25.100053740073555,-7.898610052984674
