objID,ra,dec
108360251232449126,25.12329364437794,0.3071862085452448
