objID,ra,dec
96830253050401101,25.305067678142347,-9.307617876684018
