objID,ra,dec
102040253381808759,25.338232292172687,-4.959718592394941
