objID,ra,dec
97410255454671742,25.545437543043857,-8.823915390771903
