objID,ra,dec
101740250755227306,25.07547568514,-5.210940721250954
