objID,ra,dec
100180250858214638,25.08574503247663,-6.5132272098838015
100180250856614325,25.08575680272916,-6.513492123611226
