objID,ra,dec
104680251329729212,25.132943848845642,-2.759354602184929
