objID,ra,dec
97810253160437935,25.316033419859064,-8.485350514160178
