objID,ra,dec
107780253942255380,25.39427978808735,-0.1792379604856359
