objID,ra,dec
99080251127167450,25.11278128718554,-7.4274525253444645
