objID,ra,dec
105740258598391248,25.85985980693739,-1.8826479247884476
