objID,ra,dec
95450250498090225,25.049841997124222,-10.458433351138966
