objID,ra,dec
106790250495203379,25.049649881510053,-1.0058769317051932
106790250497403744,25.04964497,-1.00581881
