objID,ra,dec
101560254830415620,25.483083289186897,-5.3623146938476225
