objID,ra,dec
96180256280087320,25.628120600636862,-9.844176804345219
