objID,ra,dec
99570251671833207,25.16717914,-7.02266432
99570251670923534,25.16719238380023,-7.022409957066897
