objID,ra,dec
96330255744059169,25.574480860691516,-9.717656244391122
