objID,ra,dec
107100256317017090,25.631707495515855,-0.7444449116328947
