objID,ra,dec
96390257127578780,25.712725860636684,-9.668004306099496
