objID,ra,dec
105440253538333559,25.353894882685502,-2.130716762031647
