objID,ra,dec
104300255728401155,25.57285021685823,-3.0826146459961516
