objID,ra,dec
106670254898581669,25.489888495832655,-1.1072832091005587
