objID,ra,dec
105600256008984571,25.600989941485402,-1.9965620831786295
