objID,ra,dec
104190257480325505,25.748068229021598,-3.1707842016784156
