objID,ra,dec
108090257047162358,25.70480875435727,0.07662342441864813
