objID,ra,dec
101110257903141480,25.790368646555947,-5.740791124905488
