objID,ra,dec
103790251967677572,25.196813996511207,-3.502338798024483
