objID,ra,dec
104420257315080034,25.7315247931731,-2.9836900145006697
