objID,ra,dec
105810259088816143,25.908899736077753,-1.8202803829037737
