objID,ra,dec
106600253902749924,25.39031723592158,-1.1587613510419021
