objID,ra,dec
102350251976450343,25.19765358,-4.70837771
102350251975260746,25.197544072767844,-4.708055383445944
