objID,ra,dec
99560254240571790,25.424099600964205,-7.032177097476791
