objID,ra,dec
106780258899515580,25.89001587909276,-1.0123833308746808
