objID,ra,dec
99240257389489735,25.738966468927657,-7.292179094325401
