objID,ra,dec
96900254051458508,25.405133432893198,-9.24318710039064
