objID,ra,dec
100220259875954548,25.987657115935573,-6.479844133743783
