objID,ra,dec
95290255772465542,25.577218153940596,-10.587413724896564
