objID,ra,dec
98740257785780761,25.778438672868386,-7.716565124272079
98740257784940426,25.7784397493266,-7.716578320271078
