objID,ra,dec
107840251879301901,25.187929553715588,-0.13215279027822519
