objID,ra,dec
96870253905663972,25.39055251628712,-9.271970133033525
