objID,ra,dec
104110258560778131,25.856122020914192,-3.235345430564367
