objID,ra,dec
107710252145584675,25.214537289449826,-0.23813183597150583
