objID,ra,dec
107430250663615019,25.066340030582914,-0.4712254965603558
