objID,ra,dec
102500253550991387,25.355154535483674,-4.582504459918847
