objID,ra,dec
101110256613603973,25.661417633507934,-5.738719117927274
