objID,ra,dec
102070257383220871,25.738359024676427,-4.941291549537194
