objID,ra,dec
107570253099148607,25.30991571,-0.35150449
107570253096378512,25.3096754633063,-0.3516142847367548
