objID,ra,dec
102920256008692897,25.600883660394626,-4.2312522198262315
