objID,ra,dec
107130257755679735,25.77559227508419,-0.7172496713091978
