objID,ra,dec
107620257218401129,25.72186871504876,-0.31606475841117465
