objID,ra,dec
103820257755056698,25.775481572335146,-3.478175444426025
