objID,ra,dec
104400255741030106,25.57417865365286,-3.000235609274558
