objID,ra,dec
107420253805229695,25.380570097719975,-0.47559962676487777
