objID,ra,dec
102260251044617545,25.104420624005538,-4.777358399875892
