objID,ra,dec
103120259403198374,25.940264448917443,-4.059992468932811
