objID,ra,dec
107620250904449742,25.090379555868353,-0.3088672539024676
