objID,ra,dec
100260257999543629,25.799994974742166,-6.4472698188440125
