objID,ra,dec
102380258944578713,25.89448176157094,-4.67641146682677
