objID,ra,dec
107180254490536320,25.4491032053913,-0.6784121398708617
