objID,ra,dec
103900253980402858,25.3980030267295,-3.414638753135504
