objID,ra,dec
108220252681958171,25.268196385624073,0.18981445780468326
