objID,ra,dec
97480257627468231,25.762712510927475,-8.760176826776132
