objID,ra,dec
101100259818120222,25.98187905413286,-5.750160898785796
