objID,ra,dec
101150259121393018,25.912193094095215,-5.7061623224601
