objID,ra,dec
107530255218485981,25.5218845055037,-0.3870958701294867
