objID,ra,dec
99020253366030358,25.336666920408785,-7.483319302260203
