objID,ra,dec
107700258758244106,25.87584556215853,-0.24690370554940955
