objID,ra,dec
99670253986769318,25.398723624905507,-6.934177115879445
