objID,ra,dec
103730250345477261,25.034458908273884,-3.5526452865969937
103730250343066866,25.034543753340408,-3.5528899569613435
103730250342227252,25.034367870586237,-3.5526685140223337
