objID,ra,dec
100180258565569466,25.85660363844725,-6.509053316808823
