objID,ra,dec
95860259856879225,25.985729450817665,-10.109356081166057
