objID,ra,dec
106680251148172752,25.114799964879484,-1.0980551815832107
106680251150752948,25.11509225,-1.09794469
