objID,ra,dec
107630250499996318,25.050006320655946,-0.3034961004414622
