objID,ra,dec
95940259706078432,25.97054525855845,-10.043327894219415
