objID,ra,dec
96200258262319151,25.82629760950495,-9.826034459125472
