objID,ra,dec
106120257671198421,25.766970195743585,-1.5600289390536262
106120257668228314,25.76690225,-1.56008672
