objID,ra,dec
98350252384147277,25.23842452528382,-8.03592382016264
