objID,ra,dec
97930252887071161,25.288811267981433,-8.391036952199373
97930252893071425,25.28908181,-8.39096786
