objID,ra,dec
102730254779410784,25.47799527329096,-4.3913364379873245
