objID,ra,dec
102590257367765355,25.73688774392876,-4.504438125183197
102590257368274933,25.736900710767447,-4.504491488408028
