objID,ra,dec
105600253860947854,25.386176775473373,-1.9938050812838604
