objID,ra,dec
101830258804469073,25.88041090789862,-5.13450135018933
