objID,ra,dec
106780252475658082,25.247442550663784,-1.0101795081736151
106780252473718324,25.2474439598406,-1.0101891499611855
