objID,ra,dec
106050259082044939,25.908307680153253,-1.6212426079502504
