objID,ra,dec
106720251432590747,25.143305249047277,-1.0664955171446555
