objID,ra,dec
104060259606652878,25.960752799835575,-3.281362070961086
