objID,ra,dec
103270255688880163,25.568780518010108,-3.941921972672788
103270255692060008,25.56919588,-3.94199333
