objID,ra,dec
103840256417962638,25.641821576621055,-3.4648299680299144
103840256415222541,25.64179249,-3.46483638
