objID,ra,dec
98030253299280008,25.32994934,-8.30867807
98030253299260398,25.32994418,-8.30834589
98030253296620167,25.32974352115563,-8.308527680268957
