objID,ra,dec
96710259659661315,25.965937957006172,-9.407656494570416
