objID,ra,dec
106290251431245026,25.14313203433321,-1.4212840670367362
