objID,ra,dec
106220258842788626,25.88426482021905,-1.4765005628619299
