objID,ra,dec
96020258535633736,25.853490638186557,-9.980578914371389
