objID,ra,dec
106660258865319119,25.886553145210822,-1.1094393240006137
