objID,ra,dec
107650251156038528,25.115542509593514,-0.2849489767189188
