objID,ra,dec
108330251246694911,25.124700660732742,0.2787272738699979
