objID,ra,dec
104850258384322714,25.83842433154353,-2.623076153877125
