objID,ra,dec
105720254499497879,25.450017693086846,-1.8938125739630938
