objID,ra,dec
95450256238012385,25.62380046733493,-10.456683152420256
