objID,ra,dec
99730256285838266,25.628655239462283,-6.885088589009858
