objID,ra,dec
107370259029747749,25.902977237868832,-0.5189162739960651
