objID,ra,dec
107000258094490604,25.809499695746094,-0.8332219740757428
