objID,ra,dec
108150255438050219,25.543825736930323,0.12475678644301086
