objID,ra,dec
105620257574799024,25.757543914927883,-1.9761964025548036
