objID,ra,dec
97310259564189546,25.956324025136862,-8.900549861082121
