objID,ra,dec
107890258084582755,25.80857809518411,-0.08965540284039529
