objID,ra,dec
104520259065087780,25.906523728627207,-2.893904099585326
104520259061727998,25.906389884775205,-2.8938460736101743
