objID,ra,dec
107400259500862615,25.950149610969785,-0.49826627954659486
