objID,ra,dec
98080250759109587,25.07596322361394,-8.258982707536848
