objID,ra,dec
95700259844517157,25.984576455714112,-10.24441689141785
