objID,ra,dec
102450255709019226,25.570971212497472,-4.617709047722629
