objID,ra,dec
95660252234306516,25.22344321417669,-10.278214884336423
