objID,ra,dec
108010255046177724,25.504686556161584,0.014338098404934945
