objID,ra,dec
98470259570814283,25.957141091594018,-7.9384185623453245
