objID,ra,dec
97680253180997277,25.318116044139963,-8.594247498508802
