objID,ra,dec
106410250531296969,25.053137145495334,-1.3196752478519371
