objID,ra,dec
100110256551511884,25.655286498242194,-6.5737321765971135
