objID,ra,dec
101960259598224857,25.959805105313315,-5.029611042732083
