objID,ra,dec
104910256267602783,25.62680996629141,-2.573048906666262
