objID,ra,dec
104410253491251545,25.349160626906365,-2.9906976835090493
104410253494431579,25.34943907,-2.99070113
