objID,ra,dec
107660256572775940,25.657328482982496,-0.2787126761243029
