objID,ra,dec
103970252199545058,25.219905182636488,-3.3545455633077053
103970252197014802,25.219910794461374,-3.3545560017659093
