objID,ra,dec
98840255769439601,25.57697418700991,-7.62564620955526
