objID,ra,dec
102830259575525816,25.957593159431482,-4.303837977612604
