objID,ra,dec
97030254035094740,25.403515057130896,-9.138035850931
