objID,ra,dec
105440254560772698,25.456126190243904,-2.1313225032697933
