objID,ra,dec
107740253264639011,25.32644451,-0.20937544
