objID,ra,dec
103800252032398878,25.203297328383442,-3.492872006186418
