objID,ra,dec
107690253046712874,25.30458311,-0.25637307
