objID,ra,dec
107940255012693332,25.501286601823992,-0.0476316944376698
