objID,ra,dec
108060257015193642,25.701576503334223,0.05259041973832109
