objID,ra,dec
106570250565651706,25.0565864370416,-1.190626071427952
