objID,ra,dec
103600259654652118,25.965471567915603,-3.6653755396309937
103600259653601769,25.965452875419288,-3.6653855063447183
