objID,ra,dec
105180257776254196,25.777643726373846,-2.346892636577366
