objID,ra,dec
107660258919588772,25.89197372781908,-0.27635753913608485
