objID,ra,dec
100390258244606324,25.824475336701155,-6.33670779007583
