objID,ra,dec
106670256273184922,25.627375186496906,-1.1046516116042653
106670256275904692,25.62758833,-1.10479576
