objID,ra,dec
107010253689284373,25.369014606877737,-0.8216911156105251
