objID,ra,dec
99040259359771949,25.935952061414408,-7.465360602921341
