objID,ra,dec
107630252069905525,25.20699283400585,-0.3041061378468166
