objID,ra,dec
107440258271742450,25.826987423700945,-0.4649628386648394
107440258268822451,25.826922423204813,-0.4649773093730392
