objID,ra,dec
105490252202570839,25.220355745268158,-2.091270672614343
