objID,ra,dec
106750254370847477,25.437205571682338,-1.0357989527119196
