objID,ra,dec
103320253964795775,25.39645985918066,-3.8955645044990863
