objID,ra,dec
107190250227278383,25.022798514766055,-0.6683963983720502
