objID,ra,dec
98350252216395873,25.22167044950876,-8.03710680816062
