objID,ra,dec
104510257116131639,25.711659351553077,-2.9072611075895507
