objID,ra,dec
100010254402432069,25.44021493493357,-6.65695385630835
