objID,ra,dec
99440258990072697,25.899282464953313,-7.131321510463301
