objID,ra,dec
96810259417837818,25.94182140342241,-9.3188147782719
