objID,ra,dec
103130251632359889,25.16328616156386,-4.050396049364137
103140251634780145,25.163275806247725,-4.0503931243840166
