objID,ra,dec
107730252996528715,25.299676821611257,-0.21807044692424282
