objID,ra,dec
98080259189334566,25.918967349929797,-8.263179466986491
