objID,ra,dec
106700257646984335,25.764677787509946,-1.0800860558884082
