objID,ra,dec
107300253547978245,25.35488673,-0.57678593
