objID,ra,dec
105800256825036565,25.682545618969105,-1.8282410616309117
