objID,ra,dec
107230251031633016,25.1032609311969,-0.6395069085773932
