objID,ra,dec
106630259376938330,25.937694404539215,-1.1350761208880271
