objID,ra,dec
101920257325773577,25.732596538621998,-5.064026753492958
