objID,ra,dec
105570250484364978,25.04849832083876,-2.021133118259737
