objID,ra,dec
107590251890437032,25.1889687318419,-0.3361535332308147
