objID,ra,dec
107720258012256481,25.8012458138345,-0.2282857566642783
