objID,ra,dec
107820257751242260,25.775200658643882,-0.14845797935744157
107820257751381902,25.77519421560007,-0.14856213600209595
