objID,ra,dec
95300252355222311,25.235362208517895,-10.58181124795528
95300252352342173,25.23534831484837,-10.58184056631359
