objID,ra,dec
97550258316081879,25.83158291338848,-8.707088901378116
