objID,ra,dec
97680257790631265,25.779058385804262,-8.599430790814102
