objID,ra,dec
99640259832518918,25.983326042284045,-6.959595529998206
