objID,ra,dec
107430255635574988,25.56358480433601,-0.4712542875424024
