objID,ra,dec
105460252057190332,25.205829633210598,-2.116740321086726
