objID,ra,dec
95560252271906378,25.227202306737855,-10.361676894384285
