objID,ra,dec
106750253096244910,25.309766341236767,-1.0381338240612508
106750253097994638,25.309778415129863,-1.0381495515768338
