objID,ra,dec
106330254852948632,25.48527255,-1.38484374
