objID,ra,dec
105640254292363831,25.429391537637922,-1.964004389700905
