objID,ra,dec
96550251508771481,25.150747,-9.540574
96550251505231546,25.15065344651106,-9.540675998293445
