objID,ra,dec
107620262457603366,26.24562031239834,-0.31420715193309007
107620262455043555,26.245614729296268,-0.3141437189676078
