objID,ra,dec
101360267497282324,26.749546499840687,-5.531714591301942
101360267494312383,26.749454734477695,-5.531700945407789
