objID,ra,dec
101050263020984243,26.302209693575367,-5.788520486217377
