objID,ra,dec
105330260358113142,26.03583039990194,-2.2227361465361595
