objID,ra,dec
104140260785030041,26.078521473356094,-3.2170211101538126
