objID,ra,dec
97610268000569193,26.800022784526277,-8.650966955534908
