objID,ra,dec
100740266559944652,26.656037184480496,-6.04646266578938
