objID,ra,dec
96130269102847148,26.91029005426812,-9.88598312969278
