objID,ra,dec
99090268981189982,26.898124482218858,-7.416988308715827
