objID,ra,dec
103900263675226104,26.367556475022337,-3.4118913689641386
