objID,ra,dec
106960269351966370,26.93521955213568,-0.8616916255002549
