objID,ra,dec
96580260969012530,26.09688151048421,-9.514932833943785
96580260965402532,26.09665193,-9.51503154
