objID,ra,dec
106590262258971192,26.22587909219769,-1.1743437178161604
