objID,ra,dec
101310265923201554,26.592369763695334,-5.574070597619399
