objID,ra,dec
103100269434779852,26.94349655153118,-4.075521534638872
