objID,ra,dec
105360264677021872,26.46776135310735,-2.1988126764040516
