objID,ra,dec
106230264136616368,26.413779116938976,-1.4700265685192075
