objID,ra,dec
104710261684544012,26.168469502731767,-2.7387531430200767
