objID,ra,dec
103030263927613584,26.39280283586896,-4.139019316010577
