objID,ra,dec
106100261973436388,26.19737984435759,-1.5783658444916888
