objID,ra,dec
107380261410131081,26.141050034406184,-0.5162723215352568
