objID,ra,dec
105860260942891892,26.094307260675432,-1.7821315955261572
