objID,ra,dec
107250267968904789,26.79692206744665,-0.6214166775390386
