objID,ra,dec
106840261867564689,26.18674188935384,-0.9630740317609141
