objID,ra,dec
102380262544484298,26.25443814,-4.68008652
