objID,ra,dec
102770263721137424,26.371983711154236,-4.352457262526272
