objID,ra,dec
102270268953465161,26.8952122626515,-4.77104758453069
102270268950695217,26.895184560088776,-4.771057707514291
