objID,ra,dec
106490263338247520,26.333876675798567,-1.2524452257601426
