objID,ra,dec
96480263141592888,26.314151507289267,-9.597960633376868
