objID,ra,dec
102650260206566576,26.020692097594164,-4.453193855351366
