objID,ra,dec
96750260341364005,26.034132957536677,-9.371970360126124
