objID,ra,dec
100970263742969574,26.374342456628447,-5.850666645603509
