objID,ra,dec
95670261972945967,26.197400102423305,-10.270274453992059
