objID,ra,dec
102970269153379360,26.915286603467727,-4.184247423328329
