objID,ra,dec
104130262391979627,26.239216049011652,-3.2171874313297444
