objID,ra,dec
97110265549625510,26.555009429550324,-9.070764074960348
