objID,ra,dec
100130260484197717,26.048502601978928,-6.552028325285962
