objID,ra,dec
95350267378868953,26.737918334213997,-10.53454989911433
