objID,ra,dec
100400266655460274,26.665564753486265,-6.333487644841843
