objID,ra,dec
100300268345022416,26.83457966548787,-6.414934955081888
100300268344502792,26.83456191,-6.41468714
