objID,ra,dec
105770265658045963,26.56579607850388,-1.8535634242981198
