objID,ra,dec
103890260886486091,26.088680249760735,-3.420298573100103
103890260887345759,26.088657517059733,-3.4203378397143367
