objID,ra,dec
104740264329132662,26.43279949438721,-2.7148798374282204
