objID,ra,dec
106430267761576219,26.776135930785408,-1.3035583652600864
106430267758885903,26.77609133814869,-1.303632385254176
