objID,ra,dec
107080268258240028,26.826054966427854,-0.7670857758303832
107070268260739840,26.82604273388765,-0.7670835850166888
