objID,ra,dec
106960262755557166,26.27556584919814,-0.8610847370114108
