objID,ra,dec
106270263663904187,26.366453899336417,-1.4385203999892249
