objID,ra,dec
105200268640185734,26.863984683463272,-2.3288886245097475
