objID,ra,dec
104700269665976514,26.966605345265894,-2.7449601505319428
