objID,ra,dec
106960266100167377,26.61009158,-0.86089538
