objID,ra,dec
105670266519211998,26.6520049,-1.94023624
105670266516702234,26.65184855644404,-1.9400695552937743
