objID,ra,dec
102510265984281875,26.5983342335124,-4.573830315017611
