objID,ra,dec
106570267445749358,26.74458907402439,-1.1842051720768028
106570267446919767,26.74462715,-1.184072
