objID,ra,dec
104440263088954016,26.308895602767528,-2.963598739964037
