objID,ra,dec
107220265528998414,26.552943456901204,-0.6433827185613211
