objID,ra,dec
103760260259995395,26.026013054739455,-3.5291657472714455
