objID,ra,dec
97570265912376536,26.591283595407013,-8.686615520514112
