objID,ra,dec
107680261533167807,26.153377315961144,-0.26058357569275614
