objID,ra,dec
102220263712601364,26.37137873435062,-4.815803809214816
102220263714501658,26.37144614,-4.81563706
