objID,ra,dec
104760264483859394,26.448437635359962,-2.692497250070193
