objID,ra,dec
107530268426321392,26.8426003851739,-0.3907702711270319
