objID,ra,dec
96570267596207147,26.759660543462033,-9.519459938143925
