objID,ra,dec
95830260966928203,26.09673397827267,-10.135119343823542
