objID,ra,dec
105840267333970511,26.73341804,-1.79985681
