objID,ra,dec
102490260113394973,26.011322219648015,-4.587837400470371
