objID,ra,dec
104770265073858096,26.50733491,-2.68529222
104770265071607744,26.50721526990416,-2.685514439080218
