objID,ra,dec
101570260888542662,26.088815274327807,-5.356509466679155
