objID,ra,dec
106890265421817097,26.542224649877728,-0.91946193466397
