objID,ra,dec
102540260857391848,26.08585389109661,-4.548761549048624
