objID,ra,dec
105960260023858583,26.002431210457637,-1.693248479656878
