objID,ra,dec
104100260275860673,26.027595079305208,-3.249834135450429
