objID,ra,dec
97250262784254004,26.27845864946115,-8.955338661059255
