objID,ra,dec
97470260093131620,26.009350586154532,-8.774004571631867
