objID,ra,dec
105740265032123820,26.503373150195305,-1.8805304532353373
