objID,ra,dec
102560269895124516,26.989570355581474,-4.5299720420123375
