objID,ra,dec
106280262857192524,26.28574168,-1.43167757
