objID,ra,dec
106490268714418256,26.87147449866345,-1.2517618029696127
