objID,ra,dec
103210269383503665,26.93840301942221,-3.9890366575774032
