objID,ra,dec
105950263801561009,26.380244283410512,-1.7080148482676096
