objID,ra,dec
107770264059694305,26.405987608100915,-0.18846207907475696
