objID,ra,dec
95550264701944695,26.470309354860227,-10.37141949742627
