objID,ra,dec
99630267938175388,26.793919003121392,-6.970797555941577
