objID,ra,dec
105390262254793324,26.225455939729915,-2.1725964010938075
