objID,ra,dec
106130260886257919,26.08866192,-1.55206253
