objID,ra,dec
97710266931605487,26.69314486324047,-8.570794082821699
