objID,ra,dec
96910269919385560,26.991959262053307,-9.237370798523967
