objID,ra,dec
104970260280961356,26.028009402285566,-2.5242184352961927
