objID,ra,dec
99530268665400859,26.8665989287628,-7.057904322597276
