objID,ra,dec
104980264736751392,26.47370366,-2.51583685
104980264735461007,26.473585882416454,-2.516077145095341
