objID,ra,dec
103300269868899299,26.986919585118343,-3.909357578014348
