objID,ra,dec
102340268310513288,26.831015907922918,-4.7142463869127145
