objID,ra,dec
96330267936244249,26.793640808482106,-9.721776764224181
