objID,ra,dec
104180269692800385,26.969319869965524,-3.183421938965536
