objID,ra,dec
103690268954578668,26.895472393350378,-3.584814462900836
