objID,ra,dec
104970263413499257,26.34136272727691,-2.517640303688446
