objID,ra,dec
104440262900779537,26.290047803079023,-2.9590229176636975
