objID,ra,dec
105160267930296064,26.793017169911536,-2.362007145351674
105160267928525726,26.79285098,-2.36223623
