objID,ra,dec
95590262269956986,26.22702611945771,-10.336205556393331
