objID,ra,dec
100050264538125870,26.453824347788643,-6.620472186104133
