objID,ra,dec
106360262365178796,26.236552893004248,-1.3596987216233567
