objID,ra,dec
107000261370620459,26.137121265582017,-0.8334056972117792
