objID,ra,dec
106880263925658652,26.392640332845588,-0.9264098439510906
