objID,ra,dec
100750269512461693,26.951295503020027,-6.040469730059065
