objID,ra,dec
96420264838142456,26.483948598928546,-9.648342224794611
