objID,ra,dec
106620268453408235,26.845362230380456,-1.143433314827667
