objID,ra,dec
107760263246223982,26.32465118969606,-0.19710694732606215
