objID,ra,dec
105930268451203544,26.84516013432322,-1.7223527842185535
