objID,ra,dec
97380264997403436,26.49977772570375,-8.84744954300908
