objID,ra,dec
102430265508729570,26.550826724330562,-4.634125881712266
