objID,ra,dec
102720267066282404,26.70654488901345,-4.39844072956884
