objID,ra,dec
100700269004642787,26.9004618856125,-6.081285848695413
