objID,ra,dec
97220266501689323,26.650172667271686,-8.975935574247725
