objID,ra,dec
107020264845364783,26.48458172409055,-0.8130620634292997
