objID,ra,dec
100440269044410520,26.904462046262058,-6.299873537931552
