objID,ra,dec
106840263508079087,26.35084471,-0.95943654
106840263510808919,26.35106327,-0.95956168
