objID,ra,dec
105760260272790673,26.027278106724623,-1.8664220549830295
