objID,ra,dec
107350260053793742,26.005429733906286,-0.5389699039905351
