objID,ra,dec
107080265095094246,26.50956817486392,-0.7634976339202211
