objID,ra,dec
102900261999086871,26.19989000559415,-4.244571087932605
