objID,ra,dec
106800264279437233,26.427991791365336,-0.9943131197461214
