objID,ra,dec
100910265318248033,26.531849834299617,-5.901974066913825
