objID,ra,dec
100160269140790010,26.91410871116995,-6.53370568274232
