objID,ra,dec
100180261593388164,26.159410476348288,-6.510092945753961
