objID,ra,dec
96590269298311383,26.92988586704617,-9.507550501482672
