objID,ra,dec
102700268621526902,26.86213681,-4.41132409
