objID,ra,dec
107490267106059100,26.710658854534962,-0.417785194862244
