objID,ra,dec
98100266982133346,26.698262052362644,-8.247607381591084
