objID,ra,dec
95720268631754878,26.86313613369128,-10.22965259421648
