objID,ra,dec
101700260089122511,26.008860818987394,-5.248293610769606
