objID,ra,dec
107260265770693327,26.577133646189075,-0.6142643793707592
