objID,ra,dec
106790265913838811,26.59155278,-1.00143474
