objID,ra,dec
107630260108683670,26.01089712,-0.30564654
