objID,ra,dec
99840269278323901,26.927917731403625,-6.79707997269296
