objID,ra,dec
107840260202650896,26.020291823703047,-0.13287945455206548
