objID,ra,dec
102710265706541828,26.57061541176506,-4.407145294356148
102710265710321985,26.57094196146751,-4.4070811702878325
