objID,ra,dec
105920267997490687,26.799649947582306,-1.7330859053211911
105920267995860987,26.79959484,-1.73286606
