objID,ra,dec
96690262201983843,26.22012780426338,-9.422215249238867
