objID,ra,dec
98930267280555682,26.72759948,-7.55391151
98930267277545736,26.727764865111148,-7.553900417509415
