objID,ra,dec
104780266263216318,26.626342062300193,-2.6784105318959557
