objID,ra,dec
106820263724715740,26.372456401243614,-0.9789267990640592
106820263722405417,26.37248913,-0.97912538
