objID,ra,dec
97650267005471980,26.70056734866175,-8.623678665606064
