objID,ra,dec
107010265737305976,26.57375182930289,-0.8204821756904408
