objID,ra,dec
98650263843448145,26.384372748707364,-7.7852102658653815
