objID,ra,dec
101170263895492497,26.38954653,-5.69018581
101170263895082105,26.389543257772342,-5.69020900905067
