objID,ra,dec
102870268189308385,26.81886359155729,-4.268422111832041
