objID,ra,dec
100150268822530163,26.8822572418408,-6.541838240929603
