objID,ra,dec
103280261434896177,26.143468510360748,-3.9285973962977137
