objID,ra,dec
105320262197791854,26.219776565355875,-2.2321613850719677
