objID,ra,dec
106120267186418998,26.718656350047155,-1.5594478046082674
