objID,ra,dec
106630266596074802,26.659611792422222,-1.1380340140243823
