objID,ra,dec
95970262392631248,26.239261588136426,-10.024163545787776
