objID,ra,dec
97980263676483696,26.36771788156176,-8.347241106748283
