objID,ra,dec
100970263113061992,26.311230019297522,-5.856956266944936
