objID,ra,dec
102150266513212682,26.651330287810392,-4.873061455312119
