objID,ra,dec
97820266841828810,26.684201330831478,-8.476338110555854
