objID,ra,dec
106340264382761588,26.438363248276048,-1.3823161353860027
