objID,ra,dec
100360267557464560,26.7557971281859,-6.3631395754427755
