objID,ra,dec
97500260072896123,26.007244335858992,-8.74522567729188
