objID,ra,dec
105010269137602068,26.913744136283317,-2.490335591615195
