objID,ra,dec
105730260994906683,26.09956228,-1.88656314
