objID,ra,dec
104760268313966274,26.831399010324255,-2.6951049933775897
