objID,ra,dec
104220266364536180,26.636444565322627,-3.145210194459233
