objID,ra,dec
96120261899222551,26.189851105968874,-9.898101831602531
96120261898722911,26.18988235,-9.89803951
