objID,ra,dec
106370262835891683,26.283555577506885,-1.35726839677613
106370262833061745,26.28350206561789,-1.3572635981741785
