objID,ra,dec
96580261577164869,26.15780384345967,-9.512864597027002
