objID,ra,dec
107480266571269952,26.657171470039327,-0.4254233547352571
