objID,ra,dec
101720260335876624,26.033554359828823,-5.2281747662952895
