objID,ra,dec
101930260874834873,26.08753054408651,-5.0546472954496275
