objID,ra,dec
105600263327858413,26.332815844988982,-1.9934150007439302
