objID,ra,dec
106900262515400731,26.251543006895403,-0.916477751550352
