objID,ra,dec
104910263521821536,26.35216625542618,-2.5740639261403553
