objID,ra,dec
103150267081905315,26.70802616680527,-4.037528919044891
103150267080215663,26.708011880318665,-4.037492249574831
