objID,ra,dec
107350260014175128,26.00146983686149,-0.5377666133636002
