objID,ra,dec
103210267642850269,26.764271292151886,-3.991833405678107
103200267643459942,26.76429945,-3.99188145
