objID,ra,dec
106930263610556219,26.361005322244914,-0.8868292430361078
106930263607586208,26.360865133936166,-0.8868374573665517
