objID,ra,dec
106620261624585038,26.16251568863707,-1.1461803299408075
