objID,ra,dec
107510264046588239,26.404666888424774,-0.4019277466216831
