objID,ra,dec
104270269204359962,26.920432208586472,-3.1003263879194054
