objID,ra,dec
97230266915529714,26.691618368696545,-8.967081479506946
