objID,ra,dec
100840265789011528,26.57895573829525,-5.965670464808739
