objID,ra,dec
102120268177331178,26.81776741319087,-4.899374302851945
