objID,ra,dec
102250264122780861,26.412417237815653,-4.791300786297635
