objID,ra,dec
106810267678943355,26.76790436,-0.98921283
