objID,ra,dec
107190267817558710,26.78175197423115,-0.6680824773788832
