objID,ra,dec
98280263527509960,26.352812283512648,-8.092060853884158
