objID,ra,dec
105320269442850140,26.944294845478918,-2.2335808559463612
