objID,ra,dec
107150266449597408,26.644985993678194,-0.7025791906208637
