objID,ra,dec
100790264034707508,26.403452843969326,-6.002487460717428
