objID,ra,dec
95450266156273887,26.615750909414878,-10.4554975085019
