objID,ra,dec
107090268599044557,26.859794462506613,-0.7548973126329623
