objID,ra,dec
96370263074002868,26.307367660352917,-9.689454718414964
96370263074133245,26.307361150857794,-9.689454713509837
