objID,ra,dec
97360265575168170,26.557546649210813,-8.86020036175972
