objID,ra,dec
106610265607955522,26.560673981572055,-1.1541784434342628
