objID,ra,dec
97120269463481381,26.946396004349012,-9.065838030228663
