objID,ra,dec
98200260302902622,26.030329822041015,-8.16484162169467
