objID,ra,dec
102580268151281224,26.815134511550788,-4.5160386814445115
