objID,ra,dec
106040265331526508,26.533160499291597,-1.6281410631263995
