objID,ra,dec
103110263370906947,26.337090789686254,-4.069527866696641
