objID,ra,dec
99690260984311292,26.098494117122893,-6.924240787486181
