objID,ra,dec
96300264444609000,26.444511238908614,-9.742831663416307
