objID,ra,dec
97720261781605259,26.17820757640469,-8.562607627240832
