objID,ra,dec
106550263043944848,26.304389299687394,-1.2046619994674501
