objID,ra,dec
102840262029158531,26.20283881538888,-4.2931929416777175
