objID,ra,dec
106060260216911304,26.021782501351794,-1.6160566951026332
