objID,ra,dec
106010264993878682,26.499479996977193,-1.6515278936762698
