objID,ra,dec
95890265154623059,26.51552991775662,-10.08943501419549
