objID,ra,dec
103940264110727227,26.41113979412303,-3.377681253355407
