objID,ra,dec
100960265837235598,26.58373572735185,-5.862313465350444
