objID,ra,dec
96530267423521047,26.74237581159708,-9.557798931498947
