objID,ra,dec
102760269680870678,26.968111025399743,-4.366503834536044
