objID,ra,dec
103160261737465292,26.17378446884137,-4.029073673595031
