objID,ra,dec
99220261087885331,26.10883232319691,-7.312555231655461
