objID,ra,dec
96120267813928938,26.781426952455814,-9.892873368149216
96120267816798803,26.78161657,-9.89307254
