objID,ra,dec
100310268338086159,26.83381868435327,-6.4034122009159
