objID,ra,dec
97260261955224759,26.195539836927864,-8.946389358524337
