objID,ra,dec
95640261679439654,26.168030258042144,-10.292343100439115
