objID,ra,dec
106430260427991200,26.04280538066931,-1.3076885670170537
