objID,ra,dec
107170269785972215,26.97880223,-0.69008291
