objID,ra,dec
96180260530707342,26.053139029117503,-9.844357928706662
