objID,ra,dec
101390266222808953,26.622295428382532,-5.501316494376437
