objID,ra,dec
105450265896720286,26.589741558720853,-2.12512256836329
