objID,ra,dec
100170262009856604,26.200964990878557,-6.519825976758734
