objID,ra,dec
107350267174260096,26.717522788021835,-0.5417589263542938
