objID,ra,dec
106000266214890083,26.62152006567875,-1.6668891162765485
