objID,ra,dec
95640263419930464,26.34199048602586,-10.29997323820082
