objID,ra,dec
101380269160739500,26.916000455753533,-5.509302872645416
101380269158099138,26.915991985746526,-5.509336594677865
