objID,ra,dec
105960263084077578,26.30836572,-1.69414421
