objID,ra,dec
103410267523914337,26.752364603947115,-3.821771620316198
