objID,ra,dec
107080268154425723,26.81544216866105,-0.7622345509087927
