objID,ra,dec
96280262981199946,26.298156762925665,-9.758749779676545
