objID,ra,dec
107120260674691043,26.067565710648015,-0.7328696443567512
