objID,ra,dec
105740265274681945,26.527514679999005,-1.8820518204254628
