objID,ra,dec
107080260029137694,26.00297728206388,-0.7606388589719802
