objID,ra,dec
103960266875513387,26.687600950121347,-3.3641898660418823
