objID,ra,dec
100950264424620723,26.44252313672601,-5.874751793466273
