objID,ra,dec
102570265333873680,26.53343118819583,-4.522258538881678
