objID,ra,dec
104030262690307788,26.26903519767037,-3.3021809080630753
