objID,ra,dec
95640264767390201,26.47671838672461,-10.300134587816192
