objID,ra,dec
105870263317155983,26.331665,-1.77043929
