objID,ra,dec
100900265597421203,26.559780354692222,-5.9159520670198384
