objID,ra,dec
107480262323069560,26.232302111440497,-0.42572433305266644
