objID,ra,dec
96580269553559563,26.95538292517654,-9.50905204395181
