objID,ra,dec
100730260223070941,26.022364479241986,-6.057947190758372
