objID,ra,dec
103680261733250732,26.17339650960267,-3.599889288199829
