objID,ra,dec
100790260936631971,26.093691713258863,-6.006991925379517
