objID,ra,dec
106290266331705510,26.633207074840644,-1.4207454330676772
