objID,ra,dec
104800265491371817,26.549176520685453,-2.6655068391947676
