objID,ra,dec
96600267333432884,26.73337506453673,-9.497897291018232
