objID,ra,dec
107190266899017607,26.68993711840523,-0.6690927417442997
107190266902157607,26.69020647,-0.66903254
