objID,ra,dec
98940266094364402,26.609479949037368,-7.546650408716478
