objID,ra,dec
97240261540503068,26.1540142,-8.96442907
97240261537922877,26.15383612994346,-8.964617221584833
