objID,ra,dec
97310263174207055,26.317449392909886,-8.902806783971968
