objID,ra,dec
106290268248675130,26.824862451290144,-1.4209981532238427
