objID,ra,dec
101470269921807665,26.992257833201116,-5.435564720680434
