objID,ra,dec
107150261457265496,26.145934216231534,-0.7041797377392114
107150261460025407,26.145995062216027,-0.7042031247784126
