objID,ra,dec
105830267159279976,26.71590584369438,-1.8002996178407729
