objID,ra,dec
102730263057414132,26.30572045,-4.38849514
102730263054674057,26.305376748663672,-4.388515374964925
