objID,ra,dec
105040263977756967,26.397802400601037,-2.461159338998533
