objID,ra,dec
106270269626913410,26.96269021,-1.43918254
106270269625153702,26.962549707233464,-1.438960662563659
106270269620873428,26.96229054,-1.43900541
