objID,ra,dec
106410266241233363,26.62413715824757,-1.3225036922116837
