objID,ra,dec
101460266831032174,26.68316283830478,-5.448551592232068
