objID,ra,dec
105630265257223858,26.52583109919042,-1.9721489503754708
