objID,ra,dec
98250268075329490,26.807578763843214,-8.117459249524144
