objID,ra,dec
97950265574848412,26.557495558995647,-8.368330546894063
