objID,ra,dec
104610268862524984,26.88623999095814,-2.8211496157735048
