objID,ra,dec
107610263983929924,26.39845338731067,-0.31718886019620873
107610263987529660,26.398638523389508,-0.3173635633898981
