objID,ra,dec
107720264603107731,26.46033458866934,-0.2274030511743451
