objID,ra,dec
106690269937893216,26.993805824285854,-1.0893391249043882
