objID,ra,dec
107520266451550186,26.64524225,-0.40019249
107520266454110336,26.645486493966448,-0.40018594988837813
