objID,ra,dec
95680263243541604,26.324328620692224,-10.265742130565298
