objID,ra,dec
97290264281385734,26.428205331769338,-8.920559588331697
