objID,ra,dec
96520269975673968,26.99760613657298,-9.563711968633648
