objID,ra,dec
106480263026835682,26.302723374153466,-1.2623203135263659
106480263024695392,26.30248396,-1.26236885
