objID,ra,dec
99280267266671591,26.72661866,-7.26558821
99280267267151939,26.72674800085657,-7.265335449270804
