objID,ra,dec
101650265083687512,26.508351599297423,-5.285814943441388
101650265080147200,26.508319581756208,-5.285860434203147
