objID,ra,dec
102490261225442546,26.1225651378677,-4.589830778106017
