objID,ra,dec
106570265003940570,26.50041106,-1.19171309
