objID,ra,dec
96750264791563990,26.479202774238377,-9.371988878044286
