objID,ra,dec
103630261511164325,26.15115822650633,-3.6384130414486324
