objID,ra,dec
101580266386206670,26.638597588158202,-5.344779687596221
