objID,ra,dec
103310263598419580,26.359833988111724,-3.9006435222863303
