objID,ra,dec
106900262100006664,26.20996917645979,-0.9114400800359966
