objID,ra,dec
98320267631416881,26.763186937183203,-8.061266413423434
