objID,ra,dec
102960260452224678,26.045251121039755,-4.196510480268042
