objID,ra,dec
102670260502857537,26.050298684333487,-4.435726306366797
