objID,ra,dec
99510268048474263,26.804906068711134,-7.07175527424578
