objID,ra,dec
107210266983960261,26.698415915426978,-0.6585234479262656
