objID,ra,dec
100710263430120608,26.342990972049538,-6.074824430868463
