objID,ra,dec
100770263655997023,26.3656769969717,-6.019511158116501
