objID,ra,dec
96600269307583477,26.93077079074479,-9.497444920638772
