objID,ra,dec
106560268462431072,26.84619886292323,-1.1994173879862962
