objID,ra,dec
105100263147488934,26.31476672791737,-2.4095574003636213
