objID,ra,dec
100810265611797935,26.561268259795117,-5.985431587978045
