objID,ra,dec
105300266035033334,26.603559921636467,-2.2476110471379114
