objID,ra,dec
104150269706541836,26.97076285,-3.20716348
104150269709371744,26.97089319654597,-3.2071802014194004
