objID,ra,dec
107130267038768557,26.703897734950193,-0.7182600765563847
