objID,ra,dec
103540268894278161,26.8894317,-3.71021653
103540268890878157,26.889130986905265,-3.7102349963818786
