objID,ra,dec
107440261632042916,26.163062417002738,-0.4646717713642196
