objID,ra,dec
104650265015819210,26.501638019251132,-2.7843502805948845
