objID,ra,dec
99610269785920204,26.97868874157536,-6.991765880116915
