objID,ra,dec
106830272261297633,27.22618490815092,-0.9689905744739696
