objID,ra,dec
106900275204689803,27.520464367895975,-0.9088899194681651
