objID,ra,dec
96970271215257443,27.121419578344188,-9.185881813080817
96970271213097148,27.1213342014908,-9.185942507085597
96970271209947306,27.12105596547926,-9.185889236064881
