objID,ra,dec
103210277622714075,27.762263435786352,-3.988673653200132
