objID,ra,dec
105990279495730422,27.949645505390944,-1.6749497419320751
