objID,ra,dec
100840274300182518,27.43001746,-5.96486839
100840274303332374,27.430256014375107,-5.9649015692957
