objID,ra,dec
95910278626916737,27.862705009274237,-10.06977858603591
