objID,ra,dec
105650276116489487,27.611695141387475,-1.9508100332241292
