objID,ra,dec
97590272292991336,27.22923563054465,-8.67408452914408
