objID,ra,dec
106950275102589022,27.510168764735905,-0.8679571487245802
