objID,ra,dec
103620277003021266,27.700340290604395,-3.6493511864378982
