objID,ra,dec
97030279784458546,27.9784917051267,-9.13486439286082
