objID,ra,dec
98550270679280381,27.067885133490154,-7.875045840421899
98550270676580142,27.06769023,-7.87520961
