objID,ra,dec
104780279867371302,27.98664485267541,-2.6825040715819415
104780279865791578,27.986686214721175,-2.6824753794989578
