objID,ra,dec
100610277450920644,27.745188509278137,-6.158110646383653
