objID,ra,dec
105050272454144345,27.245416278115485,-2.4550718042127726
