objID,ra,dec
99420276775265958,27.67735495,-7.14548195
99420276772585816,27.67734537085278,-7.145492497172819
