objID,ra,dec
107170272794060181,27.279341949210096,-0.691921812841949
107160272791209983,27.27914605,-0.69204387
