objID,ra,dec
100320277178117049,27.717829941729846,-6.3944943618229555
