objID,ra,dec
100700277796796875,27.779647479601625,-6.077938446019729
100700277796277238,27.77964728,-6.07763969
100700277793006769,27.779560596740218,-6.077972221315647
