objID,ra,dec
95880275996215454,27.599562439588492,-10.096061877051689
95880275995555023,27.599594999042054,-10.09612629599502
