objID,ra,dec
98290277676537934,27.767718282118146,-8.085369351007815
