objID,ra,dec
104290277515412478,27.75160861998282,-3.0899623866993364
104290277514002105,27.75152685958994,-3.090128146690022
