objID,ra,dec
103100273745797226,27.374617719933905,-4.077645988968574
