objID,ra,dec
106720277495997420,27.74968666,-1.0608843
106720277498757277,27.749927446716,-1.0609956601976491
