objID,ra,dec
107020276895265660,27.68958119098909,-0.8124904282138906
