objID,ra,dec
106170273395531264,27.339627842578597,-1.5242960188463046
