objID,ra,dec
104870275802252802,27.5802434767257,-2.6063288661839765
