objID,ra,dec
102100271427537531,27.142771125533606,-4.910738558087829
