objID,ra,dec
106430278856148856,27.88571050300148,-1.3013554206462257
