objID,ra,dec
106530279356539441,27.93570918756734,-1.2175092558290874
