objID,ra,dec
95610276080163926,27.608025323471885,-10.322185794943094
95610276079863548,27.608041942468052,-10.32242802769979
