objID,ra,dec
95950276715169528,27.671534054019624,-10.034073516158758
