objID,ra,dec
100570277260941801,27.726144991659314,-6.19055444879161
