objID,ra,dec
104260270751677638,27.07530870133479,-3.110594737499185
