objID,ra,dec
98230272568058616,27.25682266580686,-8.134838728865605
