objID,ra,dec
104180273321394415,27.332150019887948,-3.1800073752832416
