objID,ra,dec
104360270570654535,27.05710974093463,-3.029901082174372
