objID,ra,dec
106800270291419334,27.029269955406512,-0.9926507315633751
