objID,ra,dec
98660277113345338,27.711291955712753,-7.779372350443876
