objID,ra,dec
104360271968587690,27.196887356960808,-3.0272893652404647
