objID,ra,dec
104290272131439320,27.213149797356305,-3.0842925278076745
