objID,ra,dec
105160278962875904,27.89631909430253,-2.362135333772083
