objID,ra,dec
107010274780842804,27.478118353394954,-0.8230014275135075
107010274781553132,27.47814996,-0.82279285
