objID,ra,dec
103180275335701970,27.533532882962238,-4.0153820030204255
