objID,ra,dec
97670278964435844,27.896647067137234,-8.603778898975241
