objID,ra,dec
107060272968074371,27.296832203625378,-0.7800303154960888
107060272968304827,27.29685698,-0.77978522
