objID,ra,dec
104250275337896255,27.533765703240373,-3.120115355747984
