objID,ra,dec
95720275939568557,27.593952377503008,-10.226294316074936
