objID,ra,dec
100820279058457998,27.905913260983766,-5.977079233423968
