objID,ra,dec
97930274988914691,27.498933062264868,-8.388060891984553
