objID,ra,dec
102850271337186270,27.13270326,-4.28671382
102850271327096364,27.132702146371116,-4.2867367960914
