objID,ra,dec
102720278503425218,27.850366742463333,-4.396088018765401
