objID,ra,dec
105130278830144168,27.88303624,-2.38855943
105130278827354219,27.882749583977834,-2.3885186620847207
