objID,ra,dec
106440275378433062,27.537849457102077,-1.297832426728762
