objID,ra,dec
102090271356035865,27.135636018959744,-4.920495633029335
