objID,ra,dec
98130274262975487,27.42632974,-8.22074361
98130274262805854,27.426308925847774,-8.22045084888716
