objID,ra,dec
102200272402228412,27.240224057652654,-4.826688379225209
