objID,ra,dec
95950279377658600,27.937729884693223,-10.034881095605794
