objID,ra,dec
100520273285976604,27.32860187788863,-6.228195052275326
