objID,ra,dec
106910277493405923,27.749375470269225,-0.9037647206907722
106910277490616126,27.749265,-0.90356795
