objID,ra,dec
102710274321767440,27.43224219502102,-4.4025079629725505
