objID,ra,dec
102510276159889160,27.61603482499226,-4.567744492919925
