objID,ra,dec
97290271865764409,27.18654577935814,-8.921664859801725
