objID,ra,dec
106530276761675906,27.67620628048542,-1.220591009616764
