objID,ra,dec
106760279346105231,27.93466737532884,-1.0293246818645478
