objID,ra,dec
102560276844635902,27.68458864413108,-4.528889467769638
