objID,ra,dec
106770276773735649,27.677419900250275,-1.0206975716180378
