objID,ra,dec
98280270924555253,27.09225968,-8.09587423
98280270921685361,27.09214561100128,-8.095873562410908
