objID,ra,dec
100260274491460789,27.449266559702387,-6.4496678462304375
