objID,ra,dec
102530272780476760,27.27805356677638,-4.553071976733902
