objID,ra,dec
106150270178049926,27.017744230709663,-1.5337436652392635
