objID,ra,dec
102360278419069816,27.84211157,-4.69196665
102360278423469878,27.8423556155673,-4.692045154449759
102360278425719648,27.8425201,-4.69219667
