objID,ra,dec
102850277009168413,27.700968433335994,-4.284982720577984
