objID,ra,dec
99670272586050636,27.258683652877828,-6.941462265942268
