objID,ra,dec
105620271054751974,27.105493191540404,-1.9820448125761556
