objID,ra,dec
96820271510179514,27.151060183705226,-9.309058725904432
