objID,ra,dec
98930272145822514,27.214566240413674,-7.556562638286424
