objID,ra,dec
106650272623902626,27.26233562,-1.1232187
106650272621302456,27.26216619556718,-1.1233078820564042
