objID,ra,dec
101440272231472233,27.223184360535836,-5.465087259181445
