objID,ra,dec
98610279167798487,27.9167720048579,-7.818323515265828
