objID,ra,dec
98200272078868964,27.207927727084556,-8.159515206772122
