objID,ra,dec
102280271856122508,27.185683168105914,-4.7649312009390865
