objID,ra,dec
102050272008136058,27.200938762512287,-4.953692461017522
