objID,ra,dec
97830275091171751,27.509179537555035,-8.473809973722066
