objID,ra,dec
106270275801732831,27.580168173847415,-1.4396653778075394
