objID,ra,dec
107280270129732522,27.013010245632888,-0.5982578916960365
