objID,ra,dec
97240270187263087,27.018783271453522,-8.964438771886572
