objID,ra,dec
107300270215957757,27.021643098691428,-0.5772447780389449
107300270213768040,27.02144812,-0.57703792
