objID,ra,dec
97170279172770151,27.917311141996983,-9.025205183677699
