objID,ra,dec
98760274013240425,27.40137553592364,-7.699993836576636
