objID,ra,dec
106460278081969530,27.808268442531187,-1.2757796807174369
