objID,ra,dec
105890277341449794,27.734208797384177,-1.750590112312245
