objID,ra,dec
102350276604616400,27.66051140316859,-4.703364521544618
