objID,ra,dec
96560270576619817,27.057671274678444,-9.525528048292175
