objID,ra,dec
99410273489330491,27.34896559029572,-7.158278244979633
