objID,ra,dec
104740270229191244,27.022949468398448,-2.7160563044058335
