objID,ra,dec
102110273105288790,27.310548957649825,-4.901354630990107
102110273108138663,27.31068363,-4.90145677
