objID,ra,dec
101920275247481349,27.524766143071357,-5.065911261811492
101920275248621745,27.52465147,-5.0656614
