objID,ra,dec
106630270298354369,27.029857948494122,-1.13839031555986
