objID,ra,dec
97270272044578541,27.204376580068026,-8.934904325006396
