objID,ra,dec
106610270808818789,27.08094931958115,-1.1513822057705816
