objID,ra,dec
97870272083463348,27.208364398585566,-8.439189727603749
