objID,ra,dec
96470272275521670,27.22753257969823,-9.607268467679834
