objID,ra,dec
100300270230444669,27.023033424862575,-6.413107769481796
