objID,ra,dec
105400276670673083,27.667067948821945,-2.1644467888042156
