objID,ra,dec
101110270169026586,27.016787604739374,-5.736703799629612
101110270167336309,27.016781158939725,-5.736706798261645
