objID,ra,dec
107220272156818870,27.215771248620563,-0.6429632192369702
