objID,ra,dec
104160276274554374,27.62735146913599,-3.196643458133268
104160276272954654,27.627319621343787,-3.1965398303853796
