objID,ra,dec
95940273711001511,27.37109904519603,-10.049081123800095
