objID,ra,dec
101270271066556196,27.106700978159918,-5.60349074328969
