objID,ra,dec
106760274971586930,27.497155579491764,-1.027941180738859
