objID,ra,dec
102340270794447359,27.07942917,-4.71102049
102340270795457043,27.07954132,-4.71114324
