objID,ra,dec
106790275655448792,27.56556733500521,-1.0014157699876824
