objID,ra,dec
103070270357367146,27.0357538913962,-4.102770121883314
