objID,ra,dec
104350270568514796,27.056911876706234,-3.0379881581780053
