objID,ra,dec
101940279569430236,27.957025881770917,-5.050208134387362
