objID,ra,dec
97630274840946690,27.48405131574274,-8.636443317201408
