objID,ra,dec
105990275653180217,27.56531078593211,-1.6751663812898598
