objID,ra,dec
106640273092573975,27.30928686707375,-1.130378734890821
