objID,ra,dec
102390272908457069,27.29085405775216,-4.669484360541627
