objID,ra,dec
106380279006316831,27.900713932350506,-1.344704991334025
