objID,ra,dec
96540271609920515,27.16098911556404,-9.549939449794934
