objID,ra,dec
95970271800528178,27.18011938603437,-10.018507867853588
