objID,ra,dec
102720276475670358,27.64758474017242,-4.400045364130365
