objID,ra,dec
100660278248503673,27.824887106730277,-6.11395112335429
