objID,ra,dec
97770277847965663,27.784862585114904,-8.520619810643161
