objID,ra,dec
107020276678268629,27.667766057397138,-0.8098835454786444
