objID,ra,dec
101550276779685133,27.67800992236566,-5.371086965066537
