objID,ra,dec
102830272492061261,27.249235233342024,-4.307681024217206
