objID,ra,dec
104180272023702971,27.20235843423443,-3.181198190358492
