objID,ra,dec
97570275652463826,27.565236202378205,-8.688805532287907
