objID,ra,dec
104090272774136142,27.277473624289723,-3.253633574707369
