objID,ra,dec
96840276249056487,27.624882685075715,-9.294961355833765
