objID,ra,dec
105090278331468612,27.833180133250075,-2.4181962657570457
