objID,ra,dec
107040273624551617,27.362407950494866,-0.7990909584980767
