objID,ra,dec
104670278191350962,27.81918300117523,-2.774622296380371
