objID,ra,dec
98530278025429999,27.802550423701664,-7.883585080648339
