objID,ra,dec
99280276430798950,27.643173757093066,-7.259575167735658
