objID,ra,dec
102520276894994040,27.68954770643028,-4.563718291563803
