objID,ra,dec
97310270337054251,27.033715235271423,-8.905167091992467
