objID,ra,dec
97370279421928940,27.942196651748624,-8.851191424636255
