objID,ra,dec
104470278408350785,27.84083568,-2.9413176
