objID,ra,dec
103530279908810546,27.990922837991935,-3.7248851199845205
