objID,ra,dec
99900274785459953,27.478588248832963,-6.742056475328175
