objID,ra,dec
97450274930278944,27.492967515705917,-8.784564930902173
97450274927658784,27.49291114,-8.78468725
