objID,ra,dec
107200272207304860,27.220709537919035,-0.6630274531964832
