objID,ra,dec
101460273126596166,27.312746790001288,-5.445153971248572
