objID,ra,dec
104200271307991991,27.1307863965674,-3.1653955593254683
