objID,ra,dec
105410270407095345,27.040752261475944,-2.1542392080831867
