objID,ra,dec
104890279968442371,27.99686192,-2.59005253
