objID,ra,dec
98120272106975959,27.210725070565164,-8.22869007575937
