objID,ra,dec
103380273953947472,27.395398524868263,-3.8441124894888783
