objID,ra,dec
102730270312392556,27.03126456134243,-4.38988751562575
