objID,ra,dec
103910278936348689,27.893737403214693,-3.4014362262622866
