objID,ra,dec
96270273614563917,27.36148757270974,-9.77209860493534
