objID,ra,dec
97890272251016674,27.22513926193418,-8.419760861404182
