objID,ra,dec
105340279295158417,27.9295289,-2.20997564
105340279292018376,27.929244789218174,-2.2100362635769257
