objID,ra,dec
100120273505879300,27.350446388051097,-6.559133519490305
100120273505299812,27.35049701410259,-6.558933337323976
100120273501829427,27.350391182166835,-6.5591191599517025
