objID,ra,dec
99640278381623213,27.83823286077734,-6.964327412455143
