objID,ra,dec
102610278958538305,27.895866732395092,-4.485053473905572
