objID,ra,dec
101650276574307653,27.65745721499241,-5.285717211559323
101650276574048023,27.6572517,-5.28553794
