objID,ra,dec
95890270204327261,27.020471566168084,-10.085890451908465
