objID,ra,dec
102860272756337346,27.275663851372233,-4.277576272775776
