objID,ra,dec
98190270674277583,27.06736376501052,-8.169045494069252
