objID,ra,dec
102420271267334223,27.12669082,-4.64668214
102420271264784497,27.126475438557623,-4.646573889093138
