objID,ra,dec
107050271660528750,27.16608465688016,-0.7847340580225021
