objID,ra,dec
95590275553366512,27.555395669245424,-10.336585428844698
