objID,ra,dec
106580277625396581,27.76262210375657,-1.1781921920753395
