objID,ra,dec
106850276270976287,27.62708346864167,-0.9533742799105679
