objID,ra,dec
103920274139796261,27.41401066339722,-3.3951241153893825
