objID,ra,dec
98630271671053015,27.167144892746176,-7.806174156824999
