objID,ra,dec
104530270494571407,27.04945328,-2.89067877
104530270492031800,27.04920817995831,-2.8905310131623194
