objID,ra,dec
95590270220741159,27.022131155886797,-10.341036066177294
