objID,ra,dec
106450272823635295,27.282389494798554,-1.2875554499683854
