objID,ra,dec
104780275855977489,27.585659882547436,-2.6774365193721534
