objID,ra,dec
105810273368669628,27.33687579,-1.81736342
105820273370230192,27.33696213,-1.81697958
