objID,ra,dec
106650279156387619,27.915729904627852,-1.1190223068810958
