objID,ra,dec
107040270008819463,27.00093833,-0.7923913
107040270006749240,27.00086786,-0.79245479
