objID,ra,dec
106250277344581190,27.734549972307416,-1.457750736464345
