objID,ra,dec
107190274178723172,27.417913161060635,-0.6726799157606392
