objID,ra,dec
104410271635385965,27.163549949011923,-2.9870785987491577
