objID,ra,dec
103640276748469111,27.674915899936384,-3.6261040358244636
