objID,ra,dec
99180276718827677,27.671964616872426,-7.343970835932344
