objID,ra,dec
100640279962242936,27.99627705579433,-6.131232549077183
