objID,ra,dec
102040270546201159,27.054664428397633,-4.966082905551765
