objID,ra,dec
99120275950964649,27.595136953326964,-7.396487631051797
