objID,ra,dec
100680278816770106,27.881744934978077,-6.100250076417514
