objID,ra,dec
102610273757149564,27.375800868718894,-4.484068000358248
