objID,ra,dec
106700276678882932,27.667911138897928,-1.0812900149593252
