objID,ra,dec
106640276342542662,27.634283125059344,-1.1315037302041127
