objID,ra,dec
97130273549391106,27.354868606380624,-9.057748410887914
