objID,ra,dec
106800278370177022,27.837200156445522,-0.9945605818802671
