objID,ra,dec
106870278120737751,27.81224955180253,-0.9355644171363168
