objID,ra,dec
104680276246884429,27.624554194299236,-2.763207671367102
104680276244744648,27.62452863372854,-2.763115554777262
