objID,ra,dec
106680271034955282,27.103499214628417,-1.0960169507983013
