objID,ra,dec
103100274759562031,27.47600128539095,-4.082044694834014
