objID,ra,dec
106880278641223468,27.86418374740796,-0.9308210603446793
