objID,ra,dec
101000273411428592,27.341145209548024,-5.826496310258177
