objID,ra,dec
103440276769389113,27.67699596868455,-3.7927014921515863
