objID,ra,dec
104460279627200465,27.962757662984682,-2.949978296088705
