objID,ra,dec
104750276764388089,27.676530345354408,-2.70181460145711
