objID,ra,dec
105940272321142083,27.23211954,-1.71531307
105940272323301872,27.232253668526482,-1.7154109973676919
