objID,ra,dec
102550274449700099,27.445047701761005,-4.541919692156045
