objID,ra,dec
106090276862140692,27.686279899103646,-1.5915594867038143
