objID,ra,dec
106680279257893698,27.925851351451133,-1.097297905971286
