objID,ra,dec
104320273816036454,27.381572540265264,-3.061605797494709
