objID,ra,dec
106920274428661289,27.442842579717006,-0.8993009635213439
