objID,ra,dec
97200279868430684,27.9868712903754,-8.999772198087314
