objID,ra,dec
102380276727360540,27.672820393499023,-4.683252948956377
