objID,ra,dec
101920273000712301,27.300066287472,-5.065212632576847
