objID,ra,dec
99430272282806202,27.228295350856722,-7.136836331645355
