objID,ra,dec
103910272483483279,27.24837458663993,-3.4058741232608454
