objID,ra,dec
100980276560535554,27.65592935,-5.84561661
100980276559105917,27.655915897262116,-5.845440814376627
100980276556796181,27.65577931,-5.84531492
