objID,ra,dec
104390273977463301,27.39779391597773,-3.0060187918020254
