objID,ra,dec
98930277411555037,27.74119145467191,-7.5545327095182095
