objID,ra,dec
96230279876458897,27.98767282901059,-9.801287664107717
