objID,ra,dec
104190277100175302,27.71014884401111,-3.170938357345064
