objID,ra,dec
101530278585083442,27.858681147273437,-5.389376152664443
101530278586822985,27.85869731690609,-5.389415419937281
101530278588973270,27.85893402,-5.38931838
