objID,ra,dec
97940273548028515,27.354849238441844,-8.376590947708426
