objID,ra,dec
103710278218122562,27.821788050131367,-3.573237350334891
103710278215252554,27.821717139577217,-3.5732545676123952
