objID,ra,dec
95500271240189485,27.12414462383984,-10.409009708812874
