objID,ra,dec
98030276747079737,27.67491815709578,-8.300459070793549
98030276749709939,27.674925095936196,-8.300457968472895
