objID,ra,dec
100150277037129177,27.703774657685393,-6.534348500818788
