objID,ra,dec
102440272423388400,27.24232180883227,-4.626749463120451
