objID,ra,dec
104240275968289105,27.596847830602556,-3.1261478462091494
