objID,ra,dec
103380270565353566,27.056586997384557,-3.8473991185040872
103380270567963349,27.05681024,-3.84754537
