objID,ra,dec
107420270260136556,27.026063752258196,-0.4782167403370398
