objID,ra,dec
104440273970897046,27.39714281991062,-2.9611443433265072
