objID,ra,dec
97080272907924706,27.29077220794943,-9.096426000397255
