objID,ra,dec
95710275431451830,27.5431889305213,-10.24049801051556
