objID,ra,dec
107150272469764698,27.246999271119165,-0.7047172356138521
