objID,ra,dec
103420278769036542,27.876966102652382,-3.811573476396768
