objID,ra,dec
96420275693046855,27.5693279483272,-9.644676277530367
