objID,ra,dec
98820276248153507,27.62491054001625,-7.6475117858851345
