objID,ra,dec
95870278996205415,27.89957119,-10.10433359
95870278995934678,27.89961474,-10.10467595
95870278995785075,27.89956819915508,-10.10445756908555
