objID,ra,dec
100880277954804647,27.79549089719749,-5.929825760792272
