objID,ra,dec
101760271841726502,27.184247545589923,-5.195092955005905
101760271841516143,27.184246840006864,-5.1951813480592435
