objID,ra,dec
104800272778308536,27.27784493538426,-2.6599417461206682
