objID,ra,dec
96910279384552054,27.938499712799274,-9.240278091298375
