objID,ra,dec
101110275094903614,27.509529329099824,-5.738991271726994
