objID,ra,dec
103470278100424047,27.81015390007068,-3.771823452534093
