objID,ra,dec
96890273040227482,27.30400125485226,-9.252448611442356
