objID,ra,dec
103210278774433414,27.877513354436104,-3.9890716411596356
