objID,ra,dec
105510279416807504,27.941767330794242,-2.0691249569685395
