objID,ra,dec
103610278968022688,27.896875690105865,-3.65648860669652
