objID,ra,dec
106890277856363607,27.78571031210084,-0.9223895038089929
