objID,ra,dec
100360272775015776,27.27759088765672,-6.36209195806842
100360272775606155,27.27760286019287,-6.362079945183745
100360272777635894,27.2775925673914,-6.362086030834485
