objID,ra,dec
97730273403231289,27.34027650031364,-8.557609644780236
