objID,ra,dec
95600270979442184,27.098012637037407,-10.331829135382675
