objID,ra,dec
103050272618857643,27.26191810141846,-4.118968762251524
