objID,ra,dec
97990277375165204,27.737569654403966,-8.337715264941934
