objID,ra,dec
107200272658777334,27.265885907507467,-0.6608929868704724
