objID,ra,dec
102780271987382525,27.19874504,-4.34825327
102780271985012755,27.19845682,-4.34812198
102780271984882350,27.198466604399407,-4.348323486563289
