objID,ra,dec
97420270512719157,27.051216917588466,-8.809126651673196
97420270511349544,27.051204405361155,-8.809123694948356
