objID,ra,dec
106040272584931947,27.258509366149433,-1.6320541405554834
106040272587562096,27.25876151,-1.6319654
