objID,ra,dec
96090271555550823,27.15559652461536,-9.924637623430309
