objID,ra,dec
102540271631582742,27.163184300967114,-4.5481040507511725
