objID,ra,dec
106300273323497197,27.332385083901546,-1.411021545126739
