objID,ra,dec
96210273237233092,27.323748220781145,-9.822769638479699
