objID,ra,dec
95790275192308337,27.519245839474213,-10.168341696623648
