objID,ra,dec
101560278273935579,27.82754758320345,-5.362523470792858
