objID,ra,dec
103170279462269976,27.946194488245403,-4.017027042091579
