objID,ra,dec
101720275553873062,27.555492711666492,-5.231196734647804
