objID,ra,dec
107150274164825859,27.41651906380774,-0.7038123112514401
