objID,ra,dec
102030271201072818,27.12016486200767,-4.9731063306234145
