objID,ra,dec
100410275210093719,27.52110187072076,-6.322262828173556
