objID,ra,dec
101630271915244881,27.19154379894621,-5.3046227202214205
