objID,ra,dec
103850270189951038,27.01895699558367,-3.4576260930135296
103850270188301456,27.01895528713855,-3.4576088477122546
