objID,ra,dec
106130270163380518,27.016294593142778,-1.5583214920341595
106130270162090210,27.01619466,-1.55856175
