objID,ra,dec
103050278368343136,27.83672664543263,-4.12269395698763
