objID,ra,dec
104210273770858327,27.376991742478403,-3.151958924454807
104210273769417909,27.376963890215087,-3.151979555937271
