objID,ra,dec
98160270908141253,27.09082221741247,-8.199282189853522
