objID,ra,dec
97410271151960326,27.115182994777925,-8.825051244801974
