objID,ra,dec
95960270254204990,27.02541058,-10.02947703
95960270253024676,27.025328473487072,-10.029745563901464
