objID,ra,dec
104060271149616475,27.11481645,-3.27832349
104060271146876411,27.11476646766724,-3.2783064556089805
