objID,ra,dec
103070279875375562,27.98751433727253,-4.10404472791669
