objID,ra,dec
98600272472401644,27.247302389679177,-7.832252134073503
