objID,ra,dec
97170275525815932,27.552585500502918,-9.020508888505516
