objID,ra,dec
103210272136251249,27.21355392677236,-3.9908650202107094
103210272134461517,27.213540101159126,-3.9908771156167355
