objID,ra,dec
105960278882065562,27.888250628057644,-1.695723326310184
