objID,ra,dec
98030278749178374,27.87497511913467,-8.301682087091049
