objID,ra,dec
103070270945491571,27.09455260414881,-4.1074228598620435
