objID,ra,dec
100720277026683151,27.702785787836152,-6.064365162822418
