objID,ra,dec
96640274280036994,27.428019124663667,-9.461193666431821
