objID,ra,dec
98710270208071303,27.02081287644834,-7.7409191594801605
