objID,ra,dec
105770279896628654,27.989631757672598,-1.8515568170143015
