objID,ra,dec
97070277850296419,27.78484552,-9.10345011
97070277846756074,27.78468685351182,-9.10361421829603
