objID,ra,dec
98270275642727995,27.56439592852232,-8.102012292712587
98270275644208373,27.56441685,-8.10190066
