objID,ra,dec
103170274052412356,27.405136192682228,-4.023467172699126
103170274049532281,27.40509748837795,-4.023474476645463
