objID,ra,dec
99870274084341727,27.40841223,-6.77389694
99870274081451758,27.408229671040466,-6.773919152369697
