objID,ra,dec
96270271773434050,27.17739615001966,-9.771963895022587
