objID,ra,dec
101170272584257314,27.258466150513936,-5.6859060593071815
