objID,ra,dec
106960271898401676,27.189748827633558,-0.8656932065147928
