objID,ra,dec
102920271228218442,27.12282911022654,-4.226659731143126
