objID,ra,dec
97900277072890359,27.707297238340704,-8.416704155775959
