objID,ra,dec
106530278716864614,27.871864844398814,-1.2216225342378448
