objID,ra,dec
97670274258851517,27.4258984,-8.60733094
97670274255901686,27.42565710065475,-8.607313325812068
