objID,ra,dec
102920270579997630,27.05808665994034,-4.227345298259268
