objID,ra,dec
105030278378764365,27.83793587,-2.47176019
105030278381464208,27.83816788571172,-2.4718508936462644
