objID,ra,dec
101110274284606869,27.42849269541451,-5.736277262753791
