objID,ra,dec
99590274587368738,27.45869321530345,-7.001430420238311
