objID,ra,dec
104480272128899588,27.21291891749157,-2.925801957169355
