objID,ra,dec
97530272646277006,27.264619491999607,-8.719465228320392
