objID,ra,dec
97550274712581055,27.471241956918124,-8.707832674028676
97550274715270910,27.471224910978407,-8.707852227876499
