objID,ra,dec
95800277562412320,27.75624189604609,-10.165092727091977
