objID,ra,dec
104310270572203316,27.05734180902922,-3.072606413386192
