objID,ra,dec
103270275690434610,27.56911494417723,-3.9381833256330165
103270275692014890,27.56920367,-3.93796826
