objID,ra,dec
102080278528063432,27.852900694571257,-4.930860910951274
