objID,ra,dec
97610275468146466,27.546850173024033,-8.653284501564556
97610275471306620,27.54704493,-8.65316779
