objID,ra,dec
98940276057006618,27.6057156,-7.54481618
98940276054476409,27.605561024760433,-7.544991638134549
