objID,ra,dec
105650279048955616,27.904913577134845,-1.954009067186114
