objID,ra,dec
104550272649704525,27.264904038491906,-2.871550926757973
