objID,ra,dec
106700270940300261,27.09406493211546,-1.0834981577842637
