objID,ra,dec
100380278579723312,27.858036608762298,-6.347606940733941
