objID,ra,dec
104350278040486052,27.8041486274224,-3.0368706781421957
