objID,ra,dec
101780279977230543,27.997779948455054,-5.18322058042333
