objID,ra,dec
102860273659433286,27.36600266440734,-4.281009264807651
