objID,ra,dec
106950274702058590,27.470217082308796,-0.8682310352246342
