objID,ra,dec
101050278768739145,27.87691188270256,-5.784399395882821
