objID,ra,dec
106240273612747688,27.36129748842656,-1.4605244135109132
