objID,ra,dec
104990274441869914,27.444231279833307,-2.500444777098054
