objID,ra,dec
99560277375953648,27.737662215955517,-7.030636400695174
99560277373123638,27.73740591,-7.03064468
