objID,ra,dec
104340273908929799,27.390884917383318,-3.042149591108721
