objID,ra,dec
96940270055437583,27.005715150413486,-9.210703045497182
