objID,ra,dec
104270275554129606,27.555399906718364,-3.1006191357776567
