objID,ra,dec
107130272879502696,27.287851505008994,-0.723108031542362
