objID,ra,dec
104930278881916109,27.88825920640401,-2.5536273417876845
