objID,ra,dec
105580272876709299,27.287682035731788,-2.00926966801982
