objID,ra,dec
104150273388612205,27.338821443181185,-3.206922467054931
104150273385321991,27.338616986418565,-3.207031888283367
