objID,ra,dec
103640273521038078,27.35212693,-3.62706835
103640273518977681,27.352026494670138,-3.6272417343492616
