objID,ra,dec
105620275837432528,27.583877617737045,-1.9816005104723813
