objID,ra,dec
103080272120764577,27.212092666336257,-4.096519794034586
