objID,ra,dec
95730277500143179,27.750053164946234,-10.222649871068132
