objID,ra,dec
105230274591091190,27.459113984590427,-2.3077174649846888
