objID,ra,dec
105200275196043168,27.51967861661201,-2.3313132529439975
105200275195182831,27.51971793866966,-2.3313323890327333
