objID,ra,dec
104880278308695502,27.83099283,-2.59566585
