objID,ra,dec
104480276407972037,27.640906471857136,-2.9319402156203163
