objID,ra,dec
102150270394639003,27.039465738800885,-4.867787953573407
102150270392339278,27.03930843,-4.86767888
