objID,ra,dec
101440272526467048,27.25284945269421,-5.4610327959920815
101440272528957230,27.252841031178228,-5.461017080388469
