objID,ra,dec
103500279762391017,27.97632470259553,-3.7495262485756733
