objID,ra,dec
102560272619453913,27.261950983539496,-4.530482624866985
