objID,ra,dec
102340272566282739,27.25665293,-4.71475346
102340272563132554,27.25643376314082,-4.714929564026174
