objID,ra,dec
98090276949569040,27.695011242095198,-8.251116333930584
