objID,ra,dec
98060282436333582,28.24362094603931,-8.280715211891044
