objID,ra,dec
106620284748242290,28.47474546636703,-1.1485127384645832
