objID,ra,dec
97880281368140830,28.136798572966057,-8.432989907592201
