objID,ra,dec
98310286567119532,28.65665916603651,-8.067356544307655
