objID,ra,dec
104420286513769039,28.651433156662538,-2.976148899840893
