objID,ra,dec
104970289810491570,28.981052512175534,-2.524082562298555
