objID,ra,dec
105900289287201604,28.92869799189613,-1.7490376726050887
