objID,ra,dec
100180283609627620,28.360991072026213,-6.510643693167787
