objID,ra,dec
104950287847002904,28.78471575659763,-2.5395988741239517
