objID,ra,dec
102550286225881471,28.622631186061845,-4.540785143588303
