objID,ra,dec
105060288312597784,28.83129252624903,-2.4438699569847353
