objID,ra,dec
103630287706037689,28.770659412294076,-3.635567009739793
