objID,ra,dec
104520281217289107,28.121737387344755,-2.8927805759043257
