objID,ra,dec
96870282309421326,28.230938631467108,-9.274223508155877
