objID,ra,dec
102880287558300233,28.755857070912093,-4.266844873180544
