objID,ra,dec
99310283215319136,28.321615306564084,-7.234365840545128
