objID,ra,dec
95540285999518298,28.60001963244975,-10.3767660490343
