objID,ra,dec
104800283968166116,28.39685476562937,-2.6619217983337626
