objID,ra,dec
98030286511026911,28.65111604,-8.30288769
98030286508356781,28.65088812851251,-8.302983245471184
