objID,ra,dec
102130283171737116,28.31721901606983,-4.886007892271278
