objID,ra,dec
100570285352982283,28.535337905366394,-6.190100151768681
