objID,ra,dec
105260285087591877,28.508726753822007,-2.2820932186024683
