objID,ra,dec
103760284720890903,28.472071094307065,-3.5329672844842994
