objID,ra,dec
97910287978287674,28.797971184486016,-8.402237526362493
