objID,ra,dec
104030289303988569,28.930388229845995,-3.3015441153639977
