objID,ra,dec
106240287616456400,28.761546327758353,-1.4617639947323262
