objID,ra,dec
100350284230385454,28.4230995871273,-6.370802619315048
