objID,ra,dec
95990280651003275,28.06508251641815,-10.006028733243076
