objID,ra,dec
96590284006912680,28.400687350417208,-9.506432995282616
