objID,ra,dec
97370280799670810,28.079979341133438,-8.858003009521562
