objID,ra,dec
101820283353246651,28.33533561495724,-5.144866244357697
