objID,ra,dec
103780289063980833,28.906466809955173,-3.5163432708637723
