objID,ra,dec
101840285780475185,28.578055493553386,-5.129396339316317
