objID,ra,dec
102680282017796340,28.20186851169725,-4.4283642331361985
