objID,ra,dec
95750280451099193,28.045125466614603,-10.201076576170632
