objID,ra,dec
99520283908411798,28.39087317007338,-7.06545503045571
