objID,ra,dec
103930287053758164,28.705394325178368,-3.3852027861220297
