objID,ra,dec
106120282834827636,28.283518444920077,-1.5606780931114201
