objID,ra,dec
97250283296269608,28.32963223,-8.95064133
97250283294249845,28.329450332089724,-8.950445106089914
