objID,ra,dec
99460281732686890,28.17330122946544,-7.1112206703330365
