objID,ra,dec
97920280963825028,28.096323855131313,-8.396147546695168
97920280960885165,28.09613136,-8.39613921
