objID,ra,dec
97640283077908184,28.30779199481366,-8.626867206079933
