objID,ra,dec
99200289965087388,28.996481386705838,-7.327511346420962
