objID,ra,dec
98860283896627374,28.389686157595495,-7.610821917372012
