objID,ra,dec
105200281775106140,28.177524252486723,-2.3286628545504717
