objID,ra,dec
103320288696654698,28.869729110874182,-3.8964034979601596
