objID,ra,dec
103030283351218494,28.335140071042144,-4.135104496009483
