objID,ra,dec
102330281606192008,28.160604177767173,-4.723776789738165
