objID,ra,dec
103670281488865417,28.148969344125007,-3.6041321940409294
103670281487375748,28.14879016,-3.60392416
