objID,ra,dec
98830286945071044,28.694466467932095,-7.64117911342197
