objID,ra,dec
105320280676102294,28.067626011659208,-2.2317750683635498
