objID,ra,dec
103900288901989630,28.89024791515741,-3.4089587470311935
