objID,ra,dec
106130288914185086,28.891457958764025,-1.5544146542241968
106130288911305183,28.89114993,-1.55437372
