objID,ra,dec
99710285872159305,28.587222504151892,-6.900908895541186
