objID,ra,dec
102260283561183024,28.35616716090412,-4.78117199868977
