objID,ra,dec
101690281802499715,28.180313334893864,-5.25061853234002
