objID,ra,dec
104960281385548700,28.138645367615396,-2.5263735642985177
