objID,ra,dec
99810284616724499,28.46175024599154,-6.821511501854118
