objID,ra,dec
106540281705602796,28.17062070353496,-1.2147212330319124
