objID,ra,dec
102190287325094596,28.73245329,-4.83810536
102190287322284749,28.732276956870628,-4.838094266495075
