objID,ra,dec
97250284714712352,28.471515327325232,-8.956722265302822
