objID,ra,dec
98810286251313607,28.62511010490434,-7.655718319648247
