objID,ra,dec
99840281051464114,28.105196006096744,-6.796890361010818
