objID,ra,dec
99330280874845528,28.087532428348258,-7.220723443441177
