objID,ra,dec
98120287052772049,28.705327845904815,-8.231924233637022
