objID,ra,dec
106270289049674890,28.904934569830935,-1.437936903524673
