objID,ra,dec
96800283381952877,28.33823257648183,-9.33124023298877
