objID,ra,dec
99280285244669794,28.524506660915883,-7.258769677206812
