objID,ra,dec
103750284970032563,28.497105496259817,-3.5399342004333665
