objID,ra,dec
97520284271571639,28.427136448716883,-8.732334230634265
