objID,ra,dec
95640280796968951,28.079639788965185,-10.292842329641717
