objID,ra,dec
101760284050123834,28.40503146172178,-5.197198839115894
