objID,ra,dec
105050283328892034,28.332923809485536,-2.456966662154786
