objID,ra,dec
99200289287198069,28.928668383002844,-7.326942329515867
