objID,ra,dec
102390289457704348,28.94583275762729,-4.671847922477536
