objID,ra,dec
103210284059307645,28.405973396864066,-3.9857108060411
