objID,ra,dec
103900286096640751,28.609638959001863,-3.416383015089559
