objID,ra,dec
99360281089266145,28.108959694915015,-7.195184778316596
