objID,ra,dec
104130280347875630,28.034870407954042,-3.2206622408767047
