objID,ra,dec
102920283151844424,28.31517780484863,-4.2300510283526895
