objID,ra,dec
102180281345008330,28.13453711286077,-4.843437073750729
