objID,ra,dec
104480283437602018,28.34381712169416,-2.9320386300880847
