objID,ra,dec
102070282077114747,28.207756148523092,-4.938079083007326
