objID,ra,dec
106670280463100429,28.04634254915607,-1.1083826162254904
