objID,ra,dec
102410287324691707,28.73252659981102,-4.657309952108554
