objID,ra,dec
102060286230553337,28.623076494080834,-4.94748966461046
102060286233303562,28.623171253024005,-4.947462678484693
