objID,ra,dec
104480280538775039,28.05392221599996,-2.9294875243020684
