objID,ra,dec
96230281624410475,28.16245988,-9.80827104
96230281622080670,28.16226331166941,-9.808170054391223
