objID,ra,dec
98070281103776651,28.110426195658338,-8.269832668392693
