objID,ra,dec
97670283716599890,28.37167583324727,-8.60040635524336
