objID,ra,dec
98280285319860429,28.531996917468074,-8.099997062395836
