objID,ra,dec
102230281252474721,28.125281656118588,-4.804813929817149
