objID,ra,dec
96870285544914681,28.554564652704094,-9.27147824521912
