objID,ra,dec
98970287936688572,28.79365284751534,-7.518191664865888
