objID,ra,dec
106190287941857330,28.794181930920733,-1.50255420365448
