objID,ra,dec
104320280137733269,28.013837950800742,-3.064257196729246
