objID,ra,dec
106680283758035643,28.375799777927497,-1.0956569412151809
