objID,ra,dec
102930288657061087,28.865725489111945,-4.224391926532799
