objID,ra,dec
105260285748748742,28.57490213137209,-2.2763982391202227
