objID,ra,dec
95870282551412188,28.255186835691006,-10.106901838545697
