objID,ra,dec
104070286030933355,28.603161302497412,-3.272562359578252
