objID,ra,dec
104700283136438578,28.313667524033498,-2.743159673713662
