objID,ra,dec
96080284048147384,28.404839306753843,-9.927426676328116
