objID,ra,dec
96940288388282774,28.83863888,-9.21483771
96940288386752468,28.838670714345557,-9.214888105220474
