objID,ra,dec
105180285748678053,28.574859182815008,-2.3436473384443532
