objID,ra,dec
104920287923152369,28.792297242103476,-2.5651118311137333
