objID,ra,dec
103950281317131451,28.131674028747792,-3.3741339939664816
103950281317090956,28.13176732,-3.37423691
