objID,ra,dec
100450287138334383,28.713849087952774,-6.288352306523434
