objID,ra,dec
101650289526029522,28.952636239626933,-5.284051094249529
