objID,ra,dec
102590284160815193,28.416089622764357,-4.504397116222275
