objID,ra,dec
98360288510209016,28.851096092890103,-8.026066431566782
