objID,ra,dec
101420284837495847,28.48374657,-5.47914304
101420284837155136,28.48371483,-5.47940937
101420284836585496,28.483694683424343,-5.479143789754438
