objID,ra,dec
106570285345288452,28.534539402473396,-1.1850053441105202
