objID,ra,dec
105420283760038126,28.375984341486106,-2.143662579048435
