objID,ra,dec
96510288772302521,28.87727031063936,-9.573222041020296
