objID,ra,dec
103060281355438658,28.13553728327901,-4.109798694544392
