objID,ra,dec
100850284299767230,28.43007205523006,-5.95267649351352
