objID,ra,dec
102870288593031586,28.859266260980604,-4.273989905661114
