objID,ra,dec
102140283146871362,28.314703204215526,-4.882550958009705
