objID,ra,dec
105360280968952700,28.09682720483185,-2.1980887222421597
105360280967132969,28.09675029,-2.19788805
