objID,ra,dec
102100284440191263,28.444028622138436,-4.91598705014578
