objID,ra,dec
98870283085699923,28.30865212112949,-7.600394396127609
