objID,ra,dec
104680285346860410,28.534769199069693,-2.7666860849892236
104680285348650073,28.534844782555755,-2.766910929287027
