objID,ra,dec
102230284220922405,28.42217663737741,-4.806631380064953
