objID,ra,dec
104700288872315176,28.88723758435969,-2.746053548398747
