objID,ra,dec
98840285798281724,28.57981650660883,-7.632200966245259
