objID,ra,dec
103780282359773504,28.23604175721477,-3.514046934747854
