objID,ra,dec
102880280182705672,28.018303943334665,-4.2622283367636316
