objID,ra,dec
97750280224062446,28.02244591599802,-8.539964708360312
