objID,ra,dec
103220284547530689,28.45476768268395,-3.9831420462421545
