objID,ra,dec
104240283081100601,28.308192852129388,-3.133241967712545
