objID,ra,dec
103670284643811672,28.464437515512994,-3.6072827155872487
