objID,ra,dec
106380283829797699,28.38296918972474,-1.3440053070294318
106380283827317543,28.382964694899933,-1.3440063071217005
