objID,ra,dec
101750288253711868,28.825405588077828,-5.207146079305808
