objID,ra,dec
104320283515706360,28.351585510693532,-3.0617508038851513
