objID,ra,dec
106430283606103679,28.360647454459475,-1.305640649304798
