objID,ra,dec
103130286939280541,28.693933704502154,-4.058217445544448
