objID,ra,dec
97580284372573313,28.437249645533452,-8.680928217121723
