objID,ra,dec
102690289908345476,28.99086795947552,-4.420833444320063
