objID,ra,dec
98350283781411914,28.378177760721243,-8.040400469061598
