objID,ra,dec
105580284745243888,28.47454217,-2.01380812
