objID,ra,dec
97990282399262776,28.239933415301365,-8.339731882047085
