objID,ra,dec
99560281754500188,28.175507179469808,-7.033507892886344
