objID,ra,dec
98130282995885727,28.29951423620556,-8.22067521880699
98130282993135479,28.299465425284314,-8.22070847184627
