objID,ra,dec
96460288992649141,28.89937903186677,-9.609448631963172
