objID,ra,dec
98060282084765606,28.208499882145162,-8.279040955667552
98060282083895275,28.20841624,-8.27930162
