objID,ra,dec
100390280716786735,28.07174652308959,-6.336446720340325
