objID,ra,dec
105450280995102119,28.099507034192307,-2.123581122887611
