objID,ra,dec
98120280051992149,28.0052741242873,-8.231923650399287
