objID,ra,dec
105820281614038573,28.16142440671688,-1.809909225442798
