objID,ra,dec
97260283724800092,28.372538287808144,-8.9502688055665
