objID,ra,dec
100750288042334883,28.80427704133397,-6.0380161462429625
