objID,ra,dec
103820286178937801,28.61790214596218,-3.4771843048261135
