objID,ra,dec
104420286604266421,28.660469988644525,-2.9784189176768368
