objID,ra,dec
95960287082250914,28.708187363036966,-10.032889843784766
