objID,ra,dec
102190280654211157,28.06543444,-4.8411293
