objID,ra,dec
98210281271558331,28.12716410501706,-8.151766043797796
