objID,ra,dec
96630288247006500,28.824662332043946,-9.46997025062013
