objID,ra,dec
102760283569688060,28.35693766,-4.36018303
102760283570948449,28.35707738600016,-4.3600419215642985
