objID,ra,dec
99950289111965942,28.91106462794833,-6.7037075634320065
99950289108635969,28.911043053713517,-6.703691571388934
