objID,ra,dec
97180285726378895,28.572688552753164,-9.00961802218725
