objID,ra,dec
104480288125455166,28.812527049916202,-2.9293937835508506
