objID,ra,dec
95720282718141973,28.27185992671393,-10.232015450154373
