objID,ra,dec
103940288113310349,28.81137857633107,-3.3834076717325714
