objID,ra,dec
98350288171378070,28.81719487352931,-8.035275186622906
