objID,ra,dec
96740282575019504,28.257528352950022,-9.375721852807555
