objID,ra,dec
104290286027096926,28.602643455291027,-3.0862783041414055
