objID,ra,dec
102360280815870517,28.08157366233631,-4.699951518727817
