objID,ra,dec
106590282123169397,28.212372401292853,-1.1675178574084686
