objID,ra,dec
99980285839841022,28.584041363170076,-6.682880985031472
