objID,ra,dec
97810280724296524,28.072388387560483,-8.486556271966395
