objID,ra,dec
105320282921382378,28.29219130444521,-2.231817016402889
105320282921581938,28.29221932,-2.23196251
