objID,ra,dec
98380281897255003,28.18976112574709,-8.012925060854593
