objID,ra,dec
105930288437341287,28.843758658712442,-1.724330535679175
