objID,ra,dec
106620280446065904,28.044670013064586,-1.1454265413689309
