objID,ra,dec
104000285859402705,28.585982542640412,-3.3313813030750365
