objID,ra,dec
98950280815045466,28.08151183,-7.53749669
98950280812155415,28.08125181341443,-7.5375057967496915
