objID,ra,dec
96090282318958713,28.2317110856831,-9.918106020679964
96090282315848615,28.231679906172367,-9.918094007201324
