objID,ra,dec
99290284760998967,28.476120527394727,-7.251151369083706
