objID,ra,dec
102700287371638219,28.737168500961463,-4.410166508993862
