objID,ra,dec
105230282368860653,28.236888538467042,-2.3081267347999987
