objID,ra,dec
104160288202711471,28.820310538899808,-3.1991299145423913
