objID,ra,dec
104990287743885927,28.774401460592827,-2.503761847180472
