objID,ra,dec
95770280782505673,28.078292641098642,-10.187294408694319
