objID,ra,dec
102760282701299300,28.27013362106172,-4.359324203344849
