objID,ra,dec
104910281188472085,28.1188791834092,-2.5736159736820134
