objID,ra,dec
106310286320356861,28.632034715081115,-1.4029943594221361
