objID,ra,dec
102620285884180975,28.588448115397703,-4.48289785979151
