objID,ra,dec
103550286984730747,28.69850582,-3.70803662
103550286983561098,28.69835856233332,-3.7078123546996378
