objID,ra,dec
104120286279059113,28.62791551390105,-3.226048766714601
