objID,ra,dec
97590280461415036,28.046199707048356,-8.671145796426076
