objID,ra,dec
102890284211029941,28.42108272761986,-4.2504580265488
