objID,ra,dec
106180281401967580,28.140222698128657,-1.5107031409619378
