objID,ra,dec
96390284320933634,28.432098001543633,-9.672323381830026
96390284319963966,28.43204011,-9.67217092
