objID,ra,dec
96690287818949934,28.78187284,-9.41705825
96690287816239797,28.78167028944868,-9.417216775498794
