objID,ra,dec
100760285072488419,28.5073138097037,-6.0266389609710185
