objID,ra,dec
103210287275343013,28.727565682430647,-3.989538928432245
