objID,ra,dec
106710280946130178,28.094664399680784,-1.075208523824237
