objID,ra,dec
102010286843912688,28.68441422822515,-4.989790364740825
