objID,ra,dec
97460283029475634,28.302967573966146,-8.778968783065292
