objID,ra,dec
104780282978154478,28.297842554992595,-2.680001319081397
