objID,ra,dec
98230286967497110,28.69675517087634,-8.13605768896808
