objID,ra,dec
102300284162940592,28.41627815626976,-4.749849604862877
