objID,ra,dec
101960280632329619,28.063350099927483,-5.025696482289286
101960280635379902,28.06352957,-5.02542209
