objID,ra,dec
99810283105712114,28.31059457649078,-6.823604776443303
