objID,ra,dec
99810284189647191,28.418969896699725,-6.819286653750153
