objID,ra,dec
98040284765087029,28.476489536337947,-8.294550667758449
