objID,ra,dec
100820283602536442,28.36040284189452,-5.978243890417766
