objID,ra,dec
102930289307535739,28.930730150849083,-4.2205620874931435
