objID,ra,dec
106030283840438021,28.384089699261654,-1.6353311494482115
