objID,ra,dec
99530281621106638,28.162104509709522,-7.0531328166362535
