objID,ra,dec
105630283645881074,28.364603818717164,-1.974457849920186
