objID,ra,dec
99140289272622371,28.927288135904483,-7.381581984390786
