objID,ra,dec
97350281841427133,28.184190867523295,-8.869410516868129
