objID,ra,dec
103080283623810835,28.36237835194199,-4.099646026552162
