objID,ra,dec
103650280624436086,28.06252080689513,-3.620280010539763
