objID,ra,dec
100680287666458557,28.766697943596103,-6.093224429516746
