objID,ra,dec
102170286550695096,28.655069947039664,-4.854397058268578
