objID,ra,dec
105490280044186861,28.004451538587887,-2.0862760308431563
