objID,ra,dec
97380289596691154,28.959701073274555,-8.849385575406943
