objID,ra,dec
102680286678761947,28.66790692532677,-4.432096174272379
