objID,ra,dec
100200286329044862,28.632918718885442,-6.49627523321016
