objID,ra,dec
98000286778373812,28.677948474485337,-8.33037645985243
