objID,ra,dec
98470285238104326,28.52371323375512,-7.938403301534102
