objID,ra,dec
105950283744311113,28.374423609400303,-1.7078216990609403
