objID,ra,dec
97460288023426664,28.802333410546815,-8.778065359199037
97460288020276643,28.802319797892892,-8.77808708116617
