objID,ra,dec
100580285957031295,28.595745202724235,-6.182640822211594
