objID,ra,dec
98220283400035450,28.34004042079485,-8.145792570038966
