objID,ra,dec
96670288897678900,28.889753912065302,-9.434565582327588
