objID,ra,dec
105360285892592021,28.58924773,-2.19876111
105360285890831755,28.589174735302663,-2.1988201202595037
