objID,ra,dec
104570280295666738,28.029611471232307,-2.853078416890351
