objID,ra,dec
106500283074825589,28.30747968,-1.2456992
106500283071605595,28.30716831892545,-1.245653409471101
