objID,ra,dec
106110284378109129,28.43782591946757,-1.5677907111365472
106110284379829434,28.43784897,-1.56777005
