objID,ra,dec
101070285604253794,28.560477807827056,-5.772248565374631
