objID,ra,dec
103320280567663903,28.05679891,-3.89727358
103320280570053678,28.05702762258994,-3.897327687690737
