objID,ra,dec
105200281757668760,28.175809854720153,-2.326421901050741
