objID,ra,dec
101930286137247622,28.613704791059252,-5.052281934184348
101930286134247600,28.61370992,-5.05225118
