objID,ra,dec
103990286953055314,28.695326143954237,-3.337565465436824
