objID,ra,dec
105210281345451526,28.134574518252123,-2.3240804932880006
