objID,ra,dec
106240284505477837,28.450574317144817,-1.4605127758208156
