objID,ra,dec
96300288746839576,28.87469916000203,-9.74236355275704
