objID,ra,dec
98290283548538437,28.354935401534267,-8.084971030624885
