objID,ra,dec
102420286679517394,28.667948065018386,-4.644191206706857
