objID,ra,dec
99290282589005188,28.258949999890202,-7.2543128655962015
