objID,ra,dec
97120283998911312,28.39990656213316,-9.065892729325983
