objID,ra,dec
98550284261272462,28.42609942,-7.87323907
98550284257462528,28.42583657757704,-7.873194689702933
