objID,ra,dec
97970280687707800,28.068727294313437,-8.352222979608383
97970280684157791,28.06844928,-8.35220752
