objID,ra,dec
98950289085931036,28.90862940612053,-7.541170068864678
