objID,ra,dec
103360288251462516,28.825316018460246,-3.864991590452401
