objID,ra,dec
96360285255304359,28.525562582691315,-9.6966920179202
