objID,ra,dec
101120282369023739,28.236969235815828,-5.730526885732785
