objID,ra,dec
105040287475895204,28.747650667642077,-2.462709289777012
