objID,ra,dec
96710288575412441,28.857563987988343,-9.406618007441024
