objID,ra,dec
99090288187557189,28.818777943808094,-7.419360242884598
