objID,ra,dec
106420283816178822,28.381602876009193,-1.3096751076768172
106420283813458658,28.3813409,-1.30971802
