objID,ra,dec
99060281834235051,28.18339974030447,-7.446148956433997
