objID,ra,dec
105670281445227431,28.144528167017548,-1.9358260880898601
