objID,ra,dec
96430283525284428,28.35252865909626,-9.63831863238812
96430283527074733,28.35267736,-9.63816367
