objID,ra,dec
104400282246687514,28.224681720511075,-2.9941024671477283
