objID,ra,dec
102720287273532020,28.727355788571575,-4.398675110933865
