objID,ra,dec
96260285604022716,28.560437923830307,-9.781401189635947
