objID,ra,dec
101300281159756502,28.116032430968414,-5.578314356012125
