objID,ra,dec
104160281484347306,28.14847819789114,-3.194307048596409
