objID,ra,dec
106650280287429402,28.02887967757023,-1.1174910926473274
