objID,ra,dec
102530284362599674,28.436252610849415,-4.550668156943722
