objID,ra,dec
106250283390847877,28.339103878395786,-1.4522021709011346
