objID,ra,dec
97930286403514323,28.6403937328209,-8.388360192686559
