objID,ra,dec
106560280239520302,28.024037597101408,-1.2001317965248108
