objID,ra,dec
106530284429137362,28.442822347230376,-1.219174565260681
