objID,ra,dec
104470282674248014,28.267413115555673,-2.935387179721492
