objID,ra,dec
102590287605367771,28.760543981412116,-4.502194601404349
