objID,ra,dec
105010284243797994,28.424455399162124,-2.4852932457418784
