objID,ra,dec
98200284900710557,28.4900739914839,-8.16653449865732
