objID,ra,dec
103070283556238005,28.355599723965476,-4.102065080874087
