objID,ra,dec
105230286779039878,28.678002733043403,-2.300451859329257
