objID,ra,dec
99790283390844803,28.339120576347216,-6.837996047825876
