objID,ra,dec
102010280753194034,28.07548098867132,-4.988724797226778
