objID,ra,dec
98950281928961328,28.19286555592032,-7.540933236112583
