objID,ra,dec
99330289700537183,28.96998268,-7.21929173
99330289697717212,28.969716850537676,-7.21929200408353
