objID,ra,dec
105130289219578304,28.921887567411087,-2.3851366743470703
