objID,ra,dec
97440287309775968,28.731094144782602,-8.795212966712493
