objID,ra,dec
105850287183410111,28.71839221,-1.79207702
