objID,ra,dec
97180285921974500,28.592270098016453,-9.01328709673322
