objID,ra,dec
104700281938391524,28.19386243532768,-2.7490709147523624
