objID,ra,dec
97180286648293251,28.66504635340323,-9.014150439209526
