objID,ra,dec
103210285613599528,28.561178446889397,-3.9840085849594886
