objID,ra,dec
98950283142866804,28.314178119911173,-7.536430861143204
