objID,ra,dec
100160295887223430,29.58874929337038,-6.530804892891924
