objID,ra,dec
102120294859870258,29.485937583902174,-4.900172915964015
