objID,ra,dec
102880296685777559,29.668637860352025,-4.260688753732185
