objID,ra,dec
97800294007549509,29.400817203142793,-8.492352693984149
