objID,ra,dec
103790290124715042,29.012433042049068,-3.5045199886721226
103790290121794975,29.01216801,-3.50453611
