objID,ra,dec
105920296013158807,29.60133258,-1.72627418
105920296013809173,29.601373314053617,-1.7260655905811304
