objID,ra,dec
97980292073296541,29.207292024751258,-8.344960063468317
