objID,ra,dec
105920293944534978,29.3944606418016,-1.7295467207591393
