objID,ra,dec
99010296575579177,29.657577979605453,-7.484384938651893
