objID,ra,dec
105850296328100021,29.63279757127049,-1.7920321463214874
