objID,ra,dec
102410298428086626,29.842779877089786,-4.653108003977829
