objID,ra,dec
99780299011996242,29.90127420407982,-6.845138137373681
