objID,ra,dec
100610297402987125,29.74031966229144,-6.152735611834107
