objID,ra,dec
104680295920098402,29.59198928922664,-2.7600615062398735
