objID,ra,dec
101500290482711698,29.048304814200808,-5.415613529676217
