objID,ra,dec
105890296700910182,29.670102324234744,-1.7585242289463119
