objID,ra,dec
105440294857806226,29.485795492629716,-2.1285411779176218
