objID,ra,dec
103820297881004978,29.788126148324814,-3.4794868248662687
