objID,ra,dec
102180293941100038,29.39414719917516,-4.850335904688544
