objID,ra,dec
97280290095169778,29.009539035494196,-8.925526701625522
