objID,ra,dec
99240296610302777,29.66100952486507,-7.298048648775656
