objID,ra,dec
101870293967682753,29.3967517,-5.10638476
101870293967833153,29.39672200328429,-5.1061194234539755
