objID,ra,dec
103700295583264290,29.55844310802856,-3.5800930649800513
