objID,ra,dec
104140294125380326,29.412668454552424,-3.216592779712694
