objID,ra,dec
103690290146606385,29.014627876305195,-3.586739480923128
