objID,ra,dec
103350294265219477,29.42657783,-3.86745252
103350294267889290,29.42678319,-3.86761061
103350294268039624,29.426761293559988,-3.8674532255681164
