objID,ra,dec
105550294269046949,29.426925667375237,-2.0362458788302846
