objID,ra,dec
102740293329907596,29.332981823263378,-4.377304149207982
