objID,ra,dec
98190291292244291,29.129243311349768,-8.171743788081372
