objID,ra,dec
102710294993285570,29.49930825504682,-4.404064102842631
