objID,ra,dec
98750298436638950,29.84366296583449,-7.701230286260359
