objID,ra,dec
105860295474758670,29.54754729,-1.77648081
