objID,ra,dec
99790292693408692,29.26947471,-6.83490963
99790292691818378,29.26920482909084,-6.834989195814222
