objID,ra,dec
105340296064651185,29.606511664255,-2.2160448550021004
