objID,ra,dec
96230298579872060,29.858010676614438,-9.806981165911916
96230298577861743,29.8578629,-9.8071993
