objID,ra,dec
97170291915365912,29.191604988765373,-9.020378256091007
