objID,ra,dec
102090296020877369,29.601968638403424,-4.919158676570657
