objID,ra,dec
102800291737113959,29.173725056606763,-4.330412495924079
