objID,ra,dec
105650292757686496,29.275816031888308,-1.9532898362686448
