objID,ra,dec
105050296920571880,29.69205550371334,-2.457061979104079
