objID,ra,dec
96160291173273152,29.117345200637757,-9.864279905884542
