objID,ra,dec
103560292531654625,29.25320952153496,-3.6964111450173314
103560292529194783,29.25300527,-3.69643051
