objID,ra,dec
105800291236829527,29.123718541542903,-1.8257104842999046
