objID,ra,dec
104140291875993848,29.187610568392383,-3.213789735677558
