objID,ra,dec
104430292765751208,29.27656829293618,-2.974388414925804
