objID,ra,dec
98560295196036409,29.519565819655128,-7.861616415545013
