objID,ra,dec
96440293388644366,29.33886494,-9.63001571
96440293385604336,29.338564186528696,-9.630045756519094
96440293383194111,29.33834686,-9.63011174
