objID,ra,dec
98970290031293843,29.003191141635856,-7.522140329233853
