objID,ra,dec
99920292061570397,29.20613604847558,-6.73332886504444
