objID,ra,dec
101020291876803539,29.187638655163653,-5.813904787770668
101020291874503758,29.18748622769673,-5.813907444472159
