objID,ra,dec
97990290054399465,29.005502857192532,-8.334096594459051
