objID,ra,dec
104720293492900843,29.349328020912036,-2.732959944482624
