objID,ra,dec
99320295683886651,29.5683895122772,-7.228124312051257
