objID,ra,dec
99510290922394882,29.092251144230485,-7.07127876785952
