objID,ra,dec
98320297984645234,29.798477821712268,-8.06265515235983
