objID,ra,dec
97940295571297937,29.557152511194122,-8.377037501965573
