objID,ra,dec
100100298835778917,29.88367085,-6.57634431
100100298836358490,29.883688690814285,-6.576587023150516
