objID,ra,dec
104650298101964289,29.81010188167413,-2.7883970977642623
