objID,ra,dec
101150290422375881,29.042283300532745,-5.7037622855209404
