objID,ra,dec
104140290559407453,29.055960519291105,-3.210802359184849
