objID,ra,dec
102690293413645755,29.34137222506397,-4.420616452063462
