objID,ra,dec
103450299252361552,29.925238266116228,-3.7907590620298435
