objID,ra,dec
99760291523546200,29.152363622146435,-6.861826494719526
