objID,ra,dec
101100290595709292,29.059614259976914,-5.742620852553751
