objID,ra,dec
97810299711761815,29.97118719699854,-8.490515631296825
