objID,ra,dec
98390290991035485,29.099119111701494,-8.004125240700434
