objID,ra,dec
105230290386969469,29.03868302909731,-2.3007532612391643
