objID,ra,dec
103750297258913020,29.725989399808046,-3.5395347526076217
