objID,ra,dec
103990299490687778,29.948999747400077,-3.3355650973354334
