objID,ra,dec
105280296224944405,29.62250039098956,-2.2633510902893548
