objID,ra,dec
98370292650712718,29.265159960794456,-8.023051210449227
