objID,ra,dec
97030293544248532,29.354417060635175,-9.134895197362717
