objID,ra,dec
98950296235447137,29.62357398448942,-7.536076451397583
