objID,ra,dec
105320295061795432,29.506194157961243,-2.229117714404503
