objID,ra,dec
100710290080019668,29.00802358350029,-6.067315498913231
100710290077109670,29.00794132,-6.06729688
