objID,ra,dec
103900299922995169,29.992378210597106,-3.412649085324483
