objID,ra,dec
103530298466489387,29.84668152,-3.71753845
103530298463319688,29.846408198444884,-3.7175587327368476
103530298462739306,29.84637610913302,-3.7175487488437198
