objID,ra,dec
103970296565608611,29.65664054343701,-3.3514970437101628
