objID,ra,dec
104100291540481803,29.15410023,-3.24889173
