objID,ra,dec
99830293446090211,29.344636778059993,-6.808492804673213
