objID,ra,dec
100470290859115923,29.085942309536467,-6.27039193867926
