objID,ra,dec
95850296579601209,29.657973468222835,-10.124291460196249
