objID,ra,dec
102260292639907244,29.26401666,-4.77765636
102260292637327106,29.26381224121807,-4.7777610575187826
