objID,ra,dec
102610293519826847,29.35207991,-4.48631037
