objID,ra,dec
100430293597719747,29.3597771405464,-6.300560752180753
