objID,ra,dec
104710293575696215,29.357647034416313,-2.736781182608025
