objID,ra,dec
104780299351517995,29.935243124834262,-2.6770734488588044
