objID,ra,dec
102480294955284701,29.495603613275076,-4.596507737657459
