objID,ra,dec
104730291905847886,29.190615883995118,-2.7187740638339104
