objID,ra,dec
104360293404010251,29.340346494943255,-3.0334092198237625
