objID,ra,dec
98130294497859292,29.449808212496677,-8.217628135866226
