objID,ra,dec
98110299550366101,29.955211030025673,-8.23695943024612
