objID,ra,dec
104740296464415581,29.646482266185007,-2.7124122472000765
