objID,ra,dec
104940291511659804,29.151255504411196,-2.5422101942739253
