objID,ra,dec
103030299813286825,29.981322701482252,-4.136376946491512
