objID,ra,dec
103500293434336795,29.34344928810196,-3.7446658365851055
