objID,ra,dec
99080290192327197,29.019230745774067,-7.4276647829370175
