objID,ra,dec
97020295362456266,29.53625139524436,-9.14510626991669
