objID,ra,dec
97440293056207373,29.305683199474185,-8.7942310359938
