objID,ra,dec
97590299806954572,29.980684133422702,-8.671530315655335
