objID,ra,dec
104570294681034448,29.46805663399145,-2.8549586298723506
