objID,ra,dec
105890290075235846,29.00764565663295,-1.7537252760492932
