objID,ra,dec
102930292284600741,29.228460178533194,-4.22468185725791
