objID,ra,dec
100270294865386899,29.486547779932145,-6.436251126758383
