objID,ra,dec
100530292537832950,29.253824556922,-6.2228778683149955
