objID,ra,dec
103240297127055488,29.71258111543387,-3.962395905576963
103240297124325410,29.71250988564493,-3.9623994147219705
