objID,ra,dec
97230299346131717,29.934638813643062,-8.97395135784172
