objID,ra,dec
104500299353731183,29.93537029,-2.91603446
