objID,ra,dec
104030290439595595,29.04397145408197,-3.3040256802261707
