objID,ra,dec
96830296680962004,29.668104040985483,-9.306999900714425
