objID,ra,dec
96360290803074870,29.08037795116815,-9.696294579004048
