objID,ra,dec
100980295479102506,29.54793783584572,-5.848262344979648
