objID,ra,dec
97100293428556399,29.342856943248837,-9.078362007260129
