objID,ra,dec
101020296337582270,29.633768007132826,-5.815114277068762
