objID,ra,dec
104420292237234066,29.223692763067916,-2.98036451087342
104420292235233767,29.223666453197755,-2.980470158908445
