objID,ra,dec
102140292196145795,29.219652571531146,-4.878902885744723
