objID,ra,dec
96940294574931111,29.457493590573232,-9.216053034354346
