objID,ra,dec
105870293953458617,29.395375599686613,-1.7682179674381902
