objID,ra,dec
100260295386089646,29.538641232941856,-6.44229420657785
