objID,ra,dec
102650292953780889,29.2954407137818,-4.457964191752748
