objID,ra,dec
101690293189685646,29.3188637,-5.25400701
101690293185505850,29.31871127375871,-5.253635963372074
