objID,ra,dec
99490293898140184,29.38981019,-7.09186693
99490293899850460,29.389977320014264,-7.091635502032592
