objID,ra,dec
104960296131672551,29.61317296552331,-2.5315795953543856
