objID,ra,dec
104940293056184591,29.30569323550843,-2.5465575941343435
