objID,ra,dec
98680297096204113,29.709663370639056,-7.763648909204907
