objID,ra,dec
95840299827183356,29.982708605807524,-10.130881149494284
