objID,ra,dec
101560296198686250,29.619908976303336,-5.361788299400305
