objID,ra,dec
100120293652758152,29.365304824205595,-6.56021649357711
