objID,ra,dec
103350294286891644,29.42870348127581,-3.873982116828756
