objID,ra,dec
104130294163531317,29.41630765941021,-3.2242120704918906
