objID,ra,dec
97420290859066273,29.0859860296653,-8.811768668201633
