objID,ra,dec
105440296198112625,29.61980187708634,-2.1315378709206603
