objID,ra,dec
98170293209310950,29.32098692398573,-8.191229971184011
