objID,ra,dec
97500297542382747,29.754270338836108,-8.748056865218055
