objID,ra,dec
104280299106744438,29.910734979293387,-3.0966580884044292
