objID,ra,dec
96910297348696817,29.73489402967039,-9.236311800942504
