objID,ra,dec
99670293991317865,29.3991551373952,-6.93541529947869
