objID,ra,dec
100230290060480709,29.006034957099327,-6.474764802137981
