objID,ra,dec
97260290521635346,29.05222582008033,-8.945876966031282
