objID,ra,dec
100120297831504879,29.783184540217402,-6.562950525926505
