objID,ra,dec
105110293337047638,29.33374398687236,-2.402320872779952
