objID,ra,dec
102200295262862952,29.526333635843915,-4.831262244605884
