objID,ra,dec
103270291264989084,29.126521686435478,-3.9344639728092763
