objID,ra,dec
103640298629477355,29.86299125534746,-3.6276176957780257
