objID,ra,dec
98140294972676674,29.49726535420125,-8.211515695848739
