objID,ra,dec
96830291049693177,29.105036320286423,-9.305985515597408
