objID,ra,dec
100380292323597504,29.23239776187432,-6.34406864222917
