objID,ra,dec
96520292575993788,29.257615595534375,-9.56382372083588
