objID,ra,dec
103190296504655603,29.650517672893205,-4.003970785818067
103190296506075231,29.65052859,-4.00414298
