objID,ra,dec
97530296222658164,29.622255903215535,-8.718534999622678
