objID,ra,dec
105200299018642660,29.90188326602729,-2.3314531988433584
