objID,ra,dec
103920292211940062,29.22122727,-3.40029114
