objID,ra,dec
96950290181396277,29.01817652594008,-9.203402215345392
