objID,ra,dec
105780296429331691,29.64293272919847,-1.8489727377337744
