objID,ra,dec
101390291430998523,29.143123300545213,-5.501591269730699
