objID,ra,dec
103110291042084447,29.104233723599396,-4.071647618670283
