objID,ra,dec
100080294353781132,29.435425253666935,-6.5994595553481945
