objID,ra,dec
99740292810616996,29.281107630253906,-6.877827934158023
