objID,ra,dec
105860295925644746,29.59255589415825,-1.7797456622389929
