objID,ra,dec
98570294926227988,29.49261187569508,-7.8520391435147525
