objID,ra,dec
104700299307336644,29.93071751510217,-2.744851647573024
