objID,ra,dec
102340296154737167,29.615471428540364,-4.711088879297346
