objID,ra,dec
102590292364327152,29.236438975257386,-4.502721512573264
