objID,ra,dec
100950292845822876,29.284634202960344,-5.872924459845151
