objID,ra,dec
100100298129733253,29.813013300920947,-6.580966234064854
