objID,ra,dec
99880297458102538,29.745867254668358,-6.764872202739251
