objID,ra,dec
99220299845906508,29.98464484681538,-7.311591320989908
