objID,ra,dec
106050293943671659,29.394373524894064,-1.6239607339420996
