objID,ra,dec
96880298856532322,29.88568721586398,-9.26504462685013
96880298854232124,29.88568688245402,-9.265069492201363
