objID,ra,dec
105010294919576810,29.491986281182378,-2.4863581709009543
