objID,ra,dec
98290297355067003,29.735524787700534,-8.086126307872746
