objID,ra,dec
97480290126907736,29.012760451044365,-8.760600883582411
