objID,ra,dec
97510299401908822,29.940220323430093,-8.734696964380522
