objID,ra,dec
104910298315561319,29.831547792246575,-2.5742478672758966
