objID,ra,dec
100710293019569055,29.30200739291424,-6.067799751545158
