objID,ra,dec
96270299772760808,29.977305353140213,-9.774682699658964
