objID,ra,dec
105510291312603019,29.13128039622163,-2.0728494742919783
