objID,ra,dec
101040296680162346,29.668046997968077,-5.7983721599901585
