objID,ra,dec
98640295591178168,29.55917913755846,-7.7935023004963275
98640295588288151,29.55887619,-7.79355164
