objID,ra,dec
103720299452051842,29.94524050215867,-3.5655040493258396
