objID,ra,dec
105060294312679288,29.43125647601509,-2.442617414340807
