objID,ra,dec
100870290373546853,29.03739613306676,-5.936281064052805
