objID,ra,dec
102190291890294618,29.189006196244293,-4.838255033853066
102190291889804281,29.188973132324175,-4.83833941475961
