objID,ra,dec
97210294503900248,29.450307899108545,-8.991762215851846
