objID,ra,dec
100000296669011304,29.666940686331962,-6.665902088250701
