objID,ra,dec
105660298417465911,29.841771208029837,-1.9454298454849714
