objID,ra,dec
105890295397362433,29.539744812855485,-1.7566648841607666
