objID,ra,dec
102920293263889339,29.326399430352765,-4.225789413923002
