objID,ra,dec
97190295362607748,29.536227839752712,-9.002200824331123
