objID,ra,dec
99120297422604004,29.74222487354383,-7.397064938534411
