objID,ra,dec
103720295855116401,29.58553733637332,-3.561706397469968
103720295852346235,29.585294210035308,-3.5618384283908506
