objID,ra,dec
100300291108511719,29.110895320233833,-6.415540723493601
