objID,ra,dec
96890290951957843,29.09505427,-9.25197115
96890290947487823,29.094816369793392,-9.252128056968145
