objID,ra,dec
97430290521195289,29.05211579,-8.80426058
97430290518395420,29.051906789181714,-8.804164027493567
