objID,ra,dec
97120299412050254,29.941311073276186,-9.06680719804592
