objID,ra,dec
97310290889236558,29.088973937061816,-8.903266453427701
