objID,ra,dec
103940297480860149,29.748141898650264,-3.3835317724434946
103930297481939819,29.74822543,-3.38379326
