objID,ra,dec
102000307661173894,30.76607713588021,-4.99710647283377
