objID,ra,dec
101660305859243188,30.585826771735636,-5.280950252257969
101660305857213509,30.58572112,-5.28084084
