objID,ra,dec
99050307489122121,30.748947284672496,-7.456885285089493
