objID,ra,dec
102140301393321751,30.13934643,-4.8822496
