objID,ra,dec
97270301397485438,30.139720149266992,-8.93736297620896
