objID,ra,dec
102600302347998321,30.234756813944855,-4.4934656290575425
102600302350838330,30.235045467160703,-4.493416348731961
