objID,ra,dec
100040306244546182,30.62450515186496,-6.628439671428296
