objID,ra,dec
100220308250390268,30.824994730127965,-6.483518490751665
