objID,ra,dec
104630302289126287,30.228845766354045,-2.8033710310210833
