objID,ra,dec
102910301871828846,30.187207673648654,-4.234670059132286
