objID,ra,dec
98930306473569582,30.6474392080708,-7.550672818675076
