objID,ra,dec
98830304126296976,30.412723393531714,-7.636184729942587
