objID,ra,dec
97910305293615809,30.52938813947035,-8.403854484768315
