objID,ra,dec
101490304646134321,30.464587452546898,-5.421737576300701
