objID,ra,dec
100560306505923007,30.65059335463248,-6.197822751943814
