objID,ra,dec
102000307557025236,30.755690482111255,-4.996056443174384
