objID,ra,dec
99280308401041346,30.840151355176204,-7.265849993564439
