objID,ra,dec
99080308966245004,30.896641741932044,-7.429479827484303
