objID,ra,dec
99040305291322155,30.529161796315886,-7.465240383645172
