objID,ra,dec
97850302936542043,30.29370455459845,-8.456963758315132
