objID,ra,dec
104060302073074235,30.20720951425165,-3.2802452858318203
104060302071763628,30.20715777,-3.2805433
104060302070174220,30.207181191060656,-3.2802593360530468
