objID,ra,dec
104910306684716929,30.668468159048203,-2.569610053692289
