objID,ra,dec
99670301949305392,30.194970162152533,-6.937547801537645
