objID,ra,dec
105390300790132132,30.079046366492186,-2.173605529739013
