objID,ra,dec
97570300137302868,30.013728785943712,-8.689629744550313
