objID,ra,dec
97460303710366261,30.371070359705573,-8.778469840964409
