objID,ra,dec
100130305101797216,30.510196515430295,-6.552633429609436
