objID,ra,dec
105150303523470683,30.35238012,-2.37460667
105150303523181210,30.352341971900326,-2.374354755470815
