objID,ra,dec
97570301187220224,30.118765065134824,-8.69189916880373
97560301185289782,30.11867823,-8.692054
