objID,ra,dec
96520306689591512,30.668993658365846,-9.565710056770234
