objID,ra,dec
104010306096925851,30.60971528950642,-3.320436984165993
