objID,ra,dec
96920307015628742,30.70157739564426,-9.226334945047062
