objID,ra,dec
102130300829967248,30.082944787889822,-4.886001407554806
