objID,ra,dec
98770301911008996,30.191357790826988,-7.6845616675542425
