objID,ra,dec
103560305867302626,30.58670614991809,-3.6981517000456483
