objID,ra,dec
102310302808679276,30.280848631999095,-4.734349829936422
