objID,ra,dec
99460307671489385,30.767193639399245,-7.109133521050418
