objID,ra,dec
98220307702235190,30.770296301070072,-8.14604760355736
