objID,ra,dec
105050301387611963,30.138778545311705,-2.457052807613366
