objID,ra,dec
104830303274548846,30.32747380258062,-2.634643515665494
