objID,ra,dec
101250304716748052,30.471836639892324,-5.61871883548669
