objID,ra,dec
103490300081351816,30.008141860479192,-3.7571835047639137
