objID,ra,dec
104350303673177793,30.367336045474524,-3.0355342997570918
