objID,ra,dec
104920305434190900,30.543429854210483,-2.566339840194953
