objID,ra,dec
100920304048551936,30.404899474798658,-5.8987748817128915
