objID,ra,dec
98700302105556683,30.21050105,-7.74455825
98700302105457115,30.210638769149078,-7.744489616334474
