objID,ra,dec
99280302367677122,30.236725204025,-7.261212042436183
99280302365306847,30.23648085,-7.26129099
