objID,ra,dec
96300305470216340,30.547052567527714,-9.745023637276361
