objID,ra,dec
97100307335148281,30.733585342480236,-9.076742777801073
