objID,ra,dec
104010307962998101,30.796370819357584,-3.3184712538088186
