objID,ra,dec
96530307484967805,30.748518438821392,-9.552128423216388
