objID,ra,dec
104190306609616238,30.660964432123244,-3.1701250551469893
