objID,ra,dec
104740301517798526,30.151809352096468,-2.709911703313882
