objID,ra,dec
104310300382650379,30.0382807,-3.07503952
