objID,ra,dec
102000304193845230,30.419446705663272,-4.996026230950048
