objID,ra,dec
104300307602272415,30.760216576546668,-3.0816816574729704
