objID,ra,dec
98870307399853357,30.740042380298224,-7.605820683853821
