objID,ra,dec
95910300029483433,30.00295396198337,-10.072491211373732
