objID,ra,dec
105360303603057212,30.360322446811736,-2.194335420244782
