objID,ra,dec
102620308139105391,30.813950083829965,-4.479209925147027
