objID,ra,dec
100420302874012988,30.28744534406757,-6.314538170986825
