objID,ra,dec
97190302025337305,30.20258528973396,-9.002567873953582
