objID,ra,dec
99030304844879446,30.48436441,-7.46745773
99030304842689829,30.484325356215535,-7.467183323589202
