objID,ra,dec
96510301260246448,30.12607485146402,-9.570022068956453
