objID,ra,dec
100110303833550577,30.38336073285453,-6.574892069404249
