objID,ra,dec
105060304388593823,30.438896241268534,-2.447175310431476
