objID,ra,dec
96740306611605554,30.661144591693194,-9.378990805064587
