objID,ra,dec
97360303016744551,30.301816120900995,-8.863221412007153
