objID,ra,dec
97460305408536295,30.54090909351516,-8.778411538870238
