objID,ra,dec
105050304549035476,30.454943,-2.45413066
105050304548925940,30.45503279332562,-2.4538813439079874
