objID,ra,dec
100950305837314606,30.583752608437536,-5.87149482614218
