objID,ra,dec
99970304305747536,30.430850435409237,-6.685752067690263
