objID,ra,dec
103090303863814437,30.386404530688257,-4.088340076197964
