objID,ra,dec
104140305098733691,30.509894258304417,-3.2139201331279414
