objID,ra,dec
103500300982804438,30.09832535915015,-3.7466791125597716
