objID,ra,dec
97370309120167182,30.91180238454703,-8.852757331534196
97370309116857467,30.91173205,-8.85248675
97370309115657142,30.91177512,-8.8526815
