objID,ra,dec
96820303229196572,30.322949357929748,-9.311514173443243
