objID,ra,dec
99180308722036093,30.87221948093583,-7.345242374033314
