objID,ra,dec
102000308195768320,30.81972682476817,-4.9934539747601265
102000308198908096,30.81983934,-4.99350334
