objID,ra,dec
102770305571547093,30.55718144863791,-4.352781739942182
