objID,ra,dec
105360304451522448,30.44516954017226,-2.1983179314269488
