objID,ra,dec
99250309103386109,30.910382194535003,-7.286906398977228
