objID,ra,dec
103940302427712139,30.24276779608087,-3.381967533729442
