objID,ra,dec
101530306144943219,30.614461035845633,-5.389264407115259
101530306142943502,30.61437846,-5.38912169
