objID,ra,dec
96440308669450015,30.866904930932442,-9.633833972848802
