objID,ra,dec
96840303475440671,30.34757646767335,-9.299798964997132
