objID,ra,dec
105370303462110954,30.346195227592307,-2.191206194150408
