objID,ra,dec
104680305789947648,30.578996834832587,-2.7606808023118203
104680305787667306,30.57891009,-2.76089783
