objID,ra,dec
102720305186914458,30.51864341919502,-4.396555832688542
