objID,ra,dec
103410301473679277,30.147348326930462,-3.8174697690017356
