objID,ra,dec
103740304953020946,30.49536664,-3.54957903
103740304956370945,30.49561938398622,-3.5495347151332295
