objID,ra,dec
100980309046116069,30.904558924669903,-5.845263529234109
