objID,ra,dec
95890301311685975,30.13124617,-10.08690665
95890301314036417,30.131401802247883,-10.0866947115518
