objID,ra,dec
101270306448690134,30.644873269860394,-5.608485620540025
101270306448550541,30.64493131556462,-5.608341910072007
