objID,ra,dec
101150301894424374,30.189470624632605,-5.705051778422528
