objID,ra,dec
99330307897182210,30.78974735402206,-7.223498232715048
99330307896222532,30.78969834,-7.22323817
