objID,ra,dec
103590302687435702,30.268757653359224,-3.670600082358946
