objID,ra,dec
104770308990071441,30.89900914178513,-2.690786262195303
