objID,ra,dec
104270302231067695,30.22312161248097,-3.102261822868053
