objID,ra,dec
98320301457761543,30.145768975555338,-8.065732978326459
