objID,ra,dec
95860302050515266,30.205052048708666,-10.112643833486581
