objID,ra,dec
97460300945968857,30.094624837487707,-8.776278262323085
