objID,ra,dec
96700309750492795,30.97507931541451,-9.414650287376094
