objID,ra,dec
103400305505610794,30.55046602085195,-3.8329761162787284
