objID,ra,dec
102600305696988537,30.569731581794688,-4.493247139446509
