objID,ra,dec
103740304703616359,30.470331294789908,-3.5450859220244273
