objID,ra,dec
99480306912925749,30.69133137042977,-7.095543149520039
