objID,ra,dec
97520304709161777,30.47097343322859,-8.73220390323534
