objID,ra,dec
100530308482584000,30.848277234955866,-6.2220008869018395
100530308479554202,30.84803817,-6.22195245
