objID,ra,dec
96360302268086697,30.226848140094194,-9.69476584600737
