objID,ra,dec
104140300114036052,30.011376452887387,-3.211877010922792
