objID,ra,dec
98870301202737283,30.120257722205768,-7.6026269324947275
