objID,ra,dec
102300308620499780,30.862056310167986,-4.742272446528789
