objID,ra,dec
102650306077811754,30.60781444368535,-4.457242321314453
