objID,ra,dec
97460301333289314,30.133370633848568,-8.775871798853625
