objID,ra,dec
104340305188306944,30.518904707612233,-3.0445960897935596
