objID,ra,dec
102430302319225499,30.231986922691704,-4.637458665552312
