objID,ra,dec
101740306528692809,30.652894178931657,-5.214724618446438
