objID,ra,dec
102980303164622937,30.31640386085017,-4.1812924702256025
