objID,ra,dec
103620302336940085,30.233825459364535,-3.650310307812753
