objID,ra,dec
104750303195581726,30.319527231762084,-2.7072981456159706
