objID,ra,dec
98520303111465073,30.311201373832688,-7.896119318375437
