objID,ra,dec
99510308058898618,30.805966298452468,-7.068124667993333
