objID,ra,dec
97200305481021018,30.54816153743031,-8.999538551575743
