objID,ra,dec
95770302806286313,30.280655530756317,-10.186726589011874
