objID,ra,dec
100840302875703446,30.287564683583895,-5.964169357891408
