objID,ra,dec
98560306692010729,30.66925375243557,-7.866389944778941
