objID,ra,dec
97400300258114426,30.025825704354745,-8.83001271324345
