objID,ra,dec
103460305470695349,30.547065393963837,-3.7792258471007414
