objID,ra,dec
98180302463114298,30.246257044249557,-8.18007927437835
