objID,ra,dec
104740306747360833,30.674731278040625,-2.716351842588587
