objID,ra,dec
103750305966138225,30.596598134327113,-3.535156177102071
