objID,ra,dec
104170305575531895,30.557574390848036,-3.1904361432294857
