objID,ra,dec
104080306883885278,30.688399014138344,-3.2625811012193986
