objID,ra,dec
98510305352826429,30.53536925064685,-7.903347884884616
