objID,ra,dec
102390309157232798,30.91578977424159,-4.673076424330432
