objID,ra,dec
104660307805447002,30.780541703957883,-2.77780688298858
