objID,ra,dec
98950306519162108,30.6519735912948,-7.540230670721873
