objID,ra,dec
95830303651662894,30.365189498134516,-10.139548212949956
