objID,ra,dec
105590301723947032,30.172413656363087,-2.0028342914864163
