objID,ra,dec
102310304202920513,30.42038436758178,-4.741814690079638
