objID,ra,dec
103890303187887632,30.318771708560874,-3.4190657796406723
