objID,ra,dec
105660300317293924,30.031769484463883,-1.9471163697935217
