objID,ra,dec
101750305343317204,30.53438730598993,-5.202686706565037
