objID,ra,dec
98850308797491030,30.879791215707755,-7.624439380748669
