objID,ra,dec
105360303852576614,30.385257800086734,-2.1948341930978197
