objID,ra,dec
103020308244589495,30.824550759296333,-4.142414760218076
