objID,ra,dec
102610306669691858,30.66696321,-4.49043349
