objID,ra,dec
100440308699022472,30.86999176201199,-6.298338365520033
100440308702032412,30.87000776356037,-6.298350160234929
