objID,ra,dec
101910309366961107,30.93663434523464,-5.0744601511386636
