objID,ra,dec
101420308036590486,30.803701806579497,-5.4833554074410635
101420308035410171,30.80356042,-5.48353513
