objID,ra,dec
103210300518665986,30.051903438833442,-3.987068540810355
