objID,ra,dec
101150300740334924,30.07408399282024,-5.7046056213207725
