objID,ra,dec
105020300876266104,30.08759837,-2.47862055
