objID,ra,dec
95710306929581796,30.692975529508267,-10.24050174447069
