objID,ra,dec
100110306708602646,30.67079092814621,-6.573291794427981
