objID,ra,dec
103410309236057347,30.923614814848385,-3.8192361465105975
