objID,ra,dec
100250302781664183,30.278162724866792,-6.455186083666866
