objID,ra,dec
100750301689965121,30.16899665,-6.03776816
100750301687314952,30.168736574020564,-6.037876858189917
