objID,ra,dec
101410301271277279,30.127103013196848,-5.485966430257476
