objID,ra,dec
97400300095021401,30.009523683124122,-8.832530274360284
