objID,ra,dec
102730304678296684,30.46787285,-4.38644435
102730304674126710,30.46745367,-4.38642255
