objID,ra,dec
101580309209244474,30.92093916,-5.34659388
101580309209714830,30.92099010516566,-5.346305455500995
