objID,ra,dec
96640305139402820,30.513962656940283,-9.464635673990186
