objID,ra,dec
103610302437647662,30.243769254435716,-3.652250242819124
