objID,ra,dec
103470304361933137,30.436245557124252,-3.7727852635642853
