objID,ra,dec
104010309444104198,30.944277227075943,-3.3216779985664413
