objID,ra,dec
101420301529923291,30.15300082464135,-5.4809755341970945
