objID,ra,dec
98500302263157359,30.226348536814697,-7.91086678189816
