objID,ra,dec
98430308093271825,30.809387337109374,-7.973817199734088
98430308091731492,30.80938208,-7.9738477
