objID,ra,dec
99550303110385511,30.311050623501682,-7.037637701745496
