objID,ra,dec
98450302365834441,30.23664342871432,-7.954972965626084
