objID,ra,dec
103440306842852087,30.68427839490194,-3.798621474434857
