objID,ra,dec
104910309309602786,30.93098266199734,-2.573018143128818
104910309312602904,30.93117244,-2.57289976
