objID,ra,dec
102840304173108519,30.417342723512455,-4.293261015487859
