objID,ra,dec
104130304320845044,30.432108659707016,-3.2211607789845758
