objID,ra,dec
103650307658416869,30.76587455270483,-3.6196851203233735
103650307658146480,30.7658590587207,-3.6197722747815315
