objID,ra,dec
100410306293634604,30.629248696243486,-6.321457171530385
