objID,ra,dec
99520305973263038,30.597322763668895,-7.064450362480151
