objID,ra,dec
99740309808664233,30.98087591886716,-6.880159396930866
