objID,ra,dec
102430309040590135,30.90402558178848,-4.641921200546875
