objID,ra,dec
102420303751890511,30.375172967219328,-4.64990071700961
