objID,ra,dec
101990309755035109,30.97542205139769,-5.004421301819736
