objID,ra,dec
103780305108248814,30.51078692471154,-3.509663976889777
