objID,ra,dec
99210308700983597,30.870172250896772,-7.322247531723322
