objID,ra,dec
104090301177443548,30.11766448263323,-3.2556913415803153
