objID,ra,dec
100450302038867344,30.203862793607904,-6.285905247028524
