objID,ra,dec
99340309095752955,30.909607373111328,-7.214527223796851
