objID,ra,dec
102950300285508488,30.02850111,-4.20177418
102950300284868036,30.028542491991544,-4.202057440343389
