objID,ra,dec
96690302813748463,30.2814175988337,-9.418314257941864
