objID,ra,dec
99690303261276776,30.326246148091254,-6.919777439280256
