objID,ra,dec
99690308997853186,30.89981115658181,-6.922636193501809
