objID,ra,dec
104140305400749810,30.54009736604539,-3.20883907192074
