objID,ra,dec
103380304017740300,30.40182728001448,-3.8501442262345615
