objID,ra,dec
105000301185713602,30.11851212,-2.49739576
