objID,ra,dec
104170308123543761,30.81232779202191,-3.1889179362494984
