objID,ra,dec
105440303937035787,30.393733161988283,-2.128838539740783
