objID,ra,dec
98030301655892137,30.165579427558377,-8.306859308087297
