objID,ra,dec
96670307059422497,30.705958559848998,-9.439882881302017
