objID,ra,dec
98330300721287408,30.072169659588702,-8.052509844085964
