objID,ra,dec
105480303339298878,30.33394339884893,-2.093005631591538
