objID,ra,dec
95980304073685781,30.407424060908834,-10.012209764572791
