objID,ra,dec
98390308991744151,30.899224522138176,-8.005236206760152
