objID,ra,dec
101730303094815883,30.30950323361604,-5.220370451958425
