objID,ra,dec
96760306824040309,30.682389070156134,-9.366698152162009
