objID,ra,dec
97870305402156892,30.5402485528234,-8.436260944376587
97870305404366637,30.54046242,-8.43627664
