objID,ra,dec
99560307440319890,30.74409707325646,-7.025406521890399
