objID,ra,dec
96440300581966807,30.058201438361117,-9.62799889379501
