objID,ra,dec
96910303128086828,30.31276855169817,-9.236242975958877
96910303126167183,30.31272330415667,-9.236196778273952
