objID,ra,dec
96890300636281905,30.063673687965604,-9.25712455060459
