objID,ra,dec
96310302795085446,30.279527650861226,-9.737449901912992
