objID,ra,dec
103360305354651934,30.53545993086103,-3.8654032964419653
