objID,ra,dec
97360304336841187,30.43377472694192,-8.866041705702607
