objID,ra,dec
102740300397544277,30.039820607271366,-4.38023679585271
