objID,ra,dec
103340300850218747,30.085026053891358,-3.876427219492531
103340300846118552,30.08484714271197,-3.8765342806303726
