objID,ra,dec
104610302539525182,30.253958275236084,-2.8210242963848033
