objID,ra,dec
100630301783815284,30.178337846964467,-6.137592169355635
