objID,ra,dec
102290308917030888,30.891737356922924,-4.7579758977015345
