objID,ra,dec
102660305622868426,30.562302559993302,-4.443362920046017
102660305620478111,30.56219456,-4.44349429
