objID,ra,dec
98580307736925491,30.77373290938622,-7.845756405099157
