objID,ra,dec
100010308339900502,30.83391576340892,-6.658300153959267
100010308338230790,30.83383678,-6.65809311
