objID,ra,dec
105030305415228935,30.541543677122853,-2.467955752516889
