objID,ra,dec
104830302702129330,30.270218984771155,-2.634209069639151
