objID,ra,dec
99660309474200663,30.947439647301945,-6.949800410035737
