objID,ra,dec
96270317496788224,31.74975348282888,-9.768489704769694
