objID,ra,dec
101250316028920160,31.602969949651623,-5.625254298341294
