objID,ra,dec
97650316530331421,31.65304784782566,-8.624133666294453
