objID,ra,dec
102970319243637894,31.9243614,-4.18542835
