objID,ra,dec
102780310016001214,31.001648127983728,-4.349327300910753
