objID,ra,dec
102070319963936711,31.99642911,-4.9364597
102070319960437081,31.996197124528365,-4.936251764122992
