objID,ra,dec
102480311739443199,31.17409120752192,-4.597747364584966
