objID,ra,dec
99900314284437725,31.428511078660776,-6.74392240968641
