objID,ra,dec
99580313016518589,31.301701256142238,-7.009837840641629
