objID,ra,dec
102900312322717607,31.23218889721818,-4.244163314313787
102900312320907904,31.23217413,-4.24378002
