objID,ra,dec
103920318607831261,31.860825812003004,-3.399314484124742
