objID,ra,dec
100750315943863054,31.594414792658547,-6.039444484392263
