objID,ra,dec
99670311275055034,31.12750068702978,-6.937824053160209
