objID,ra,dec
96520317909212488,31.790950424103368,-9.564942866596892
