objID,ra,dec
102290319579656516,31.95801822440564,-4.753236239135841
