objID,ra,dec
98010313427512780,31.342724393155564,-8.322990260840552
