objID,ra,dec
102800318064597046,31.80638046303364,-4.327837989283969
