objID,ra,dec
98710313481950576,31.34833124,-7.74152613
98710313483830294,31.3484448680317,-7.7416854332112
