objID,ra,dec
103490311013451728,31.10138545820536,-3.757272515410944
