objID,ra,dec
103600319822552167,31.98225057202852,-3.6652982714892004
