objID,ra,dec
102300319160949341,31.916093552686068,-4.742548530592007
