objID,ra,dec
101360317011709045,31.701201916297563,-5.526162560368425
