objID,ra,dec
104130311876519235,31.18767053085655,-3.2176649621453386
