objID,ra,dec
96830311047286326,31.104763262332956,-9.303570204332118
