objID,ra,dec
99160310378429344,31.037899118480986,-7.3592070941197845
