objID,ra,dec
97770312611215728,31.26117243436863,-8.520516875405269
