objID,ra,dec
96630319464629197,31.946375819595975,-9.467513071899953
96630319463119655,31.946327472337526,-9.467347185873113
