objID,ra,dec
102200310426907282,31.0426382910708,-4.827659895949395
