objID,ra,dec
102210310776151280,31.0776013774643,-4.82426766391229
