objID,ra,dec
101570312009025478,31.200936083985408,-5.354214041738188
