objID,ra,dec
104330312411219567,31.241139733843838,-3.050712997543855
