objID,ra,dec
98340313395540173,31.33771612,-8.05005416
98340313379590261,31.337985268193652,-8.050126924291853
