objID,ra,dec
104160318118155590,31.812003022668378,-3.1957384716577004
