objID,ra,dec
102960316099008527,31.609918609727703,-4.1932079382887375
