objID,ra,dec
96670315729562769,31.572911931932886,-9.439757188191228
