objID,ra,dec
96770313592276732,31.35922727,-9.35304543
96770313592126593,31.35915207153726,-9.353180581082665
