objID,ra,dec
103020316689293555,31.668914579980115,-4.147359087132154
