objID,ra,dec
98260318964632056,31.89645741,-8.11537489
98260318962711792,31.89630231,-8.11552825
