objID,ra,dec
96760313350518192,31.335066874451982,-9.360180089718524
