objID,ra,dec
97220314505609660,31.450805649123573,-8.975665225741807
