objID,ra,dec
97600314319224282,31.431904735171518,-8.663450085959388
97600314316274316,31.4316936,-8.66339653
