objID,ra,dec
104190315025524964,31.502644221600484,-3.171322846900757
