objID,ra,dec
104320311804599522,31.18049051967481,-3.0590757705614697
