objID,ra,dec
100870316252246255,31.62529772369373,-5.936787365492147
