objID,ra,dec
102510313558448846,31.355881018552356,-4.5680837750602565
