objID,ra,dec
99440314517600354,31.45178697940056,-7.1333332953412985
99440314515340613,31.45179642,-7.1331347
