objID,ra,dec
100130319211849835,31.92121373121614,-6.550562906353727
