objID,ra,dec
104430317942268787,31.794253519360545,-2.968096375515678
