objID,ra,dec
103340318660663500,31.866077966798148,-3.880773281629912
103340318656733355,31.86582845,-3.88079737
