objID,ra,dec
96550312187823607,31.21879272,-9.53897907
96550312185113472,31.218569834921627,-9.53910098520779
