objID,ra,dec
95750311443792213,31.144418267297876,-10.20682769434586
