objID,ra,dec
96400318270942865,31.827078538471316,-9.664862870054167
