objID,ra,dec
103140310100180629,31.01003728602614,-4.049820202335114
