objID,ra,dec
96220313801192082,31.380112582227763,-9.81526423203469
