objID,ra,dec
96560313513488658,31.351388900558845,-9.52650726704386
