objID,ra,dec
97360312978411424,31.297889785456366,-8.865801969251251
