objID,ra,dec
96800314936550136,31.49348605578861,-9.33375511940333
96800314933020009,31.493478689082682,-9.333752008965938
