objID,ra,dec
97890317746401645,31.774754501156767,-8.423990657958555
