objID,ra,dec
104750311692585610,31.169200135745303,-2.7040771122965155
