objID,ra,dec
103280317235196122,31.72353938,-3.92863556
