objID,ra,dec
97470310923054354,31.09230361129035,-8.77160000310521
