objID,ra,dec
102750311367402183,31.13687070732662,-4.373529605662957
