objID,ra,dec
103220314962793386,31.496306799462495,-3.980895505120554
103220314961123670,31.49616427,-3.98065517
