objID,ra,dec
102930314835137768,31.483574713019255,-4.218823288464697
