objID,ra,dec
100190317196613083,31.71954401442696,-6.506194806039006
