objID,ra,dec
104090319567485080,31.956775397579566,-3.2545149523427774
