objID,ra,dec
103450312643462339,31.264485600136354,-3.789937977338371
