objID,ra,dec
100840314339999001,31.433989037259355,-5.959495628422827
