objID,ra,dec
100600319544866327,31.95453874462421,-6.161726408890452
