objID,ra,dec
103720318421963782,31.84219613,-3.5638606
