objID,ra,dec
98840315278853990,31.52787529798664,-7.630330870987318
