objID,ra,dec
97230316305608076,31.63060144884447,-8.968638112505671
97230316304657751,31.63047169,-8.9688726
