objID,ra,dec
99820313921923852,31.392296235152436,-6.813821316770594
