objID,ra,dec
101780313603695220,31.3605379202065,-5.179039725739506
