objID,ra,dec
101700310417707099,31.04177498617567,-5.244439089750644
