objID,ra,dec
103760316615725675,31.661626163478143,-3.5289500737973882
