objID,ra,dec
96400315760100253,31.57602932816808,-9.666762997039495
