objID,ra,dec
100220319322987315,31.93233525446411,-6.477577972019817
