objID,ra,dec
99960317992092960,31.79922996194595,-6.697847225374127
