objID,ra,dec
97990312900017533,31.289943041292737,-8.335640480953565
