objID,ra,dec
102570313923693460,31.39251625300264,-4.522537983468166
