objID,ra,dec
103320314996838944,31.49961922294247,-3.8928290565621837
103320314994199330,31.49953032042559,-3.892803436481423
