objID,ra,dec
101770312130480700,31.213107941120896,-5.1913734436611465
