objID,ra,dec
104450316341230796,31.634159857678952,-2.9580680131061565
