objID,ra,dec
96490316398966560,31.640064563429387,-9.586465684541363
