objID,ra,dec
96970318690727395,31.869063247604863,-9.185931045588882
