objID,ra,dec
98410310734320988,31.07349665623851,-7.991197324580399
