objID,ra,dec
102250316282254147,31.628349118189238,-4.788648555794215
