objID,ra,dec
96070314863453129,31.48640038792425,-9.939405552043587
