objID,ra,dec
98860319504592448,31.950422892135187,-7.614955047648611
