objID,ra,dec
104180318619787426,31.862010848956785,-3.1775274390263823
