objID,ra,dec
100990316897051968,31.689725012827434,-5.840408480709531
