objID,ra,dec
99460311889008832,31.18893818367569,-7.109648346236032
