objID,ra,dec
96600312872341971,31.287255805006836,-9.498715098212962
