objID,ra,dec
96880315991147710,31.599285705444142,-9.260567764099541
96880315994007943,31.59947973,-9.26038371
