objID,ra,dec
101120313676091476,31.367618761085872,-5.732429928203496
