objID,ra,dec
99150313807807323,31.380760418916815,-7.36914566033005
