objID,ra,dec
99160318981448763,31.89819006259131,-7.3596623673927155
