objID,ra,dec
103060315499535407,31.549986708518176,-4.1126890458326315
