objID,ra,dec
104850310850727002,31.08511618399202,-2.6195554209438257
