objID,ra,dec
103460313037350317,31.30364115353022,-3.7831527577289115
103460313035320682,31.303564091218142,-3.7830979796458313
