objID,ra,dec
97300312859145415,31.285972576678674,-8.912513900589204
