objID,ra,dec
103770315967968745,31.596780890730994,-3.5180584656421283
