objID,ra,dec
99380313339934362,31.33405385904337,-7.179955040470054
