objID,ra,dec
100220317232342467,31.723316968303603,-6.481705264392302
100220317231012045,31.72304371,-6.48190446
