objID,ra,dec
103190311198742441,31.119898068654678,-4.006698920381118
