objID,ra,dec
96990316986735267,31.69897777,-9.17116763
96990316988934993,31.698965132456358,-9.171190244574591
