objID,ra,dec
103430318884057771,31.88844190763725,-3.8022283776525336
