objID,ra,dec
101480314234816063,31.423536337271813,-5.428617096680809
