objID,ra,dec
101800319838144842,31.983856127825053,-5.1629886354783405
