objID,ra,dec
101480318936637740,31.893551283709616,-5.427093979377816
101480318932477765,31.893525735923436,-5.427112541368665
