objID,ra,dec
95770314145318961,31.414550377389165,-10.184515656991053
