objID,ra,dec
96860313718564092,31.37185655,-9.28024579
96860313717064395,31.371794455760472,-9.28002882052464
96860313717024630,31.37170234,-9.27979765
