objID,ra,dec
99410318239187896,31.82391187898783,-7.152029272505499
