objID,ra,dec
102150319808117695,31.980790354695287,-4.868910643894134
