objID,ra,dec
101150313179600098,31.318021080948217,-5.708660352901367
