objID,ra,dec
103100312563837725,31.256445895007126,-4.077181518962846
