objID,ra,dec
99430315539354386,31.55398096041329,-7.138352153491007
