objID,ra,dec
101140313708869744,31.37085776709104,-5.708869204175545
