objID,ra,dec
98050313469766613,31.346985418996628,-8.286570651527049
