objID,ra,dec
102030314628666623,31.463114009264117,-4.969719728741005
