objID,ra,dec
96380316054040624,31.605417469815002,-9.683125259589902
