objID,ra,dec
103810314046886294,31.404688524862046,-3.486836018553557
