objID,ra,dec
102000312371627082,31.237207303264835,-4.9944686887484595
