objID,ra,dec
96490318919583070,31.89187889796399,-9.589337121675062
