objID,ra,dec
98280315373489170,31.537331161823538,-8.092667545442831
