objID,ra,dec
95870311825697985,31.18230545812496,-10.101777821136723
95870311822058234,31.182292846214523,-10.101768703708984
