objID,ra,dec
103890311188599802,31.118901382910433,-3.4171714568312543
