objID,ra,dec
102620310780559372,31.078133499476685,-4.475930862619548
