objID,ra,dec
101480316151780332,31.6151835010548,-5.433456070838479
101480316149760049,31.61506027,-5.43355399
