objID,ra,dec
103080312005130539,31.200514744036663,-4.099907757883917
