objID,ra,dec
101210318376161067,31.837650891235334,-5.657785391776031
