objID,ra,dec
97140315494591383,31.549473918547225,-9.049226677761453
