objID,ra,dec
100230312473140250,31.24732494263647,-6.475125479410345
