objID,ra,dec
97520315091426823,31.50916293873162,-8.72799769917901
