objID,ra,dec
103890319605095332,31.960519907624786,-3.4210513757044545
