objID,ra,dec
104280311336334168,31.133676884838387,-3.096872571693648
