objID,ra,dec
104650312397763954,31.239789573251393,-2.788662470269767
