objID,ra,dec
99270313157860882,31.31580416611051,-7.274558119108968
