objID,ra,dec
101100314193903636,31.419428277937865,-5.747306202459272
