objID,ra,dec
97510311008324142,31.1008511816285,-8.738557767435475
