objID,ra,dec
101630313428751702,31.342916813658398,-5.307282677114378
101630313431021432,31.34310353,-5.30747081
