objID,ra,dec
102310310965798955,31.096601768261483,-4.734559980420267
