objID,ra,dec
103110312054293262,31.20545716439422,-4.0725620949263
