objID,ra,dec
104840311566984796,31.156726377733204,-2.629694281917743
