objID,ra,dec
101980310878475374,31.08786305944934,-5.0125366130724185
