objID,ra,dec
104780312894627592,31.289482432182165,-2.677366675938752
