objID,ra,dec
99830318371644593,31.837116931638757,-6.804869608583661
