objID,ra,dec
104060313753476301,31.375422750590413,-3.2785281260753676
