objID,ra,dec
101990315636885837,31.563693551814932,-5.0039350919878665
101990315633505612,31.56356422,-5.00401998
