objID,ra,dec
97350315938593484,31.5939958286533,-8.872427088951907
97350315941303653,31.59411151,-8.87230083
