objID,ra,dec
100320318263338606,31.82642902547293,-6.393203522401324
