objID,ra,dec
96510313117368919,31.311800692722013,-9.567938060720497
