objID,ra,dec
99440317070838019,31.707142834962,-7.126994673352861
