objID,ra,dec
100260311922232687,31.19223941,-6.44810803
