objID,ra,dec
99060315865549074,31.586580906620753,-7.442752815427021
