objID,ra,dec
100830316735860351,31.67357853211902,-5.975072364060362
