objID,ra,dec
99060317773028904,31.77738282817397,-7.442898843699889
