objID,ra,dec
99540317846227027,31.78461406922195,-7.044476669749574
