objID,ra,dec
101090314137009747,31.41373696904459,-5.7506411881773
