objID,ra,dec
100210316194046009,31.619429202787767,-6.487046373473495
