objID,ra,dec
97480311463104318,31.146371670618148,-8.763344243003534
