objID,ra,dec
102670313200730248,31.32008517872174,-4.441839292679453
