objID,ra,dec
99370316473531778,31.647376095548374,-7.190550967288569
