objID,ra,dec
103020312027883999,31.20272758533886,-4.147054652188484
