objID,ra,dec
99900316431518999,31.643162719853713,-6.7429313789258405
