objID,ra,dec
98300314910840129,31.4910205921472,-8.083460851260748
