objID,ra,dec
102510318065185120,31.80650223700533,-4.571155656960531
