objID,ra,dec
101230312845021532,31.284588990385277,-5.640679762197645
101230312843681832,31.28442763,-5.64050107
