objID,ra,dec
104650310383622547,31.038424426530515,-2.7898809463115914
