objID,ra,dec
101160313960265676,31.39596210615082,-5.695712593217646
101160313957935403,31.395912884040815,-5.695766329895531
