objID,ra,dec
98130310438519055,31.04389650012374,-8.217812926434013
