objID,ra,dec
97890314668262541,31.46688154850698,-8.423418670843766
