objID,ra,dec
97200313085857596,31.30863270602809,-8.99401642408519
