objID,ra,dec
103170315364459304,31.536538712697972,-4.017651498259001
