objID,ra,dec
101390315865638216,31.586488932164077,-5.501814607470407
101390315862588251,31.58648761656275,-5.5017969335532415
