objID,ra,dec
98370310369031433,31.036957348736244,-8.024192163308967
98370310371021173,31.03698438,-8.02422466
