objID,ra,dec
104570316805110789,31.680556282976102,-2.8580581651496084
