objID,ra,dec
103610311766476228,31.176700431483585,-3.6535084101132527
