objID,ra,dec
101720315542536960,31.55427836500259,-5.227793031821847
