objID,ra,dec
101160312992987377,31.29933997557206,-5.694263447367884
101160312991897061,31.29928666,-5.69444249
