objID,ra,dec
96830318495597251,31.84964224477433,-9.302572905705958
