objID,ra,dec
104110315871404521,31.58719125,-3.23823169
