objID,ra,dec
98970313585937613,31.35857344884733,-7.518765710076422
