objID,ra,dec
99720319461318790,31.94614287086022,-6.893156825390716
99720319459728456,31.94609208,-6.89325699
