objID,ra,dec
97540315508743488,31.55091233512846,-8.714113981511916
