objID,ra,dec
95960312819364589,31.281952683819345,-10.029849330260172
