objID,ra,dec
99330312695783548,31.269598070393794,-7.222353292519964
