objID,ra,dec
101720311268124401,31.126790597129325,-5.229991096142924
101720311267054767,31.126783510360127,-5.229982384042308
