objID,ra,dec
96290312060637849,31.206128460240294,-9.75212070418417
