objID,ra,dec
97660312104608291,31.210470989658944,-8.609986475286114
