objID,ra,dec
99820319923036560,31.99235361383135,-6.811655769375652
