objID,ra,dec
96990315690347610,31.56908537055432,-9.169016919127118
