objID,ra,dec
99980314744068421,31.474456063167185,-6.676647573289611
