objID,ra,dec
104060319873247870,31.98742171196051,-3.277187250583523
