objID,ra,dec
104430319421607535,31.94228275,-2.96909964
