objID,ra,dec
99340315951864926,31.595242010551058,-7.2128648213982185
