objID,ra,dec
99470311904336322,31.19046970755201,-7.10337451683818
