objID,ra,dec
96580315141978193,31.514171601465453,-9.510181541717069
