objID,ra,dec
102280312158391944,31.215862995314748,-4.765433893769245
