objID,ra,dec
104200319264476449,31.92648593,-3.16165246
