objID,ra,dec
103940312893887449,31.289346523117693,-3.3774921791278634
