objID,ra,dec
97020317749913495,31.774939547118038,-9.147527556729035
