objID,ra,dec
104040317130202176,31.71307733,-3.29851758
