objID,ra,dec
96580311354746925,31.135465181823783,-9.511210332694441
