objID,ra,dec
98600312551559584,31.25527438092279,-7.825643229554443
