objID,ra,dec
98670329800120695,32.98009365210861,-7.774737840886996
