objID,ra,dec
103670326355674015,32.635598539816776,-3.6053253054315153
