objID,ra,dec
102120327620857781,32.762136350891026,-4.893883123523346
