objID,ra,dec
102720321122497106,32.11220114747985,-4.394404072231766
