objID,ra,dec
103030328728407428,32.87290053270191,-4.135848762940263
