objID,ra,dec
96500327081489378,32.708263910269984,-9.575876479094848
