objID,ra,dec
98660327561979392,32.75627765859659,-7.775968161641123
