objID,ra,dec
101440321992597689,32.199328409592646,-5.460584697005643
