objID,ra,dec
99850327154690714,32.71566607,-6.79138133
99850327156930454,32.71572409322418,-6.791516473231228
