objID,ra,dec
101710325866714408,32.58668513668054,-5.238369408960573
