objID,ra,dec
103190326873952980,32.68739466380078,-4.006197589116227
