objID,ra,dec
98790326622738819,32.66226589,-7.66801332
98790326620659138,32.66208045,-7.66794141
98790326619958650,32.6620214189827,-7.668121227548435
