objID,ra,dec
101430325092958982,32.50933692904912,-5.4678409711718565
