objID,ra,dec
98560322496109997,32.24963454122619,-7.858647292651174
