objID,ra,dec
102130321955374207,32.19557427044254,-4.888630326932532
