objID,ra,dec
97710327503540830,32.75052017256062,-8.574629920205926
