objID,ra,dec
99980321985808136,32.198655577449884,-6.676832941932394
