objID,ra,dec
100260321878315691,32.18788466126856,-6.445640894641596
