objID,ra,dec
101170329883022824,32.988329003616634,-5.689633839009245
