objID,ra,dec
103180321188285858,32.11888724517405,-4.012164260044795
