objID,ra,dec
99670327653734914,32.76531700591705,-6.93771379030652
99670327652925257,32.76535822308653,-6.9376560502998075
