objID,ra,dec
101630328943997177,32.89452648788763,-5.302705849942226
