objID,ra,dec
95860323673862565,32.367425068945494,-10.114876917934284
