objID,ra,dec
99030327981167437,32.798128726786175,-7.469136625243382
