objID,ra,dec
100620323130501161,32.31309938967358,-6.149363662822342
