objID,ra,dec
98790327459345796,32.7458557746929,-7.67054133932629
