objID,ra,dec
103450321502392733,32.15023238239635,-3.7898248106351
