objID,ra,dec
98670329348116601,32.934958438797594,-7.769815699603103
