objID,ra,dec
98260324300665782,32.43012035634472,-8.112225823763561
