objID,ra,dec
98250320944425211,32.094482325042364,-8.121070594937013
