objID,ra,dec
101150320733467130,32.0733782697492,-5.702733934739844
