objID,ra,dec
103620323575787375,32.35759462221162,-3.6442523956433934
