objID,ra,dec
103160323591492712,32.35907521913632,-4.031446329235721
