objID,ra,dec
96360325829833123,32.58304239855656,-9.697731134055113
