objID,ra,dec
102770326794243017,32.67943487570178,-4.356180986132487
