objID,ra,dec
100140325986019294,32.59876168301515,-6.54254397406814
