objID,ra,dec
102780327937866731,32.79380774583444,-4.344776198274072
102780327939136424,32.79394749,-4.34501922
