objID,ra,dec
96700326721284482,32.6721614486041,-9.413196126017935
