objID,ra,dec
97840324307083705,32.4307641511859,-8.463929207358197
