objID,ra,dec
102820324566317789,32.456611565548954,-4.310581356507658
