objID,ra,dec
96700322156359963,32.21554734143933,-9.408614250441008
