objID,ra,dec
103410329846530157,32.98465908536671,-3.825248983436718
