objID,ra,dec
98540323358653250,32.3359036280424,-7.8809519672022095
