objID,ra,dec
104240321072949772,32.107298560819565,-3.1256177571911614
