objID,ra,dec
96530325802063378,32.58014219276556,-9.555813949910428
