objID,ra,dec
103950322521449972,32.25214842815569,-3.367071201236225
