objID,ra,dec
103760321759368319,32.17603704665361,-3.526770715303837
