objID,ra,dec
101620326989818430,32.69903361798572,-5.309929315422362
