objID,ra,dec
102230322622915450,32.262342228021495,-4.804178056546804
