objID,ra,dec
102440324823718123,32.482396707716546,-4.626997704155906
