objID,ra,dec
96350324583996323,32.45843528388234,-9.703415510950927
