objID,ra,dec
102530325303318031,32.530316556695404,-4.551996997367552
