objID,ra,dec
99970324822748584,32.48234678799004,-6.684834888883515
