objID,ra,dec
99520323636336139,32.3637029056986,-7.061920964763952
