objID,ra,dec
98330322151448613,32.21511811,-8.0514998
98330322151368275,32.215132845559644,-8.05177872355176
