objID,ra,dec
102470321059303703,32.10598779168143,-4.605714731544048
