objID,ra,dec
103310321000737567,32.10020105575096,-3.902372604643744
