objID,ra,dec
104190323332954685,32.33328246452401,-3.1714328876488365
