objID,ra,dec
98290327137582778,32.71379491404714,-8.089586558167447
98290327137043206,32.71375034,-8.08932424
