objID,ra,dec
103550321298427947,32.12984601248368,-3.7020573530697827
