objID,ra,dec
100100329649397957,32.964931929033185,-6.576967126563468
