objID,ra,dec
100340328558564565,32.855917268648874,-6.379909528114066
