objID,ra,dec
96000326760427614,32.67607909051457,-9.99399803649603
