objID,ra,dec
100080329163347015,32.91640044235965,-6.5944396957141125
