objID,ra,dec
103250329891363724,32.98919162435114,-3.955645783643203
