objID,ra,dec
99090329745031414,32.974518045884935,-7.424102013675201
