objID,ra,dec
103890320648131204,32.06486496808034,-3.424317707355074
