objID,ra,dec
103360324061233574,32.40610913754809,-3.8640489209830555
