objID,ra,dec
103080322069398989,32.20701605141849,-4.092777008898394
