objID,ra,dec
99710321124640511,32.11251585247259,-6.9082346874028415
