objID,ra,dec
99070321735538435,32.17359070478872,-7.434923125157214
