objID,ra,dec
103110328314242856,32.83146814011638,-4.072967200589221
