objID,ra,dec
96860329503879336,32.95042354246795,-9.275869813251314
