objID,ra,dec
98810329861519944,32.9862160348294,-7.650352768905613
