objID,ra,dec
102120327505890207,32.750621759264234,-4.900222377215344
