objID,ra,dec
101980324248858336,32.4249134340306,-5.010058450357611
