objID,ra,dec
96380320075531199,32.00753117084967,-9.682660500703744
