objID,ra,dec
103100328939318707,32.89393479869481,-4.076411264757877
