objID,ra,dec
97030327951963701,32.795177750170154,-9.138917199043595
