objID,ra,dec
98980326957815203,32.695803342110516,-7.512693071746171
