objID,ra,dec
103780320218414683,32.02180084,-3.51316765
103780320217724306,32.02183410296474,-3.5134333936270927
