objID,ra,dec
95910323171831755,32.31721599497897,-10.073877864996478
