objID,ra,dec
100830327144656238,32.71448905276414,-5.970129436974436
