objID,ra,dec
101240324523551767,32.45235521,-5.63224864
101240324521871420,32.45225106492507,-5.632494970860788
