objID,ra,dec
96610321473749063,32.14738381648818,-9.484441146243187
