objID,ra,dec
99380320349842063,32.03498112027471,-7.181987542256953
99380320348051912,32.034929062419025,-7.181990480547136
