objID,ra,dec
96190327819904328,32.78195026998768,-9.838419597786704
