objID,ra,dec
102910323693431509,32.3693297769839,-4.240751430558857
