objID,ra,dec
104100323031281819,32.30312361570208,-3.2487918661328794
