objID,ra,dec
99240326958680562,32.69591728012053,-7.299862000015433
99240326958480199,32.6957669,-7.30001791
