objID,ra,dec
102260326940901095,32.69419354483153,-4.782791317353263
