objID,ra,dec
101100320495346952,32.049518808720634,-5.744656627680895
