objID,ra,dec
97660321281229492,32.1282142041437,-8.60913012540482
