objID,ra,dec
103600324182809342,32.41831931167802,-3.6592681856159204
