objID,ra,dec
100530321834448143,32.183554266870956,-6.218612460002378
