objID,ra,dec
102910328078546404,32.80788449402779,-4.236724139478884
