objID,ra,dec
102530324583829158,32.45834242752136,-4.5510710218193715
