objID,ra,dec
102480325537423332,32.55373618,-4.59755496
102480325535523653,32.55353727188353,-4.597379838625028
