objID,ra,dec
97240325470300609,32.547077183758454,-8.96647158695817
