objID,ra,dec
102810327970014147,32.797068572396334,-4.3219332825772545
102810327973533989,32.79728341504275,-4.322003197600929
