objID,ra,dec
99950322364032898,32.23642032,-6.70624184
99950322363742536,32.23647260451319,-6.70654887771735
