objID,ra,dec
102090320485341241,32.04853686,-4.92424592
