objID,ra,dec
101730323171647322,32.31720142542615,-5.2193378897956055
