objID,ra,dec
99370328271387968,32.827152714791154,-7.185333890531446
