objID,ra,dec
104070322168598401,32.216860413300964,-3.2683853759892623
