objID,ra,dec
99720325236281491,32.523665700125925,-6.8990983283491305
