objID,ra,dec
98950329777949760,32.977673496905,-7.533954023595162
98950329776599300,32.977715798922816,-7.534184710267045
98950329774869583,32.97763646845,-7.533975827320885
