objID,ra,dec
102440325210947032,32.521106663663105,-4.627966256762015
