objID,ra,dec
99830321686584312,32.16866986926383,-6.8050628308662064
