objID,ra,dec
102020322324234159,32.23261918,-4.98026882
102020322326884051,32.23267268,-4.98030513
