objID,ra,dec
103290328261674591,32.82615409208147,-3.921500792285683
