objID,ra,dec
102140323046817996,32.30473009,-4.8770014
