objID,ra,dec
102590328628666764,32.86298627,-4.50299765
102590328629187136,32.86296861463488,-4.502745131141146
