objID,ra,dec
97120323009730036,32.300945690155665,-9.066953185061074
