objID,ra,dec
100600328088141219,32.80872650842878,-6.165983883149488
