objID,ra,dec
100570329953687605,32.99537283431695,-6.185655402108997
