objID,ra,dec
102120326336264651,32.63353946,-4.89661515
102120326333524873,32.633420987924396,-4.896404526751406
