objID,ra,dec
98040327142690763,32.71427705984191,-8.29969363573252
