objID,ra,dec
102250325650082027,32.564952579505125,-4.790330780598375
