objID,ra,dec
100660325570321343,32.55703477212659,-6.115921334268218
