objID,ra,dec
99510326004179761,32.60047196576447,-7.067161565725133
