objID,ra,dec
100590326495741782,32.64950344452515,-6.173923689240366
