objID,ra,dec
101130321486112366,32.14864332222563,-5.723304315888399
