objID,ra,dec
103240327171987868,32.71719814246186,-3.960444337460552
