objID,ra,dec
104100321299581303,32.129964395604866,-3.249325365439382
