objID,ra,dec
103290323249629832,32.32486738,-3.9170834
