objID,ra,dec
101570327596663281,32.759629797514535,-5.355973608203513
