objID,ra,dec
104020324473693797,32.44743174545483,-3.3138396048677983
