objID,ra,dec
99760321809957730,32.18104697200693,-6.860605225545881
