objID,ra,dec
100970325270566718,32.52704552504668,-5.8531743350717775
