objID,ra,dec
102440325508738633,32.55089156006102,-4.62645422333043
