objID,ra,dec
103770321572426857,32.15730176965232,-3.519706728730781
