objID,ra,dec
103200322200210770,32.220012842780875,-3.9997549865342648
