objID,ra,dec
103910323153758745,32.31541033658576,-3.401423378716615
