objID,ra,dec
103670323097088086,32.30977011728298,-3.6020337744915736
