objID,ra,dec
98790322339765632,32.23406216889504,-7.670521554390082
