objID,ra,dec
102180327599813716,32.76002050470559,-4.847301155617236
