objID,ra,dec
100720328531155944,32.85314465840606,-6.062054634422088
