objID,ra,dec
102740326149609531,32.614973778527826,-4.375751058124708
