objID,ra,dec
97760320688927545,32.06895783598281,-8.527398484343959
