objID,ra,dec
98730328001577744,32.80018589953894,-7.718854812630058
