objID,ra,dec
97890326326565923,32.632823731902945,-8.420469315863013
97890326329655902,32.632895001228505,-8.420472342915035
