objID,ra,dec
103460327201444654,32.7202216784504,-3.7798062153458716
