objID,ra,dec
100030328976573498,32.89763019776703,-6.63902597425016
