objID,ra,dec
98990327079177442,32.70788402330059,-7.502480344630931
