objID,ra,dec
96100326074845298,32.60750220529498,-9.912603139336913
