objID,ra,dec
99320326329898002,32.63306595619361,-7.226958582618724
