objID,ra,dec
100290323451048403,32.34510837581517,-6.418384550983295
