objID,ra,dec
96890329484649976,32.94848536559797,-9.250342789122804
