objID,ra,dec
103320321633236747,32.16330070057086,-3.8946511736872553
