objID,ra,dec
101340327637141706,32.763677167593954,-5.548920420252331
