objID,ra,dec
97160321060627253,32.10615388806968,-9.027611767377604
