objID,ra,dec
96410321891619419,32.18911057401846,-9.650771301427845
