objID,ra,dec
103650321827994009,32.1828786230894,-3.622165387640145
