objID,ra,dec
99050326687074297,32.66878563334177,-7.454974385347326
