objID,ra,dec
103920323773925843,32.37742673888024,-3.3954842569602777
