objID,ra,dec
100200322948309713,32.29483464244966,-6.492267267852193
