objID,ra,dec
102800322462563246,32.24625666180786,-4.330998677409403
