objID,ra,dec
103230329589504712,32.95896420739259,-3.971503593935039
