objID,ra,dec
103110327820763192,32.78209319474847,-4.072718015602676
