objID,ra,dec
99100320100116775,32.01005963,-7.41135687
99100320097277001,32.00975293667139,-7.411189964912816
