objID,ra,dec
103890325510198400,32.5510510951845,-3.4183928254757534
