objID,ra,dec
96050329489924108,32.948974799307116,-9.955253241890741
