objID,ra,dec
96300323855603738,32.385613638258825,-9.74725803708346
