objID,ra,dec
97220323475323436,32.34760957418353,-8.981008693499128
