objID,ra,dec
101870322704355926,32.27050147126035,-5.103773492472065
