objID,ra,dec
102240321952603004,32.19528763525878,-4.797854052462386
