objID,ra,dec
103600321591675599,32.15927898,-3.66228241
