objID,ra,dec
99720324701277053,32.47018197,-6.89438771
99720324703176589,32.47031776,-6.89459275
