objID,ra,dec
100620327850522709,32.785046836884575,-6.147984164521848
