objID,ra,dec
102280327792091650,32.77926472,-4.76567855
