objID,ra,dec
103920323031819581,32.30321469618015,-3.392410745751973
