objID,ra,dec
102920328298460749,32.82979013262272,-4.23310463683235
