objID,ra,dec
100670322287999246,32.22876985774609,-6.10092393564245
