objID,ra,dec
102960328479138144,32.84791218687124,-4.193571395828627
