objID,ra,dec
98660325065604378,32.50656201753507,-7.78004326906015
