objID,ra,dec
100830321725264170,32.17260046506456,-5.971924257212204
