objID,ra,dec
102640336911132316,33.69112342389084,-4.465051043015576
