objID,ra,dec
98130339009834836,33.90102956469823,-8.221343549553666
