objID,ra,dec
103450332519829337,33.252006981439926,-3.7842541357953157
