objID,ra,dec
98220335360317199,33.53609748695154,-8.14432286843428
