objID,ra,dec
102470335800872198,33.580120789609985,-4.606944616753912
