objID,ra,dec
101770334264828147,33.42654999268173,-5.185180281338113
