objID,ra,dec
96880330995848068,33.0995797807347,-9.260263654960427
