objID,ra,dec
102200335189653790,33.51907213401922,-4.830536751400881
102200335192174000,33.51924818100754,-4.830438702598871
102200335192753574,33.51918642330995,-4.830668586558947
