objID,ra,dec
97500334084189313,33.40850002938919,-8.742543274574235
