objID,ra,dec
96790333793268485,33.37938579568865,-9.33498710506646
