objID,ra,dec
98720333492551908,33.34920241487263,-7.7321102985571075
