objID,ra,dec
96430336002990434,33.600368318932595,-9.641525751088036
