objID,ra,dec
101510331065413955,33.10656572398591,-5.405384735035077
