objID,ra,dec
102220333452760076,33.34526495955808,-4.817042207951618
