objID,ra,dec
99420336275306021,33.627565630891255,-7.145374439680308
