objID,ra,dec
101630333834075389,33.3834843300601,-5.3040884190086866
