objID,ra,dec
98980339668092730,33.96681706136668,-7.514762746096491
98980339665843370,33.96670367,-7.5145057
