objID,ra,dec
98990337698061073,33.7698306339609,-7.507807479537595
