objID,ra,dec
103060337641060805,33.76422809997392,-4.116252700253664
