objID,ra,dec
96450338478820598,33.84782551,-9.62473804
96450338478101003,33.84787120431789,-9.624506742194663
