objID,ra,dec
99140335564462900,33.556507950474874,-7.381226024465249
