objID,ra,dec
99120334125479495,33.41252446496071,-7.392417791923332
