objID,ra,dec
101040336484178270,33.64851493785473,-5.793440682752392
