objID,ra,dec
101320334588955867,33.458935114498004,-5.562122714093025
