objID,ra,dec
101840333846136228,33.38469430143542,-5.128493201585285
