objID,ra,dec
98150336401921479,33.6402512,-8.2075958
98150336401401128,33.640145313816795,-8.207814555983445
