objID,ra,dec
103410333140692485,33.31412170825362,-3.8233418342397503
