objID,ra,dec
102850339903201442,33.99032891064093,-4.290778719758981
