objID,ra,dec
101590336005723412,33.60064033205888,-5.339191966797019
