objID,ra,dec
101510330665323803,33.066650535904316,-5.405512488336449
