objID,ra,dec
100960338978619680,33.89792042892933,-5.858897554362869
