objID,ra,dec
102790333325928011,33.332618571299804,-4.335478001895927
