objID,ra,dec
98730338993787454,33.8994141456286,-7.719122571739841
