objID,ra,dec
99630336628354434,33.662828613137634,-6.971703109272614
