objID,ra,dec
102050331607841523,33.1608842111138,-4.957483980835282
