objID,ra,dec
98860338263874396,33.826360864586356,-7.613421841007417
