objID,ra,dec
96700331269604779,33.12697577422668,-9.413091332112925
