objID,ra,dec
98390335755509697,33.57556375345348,-8.000572703199182
