objID,ra,dec
102460337102590833,33.71024025515744,-4.616286831235768
