objID,ra,dec
98160334115219893,33.411563425580724,-8.192144329796555
