objID,ra,dec
103360331263114453,33.126351616422404,-3.8633499430551974
