objID,ra,dec
102090335442264183,33.54426283820787,-4.921908154149191
