objID,ra,dec
102820330115926665,33.01156247990781,-4.311431840249712
