objID,ra,dec
102810330555628292,33.05553945606625,-4.318471739563203
