objID,ra,dec
97610339905764288,33.99062425597801,-8.655115551531669
