objID,ra,dec
96930330920201033,33.09206508917882,-9.224483090761549
