objID,ra,dec
96520339924914872,33.992595289952035,-9.562991370857688
