objID,ra,dec
98170331753588191,33.175336812065886,-8.185176336116864
98170331753728541,33.17534781466651,-8.185177737508955
