objID,ra,dec
101160332399376104,33.239967030503834,-5.6953298847107865
