objID,ra,dec
102040332685613963,33.2685445566169,-4.963703333632248
