objID,ra,dec
102200334631933333,33.463361176409144,-4.830953449226881
