objID,ra,dec
103030337696958591,33.76973809177003,-4.134795563375909
