objID,ra,dec
96950330716766099,33.071709384152136,-9.203585083727562
