objID,ra,dec
102590331662426011,33.1662775,-4.50366903
