objID,ra,dec
102520338534700571,33.85348908,-4.56653004
