objID,ra,dec
103450333856625203,33.38570254012051,-3.7877456023878717
