objID,ra,dec
99770333622208435,33.36225454,-6.8516426
99770333620938046,33.36218127382452,-6.851844652977511
