objID,ra,dec
103140331139600294,33.11396025,-4.0500983
