objID,ra,dec
103210333857700522,33.38568260427526,-3.991471622352775
103210333855020725,33.38553178,-3.99141744
