objID,ra,dec
99130333991830581,33.399169235818235,-7.391519524565587
