objID,ra,dec
99460335790392938,33.57909760265772,-7.114617183306929
