objID,ra,dec
97800333247186175,33.32475747897434,-8.495178756817506
97800333246566527,33.32469078,-8.49492425
