objID,ra,dec
101250337522588951,33.75224365321934,-5.617825505313888
