objID,ra,dec
102490338706851927,33.87064170368276,-4.590430122957642
