objID,ra,dec
101890338940224973,33.894054841734366,-5.087901387762164
