objID,ra,dec
100540331139949457,33.11389168864714,-6.209211523532405
