objID,ra,dec
103470331064130554,33.106549821786345,-3.7748924760701694
