objID,ra,dec
102370339113507382,33.91139117278244,-4.685651298115259
