objID,ra,dec
102110331499759300,33.15003230698447,-4.901027422514038
