objID,ra,dec
102610336379678902,33.63799893472126,-4.484588015763142
