objID,ra,dec
102600335458982930,33.54588216123466,-4.497794129331812
