objID,ra,dec
101610337614109421,33.761421514024065,-5.31757032325306
