objID,ra,dec
103530332394205517,33.239430919053085,-3.720788199836783
