objID,ra,dec
99780337069243333,33.70689868988339,-6.847697984039055
99780337067563060,33.70680446808773,-6.8478128970596845
99780337062143259,33.70648033518958,-6.847632714746761
