objID,ra,dec
102930336791517103,33.67915749,-4.21942876
102930336790607450,33.679129652507335,-4.219146754082902
