objID,ra,dec
98820338526666420,33.852696615201886,-7.645011543963716
