objID,ra,dec
102500331809022864,33.18090562,-4.58128696
