objID,ra,dec
97020333942166563,33.39450777,-9.14475658
97020333944476851,33.394517723584535,-9.14468444974683
