objID,ra,dec
98150332191640802,33.21918439630805,-8.208038489185993
