objID,ra,dec
98440338120942195,33.812183301763284,-7.965179192616913
