objID,ra,dec
97210331169213186,33.11696726416469,-8.989437906281479
