objID,ra,dec
97650334308315233,33.43087890904248,-8.62093149016096
