objID,ra,dec
103500331454363084,33.14543738429464,-3.7477241556237626
