objID,ra,dec
99860339528297762,33.952826571932114,-6.777223506786654
