objID,ra,dec
102990330856039613,33.0857194,-4.16720701
102990330857739897,33.08576636108169,-4.167097728817026
