objID,ra,dec
99940338395869425,33.8396020099426,-6.709182558462714
