objID,ra,dec
98670336872150586,33.687213681038216,-7.77491214980164
