objID,ra,dec
98750333968427912,33.39685084521175,-7.7020815938121325
