objID,ra,dec
103310335290587803,33.529123803693324,-3.902236068067339
