objID,ra,dec
101800334024835406,33.402600379705255,-5.162504237274651
