objID,ra,dec
103010330990127837,33.09901673113345,-4.152181766077278
