objID,ra,dec
99860331779828495,33.178061603597236,-6.776552440679423
