objID,ra,dec
101160332199404266,33.219968738749905,-5.696838134876724
