objID,ra,dec
102560331684447733,33.16845509,-4.52738434
