objID,ra,dec
103220330185374235,33.018561072026245,-3.980175816537813
