objID,ra,dec
98710337969283217,33.7969065788442,-7.739227156113211
