objID,ra,dec
96820330733379881,33.073333456524466,-9.308832851764526
