objID,ra,dec
103050330341677657,33.034179199172115,-4.118967206796239
