objID,ra,dec
96680330788805916,33.07895120018001,-9.428761372495046
