objID,ra,dec
96880332422092819,33.24224488228483,-9.264669686239989
