objID,ra,dec
101850339994628561,33.999467745159464,-5.118258823992275
