objID,ra,dec
98100333248177689,33.32484816536893,-8.243952491416392
