objID,ra,dec
103270336362352701,33.63634291319809,-3.9397074358856186
