objID,ra,dec
102290338173742082,33.81735866444399,-4.756959576265871
102290338175351780,33.81753739,-4.75717869
