objID,ra,dec
101280335335019999,33.533572191172745,-5.591962884881882
