objID,ra,dec
98050338697345493,33.86978725455625,-8.28746910424228
