objID,ra,dec
98620339743868480,33.974383431837474,-7.809960844656574
