objID,ra,dec
98900330896568155,33.08972346950252,-7.576735370687342
