objID,ra,dec
98700335804358492,33.580373977033744,-7.743295438572183
