objID,ra,dec
96500333897122361,33.38975336152382,-9.581672702932748
