objID,ra,dec
97170332076087775,33.207670328937795,-9.018917446201646
