objID,ra,dec
98280333764181889,33.37644674395989,-8.098756076186456
