objID,ra,dec
98820338596971888,33.859746319586264,-7.648867545842067
