objID,ra,dec
103150337352276780,33.73527812395109,-4.036331789817988
103150337354257067,33.73542069,-4.03611791
