objID,ra,dec
103000339772106686,33.97715885656792,-4.1614167212948106
