objID,ra,dec
100240336073747023,33.607429301351864,-6.461159530337975
