objID,ra,dec
96060337582166395,33.7582751954963,-9.945006118026868
