objID,ra,dec
100230332842934493,33.28433439690769,-6.4715265976130505
