objID,ra,dec
103620331694046729,33.16943224827583,-3.644740414496684
