objID,ra,dec
103010337516916762,33.75176981266533,-4.153009191764626
