objID,ra,dec
102790330763781493,33.07634100087963,-4.340794414753309
