objID,ra,dec
100100333437976224,33.343627,-6.57831
100100333433426345,33.343396583823676,-6.5783771412020196
