objID,ra,dec
102630330894195429,33.08952937424356,-4.470843033939792
