objID,ra,dec
102040338706004700,33.870632619155195,-4.963084126928424
