objID,ra,dec
102520336369959636,33.6370303564236,-4.558988442671574
