objID,ra,dec
100820331922758838,33.192327775554475,-5.976290041145078
