objID,ra,dec
101300333264681373,33.3265017007097,-5.582548056874464
