objID,ra,dec
102350335108777328,33.51101919569203,-4.702575546366629
