objID,ra,dec
102380338603189967,33.86025817890401,-4.675411424477221
