objID,ra,dec
100220335893168398,33.589403477527,-6.476446179695224
100220335892918774,33.5894174234374,-6.476418737897541
