objID,ra,dec
96840338923524212,33.892388874643885,-9.296837538330724
