objID,ra,dec
102860330812274135,33.081234970401745,-4.280281961910353
