objID,ra,dec
103220336326356334,33.63269488937846,-3.97839588703559
