objID,ra,dec
97240330347076257,33.03473818292149,-8.961830746964209
