objID,ra,dec
102340338101251082,33.81012072604164,-4.7161175106495765
