objID,ra,dec
99330333765867424,33.376605259361504,-7.219131913123888
