objID,ra,dec
100920330953626079,33.095370529945356,-5.895275715898059
