objID,ra,dec
101860334697471107,33.4698903630136,-5.1161898122789395
101860334700120871,33.47002469925503,-5.116193162698821
