objID,ra,dec
103040337555336882,33.755406486054355,-4.127811949239655
103040337552847149,33.75531649663772,-4.127701161301157
