objID,ra,dec
100630338745434620,33.87448480116995,-6.1381570485189005
100630338742654694,33.87435477252115,-6.138150798175384
