objID,ra,dec
99070334093964265,33.409399325680035,-7.438452019869575
