objID,ra,dec
98770332594698310,33.25943464,-7.68509066
98770332591638500,33.25921715498255,-7.6849230104725175
