objID,ra,dec
102630338174155813,33.817496752733376,-4.470453486652528
