objID,ra,dec
98790335719970394,33.57198293,-7.67517916
