objID,ra,dec
102130336481402228,33.648136465440174,-4.890139068911566
