objID,ra,dec
102020338666117377,33.866663310621696,-4.9775370605878475
