objID,ra,dec
100970332172159130,33.217242327175775,-5.851083578661915
