objID,ra,dec
102250335886389034,33.58863778423659,-4.784494179496182
