objID,ra,dec
98890330183354211,33.01833396557134,-7.588395035629477
