objID,ra,dec
97130339828102792,33.98285985383483,-9.056351825095554
