objID,ra,dec
99990337706246475,33.77068086276335,-6.6699990654925365
