objID,ra,dec
96040337082427432,33.708302057889476,-9.960814195950638
