objID,ra,dec
99730332309540354,33.23091645586611,-6.891820590179775
99730332307990027,33.23089572548975,-6.891888845117373
