objID,ra,dec
96330332069082454,33.20690272663546,-9.723292892191003
