objID,ra,dec
102380338725832136,33.87253694407864,-4.6819297729337235
