objID,ra,dec
99140330176025998,33.017542841049426,-7.378645960810733
