objID,ra,dec
98270339214089918,33.92146393036885,-8.100349211336578
