objID,ra,dec
100950335943022865,33.5943247296707,-5.872962644425851
