objID,ra,dec
98620336794478902,33.6793745554085,-7.8097115291854475
