objID,ra,dec
96140336267744964,33.62683889,-9.87952298
96140336265615261,33.62661494656537,-9.879337386318296
