objID,ra,dec
101230337916015846,33.791672744312166,-5.637124077130684
