objID,ra,dec
98320338746507661,33.87467794985428,-8.060645452442124
