objID,ra,dec
100350337393151543,33.73941267695419,-6.37415347852846
