objID,ra,dec
97780333159382311,33.31598618811372,-8.515116825459298
