objID,ra,dec
103080330542807797,33.05431496114992,-4.093786164906946
