objID,ra,dec
101770334950046872,33.49508562815579,-5.186261205778813
101770334950316526,33.49514032,-5.18653096
