objID,ra,dec
99050339586396669,33.95859656003388,-7.453096425917795
