objID,ra,dec
103430334546858274,33.454678463311204,-3.8018198599950552
