objID,ra,dec
96450330257306038,33.0257252219048,-9.620296438421782
