objID,ra,dec
98600339145743396,33.914633818992755,-7.830839192180168
