objID,ra,dec
102090339634976054,33.96349728,-4.92029331
