objID,ra,dec
96470332133393119,33.21342194243496,-9.606066421325473
