objID,ra,dec
101520336483500909,33.64826445212408,-5.399499751772383
101520336480971092,33.64821744450126,-5.3995035751034886
101520336478540871,33.64800927,-5.39960396
