objID,ra,dec
96310335622877749,33.562341393574435,-9.735538961791477
