objID,ra,dec
101370345398975616,34.53998108735278,-5.520678040226966
