objID,ra,dec
101310344655883559,34.465629824709644,-5.572410779212296
