objID,ra,dec
100250349930562668,34.99308734730817,-6.456419514800617
