objID,ra,dec
100360346953331551,34.69530550985045,-6.365715168605821
