objID,ra,dec
98070343898270158,34.38984881116127,-8.275200421221669
