objID,ra,dec
100610341493534127,34.14938122,-6.15512781
100610341494574510,34.149424793898575,-6.155066482316419
