objID,ra,dec
101600346526186364,34.65263532163736,-5.328388587787707
101600346523636521,34.65250121,-5.32829991
