objID,ra,dec
97210345946403528,34.5946461045068,-8.989022870605792
