objID,ra,dec
102900340198721121,34.01986420026881,-4.249402437247173
