objID,ra,dec
102940341150280637,34.115020788290245,-4.216332609733318
