objID,ra,dec
102940340062035830,34.00622426,-4.21213629
