objID,ra,dec
96260348657771942,34.86585554265371,-9.782121783744516
