objID,ra,dec
98840345642246187,34.564220364434725,-7.628591088925227
