objID,ra,dec
98600343997105306,34.399780228083294,-7.829249498440753
