objID,ra,dec
101640344325883081,34.43262744802699,-5.29777199316295
