objID,ra,dec
100500342961991052,34.29621609057771,-6.249494289369257
