objID,ra,dec
96390341704767172,34.17050067457617,-9.66939951554419
