objID,ra,dec
96630348983425230,34.89836942758227,-9.47097342549994
