objID,ra,dec
101410349171152214,34.917162895004616,-5.490185492640624
