objID,ra,dec
99650349702115433,34.9701988298401,-6.954160807585692
