objID,ra,dec
97730348544919440,34.85461213168219,-8.550820527913883
