objID,ra,dec
102720341148019354,34.11482011,-4.39254696
