objID,ra,dec
100470341055149841,34.10553850788272,-6.26718720121058
