objID,ra,dec
102390348417945575,34.84169841057439,-4.670726930495002
