objID,ra,dec
97710349427886740,34.94289990502905,-8.569727365670747
