objID,ra,dec
99010341896663980,34.189708784446495,-7.4886956736716215
