objID,ra,dec
102520344532312628,34.453233303484886,-4.564823988593935
