objID,ra,dec
101460346420555839,34.64203815684,-5.445535759923304
