objID,ra,dec
97810341334951752,34.133434010745425,-8.490486249839833
97810341331252044,34.13328492,-8.49039053
