objID,ra,dec
97000343426802981,34.34275574211862,-9.16451146377499
