objID,ra,dec
102920340748062454,34.07481580453317,-4.231618327016864
