objID,ra,dec
100420341459865233,34.145984687350094,-6.312677133188704
100420341456905332,34.14573624,-6.31258054
