objID,ra,dec
101890344942679091,34.49432632759272,-5.08453211320723
