objID,ra,dec
100860345902796990,34.59040211526758,-5.944518930521805
