objID,ra,dec
97160342539703134,34.254008646789245,-9.031069146681531
