objID,ra,dec
97320343669470380,34.366928458934765,-8.899998456154043
