objID,ra,dec
101660347026213764,34.70266365933025,-5.280572672024385
