objID,ra,dec
97910346162243101,34.6161895256087,-8.406102086454968
