objID,ra,dec
102320344366544213,34.43676148471367,-4.7303124833457035
102320344366123799,34.43666887320778,-4.730421460094277
