objID,ra,dec
98900340217912946,34.02181948885296,-7.581294527796892
