objID,ra,dec
101620343740954315,34.37410207104314,-5.313417199089466
