objID,ra,dec
100950346154027264,34.61543736762114,-5.869325587282727
