objID,ra,dec
102470344062819150,34.40642369292177,-4.601005420478464
102470344066019118,34.40658089201733,-4.601147716120638
