objID,ra,dec
98790349273689002,34.927377701914146,-7.667823767072064
