objID,ra,dec
102740343764730406,34.376518895586635,-4.383259941357404
