objID,ra,dec
102080348715412287,34.8714615701594,-4.931784577719474
