objID,ra,dec
102480343702531269,34.37029549,-4.59931606
