objID,ra,dec
98320341730900112,34.17309975,-8.06689314
98310341730189703,34.17293810271858,-8.06714615988113
