objID,ra,dec
102340346140210984,34.61403376915541,-4.716210701564848
