objID,ra,dec
101240345432884774,34.54336109963094,-5.629680164463754
