objID,ra,dec
99130344610336129,34.46103490130269,-7.386896110518912
