objID,ra,dec
101380346655614771,34.66553968,-5.51306154
101380346654934322,34.66549037721973,-5.513384939271366
