objID,ra,dec
96230345170257485,34.517049922227585,-9.80249642948967
