objID,ra,dec
101540349132983753,34.91338712229787,-5.380720991285872
