objID,ra,dec
100780346734995262,34.6735186896968,-6.012656371893754
