objID,ra,dec
99940343782673573,34.37826778200122,-6.7140455328439925
