objID,ra,dec
96650349370615322,34.93707811572909,-9.454241827309739
