objID,ra,dec
102130340424920335,34.04254774409702,-4.891786110702506
