objID,ra,dec
100220348500901050,34.85011275,-6.48284237
100220348497950987,34.84983916136085,-6.482885642388993
