objID,ra,dec
100820340982995343,34.09825750024274,-5.979180644809625
