objID,ra,dec
98150344812414694,34.48124481832529,-8.20473220008155
