objID,ra,dec
97890341958098138,34.195821814442496,-8.418522122739393
