objID,ra,dec
101060344369062121,34.4369759988281,-5.781832175255505
