objID,ra,dec
102080344807918618,34.48085828564923,-4.92651168842868
