objID,ra,dec
97740346431628581,34.643221858741825,-8.543164284100964
