objID,ra,dec
100950348164763180,34.81655211779841,-5.872707284493572
