objID,ra,dec
96770345820246802,34.58204472,-9.35302562
