objID,ra,dec
101660340173715431,34.01747235788005,-5.279175313358045
