objID,ra,dec
101300345774348583,34.577463092511046,-5.576544992764522
