objID,ra,dec
96950342885076446,34.28854870242424,-9.203281503499495
