objID,ra,dec
102020344941821900,34.49422852730213,-4.981966102916637
102020344940952226,34.4941300334406,-4.98184297361958
