objID,ra,dec
97480345023411446,34.50208715318241,-8.765793016049376
97480345020001364,34.50208476165545,-8.76579595603639
