objID,ra,dec
101630347227795392,34.72282845640321,-5.30425058087413
