objID,ra,dec
101360342801779048,34.28012489,-5.52621051
