objID,ra,dec
102270340480428306,34.04807564535145,-4.768466800178614
