objID,ra,dec
102380345284530015,34.52849445399638,-4.683704935423492
