objID,ra,dec
101790343443351677,34.34433387317832,-5.173963040525331
