objID,ra,dec
97990344324879234,34.43249767150353,-8.334312247139215
