objID,ra,dec
98670348345509811,34.83446024188409,-7.7671748079436655
