objID,ra,dec
96800346771818536,34.677250920082734,-9.326523523121333
