objID,ra,dec
97490340676079465,34.06763657094566,-8.750796872886308
