objID,ra,dec
102520343965909491,34.39662558,-4.55910392
102520343962389313,34.396371988819794,-4.559234006459949
