objID,ra,dec
98160342241361587,34.22413103277886,-8.199002477007712
