objID,ra,dec
97370344858325905,34.485778350473396,-8.853806149080937
97370344855865608,34.48556671094268,-8.853991632272118
97370344853295768,34.48551805554392,-8.853867490980019
