objID,ra,dec
97460346640962343,34.66413837133666,-8.781716753019989
