objID,ra,dec
102920340585809508,34.05858677355031,-4.225750524594353
