objID,ra,dec
101620349127981027,34.91277941,-5.31615223
101620349126101433,34.912707027947704,-5.315987155611871
