objID,ra,dec
102080347613919003,34.76151719,-4.92626919
