objID,ra,dec
101430349838357585,34.9838350262055,-5.469000690801709
