objID,ra,dec
102440345647063693,34.56471910319958,-4.630628206254094
