objID,ra,dec
99210340360270576,34.03606373,-7.32486013
99210340357730772,34.03580734964642,-7.324697902055552
