objID,ra,dec
101050346931345543,34.693179484594516,-5.787420180021857
