objID,ra,dec
97230340489798078,34.04897014,-8.96859368
97230340487518326,34.04879483629323,-8.968423649329967
