objID,ra,dec
102650342938829192,34.29388996,-4.45100138
