objID,ra,dec
96670341281460848,34.128168009500776,-9.441278309968679
