objID,ra,dec
99160342022270025,34.20227374688523,-7.366947900276749
