objID,ra,dec
101130345729646200,34.572877924627115,-5.720239667736426
