objID,ra,dec
102800341283929057,34.12849884,-4.3261233
