objID,ra,dec
101820342762417422,34.276201662974124,-5.144289282941634
