objID,ra,dec
97610346694895117,34.66952182331452,-8.654402152869455
