objID,ra,dec
100210345287035731,34.52883570865608,-6.487137855456619
