objID,ra,dec
97690341904747998,34.19049650857773,-8.58533100390554
