objID,ra,dec
102170349115226762,34.91148765,-4.8531655
