objID,ra,dec
102350344432773288,34.44336121,-4.70594213
