objID,ra,dec
102330348817141575,34.881734628452406,-4.7240146377323935
