objID,ra,dec
101680340790424355,34.07895165044216,-5.263536954386622
