objID,ra,dec
101520348630153821,34.86302636,-5.39719782
