objID,ra,dec
101760348719690045,34.87200393920782,-5.200322831997103
