objID,ra,dec
101450345379410769,34.5379555013821,-5.458037974710065
