objID,ra,dec
96820340786319239,34.07869496892286,-9.309277968414284
96820340785598840,34.07859082,-9.309398
