objID,ra,dec
103000340004774521,34.00048867232444,-4.163202531337437
