objID,ra,dec
102740341166595244,34.11675195988905,-4.379314442804025
