objID,ra,dec
99590347931881768,34.7932280145583,-7.007230899443221
