objID,ra,dec
98760342586239892,34.25859138127447,-7.692132140776922
