objID,ra,dec
101990341682328471,34.16822694865563,-5.001719574838254
