objID,ra,dec
102730340875344751,34.08740293803162,-4.38804866398988
102730340873725095,34.08736282,-4.38776897
