objID,ra,dec
101720348872328277,34.887300865908216,-5.2268502903054825
