objID,ra,dec
101140347556440581,34.75568107486999,-5.716514601230234
