objID,ra,dec
99410347794704618,34.77954055,-7.15500329
