objID,ra,dec
98420344807201018,34.48074493188256,-7.9827926938492615
