objID,ra,dec
97980346778403106,34.67781192223758,-8.347649972455146
97980346776673512,34.67779476,-8.34762774
