objID,ra,dec
97120342571263352,34.257117680212374,-9.064265429201917
