objID,ra,dec
101990343937000403,34.393863453848375,-5.0083675375192955
