objID,ra,dec
102420342424390220,34.242482328825936,-4.650176039910198
