objID,ra,dec
102350340595312991,34.05968584065267,-4.706276833130544
