objID,ra,dec
101720348930249512,34.8930727985527,-5.225761249051418
