objID,ra,dec
102520344862890110,34.48633381325284,-4.566877822819242
