objID,ra,dec
99600349239417162,34.92373845,-6.99466618
99600349237346813,34.923786544830044,-6.994648823757558
