objID,ra,dec
98510349969541231,34.996966124456854,-7.907623861003425
