objID,ra,dec
96240344685042376,34.46856126063687,-9.798366560959682
