objID,ra,dec
100420348311728231,34.83117414432361,-6.310151891141309
