objID,ra,dec
101450348660075677,34.866026696317945,-5.453972895207327
