objID,ra,dec
97840343122603137,34.312299380020065,-8.464407909742372
