objID,ra,dec
101420345291207595,34.52923645474773,-5.4773427336096185
