objID,ra,dec
97210341528426817,34.15288165250935,-8.986410721569827
