objID,ra,dec
101200346677284326,34.66778601,-5.66342729
