objID,ra,dec
100780345276306837,34.527596918494936,-6.011235031322214
