objID,ra,dec
101970345863734788,34.58646070957734,-5.021515832119591
