objID,ra,dec
98290344421558109,34.44223917343773,-8.08519955093972
