objID,ra,dec
96860346893560241,34.68938690855818,-9.283471806029285
