objID,ra,dec
101830343707101530,34.37072927115184,-5.140707156165851
