objID,ra,dec
96830341891551728,34.18916656,-9.30710697
96830341888631814,34.1889663107557,-9.307102094150524
