objID,ra,dec
101590346686559233,34.66855190069794,-5.334299776273282
101590346683689382,34.66844984034144,-5.334294666615369
