objID,ra,dec
98220343921945980,34.392218915493785,-8.145371043356851
