objID,ra,dec
96690347536686788,34.75364399588213,-9.41966264487802
