objID,ra,dec
102570344130214390,34.41309352,-4.52171162
