objID,ra,dec
96850345902451247,34.590155895254,-9.29105053334235
