objID,ra,dec
96900348875797769,34.887627019158465,-9.243780518746465
