objID,ra,dec
99610343534819283,34.35346146175592,-6.984268371474404
