objID,ra,dec
99630340884030422,34.088519917454754,-6.975102547498564
