objID,ra,dec
101590343779070660,34.37791882579469,-5.3414747727803364
