objID,ra,dec
101090344518939361,34.452009948746245,-5.750836502901915
