objID,ra,dec
102600344931566071,34.493229585449036,-4.495281641056135
