objID,ra,dec
101710342431560022,34.24315872,-5.2419868
