objID,ra,dec
100340345349545735,34.53499129458017,-6.378887403012389
