objID,ra,dec
96080344927414694,34.49277452467179,-9.929740529118694
