objID,ra,dec
97650346726419538,34.67267516902527,-8.61739778272497
