objID,ra,dec
102020342512406305,34.25134446622972,-4.978386244469377
