objID,ra,dec
102130349127484137,34.912792167159814,-4.888462062083959
