objID,ra,dec
102510344278637686,34.42789433974742,-4.568898008763855
