objID,ra,dec
102080341215324218,34.12164679873353,-4.930233965642974
