objID,ra,dec
102050346238266741,34.62394714632158,-4.953047924411512
102050346242956683,34.6242063873308,-4.9531158353813325
