objID,ra,dec
101720348612320213,34.861304903010634,-5.233522231118625
