objID,ra,dec
102320343211888692,34.32125134599037,-4.726508984813694
