objID,ra,dec
102820341711063945,34.171102546094204,-4.313782265943141
