objID,ra,dec
101970341550353323,34.155057176028144,-5.02258079168278
