objID,ra,dec
102020341463047468,34.14631881687462,-4.97745468000203
