objID,ra,dec
102300347622396628,34.762281580693696,-4.744862692126214
