objID,ra,dec
99290340617417550,34.061785047142195,-7.252364826860547
