objID,ra,dec
101510343477401904,34.347776660604836,-5.407118689038509
