objID,ra,dec
96410343936807409,34.39370626146951,-9.652541942442129
