objID,ra,dec
101910348269051237,34.826993046839625,-5.074311193095467
