objID,ra,dec
101820340617162583,34.06180940128505,-5.148237493451699
