objID,ra,dec
102790341270017755,34.127009422994135,-4.335480728210292
102790341268188028,34.12683073,-4.33530162
