objID,ra,dec
96910359422107164,35.94218689132534,-9.235962549334852
