objID,ra,dec
99780353621377052,35.36213500151028,-6.844490640376204
