objID,ra,dec
100510354777744927,35.47776160205157,-6.2379355193727
