objID,ra,dec
100170352913659092,35.29140225937094,-6.517790016772552
