objID,ra,dec
97320351362889494,35.136326222197965,-8.892440375920906
