objID,ra,dec
97370358928846519,35.892891315855586,-8.85321866254322
