objID,ra,dec
101630358113282426,35.811393688785785,-5.306697608779473
