objID,ra,dec
101260359832521356,35.98321706871297,-5.615889167732401
