objID,ra,dec
101770350558041010,35.055849886073155,-5.191150688255795
