objID,ra,dec
98050350765449926,35.076480693283955,-8.28365741356233
