objID,ra,dec
101840352603107034,35.26033362664625,-5.127773115579825
