objID,ra,dec
97930359467672859,35.946745069313906,-8.389643701500114
