objID,ra,dec
99100358138421564,35.81387559122277,-7.4157344329093755
