objID,ra,dec
97960353256482054,35.32569441104752,-8.365298773699973
