objID,ra,dec
101410350435223015,35.0436844,-5.48944352
101410350437923267,35.0437114,-5.48937883
