objID,ra,dec
97340358961245920,35.89613318871819,-8.87873144646265
