objID,ra,dec
101860354833185172,35.48342555,-5.11270556
