objID,ra,dec
100940351982087276,35.198277267661766,-5.87760022111518
