objID,ra,dec
98940353544539421,35.354448765667485,-7.5424751208223615
