objID,ra,dec
101480353342964340,35.334332766843694,-5.430090576942523
