objID,ra,dec
101840354596017629,35.459580674358406,-5.127307986654032
