objID,ra,dec
102120350964612017,35.0965828,-4.89866475
