objID,ra,dec
96800356896731669,35.68972690679514,-9.33224591819389
96800356896272149,35.68971669,-9.33214409
