objID,ra,dec
100780351080558803,35.108091884704244,-6.009685932506291
