objID,ra,dec
101070351082263052,35.108257855926205,-5.772774854295846
