objID,ra,dec
98870351251696653,35.12519768881319,-7.6031109391640275
