objID,ra,dec
98120358933828942,35.89335974280089,-8.226226314640721
