objID,ra,dec
97560355872682974,35.58726488197894,-8.697849710745665
