objID,ra,dec
99130358872522337,35.88725678791804,-7.390057061317105
