objID,ra,dec
96810352247789988,35.2248176193545,-9.317001224480391
