objID,ra,dec
101060357873639849,35.78740903510643,-5.775477250234728
