objID,ra,dec
97800359498065832,35.949819417140766,-8.495506561647785
