objID,ra,dec
99040358686144026,35.86858857690858,-7.463644402857805
