objID,ra,dec
100590357025443088,35.70254728197862,-6.172748697374306
