objID,ra,dec
101330355129345767,35.51298821,-5.55386362
101330355126915977,35.512801853662374,-5.553671865101578
