objID,ra,dec
101400354302289547,35.43024427190859,-5.492359925321169
