objID,ra,dec
99290354260320090,35.42601511603845,-7.258559942350775
