objID,ra,dec
97550350692411054,35.06931394972167,-8.707845557515217
