objID,ra,dec
100060351565907512,35.156634473734705,-6.610762118977244
