objID,ra,dec
101470355765817332,35.57662946,-5.43589228
