objID,ra,dec
101370353887456195,35.38876762025667,-5.52018506033338
