objID,ra,dec
99840359253412164,35.92534328881606,-6.798594424447564
