objID,ra,dec
100830350767517853,35.076774731696034,-5.968801500091366
