objID,ra,dec
101190353356527182,35.33568902413479,-5.669369867309625
