objID,ra,dec
99580356867923278,35.68679284228939,-7.0142547300560105
