objID,ra,dec
101110357237870860,35.72380389441641,-5.741326345844719
