objID,ra,dec
100970357538460990,35.753779998309035,-5.85790746214911
