objID,ra,dec
100960352497585039,35.24979545,-5.86290471
100960352499924781,35.249956336327166,-5.862957210316047
