objID,ra,dec
97670359988890286,35.99894563,-8.60832932
97670359987060593,35.99874621951581,-8.60817835348084
