objID,ra,dec
100580355178519870,35.51789646317389,-6.175471405292982
