objID,ra,dec
101420350625175564,35.062546958661045,-5.479047186606472
