objID,ra,dec
101640351457155524,35.145789817363244,-5.295825711886069
