objID,ra,dec
101580350110613373,35.01110784610895,-5.3474424421350815
101580350109123728,35.01098676753741,-5.347238030587135
