objID,ra,dec
101520359228079706,35.92278862489085,-5.392219632257204
