objID,ra,dec
96560357937715593,35.79373445004098,-9.528983594073297
96560357937175945,35.79372417,-9.52873209
