objID,ra,dec
96480354007699093,35.40077111184379,-9.59271086609628
