objID,ra,dec
96760353110858368,35.31115267865155,-9.359979895522487
