objID,ra,dec
100920355347916592,35.534856080023,-5.894868326703666
