objID,ra,dec
96350350898668136,35.08988287235544,-9.701838421648054
