objID,ra,dec
101580352765019434,35.27646285,-5.34250182
