objID,ra,dec
100870354731143177,35.47339228186103,-5.939322667973195
