objID,ra,dec
101300351830258000,35.18306292040105,-5.577025153779909
