objID,ra,dec
100310355256798437,35.52570590595915,-6.401614543112821
