objID,ra,dec
100960359998924640,35.99990309272457,-5.863180604721956
