objID,ra,dec
100420358252674388,35.82529825,-6.31335885
100420358249354307,35.825000266380975,-6.313385697475343
