objID,ra,dec
97870351584348403,35.15850220074585,-8.435015693870694
