objID,ra,dec
101510353086718771,35.30873316,-5.4014224
101510353089548620,35.308871994045816,-5.401417957785321
