objID,ra,dec
101570353022932341,35.302329288242895,-5.356714241177092
