objID,ra,dec
97250350186185451,35.018682506489284,-8.954281308064646
