objID,ra,dec
101370354897404343,35.48968842,-5.52167788
