objID,ra,dec
96670354382193171,35.43808304664552,-9.43939235206895
96670354378252905,35.43804286811837,-9.43944772291163
