objID,ra,dec
96650353240785376,35.32403411993078,-9.45408953085869
