objID,ra,dec
97890358372012461,35.8372193961717,-8.423299488051411
