objID,ra,dec
101220351029922497,35.10301650855752,-5.64826658023928
