objID,ra,dec
101280356715676399,35.671600363010434,-5.5950681116048235
