objID,ra,dec
99530357441329916,35.74411200607905,-7.050424553680813
