objID,ra,dec
100930352779659243,35.27806747686178,-5.88427656678763
