objID,ra,dec
100860352431302442,35.24326927,-5.94833317
100860352432502137,35.24329796588263,-5.948640441215167
