objID,ra,dec
98890354616379561,35.4616340064532,-7.5840361721673455
98890354616069186,35.46160654,-7.58430983
