objID,ra,dec
98760354208367875,35.42084059165861,-7.693771095434029
