objID,ra,dec
101460357963583731,35.79636596,-5.44724208
101460357961624065,35.7962654702115,-5.447028047629563
