objID,ra,dec
97630350801118268,35.08017096851614,-8.635137035704835
