objID,ra,dec
99630355825949225,35.58260504750674,-6.967639117937041
