objID,ra,dec
98360353288202886,35.3288162376703,-8.031230241329096
