objID,ra,dec
98070351722148948,35.17224825867419,-8.267878806298189
