objID,ra,dec
101580350695518479,35.069612500668164,-5.343262487449865
