objID,ra,dec
101140353714714942,35.37150434,-5.71290517
