objID,ra,dec
101020353722497480,35.372345403809106,-5.810672060496328
