objID,ra,dec
96300352563685827,35.25650485854842,-9.745440786159884
96300352563246176,35.25635105,-9.74519001
96300352559435761,35.25615358,-9.74559892
