objID,ra,dec
100930351487868325,35.148840391125326,-5.885038975057425
