objID,ra,dec
97950359450129577,35.94500744350318,-8.367389760098682
