objID,ra,dec
101030353355536599,35.335581851224546,-5.803208547377304
