objID,ra,dec
101590356671750786,35.667285857197044,-5.3414112554061175
