objID,ra,dec
97580354871886521,35.487188875234,-8.678204404391051
