objID,ra,dec
97120357599395265,35.759917853039134,-9.06260785603759
