objID,ra,dec
99820355184131056,35.51859223153252,-6.8162427244402535
