objID,ra,dec
98740358742815790,35.874298271687955,-7.712256119384739
