objID,ra,dec
99090359547649419,35.95474643145979,-7.417491992459119
