objID,ra,dec
97880350619193967,35.061929439449735,-8.430319590988109
97880350621674183,35.06199946331507,-8.430165529118078
