objID,ra,dec
100250351749198513,35.17494191226562,-6.4515750805532095
