objID,ra,dec
96310351492698399,35.149345374700594,-9.735019412478692
