objID,ra,dec
101510351976081328,35.19772055860121,-5.407650214856992
