objID,ra,dec
99650359923374550,35.992374357143255,-6.954958871832877
