objID,ra,dec
97300352840309940,35.2840022849179,-8.908704334472295
