objID,ra,dec
96590353376605487,35.337681103903215,-9.504110161014282
