objID,ra,dec
96520353387001069,35.33881082162471,-9.566111879042142
