objID,ra,dec
97060352329815690,35.233013896854764,-9.112255509002141
