objID,ra,dec
101830352527651043,35.25277975518833,-5.141144649176779
