objID,ra,dec
97390353094448623,35.30952773225938,-8.834809482117821
