objID,ra,dec
98870355838801233,35.58382183279801,-7.607677077616896
