objID,ra,dec
98690359715888527,35.97160684419262,-7.751578232749812
