objID,ra,dec
97750350516922754,35.05173913719803,-8.539727329401959
