objID,ra,dec
101970352788542890,35.27886020997335,-5.022961905458905
