objID,ra,dec
101310350486780629,35.0487361696452,-5.574837742579783
