objID,ra,dec
101110355148350408,35.514928727999425,-5.741661623177981
