objID,ra,dec
99750352300160635,35.22991848201954,-6.874751645905881
