objID,ra,dec
101060358355767241,35.835631449579196,-5.777654980881214
