objID,ra,dec
101310359423144300,35.94228912220664,-5.571819905178262
