objID,ra,dec
100410359297308447,35.929761158491374,-6.318323451018208
