objID,ra,dec
101190357309161015,35.731085549635125,-5.674423299684753
