objID,ra,dec
100350358904287355,35.89045375899252,-6.369226372209645
