objID,ra,dec
99120351561366087,35.15619789425055,-7.395320475600837
