objID,ra,dec
101160356179541902,35.61799622288205,-5.6987316524511975
