objID,ra,dec
101150350383810778,35.03838138,-5.70802513
