objID,ra,dec
101610359362799598,35.93630678307503,-5.3173013205239945
