objID,ra,dec
97110358414004048,35.84133113932717,-9.071946114676113
