objID,ra,dec
96780358205242293,35.820504191421996,-9.34840337336299
