objID,ra,dec
100900358094043812,35.80954900423571,-5.913865147292462
