objID,ra,dec
101160351365860988,35.13659305078126,-5.699598845029733
