objID,ra,dec
97630354579711632,35.45799066630393,-8.640635620153677
