objID,ra,dec
96420356956214080,35.69560218650563,-9.646899973838378
