objID,ra,dec
98230353991282034,35.399141568524115,-8.140285936565023
