objID,ra,dec
99110355240812855,35.52407250338866,-7.406291471518394
