objID,ra,dec
99240355735570174,35.57355728749948,-7.300188825018375
