objID,ra,dec
98660358174452104,35.8175063305946,-7.782023824074788
98660358177201927,35.817536112573215,-7.782015588756858
