objID,ra,dec
96370355773744351,35.577384677741904,-9.688386247816805
