objID,ra,dec
96690350798371595,35.07987166352477,-9.424043806963192
