objID,ra,dec
101790352007182133,35.20066803,-5.1735358
