objID,ra,dec
99070353421249072,35.342094996946294,-7.434484571448825
