objID,ra,dec
96540356812949701,35.6813215209503,-9.542264227318109
