objID,ra,dec
101840355725384554,35.57257407619959,-5.129834159756889
