objID,ra,dec
97170358405042032,35.840488773758075,-9.023614593528007
