objID,ra,dec
96560365411205098,36.541146276013805,-9.529373427481463
