objID,ra,dec
98580366662716210,36.6662867531147,-7.845161167114166
