objID,ra,dec
99470368831391645,36.88307272246082,-7.107252121309378
