objID,ra,dec
97030363113855882,36.31139064015294,-9.137111166026946
