objID,ra,dec
97940361935915230,36.19366392080402,-8.379291337952631
