objID,ra,dec
99160369410531670,36.94111009037413,-7.365594131471708
