objID,ra,dec
97920369443690177,36.94436798322718,-8.400142225658287
