objID,ra,dec
98240366915086564,36.69154124031457,-8.128269729329904
