objID,ra,dec
99730367047605514,36.70475865204361,-6.887388350013954
99730367044165742,36.7046041,-6.8872226
