objID,ra,dec
98440362463897169,36.246425128043285,-7.961010951429053
