objID,ra,dec
99310368246625757,36.824681170331445,-7.237154770499855
