objID,ra,dec
98660364386088800,36.438618698660164,-7.776310038458025
