objID,ra,dec
99890364927331968,36.49273646,-6.75703424
99890364923952224,36.49252221702877,-6.7568796707206955
