objID,ra,dec
99410364487891848,36.44883087811737,-7.15708757727326
