objID,ra,dec
97510364150120937,36.41508336295137,-8.741241468220403
