objID,ra,dec
100310369415664570,36.94161316489257,-6.404844712689443
