objID,ra,dec
98610368341953679,36.8342561614255,-7.822305071704196
