objID,ra,dec
96690366148869003,36.6148728959543,-9.417836779243723
