objID,ra,dec
101210363681240583,36.36812340087912,-5.658197492132183
