objID,ra,dec
97000368434555906,36.843425132538556,-9.162104682207152
