objID,ra,dec
98030361667284276,36.16678113656375,-8.3051234785871
