objID,ra,dec
97410369629396327,36.962929274510856,-8.82015531627547
