objID,ra,dec
99780364689137592,36.46898001040702,-6.8438341097601185
99780364688667929,36.468953520639296,-6.843832793476857
