objID,ra,dec
100480362835435443,36.28349160635691,-6.262458729662789
