objID,ra,dec
99920364164360893,36.4164990814758,-6.732919302770365
