objID,ra,dec
98750360352740750,36.035278942824974,-7.7080947333316985
