objID,ra,dec
99220361634319019,36.16347835203569,-7.3094516438293065
