objID,ra,dec
97570363792614237,36.379276180719295,-8.688486006939126
