objID,ra,dec
101230361796570903,36.17966878964698,-5.641268748686382
