objID,ra,dec
99030369905465287,36.99053086063804,-7.470973207970809
