objID,ra,dec
98800368947534573,36.89482260464775,-7.663217601539924
