objID,ra,dec
97480363610915663,36.36109505,-8.76227003
97480363607875762,36.3608444300544,-8.76219497658098
