objID,ra,dec
97370360663628311,36.06638422020459,-8.851775166531155
