objID,ra,dec
97690368514422543,36.85145923442997,-8.589876321857867
