objID,ra,dec
101180362566459171,36.256686062376616,-5.676029989976744
