objID,ra,dec
96260364046199988,36.40466135492679,-9.775347787509933
