objID,ra,dec
97780366944668352,36.694514568221734,-8.510016543683793
