objID,ra,dec
100700364812372419,36.48126438517241,-6.081643790687998
