objID,ra,dec
100470364069823248,36.407024235972955,-6.2726358601395376
