objID,ra,dec
100950362967111582,36.29674750297877,-5.874050045286957
