objID,ra,dec
96810365750465242,36.57501184020326,-9.321080349755173
96810365747834950,36.57496534,-9.32113374
