objID,ra,dec
96540365834608988,36.58343386449687,-9.54278718727268
