objID,ra,dec
99710369437188426,36.94373959784245,-6.901674815321377
