objID,ra,dec
99470365318611412,36.5319169340586,-7.107526319672831
