objID,ra,dec
100200365856428327,36.58565384240361,-6.493402120779622
100200365854768053,36.58548438,-6.49353472
