objID,ra,dec
100580361556917946,36.15574962857535,-6.177052524546838
