objID,ra,dec
100030362125777679,36.2125800255058,-6.6356041383106685
