objID,ra,dec
100850363383731689,36.338374093347085,-5.957255304009408
