objID,ra,dec
99490369310607472,36.93106748405854,-7.08574721199018
