objID,ra,dec
101000366257567920,36.62577017956597,-5.827237205125754
