objID,ra,dec
98830364935922169,36.49362636289043,-7.640164659617405
