objID,ra,dec
97150366614781238,36.66159148830245,-9.04099701863179
