objID,ra,dec
98730362153859977,36.215422742582824,-7.717053329610559
