objID,ra,dec
100960364436425406,36.44365439837657,-5.86250670930556
