objID,ra,dec
96480364645390946,36.46455344887075,-9.599562431486198
