objID,ra,dec
98890368925314788,36.892550035862826,-7.587928087428564
