objID,ra,dec
97610367407757871,36.74071939,-8.65216908
97610367406087581,36.7406554853155,-8.652331465879241
