objID,ra,dec
100260360047773398,36.00484685137539,-6.447535072384215
