objID,ra,dec
98670366696246195,36.669656022641206,-7.770176412638549
