objID,ra,dec
98780367834155310,36.783490271354104,-7.679244795073951
