objID,ra,dec
97530363329534357,36.333094507301624,-8.721754160174573
