objID,ra,dec
98550365067660209,36.50679948083782,-7.875140479372593
