objID,ra,dec
99670364246421053,36.42467977699316,-6.941146600195701
