objID,ra,dec
99250365362133382,36.53628499993715,-7.289179807237017
