objID,ra,dec
97170362454570330,36.24561802696465,-9.025073047504934
