objID,ra,dec
96620367512878330,36.751283200734186,-9.476773636930508
