objID,ra,dec
100900363530967349,36.35314476374535,-5.9109212615153535
100900363531536999,36.35312932,-5.91117178
