objID,ra,dec
98540361857031401,36.18573160173475,-7.882513547109265
