objID,ra,dec
101070366508202125,36.65092231,-5.77350973
