objID,ra,dec
97920367577210023,36.75775515231271,-8.400331655454387
