objID,ra,dec
98140367957439262,36.795775256518,-8.209334651505047
