objID,ra,dec
100950361374362969,36.13750966777183,-5.873020561112034
100950361374532541,36.137459107511106,-5.8730862741450895
