objID,ra,dec
100830363715823555,36.37157818336192,-5.972389269058118
