objID,ra,dec
97250360930045139,36.09300189567005,-8.954417907186382
