objID,ra,dec
99730360303449602,36.03035458071936,-6.884015734191409
