objID,ra,dec
98950361912857607,36.19131996145399,-7.535688917399574
