objID,ra,dec
97690364928072586,36.49285093428125,-8.58985415943042
