objID,ra,dec
98250368847816254,36.88480311791902,-8.120134411343498
