objID,ra,dec
101460360182765577,36.018331401581904,-5.445750031251147
