objID,ra,dec
101120362953541337,36.295371686075086,-5.732614206453679
