objID,ra,dec
97840366889092915,36.688920649395534,-8.464600458768603
