objID,ra,dec
97410363377044992,36.337739538831585,-8.82115370706983
