objID,ra,dec
101040361327749475,36.13275765514473,-5.792503259768537
