objID,ra,dec
99850361156729052,36.11573322,-6.78436877
99850361154659306,36.115485097068195,-6.784266606835937
99850361154088972,36.11545824,-6.7845224
