objID,ra,dec
101210360659411954,36.06592822633575,-5.657102643810294
