objID,ra,dec
97140365314108206,36.53142341932118,-9.043501766594648
