objID,ra,dec
100800362131363890,36.21316585079505,-5.997108273004616
