objID,ra,dec
101200362125742121,36.21258349307424,-5.665233971485844
