objID,ra,dec
98640362793806592,36.27943728244703,-7.794856693275894
