objID,ra,dec
101230363377743865,36.33779288498141,-5.638801881512464
