objID,ra,dec
97540365394556037,36.539475096094954,-8.711982583476615
