objID,ra,dec
101270362541263535,36.25418841860949,-5.60579057929347
