objID,ra,dec
99120361015561042,36.10159326351856,-7.399475154571182
