objID,ra,dec
100260363226249936,36.32267966472207,-6.442108503564323
