objID,ra,dec
101280360786215733,36.07855872065334,-5.595649671270437
101280360782935512,36.078509253886956,-5.595686114164574
