objID,ra,dec
100070368251554771,36.82512074078482,-6.604637856124668
