objID,ra,dec
98460367458633290,36.74591272636581,-7.94763955170207
