objID,ra,dec
100480368253747056,36.82539216017126,-6.261181256766559
