objID,ra,dec
98300362046675248,36.20469688309308,-8.079322439622608
