objID,ra,dec
97190368871359600,36.88697330997066,-9.000639033435897
