objID,ra,dec
98030367909244325,36.79093773732539,-8.305075961252086
