objID,ra,dec
99380360964845981,36.096450966167815,-7.178686149881174
