objID,ra,dec
98210360541586867,36.054172070924004,-8.152907237001521
98210360538697037,36.05406744093061,-8.152932218511445
