objID,ra,dec
98010361541705151,36.15413864528939,-8.32121432566491
