objID,ra,dec
97320367157951880,36.715799044279514,-8.898776103151487
