objID,ra,dec
96510375366969660,37.536713000393114,-9.567245830440887
