objID,ra,dec
99660374028310625,37.40283576324897,-6.94984131287318
