objID,ra,dec
97330377617106315,37.7616976448743,-8.88675881924752
