objID,ra,dec
99710379965628063,37.99651809301862,-6.902106123828843
99710379964647576,37.99643942252998,-6.902246324879293
