objID,ra,dec
98520372198608471,37.21985875807928,-7.8932433991087265
