objID,ra,dec
97330376577182270,37.65778514700524,-8.890103160125395
