objID,ra,dec
96450372407370848,37.24074080937654,-9.624636530445589
