objID,ra,dec
97490376580664002,37.658122718938344,-8.755301741324399
97490376577414042,37.6578633,-8.75533843
