objID,ra,dec
98970375461577905,37.54623065619107,-7.5187860056921165
