objID,ra,dec
96550373047608216,37.30484273649447,-9.53522944836805
