objID,ra,dec
97610376423519003,37.64233764,-8.65116719
97610376420409031,37.64205633117809,-8.651172657026008
