objID,ra,dec
99260372035160790,37.20354491267045,-7.28306248400534
