objID,ra,dec
97250372806761543,37.280698338121,-8.957313307398008
