objID,ra,dec
97250378514158009,37.85142703221526,-8.952013266791166
