objID,ra,dec
99200376549436662,37.655022047362564,-7.3281238626821485
