objID,ra,dec
100080377029234244,37.70306060198909,-6.596703697225947
