objID,ra,dec
96670376526876470,37.652685493010914,-9.436584765248513
