objID,ra,dec
97230377711152986,37.771104673159584,-8.972814843358762
97230377708312983,37.77095492628841,-8.972827345745953
