objID,ra,dec
98410378379992538,37.83807043597535,-7.98985399894439
