objID,ra,dec
97310376750139045,37.6750406073396,-8.901151348060434
