objID,ra,dec
98440373663216555,37.366370353641784,-7.961615606417079
