objID,ra,dec
100210373069780854,37.30698364565782,-6.491272658321282
