objID,ra,dec
99380376983403602,37.69838495218085,-7.180613153177774
