objID,ra,dec
98250372997548857,37.29978415693723,-8.117980932982636
