objID,ra,dec
97640370010177886,37.00098477570504,-8.627111714568361
