objID,ra,dec
99340378333525616,37.83335270850363,-7.212286374305691
