objID,ra,dec
100000375475206245,37.5476711380881,-6.661716470525183
