objID,ra,dec
98480373609294367,37.36095926330981,-7.930058089522369
