objID,ra,dec
98560378734240946,37.87348301884547,-7.866218579400159
