objID,ra,dec
97990370851728266,37.08517436157812,-8.335104540088869
