objID,ra,dec
97130376133738379,37.61338170339475,-9.051721270916568
