objID,ra,dec
96640370797982814,37.07980763169101,-9.464659130560797
