objID,ra,dec
99600371447340722,37.14469038984924,-6.999720208490444
