objID,ra,dec
97710370699180218,37.06992664950983,-8.575184499558407
