objID,ra,dec
97280372044470984,37.20448564242927,-8.93282937335711
