objID,ra,dec
96890371864836454,37.186631958830574,-9.253220067125572
