objID,ra,dec
98030376363851084,37.63647443,-8.30776297
