objID,ra,dec
99580376059619534,37.60603951,-7.00902067
