objID,ra,dec
99950372131363270,37.213123820641286,-6.705908187826524
