objID,ra,dec
96830379222039878,37.92227203732158,-9.300454272292619
