objID,ra,dec
98980378787814527,37.878800695036944,-7.513233944263558
