objID,ra,dec
98960373864302884,37.386470545630054,-7.5313297178793706
