objID,ra,dec
99090376310938191,37.63110729949123,-7.418527966697707
