objID,ra,dec
98030373298049492,37.32980830175214,-8.300768966275049
