objID,ra,dec
98900377295155029,37.7295071,-7.57947573
98900377292305028,37.729257019678506,-7.579528966743332
