objID,ra,dec
99600371680778001,37.16804438867077,-6.993588031008117
