objID,ra,dec
96720371818713327,37.181875767877784,-9.397597099981287
