objID,ra,dec
96420376722526202,37.67226139034893,-9.64520462156583
