objID,ra,dec
99390377569892074,37.75703777726291,-7.173583755303143
