objID,ra,dec
96740370394397776,37.03942982378124,-9.377158242214561
