objID,ra,dec
97670375920329455,37.59202420363746,-8.600795866511959
