objID,ra,dec
98650370137797180,37.01394274264119,-7.785944354684469
