objID,ra,dec
97700371198399050,37.11982768702053,-8.57611883881187
