objID,ra,dec
99700376761859258,37.67629099118843,-6.909272792721817
