objID,ra,dec
100380371232860463,37.123299566282334,-6.349959909493883
