objID,ra,dec
100670371318542434,37.13192122006989,-6.106650532723462
