objID,ra,dec
100450371022266892,37.10230668046625,-6.28618708503349
