objID,ra,dec
97680375022455419,37.50226127833535,-8.595809551618576
