objID,ra,dec
97560373688146694,37.3687957101393,-8.694701673388051
