objID,ra,dec
96980372076156725,37.20770627149686,-9.178078003976792
