objID,ra,dec
96720376556974013,37.65570498715934,-9.397027708535276
