objID,ra,dec
97410376246892493,37.62472104062703,-8.82326914599871
