objID,ra,dec
96970371943269579,37.194339180042185,-9.184015331109968
