objID,ra,dec
99040372446960414,37.244742314498374,-7.466633417827758
