objID,ra,dec
96820370984623525,37.09849642,-9.31405529
