objID,ra,dec
98640370439174146,37.04400094,-7.79686676
98640370438973781,37.04392627260052,-7.797175267844365
