objID,ra,dec
97790373213123976,37.32127947759657,-8.505358564039462
