objID,ra,dec
99150371326446724,37.132663670512024,-7.369767368019019
