objID,ra,dec
96720370460430170,37.046040581759975,-9.400182359771032
