objID,ra,dec
97970377112252387,37.71106581,-8.35664495
97970377109412429,37.71101761993144,-8.356658123327671
