objID,ra,dec
97820372263897731,37.22637607050109,-8.477255111003293
