objID,ra,dec
99170375125029752,37.51253367407711,-7.350652597686926
