objID,ra,dec
98210373765733737,37.376602255287935,-8.155584844611374
98210373765153407,37.37655113,-8.15576725
