objID,ra,dec
99250378810750745,37.88108648203586,-7.291396657778036
