objID,ra,dec
96920371709095021,37.17083779,-9.22942707
96920371706095309,37.170659377865015,-9.229253039667462
