objID,ra,dec
97720379153529328,37.915377363000935,-8.559213713096511
