objID,ra,dec
97590374412075996,37.44119817292227,-8.670318738216217
97590374410426361,37.44117136,-8.6700902
