objID,ra,dec
96740372880899531,37.2880953092526,-9.375733825658143
