objID,ra,dec
99890377638995958,37.763971775710246,-6.753698172051616
