objID,ra,dec
100340370809307171,37.08103482750412,-6.377692548531504
