objID,ra,dec
98860370490929749,37.0490700393474,-7.608918397934283
