objID,ra,dec
99850373482455348,37.34829986730725,-6.787578383772984
