objID,ra,dec
96870389946495533,38.99478793711637,-9.270715730215858
