objID,ra,dec
97930381518458695,38.151886315712375,-8.384734242870403
