objID,ra,dec
97450386989378657,38.698961271699055,-8.784768403410165
