objID,ra,dec
97380384466841303,38.44672258156467,-8.849255233472734
