objID,ra,dec
96710386094148707,38.60944691943486,-9.401412482934187
