objID,ra,dec
98880384873595701,38.48739548048966,-7.595559801599961
