objID,ra,dec
96970383543731369,38.35442088708631,-9.19089320369545
