objID,ra,dec
97130386223379667,38.622412823403074,-9.050646181634589
