objID,ra,dec
97180387659994399,38.766009091773604,-9.01334435572274
