objID,ra,dec
99100388699011739,38.86990551616377,-7.415609754980358
