objID,ra,dec
99090389139605488,38.91397330500329,-7.420755732857035
