objID,ra,dec
96890388025378595,38.80253338593295,-9.2515215412441
