objID,ra,dec
97540389172827935,38.91734613228169,-8.71037401621083
