objID,ra,dec
97900385704981333,38.57055773895054,-8.415866589777963
