objID,ra,dec
99380383868283637,38.38686875317467,-7.1806366902180905
