objID,ra,dec
99360382975543541,38.2974905284389,-7.197458197742187
