objID,ra,dec
99200386078322266,38.60783915812718,-7.331738942596518
