objID,ra,dec
97370389413503160,38.94138591,-8.85604369
97370389411323419,38.941193379826,-8.855849180642979
