objID,ra,dec
97680385029094239,38.50287122511497,-8.596726897459124
