objID,ra,dec
99520380954464317,38.095421540903764,-7.063321193280181
