objID,ra,dec
99020384662312664,38.466240270926775,-7.481464837784463
