objID,ra,dec
97350389115063192,38.91147394158513,-8.872703973511106
