objID,ra,dec
98280380066776592,38.00672402430234,-8.094844474640833
