objID,ra,dec
98980386440268356,38.644031234955364,-7.510119062194648
