objID,ra,dec
98970384577959565,38.457857979931305,-7.517354143953824
