objID,ra,dec
98840383800576153,38.3801656764259,-7.628478605496007
