objID,ra,dec
99130388684748988,38.86849107836584,-7.384502822956734
