objID,ra,dec
97790380372849595,38.0373096891262,-8.500680426323486
