objID,ra,dec
96960387135861600,38.71370848620996,-9.198945407657202
