objID,ra,dec
99030388497445681,38.849782556377924,-7.470594549063842
