objID,ra,dec
96830382801191209,38.28019480628689,-9.3075568629792
