objID,ra,dec
97070381046495347,38.10460800530581,-9.104244419299235
