objID,ra,dec
99560385053783037,38.505418530825594,-7.031199775632308
