objID,ra,dec
99390385580056427,38.55814983984498,-7.169873741932552
