objID,ra,dec
97400387584810170,38.75846443406577,-8.833556830721719
