objID,ra,dec
97440387755634350,38.77543769579065,-8.796761478496038
