objID,ra,dec
98850382584265983,38.25849164237196,-7.620302247991678
