objID,ra,dec
98440381025846972,38.10260680577256,-7.961193582915177
