objID,ra,dec
97580383855370793,38.385571357350905,-8.68300305000179
