objID,ra,dec
98070381687610087,38.16878585369807,-8.275182955345578
