objID,ra,dec
98600388535544018,38.85358774308527,-7.83034139851426
