objID,ra,dec
98930385333868812,38.53343049085233,-7.551338298851984
