objID,ra,dec
98030384725112861,38.47254477022877,-8.306269769543476
