objID,ra,dec
97270384259960364,38.42590945,-8.94153832
97270384257320506,38.42588906,-8.94158559
