objID,ra,dec
98730387075653140,38.70767788814807,-7.722666832057918
