objID,ra,dec
97120380551523976,38.05513753539849,-9.063692891706141
