objID,ra,dec
98420383959907655,38.39604517326561,-7.977287045214063
