objID,ra,dec
97380387454371306,38.74547196094847,-8.849258756396102
