objID,ra,dec
98620389206674669,38.920712110145736,-7.812959125442004
