objID,ra,dec
97970381461692436,38.14611841660739,-8.35668446634049
97970381460212064,38.14606098,-8.35692275
