objID,ra,dec
98390386462427042,38.646267560965,-8.002764285188311
