objID,ra,dec
98280387981336733,38.79817396810401,-8.09473026028674
