objID,ra,dec
97850387979017274,38.79790153,-8.45259742
97850387978057607,38.79788006728959,-8.452340280614406
