objID,ra,dec
98000385794685095,38.57966643042557,-8.32942071418472
