objID,ra,dec
97290380169409659,38.016924525585964,-8.9172837615008
