objID,ra,dec
97050383641178143,38.364149241164824,-9.118577602279958
