objID,ra,dec
97640380513928669,38.05141433167867,-8.626463043193581
