objID,ra,dec
97440380661553749,38.06613300087954,-8.797188480662127
