objID,ra,dec
96620385348471775,38.53488053279537,-9.482204660122706
