objID,ra,dec
99200381305222286,38.13054714845169,-7.331774111041017
