objID,ra,dec
97750396460216278,39.64602535502953,-8.536767519738673
