objID,ra,dec
96580395541681194,39.55409137,-9.51596777
96580395538821396,39.55393654961695,-9.515831024651932
