objID,ra,dec
97140392980122274,39.29797032111952,-9.048453955362225
