objID,ra,dec
96580396152883474,39.61534517195904,-9.514131100055799
