objID,ra,dec
97730395832120348,39.583192292164014,-8.558322134463172
