objID,ra,dec
98720392378356661,39.237886517162394,-7.728143136240336
