objID,ra,dec
97940391153007770,39.11532276350815,-8.377181739969828
