objID,ra,dec
98460396457824850,39.645780318239765,-7.946284339943599
