objID,ra,dec
97270396365063619,39.63655052425623,-8.93901237934702
