objID,ra,dec
97080395391983098,39.53923492899207,-9.09775859494455
