objID,ra,dec
97460398856696715,39.88565079,-8.77804548
97460398860006922,39.8859068083233,-8.777935967245245
