objID,ra,dec
96840396379505535,39.63800251695187,-9.295751171778017
