objID,ra,dec
96930391568511462,39.15678507393484,-9.224172847657133
