objID,ra,dec
98080396315165172,39.631530425099264,-8.262677156189385
