objID,ra,dec
97430399768443044,39.97681950896902,-8.806169666725893
