objID,ra,dec
97520399062535861,39.90625054932805,-8.728778151913863
