objID,ra,dec
97680397465380240,39.746539828263025,-8.600117625128508
