objID,ra,dec
97640393816375540,39.381637067025125,-8.629006211473683
97640393817985232,39.38180025314527,-8.629177243109991
