objID,ra,dec
98110396826537829,39.68268490310737,-8.23546331380364
