objID,ra,dec
97380394842866625,39.484256716542944,-8.844828553813125
