objID,ra,dec
98090391944301281,39.19449982767439,-8.25754041067052
