objID,ra,dec
97380398935976399,39.89358685032937,-8.844916931010514
