objID,ra,dec
98800392927582268,39.29273071938791,-7.6650953842364
