objID,ra,dec
96810392892672553,39.28926798,-9.32318476
96810392889812675,39.28903612831245,-9.323123721899856
