objID,ra,dec
97910399770768774,39.977131338807624,-8.401421412538708
