objID,ra,dec
98280395397198886,39.53969401466291,-8.092875680536109
