objID,ra,dec
97720394824124583,39.482353772662,-8.563124055534647
