objID,ra,dec
98360390478676464,39.0479233952242,-8.02820115378515
