objID,ra,dec
97810396473348243,39.64735850264761,-8.485124562479903
