objID,ra,dec
96930401704927880,40.170539028492925,-9.218757003650222
