objID,ra,dec
97360408097942140,40.80981282275517,-8.86524479194631
