objID,ra,dec
97440407694590072,40.769489929367744,-8.800285109799795
