objID,ra,dec
97980402315374492,40.231642811135174,-8.346576919028546
