objID,ra,dec
97640403706649145,40.37070997065534,-8.626039932408396
