objID,ra,dec
97950400873994380,40.087518396838604,-8.371811479498337
