objID,ra,dec
97250409469980843,40.94701711088723,-8.957996095556158
