objID,ra,dec
97410403033417473,40.303377373457174,-8.819132778366042
