objID,ra,dec
97900401904696448,40.190448285311625,-8.411626963238538
