objID,ra,dec
97400409352912428,40.93532138690272,-8.831632493823156
