objID,ra,dec
97650402603122498,40.2602938376871,-8.62327169156395
