objID,ra,dec
97160407342872187,40.73427843435971,-9.031869412327795
