objID,ra,dec
96960401161806936,40.11625220094001,-9.194509740448172
