objID,ra,dec
97740403926185993,40.39260278313078,-8.545318038881327
