objID,ra,dec
97210401557209382,40.155737251794555,-8.984191082267532
