objID,ra,dec
97430404354280083,40.43549037951235,-8.808585378564802
