objID,ra,dec
97410408919882083,40.89197413,-8.82369606
97410408916892057,40.891734893933865,-8.823614177134548
