objID,ra,dec
98240400125219250,40.012438909192106,-8.125898384037459
98240400122019114,40.01227382,-8.12589628
