objID,ra,dec
97760401890218083,40.18907642363173,-8.526954265486996
