objID,ra,dec
97140401981404515,40.198157472355945,-9.04656871251662
