objID,ra,dec
97170407484660707,40.74846162198324,-9.024774813053343
