objID,ra,dec
97660403960321874,40.39600370692347,-8.615424299780328
