objID,ra,dec
97980401103295343,40.11051635813518,-8.34587407516922
