objID,ra,dec
97430403924418329,40.39248229867229,-8.801699916129035
