objID,ra,dec
97430409657459425,40.965761390125685,-8.800792063200696
