objID,ra,dec
97340403894748641,40.38951568989731,-8.876496839326716
97340403892468244,40.389511929659534,-8.876584817131528
