objID,ra,dec
97100410683169083,41.06834774612605,-9.07610224800397
