objID,ra,dec
97190411283205659,41.128372907629284,-9.003941213162774
