objID,ra,dec
96830416797962571,41.67980147606358,-9.306525470793956
