objID,ra,dec
97160411904729010,41.19045330618901,-9.026178109910335
