objID,ra,dec
155271127234368915,112.7234889025665,39.39839383730141
155271127236328604,112.72354763436118,39.398329625119935
