objID,ra,dec
158061196758386678,119.6757782973417,41.72164482161309
