objID,ra,dec
153901220209438489,122.02092338797625,38.25653048906612
