objID,ra,dec
112131237544339567,123.75443410617868,3.4492405875475063
