objID,ra,dec
163341237301086143,123.7302261414405,46.12124674917523
