objID,ra,dec
173241234427330020,123.44272886146246,54.36609198682082
