objID,ra,dec
170481244029349730,124.40295546417319,52.07424779979845
