objID,ra,dec
163491279703419516,127.97034349203908,46.24901995791642
