objID,ra,dec
163491280073053404,128.00729531810683,46.24393647554119
