objID,ra,dec
163491280452758716,128.0453592030979,46.248425946232736
