objID,ra,dec
140571313673238303,131.36733739242746,27.148074895043067
