objID,ra,dec
147341323479803764,132.3480549,32.78609405
147341323482693989,132.3482912761974,32.78614603936988
