objID,ra,dec
147361323181420065,132.31809798891632,32.79953518101487
