objID,ra,dec
130671328134213773,132.8134255876371,18.89444721506775
