objID,ra,dec
156481336743517584,133.6743696913325,40.405780921113795
