objID,ra,dec
156521336903226382,133.69032565981956,40.43809111329624
