objID,ra,dec
157101344086227183,134.4086337408434,40.92206515658702
