objID,ra,dec
167021341850704716,134.18521811237977,49.186706307448
