objID,ra,dec
116771394505467199,139.45052006907355,7.31395511392969
