objID,ra,dec
172311414906556736,141.4906500329277,53.59666180528426
