objID,ra,dec
123251414352169348,141.43520535381649,12.715679160212789
