objID,ra,dec
123361415775243357,141.57757710097445,12.802386005830524
