objID,ra,dec
128891429952134179,142.99525828462257,17.411432336987247
