objID,ra,dec
172551433286565572,143.3286005,53.79568551
172551433289545847,143.32893186120143,53.79590340699418
