objID,ra,dec
169011441489397399,144.14886682723812,50.84724858540065
