objID,ra,dec
109241442395924402,144.2396130964978,1.0366118850107935
