objID,ra,dec
169031441598921567,144.15991845478663,50.859030459520596
