objID,ra,dec
127871454877562506,145.48768599905097,16.55992317547426
