objID,ra,dec
167391453943494543,145.39436843758912,49.49487275974931
