objID,ra,dec
159161465037097324,146.50378899071166,42.63891366223009
