objID,ra,dec
119591464863218958,146.48632997536328,9.665360257338515
