objID,ra,dec
119541461764373356,146.1764346982203,9.619076726457278
