objID,ra,dec
119431461370717432,146.13707826587924,9.530789775171815
