objID,ra,dec
119241464499483560,146.44995345399866,9.369253816239443
