objID,ra,dec
119411465043295712,146.5043483288393,9.512701124102207
