objID,ra,dec
119531464835313133,146.4836116880419,9.610607889091822
