objID,ra,dec
119641464556712135,146.455651268583,9.701392348370437
