objID,ra,dec
119481463154776799,146.31547648833146,9.571855384794429
119481463155326386,146.31549624225724,9.571741458914625
