objID,ra,dec
159121464711568172,146.47120849798318,42.60627354680689
