objID,ra,dec
146971481664916746,148.16645643,32.48006101
