objID,ra,dec
146961481147543688,148.11479806706035,32.469342207492424
146961481150194042,148.11485147,32.46944033
