objID,ra,dec
111421497182998552,149.71827939893655,2.8567596420310135
