objID,ra,dec
153231521823936015,152.1824058699702,37.69612770192302
