objID,ra,dec
126621530981283180,153.09811159,15.51884427
