objID,ra,dec
148141549247318465,154.92473375741304,33.45655984046004
