objID,ra,dec
111751554402556327,155.440244333698,3.1299254990654095
