objID,ra,dec
148061550682622635,155.0682360856362,33.384970106742294
