objID,ra,dec
120441564155216712,156.415520734295,10.371885993943108
