objID,ra,dec
120451564342420624,156.4342546312215,10.375133783000392
