objID,ra,dec
120521563670660058,156.36701498185667,10.43295825735378
