objID,ra,dec
120461564254867196,156.42549440182253,10.388967568306477
