objID,ra,dec
151101568631716619,156.86325388141023,35.921657854997655
