objID,ra,dec
170011564803364875,156.48035686272326,51.67846231244762
