objID,ra,dec
120431563575385917,156.35755599770778,10.362830873680036
