objID,ra,dec
141171573970236916,157.39704262504534,27.64693492193159
