objID,ra,dec
163751577664368263,157.7664138642235,46.46467061458446
