objID,ra,dec
155611586785664597,158.6785260961158,39.67834917464316
