objID,ra,dec
177891602562390822,160.25620152,58.24171967
177891602565741183,160.25633847639602,58.24197402434497
