objID,ra,dec
146081603427476319,160.34300087506492,31.7380042360889
