objID,ra,dec
147641601675036639,160.1675111458484,33.03840783127307
