objID,ra,dec
177901602542452420,160.25422338277625,58.25140391866657
