objID,ra,dec
154551612112540274,161.21122686398763,38.79138788472404
