objID,ra,dec
154501612150247689,161.21524890294066,38.755998016123144
154501612154627871,161.21521908306278,38.755994588460126
