objID,ra,dec
136241626307848385,162.6307958984455,23.539843198055298
136241626312688584,162.63102483700345,23.54008704327089
