objID,ra,dec
163461650133688566,165.01346797,46.22319873
163461650137248282,165.0136852282356,46.22300615526294
