objID,ra,dec
138151663561353591,166.35614113726498,25.127504205688442
