objID,ra,dec
146171682010866595,168.20111924332895,31.813317598614997
