objID,ra,dec
160271707865075687,170.786451478574,43.56247253253618
