objID,ra,dec
158071706819343932,170.6819514084503,41.72779178653945
