objID,ra,dec
134201706634732464,170.66342002300095,21.834981983845243
