objID,ra,dec
158081706993810210,170.69937547422444,41.732923689704
