objID,ra,dec
137781719617734786,171.96174876599665,24.820156394602026
