objID,ra,dec
137101715101203635,171.51010023592397,24.252534702651527
