objID,ra,dec
110851713322925250,171.3323620137009,2.3789256136020462
