objID,ra,dec
136861713510556631,171.35103392552097,24.055087152671906
