objID,ra,dec
136921715562133412,171.5562201785946,24.102377922376228
