objID,ra,dec
120451721080751284,172.10807637784924,10.375606641167956
