objID,ra,dec
175171723259996382,172.3260175,55.97969977
