objID,ra,dec
144561728003618604,172.80032908771489,30.473331557777456
