objID,ra,dec
148601748178668676,174.81794846706146,33.840072288648756
148601748181298454,174.81804693871842,33.83999066881343
