objID,ra,dec
148991776941083511,177.69404745180387,34.160716240046824
