objID,ra,dec
149031776653005968,177.6652475074407,34.19611933954903
