objID,ra,dec
175401778918216243,177.89181434,56.17130482
