objID,ra,dec
175391778915077063,177.89147727,56.16365255
175391778916317451,177.89168887,56.1639434
