objID,ra,dec
163571785349163943,178.5349249947377,46.31101883612266
