objID,ra,dec
163541785315861172,178.53158548618836,46.2837338638042
