objID,ra,dec
130291800096703917,180.00960914516904,18.577800117669383
