objID,ra,dec
147801823449975996,182.34498741519377,33.17120077430788
