objID,ra,dec
147751823131958663,182.3131961298112,33.131912458780164
