objID,ra,dec
158981834250410998,183.42503632168984,42.48389499751309
158981834251241342,183.425015045495,42.48392798775892
