objID,ra,dec
110151838259907491,183.82596875748902,1.7975500870765335
