objID,ra,dec
158991834165731116,183.4165974456131,42.49208229281602
158991834169370889,183.41687542,42.49193779
