objID,ra,dec
158991834174290979,183.41733824306678,42.491969112979554
158991834178410941,183.41763637334088,42.49193445226758
