objID,ra,dec
178461846967507865,184.69721477,58.72268823
178461846974338016,184.69736714171623,58.72278858257661
