objID,ra,dec
178511846140661681,184.61404582346577,58.75918911780012
