objID,ra,dec
127851886762231498,188.676218734263,16.54246968531535
