objID,ra,dec
127851886505139240,188.65051931561683,16.548915236251776
