objID,ra,dec
147961906198220984,190.61978944581514,33.30034215233878
