objID,ra,dec
129591919909982224,191.99100263692557,17.99312279129898
