objID,ra,dec
157341915255611978,191.5255742103419,41.117846690854876
