objID,ra,dec
129571920217557526,192.02178637679347,17.980855330748376
