objID,ra,dec
155831961598285050,196.1598338183913,39.86204203670707
