objID,ra,dec
155921962098648095,196.20982546977638,39.939595130417445
