objID,ra,dec
155971961647338933,196.1647020644142,39.981887625038425
