objID,ra,dec
156051962281100809,196.22809944314966,40.041827641094955
