objID,ra,dec
155841961415490083,196.14154976065515,39.86623298109522
