objID,ra,dec
117931964619823937,196.46195752820674,8.277975958400866
