objID,ra,dec
133382001775013823,200.17752597638489,21.15273699449888
