objID,ra,dec
109852028829224278,202.88292943515907,1.5448799274938305
