objID,ra,dec
161252032059715613,203.20589874016986,44.37916871658726
