objID,ra,dec
122402048020357458,204.8020602303664,12.005851067238478
