objID,ra,dec
151412059118836215,205.91180184186445,36.179560658895944
