objID,ra,dec
151422056472821572,205.64729385881722,36.184105047425426
