objID,ra,dec
164022056965674265,205.69648668392895,46.68623490320647
