objID,ra,dec
151352056254575357,205.62544947666467,36.12889967541095
