objID,ra,dec
151512056476867113,205.64754309883452,36.263763308775374
