objID,ra,dec
176852072443229576,207.24426573819326,57.38233392761105
