objID,ra,dec
139882071637973726,207.16377949285467,26.569317434136
