objID,ra,dec
111422091547788952,209.15480906842635,2.8570641956616747
