objID,ra,dec
140422135415379184,213.54152417674823,27.023881721435398
