objID,ra,dec
116442131599606650,213.15988867415228,7.038450935771007
