objID,ra,dec
150512135058288571,213.5058154555286,35.43168670240488
