objID,ra,dec
150462134933127569,213.49329086429358,35.389170471832045
