objID,ra,dec
150472134898608223,213.48995233264665,35.398062631462636
