objID,ra,dec
165962152962584703,215.29615421740468,48.30336483238212
