objID,ra,dec
112342186248495741,218.62486267135944,3.6210683796961383
