objID,ra,dec
112402186025731785,218.60258115186997,3.667775677090553
