objID,ra,dec
112422186592557695,218.65926753756352,3.6893760643708737
