objID,ra,dec
127892188744042775,218.87436636259926,16.576880670894802
