objID,ra,dec
104892202191758347,220.21919139808483,-2.585074166418664
