objID,ra,dec
146412219931509451,221.9931257352497,32.01567951101476
