objID,ra,dec
129172238074019102,223.80741045060742,17.64877737787725
