objID,ra,dec
172682245118726338,224.51199362,53.90470739
172682245124366391,224.51237528127845,53.90472544266714
