objID,ra,dec
133982246756560360,224.67564673787572,21.649845298794787
