objID,ra,dec
120652277801123926,227.78012928977847,10.544549401017346
