objID,ra,dec
142512287456205339,228.74560173242182,28.76226558903626
