objID,ra,dec
142132302737938554,230.27378483976307,28.448282379065073
