objID,ra,dec
162282305098451715,230.5098523312532,45.23422358488296
