objID,ra,dec
174452309135393319,230.91357945,55.37715617
