objID,ra,dec
116312316369974619,231.6368224479402,6.928252893636844
