objID,ra,dec
116392316556814422,231.65569214642477,6.994908391301734
