objID,ra,dec
142742321421886308,232.1422019740302,28.954771476802406
