objID,ra,dec
144622324030248171,232.40300745591256,30.522979755895783
