objID,ra,dec
144572324840143950,232.48402126544988,30.47779015782233
