objID,ra,dec
142782321617515149,232.1617636393909,28.98711666044253
