objID,ra,dec
119912355889567626,235.58894265378498,9.930998386987058
