objID,ra,dec
111682357261636493,235.72617616244122,3.071709809402844
