objID,ra,dec
162052370879796711,237.0879975116172,45.04673207164923
