objID,ra,dec
150082397792740372,239.77924355852252,35.06647111823947
