objID,ra,dec
122722391184863470,239.1184577988901,12.269174804726402
