objID,ra,dec
133042404830522004,240.48300267741993,20.86787006083208
