objID,ra,dec
139632405632922954,240.56331654913194,26.36031384691356
