objID,ra,dec
135892410132647812,241.01320564324402,23.24772785399809
