objID,ra,dec
159222419981598071,241.9981747618553,42.68952288269494
