objID,ra,dec
151632445974489129,244.5974135802513,36.36541909712311
