objID,ra,dec
157122449642096653,244.96419756932195,40.93836059635719
