objID,ra,dec
156222449309862620,244.93095465875865,40.184982336050695
