objID,ra,dec
137512479838968169,247.98394944,24.59785115
137512479842078255,247.98413926056836,24.597923108798824
137512479842157889,247.9841307054304,24.597858942796833
