objID,ra,dec
122242482563266970,248.25633095100122,11.872067746001266
