objID,ra,dec
122152482039143905,248.20385194686153,11.794467998814554
