objID,ra,dec
145092487048623314,248.7048281132294,30.910600669582852
