objID,ra,dec
155292535392501044,253.53923952069775,39.40871617969872
