objID,ra,dec
137882556220477026,255.62201856455064,24.905403577635905
