objID,ra,dec
97983199887248722,319.9887872572999,-8.34312514162007
