objID,ra,dec
98003199737048660,319.9736687525049,-8.32637489865015
