objID,ra,dec
98763208880441200,320.8882607067561,-7.699518503519784
98763208882410927,320.8882639861729,-7.699520497611341
