objID,ra,dec
98273209440512968,320.9439860345879,-8.10620713677501
