objID,ra,dec
98073208088674542,320.80885906786034,-8.271556484867402
