objID,ra,dec
98583206146378917,320.6146830187752,-7.842871865389889
