objID,ra,dec
98413204008044012,320.40082617,-7.98882346
98413204004963592,320.40058158072145,-7.989002134931629
