objID,ra,dec
97973206209916671,320.62099781590666,-8.353123988309198
