objID,ra,dec
97993209242485097,320.9242116391024,-8.337787433339695
