objID,ra,dec
98263209580682777,320.95802526698793,-8.114701622352106
