objID,ra,dec
98233203723358066,320.3723455085427,-8.13526877415994
