objID,ra,dec
98893206956893981,320.6956873274501,-7.58869985389627
