objID,ra,dec
98193207927099686,320.7927674327064,-8.167137921399009
