objID,ra,dec
98913207380828930,320.73805746823905,-7.5679324255321
