objID,ra,dec
98203202558849213,320.25586931906867,-8.159303287307955
