objID,ra,dec
98393202080180311,320.2080067421863,-8.008455980165083
