objID,ra,dec
98133212800575341,321.28006153028804,-8.220910593484419
