objID,ra,dec
98163214938215165,321.4938399175472,-8.196001333848834
