objID,ra,dec
98843211476043189,321.1475991373788,-7.63100876171523
