objID,ra,dec
99233213814062077,321.3814308112126,-7.306942358058118
