objID,ra,dec
99023211751080507,321.1751157696515,-7.483284002628414
