objID,ra,dec
97963210531780712,321.0531714239257,-8.366432184787744
