objID,ra,dec
98323219311098313,321.9311027736793,-8.06009844153577
