objID,ra,dec
98023215967827480,321.59678968495996,-8.310755602110556
