objID,ra,dec
98583213355782889,321.3356755206794,-7.848018859356794
