objID,ra,dec
98063216416090393,321.64162342160637,-8.283330354095598
