objID,ra,dec
99053211314444181,321.1312948786397,-7.455394847572867
99053211312843869,321.1312770094508,-7.455385078905801
99053211311404180,321.13126285,-7.45541404
