objID,ra,dec
99023216536777652,321.6537100820214,-7.4772797997212335
