objID,ra,dec
99023222335149550,322.23350204568567,-7.475719126078743
