objID,ra,dec
99023226301562779,322.6301408405643,-7.4813453224852005
