objID,ra,dec
98513227168431047,322.7168385259291,-7.907786265685377
