objID,ra,dec
99893228279395219,322.8279328827068,-6.754463365411143
99893228279094881,322.8279409637035,-6.754456022063989
