objID,ra,dec
98903223006171257,322.3006306678131,-7.582659223141467
