objID,ra,dec
98923228690360445,322.8690629574761,-7.566639569229031
