objID,ra,dec
99313225009611200,322.50092805704224,-7.2409961813504555
