objID,ra,dec
98833228853242821,322.8853387815858,-7.639658358035346
