objID,ra,dec
99083220741970510,322.0742092667237,-7.433230326527534
