objID,ra,dec
99303221162781830,322.11625373081796,-7.248804809962089
