objID,ra,dec
98253227073604885,322.70737658687216,-8.121285073806577
