objID,ra,dec
99403225588978906,322.5589020757574,-7.159565963213843
