objID,ra,dec
99823223113167166,322.3113210058277,-6.811018782280427
