objID,ra,dec
100253226592768196,322.6592434650498,-6.4518352781433865
