objID,ra,dec
99063225743011829,322.57431261004143,-7.44886130169255
