objID,ra,dec
99773225721723907,322.5721813864856,-6.85544965401386
