objID,ra,dec
100263224647277451,322.4648033906033,-6.444203330004783
