objID,ra,dec
97703224447837462,322.44479192877355,-8.577462546302895
