objID,ra,dec
99993223649227360,322.36495229779825,-6.6689994233956105
