objID,ra,dec
98093226836759966,322.6836842273084,-8.250384446543995
