objID,ra,dec
98193220361802702,322.03618739430823,-8.173160623918998
