objID,ra,dec
98013230775881906,323.0776067260184,-8.323721466228333
