objID,ra,dec
99813232219723875,323.2219247287573,-6.822098715214526
