objID,ra,dec
97773233860069091,323.3860032530379,-8.517747344437044
