objID,ra,dec
99303236823452357,323.68232994887796,-7.248363250385052
