objID,ra,dec
100543230626090361,323.0626024519918,-6.216720935394361
100543230624440083,323.06247057,-6.21690725
