objID,ra,dec
100213237420726247,323.74207571,-6.48675307
100213237418086381,323.74181990833677,-6.486671340677349
