objID,ra,dec
97803234854048870,323.485437957766,-8.49288627793191
