objID,ra,dec
97853231958930378,323.19589909240506,-8.45832990184062
