objID,ra,dec
97633234006877849,323.40068291089483,-8.635456057990087
