objID,ra,dec
97683232783677672,323.27858582160394,-8.593972724101368
