objID,ra,dec
97853232360689827,323.23607182394164,-8.450529341011002
