objID,ra,dec
99493233832900552,323.38326085893453,-7.091463197259813
