objID,ra,dec
97653234644630578,323.46446690957646,-8.62484243146508
