objID,ra,dec
99873232925901015,323.29252765372814,-6.774553578866537
99873232922710890,323.2924486694387,-6.7745526184387534
