objID,ra,dec
98403230334455250,323.03346759481497,-7.995940448660998
