objID,ra,dec
99723237693423940,323.76935268621486,-6.897055382652963
