objID,ra,dec
99393233159960154,323.31599164142483,-7.175235218209952
