objID,ra,dec
97813231348592123,323.134923299034,-8.490272306045316
