objID,ra,dec
97793239110487235,323.9110487338177,-8.502630450743766
