objID,ra,dec
100383232313174221,323.2313219703457,-6.346834926835576
