objID,ra,dec
99803232849599617,323.2850209357998,-6.825804587081665
