objID,ra,dec
97803234206626774,323.4206430915329,-8.494724738583288
