objID,ra,dec
97783237331250849,323.73313882311294,-8.516322954997127
