objID,ra,dec
97733237273927924,323.72740185199825,-8.552099149885814
