objID,ra,dec
98753231781158430,323.17811974882886,-7.701679889700733
