objID,ra,dec
97473237834499557,323.7834370706976,-8.767387314142233
