objID,ra,dec
98193232185273890,323.21853941187925,-8.172051560782926
