objID,ra,dec
98953234820558411,323.4820752242441,-7.5349838076670235
