objID,ra,dec
99173232192587511,323.2192672385087,-7.352425866595027
