objID,ra,dec
98913230488095735,323.04883405033473,-7.5706324167285075
