objID,ra,dec
97633236402430102,323.6402406057024,-8.64193133441371
