objID,ra,dec
97663238333569092,323.83334562003455,-8.609439150871523
