objID,ra,dec
97663246832408605,324.68325307565647,-8.609879149045682
