objID,ra,dec
97883245034898631,324.50350152068336,-8.426495350919884
