objID,ra,dec
99413249382430802,324.93824191165965,-7.158038149877188
