objID,ra,dec
99923246788672435,324.6787620876178,-6.731648790789117
