objID,ra,dec
97563248323356201,324.83234035186035,-8.695177264043835
