objID,ra,dec
97823243394121868,324.3394015389512,-8.48212780367537
