objID,ra,dec
99133243010755822,324.3010656193043,-7.38717376282218
