objID,ra,dec
100053241620477384,324.1620355111026,-6.619186573222655
