objID,ra,dec
97653246243551702,324.62436438155714,-8.623953203198731
