objID,ra,dec
98003248176990691,324.81772425919024,-8.333110516165709
