objID,ra,dec
99643244170698578,324.4170595667746,-6.959897527666963
