objID,ra,dec
99603242765393811,324.2765922644716,-6.997257059206428
