objID,ra,dec
97833244984501359,324.4984631291883,-8.474271394079649
