objID,ra,dec
99743248453171578,324.845337783198,-6.882328281481837
