objID,ra,dec
98903246983161420,324.698323954338,-7.582551333926591
