objID,ra,dec
97793248741618685,324.8741827021803,-8.501466964174504
