objID,ra,dec
98663247229726583,324.72290347097817,-7.778194260583453
