objID,ra,dec
98243243464918742,324.3464877469722,-8.12641338692116
