objID,ra,dec
98143244025051364,324.40250185649074,-8.215895115650538
