objID,ra,dec
98123240119396954,324.0119237343164,-8.227889003818506
