objID,ra,dec
98283249638046656,324.9638560876147,-8.09479676687965
