objID,ra,dec
98893242660354440,324.2661203167125,-7.588338006475942
