objID,ra,dec
97713247148461135,324.7148663139507,-8.574411072688557
