objID,ra,dec
100003246637130374,324.6637121977528,-6.666701750262612
