objID,ra,dec
99903253745323895,325.3747271675646,-6.747165398310675
