objID,ra,dec
97473254044462336,325.40442033629324,-8.773431492856714
