objID,ra,dec
99713257675843810,325.76760854931837,-6.905487365368819
