objID,ra,dec
98063251851240054,325.18513977412067,-8.283632927432148
