objID,ra,dec
98363250563248607,325.05636186703157,-8.026504387752095
