objID,ra,dec
99423256804332331,325.68045216892676,-7.148445295068996
