objID,ra,dec
99403251527139920,325.1527305614563,-7.1588016129148775
