objID,ra,dec
100083257319692703,325.73197543123445,-6.598116486654438
