objID,ra,dec
97753256670758683,325.667063726661,-8.534768977069882
