objID,ra,dec
97873253720161655,325.3719854091158,-8.440632074177143
97873253717601471,325.3717607,-8.44076664
