objID,ra,dec
98003252123660530,325.2123656205314,-8.33322386216429
