objID,ra,dec
97463254356393830,325.4356437080967,-8.78049242380131
