objID,ra,dec
98373252484140597,325.248406021109,-8.024895590068013
