objID,ra,dec
97953259897472550,325.9897500075798,-8.37321751396936
