objID,ra,dec
99563253419696984,325.34197313991837,-7.027849074766129
