objID,ra,dec
98563254717261618,325.47174632263955,-7.865669622089928
