objID,ra,dec
99293253171601000,325.31703018443926,-7.257807952208655
99293253168671009,325.3169975127165,-7.257823686089146
