objID,ra,dec
97983253577925940,325.35776163783964,-8.345375807968258
