objID,ra,dec
98193259192253489,325.91923563832586,-8.17242942364745
