objID,ra,dec
99843254419013862,325.4419120096014,-6.797116018707071
