objID,ra,dec
98083252129495602,325.2128195937195,-8.26246387707581
