objID,ra,dec
97863252332953319,325.2332758958229,-8.447575311122314
