objID,ra,dec
99073256036575335,325.60370395783696,-7.437582221974369
