objID,ra,dec
100053256742159808,325.674233618749,-6.617141040847796
