objID,ra,dec
98313256637292479,325.6637197293364,-8.073265346811349
