objID,ra,dec
99723256962632387,325.69624798372956,-6.8983045585709215
