objID,ra,dec
98773254482086330,325.4481828239278,-7.686825005547388
