objID,ra,dec
100143257548996691,325.75472544,-6.54477299
100143257546296946,325.7546356651067,-6.544595117329194
