objID,ra,dec
99643257500582325,325.75009632784815,-6.965080518125726
