objID,ra,dec
100063254110946067,325.4110779074577,-6.611927627299058
