objID,ra,dec
97803253548092898,325.3548108065159,-8.497912986741948
