objID,ra,dec
98203252791043576,325.27911401485545,-8.164046444734227
