objID,ra,dec
99543258373347497,325.8373486548801,-7.04411540029884
