objID,ra,dec
98653253193599379,325.3193343626792,-7.78425298854528
