objID,ra,dec
98183256910347894,325.6909932668557,-8.176979670560565
