objID,ra,dec
97913258705583595,325.87056411373624,-8.405690812347643
