objID,ra,dec
99893258922994166,325.8922896497851,-6.7552278736164215
