objID,ra,dec
99123257769893146,325.7770235651334,-7.397707485081033
