objID,ra,dec
97823254478454012,325.44781744429406,-8.480358208031689
