objID,ra,dec
98533258550685231,325.85500832192037,-7.887692047412127
98533258550064903,325.85500672407926,-7.887695328502149
