objID,ra,dec
97943256204516379,325.62042308110796,-8.378360766627862
