objID,ra,dec
99683256164655655,325.61647581786247,-6.928971932251987
