objID,ra,dec
99733257567855622,325.7568155736951,-6.887320321404286
