objID,ra,dec
98613253516396940,325.3515251004935,-7.8193321578242605
98613253515567276,325.35151425131505,-7.819319264510608
