objID,ra,dec
97753250169186591,325.0169306692012,-8.536514632101955
