objID,ra,dec
99113256128743500,325.6128981393306,-7.40577909304397
