objID,ra,dec
98323252390711730,325.23906562626775,-8.065574251924252
