objID,ra,dec
97983253372337491,325.33720236918776,-8.344101625120556
