objID,ra,dec
99203255979370206,325.59794731304936,-7.333540307731603
