objID,ra,dec
98633252636893126,325.2636817105095,-7.806101146557572
