objID,ra,dec
99193259619239246,325.9619018209447,-7.334355798972577
