objID,ra,dec
99153257684357399,325.76847616038486,-7.36923012592286
