objID,ra,dec
97823255547821833,325.5548010843925,-8.4821463057261
