objID,ra,dec
98353251500536727,325.1500559522163,-8.036401269153195
98353251497026907,325.14984,-8.03626437
