objID,ra,dec
99583263266903368,326.3266822050225,-7.014162716447642
