objID,ra,dec
100013266766294578,326.676640155863,-6.654873896260247
