objID,ra,dec
99163264182250818,326.418264877459,-7.366333438485822
