objID,ra,dec
99313260514184378,326.05148338,-7.23849463
99313260512354092,326.0512919244633,-7.238556000875406
99313260511154581,326.05123162,-7.2384865
