objID,ra,dec
97943268142747753,326.81429470524597,-8.377200500073625
