objID,ra,dec
99463268325352934,326.83262323304973,-7.114555970214695
