objID,ra,dec
98213263239550586,326.3239852341353,-8.158217293838176
