objID,ra,dec
99143261264840705,326.1264972003604,-7.3831174985455945
