objID,ra,dec
98503268595635033,326.8595771437174,-7.91281815907946
