objID,ra,dec
99213262051020239,326.20512217897857,-7.3251548314853006
