objID,ra,dec
99973261643173058,326.16439347146564,-6.68950598412474
