objID,ra,dec
99373260973160671,326.0973531609075,-7.1914943327721
