objID,ra,dec
97593265450116800,326.54499358110576,-8.669704869935137
