objID,ra,dec
97533266199516341,326.61997418076163,-8.720260121757109
