objID,ra,dec
98763268856411395,326.8857337271151,-7.699113609993323
