objID,ra,dec
99853267719629065,326.7720020219307,-6.784453735148495
