objID,ra,dec
97753263486386795,326.348611893192,-8.536310000016051
