objID,ra,dec
97273266667164282,326.66685059403443,-8.938699026105365
97273266667523950,326.6668525911621,-8.93870194297685
97273266670594095,326.6668617293002,-8.938693641537451
