objID,ra,dec
99263265065930209,326.50662492972293,-7.283496023018668
