objID,ra,dec
99863261251159245,326.1251477997345,-6.776033768294285
