objID,ra,dec
99183268331340593,326.83319194220604,-7.349762231831022
