objID,ra,dec
98803264223174225,326.4222956490267,-7.663434584259048
