objID,ra,dec
98863269515340117,326.9515944941775,-7.616895857311693
