objID,ra,dec
97973267340218628,326.73400823125854,-8.35147727929645
