objID,ra,dec
98983267105526464,326.71054907595357,-7.511551680187627
