objID,ra,dec
98233260281413636,326.028143353925,-8.138991515305285
