objID,ra,dec
98833268687709338,326.8688184009125,-7.634218307970928
