objID,ra,dec
98283268694205117,326.8694024852062,-8.096017752703167
