objID,ra,dec
99153266580039936,326.65799560614266,-7.367054032293004
