objID,ra,dec
99543260331920083,326.0331934268997,-7.050277753111214
