objID,ra,dec
98293266119025254,326.61192661723874,-8.087621792915101
