objID,ra,dec
97733263579578286,326.357994542596,-8.55178021292398
97733263578258593,326.35781199,-8.5516534
