objID,ra,dec
99403262901620241,326.2900622168318,-7.166800112612646
