objID,ra,dec
98123263325428518,326.33253766795605,-8.22653001327308
