objID,ra,dec
97893268085147053,326.8085414846718,-8.41946545443127
