objID,ra,dec
97693264641125085,326.4641173708444,-8.58774670043828
