objID,ra,dec
99193268879399869,326.88796531,-7.3337827
99193268878589545,326.8879541663797,-7.33402516394133
