objID,ra,dec
99933273979691072,327.39798498754857,-6.724417748873056
