objID,ra,dec
99883270812185909,327.08128256784823,-6.762102896514671
