objID,ra,dec
98583272132365105,327.2132645090776,-7.8460679845931125
