objID,ra,dec
97983275584353085,327.55843200514187,-8.347794706795318
