objID,ra,dec
98173273093503435,327.30937132859685,-8.18910740737331
