objID,ra,dec
97453275889084037,327.5889082722194,-8.788396305722666
97453275887884400,327.5888961630614,-8.788412882356905
