objID,ra,dec
103833278548447830,327.8548259014995,-3.468775977425301
