objID,ra,dec
98873274791498295,327.4790588234697,-7.601670569425351
