objID,ra,dec
104043276652115481,327.66523578347346,-3.295795445108735
