objID,ra,dec
98923271002578786,327.10035151737054,-7.559750541082659
98923271006088642,327.10059229,-7.55966848
