objID,ra,dec
103983279580876396,327.95804545376154,-3.3451433860224657
