objID,ra,dec
99393273341582035,327.33426443642014,-7.173581581003125
