objID,ra,dec
97313273383260528,327.338379,-8.908068
97313273385710826,327.33856590539295,-8.90795002541312
