objID,ra,dec
97843276480305659,327.6480401816659,-8.462283920315365
97843276481045293,327.64805,-8.46252588
