objID,ra,dec
99593279377036877,327.93772044575604,-7.002953013359253
