objID,ra,dec
97703279291280287,327.92915545433027,-8.58344972040005
