objID,ra,dec
99743279924711036,327.99252916201164,-6.8828196030241315
