objID,ra,dec
99913272907267671,327.29077996088694,-6.7356059241833774
