objID,ra,dec
98173270689664931,327.0689747314125,-8.187955200827352
