objID,ra,dec
98563271483029940,327.14831498719394,-7.858715222146144
98563271482549600,327.14822723,-7.85897211
