objID,ra,dec
104053278524825063,327.8523701488261,-3.287794323891728
