objID,ra,dec
98713275437630540,327.54374061417946,-7.7416018747013515
