objID,ra,dec
99793271657626489,327.1658634581477,-6.8365282948274615
99793271654736572,327.16541765,-6.83658271
