objID,ra,dec
98783274032350376,327.4032349667236,-7.683312132531392
