objID,ra,dec
97533273556270416,327.35562504281006,-8.725012795059525
