objID,ra,dec
99073275591667760,327.559149010923,-7.435527432085877
