objID,ra,dec
97103279387601519,327.9387864771691,-9.082404264644126
