objID,ra,dec
97463272697297143,327.26977822519666,-8.777803585713094
