objID,ra,dec
98143270166297957,327.0165563646707,-8.210461922719995
