objID,ra,dec
104063277051334253,327.7050949619289,-3.2802250115433766
