objID,ra,dec
99503275617206713,327.56170711514693,-7.07804772942408
99503275614526832,327.56153814,-7.07793185
