objID,ra,dec
98293272443402096,327.2443323053367,-8.090262362288081
