objID,ra,dec
99433279184309171,327.9184474776323,-7.134385826899992
