objID,ra,dec
99703271094068321,327.109494112109,-6.91029351126176
