objID,ra,dec
99353279592390724,327.9592840554095,-7.208108470255725
