objID,ra,dec
97893270053191252,327.00533029973207,-8.424292301851084
