objID,ra,dec
104053276011330632,327.60108078886003,-3.2915001093876657
