objID,ra,dec
98613277366239333,327.73660739010944,-7.8175996986396665
