objID,ra,dec
99723276523339259,327.65242162,-6.89271416
99723276523038916,327.6523267407574,-6.892903853557599
