objID,ra,dec
98283272904958154,327.2904801024461,-8.093533887915992
