objID,ra,dec
99513275583200085,327.55830630124746,-7.075248985040617
