objID,ra,dec
99573273712202106,327.3712895459696,-7.023561404735133
