objID,ra,dec
98773270383504966,327.0384340112835,-7.687867939614505
