objID,ra,dec
104183278228770016,327.8229010294526,-3.1836934156689733
