objID,ra,dec
97673273507329188,327.35076804232017,-8.60098931964221
