objID,ra,dec
99513279237521534,327.9237739695017,-7.074079490225341
