objID,ra,dec
99883273984705061,327.39847145397414,-6.762827264130151
