objID,ra,dec
98293270560673895,327.0560466110188,-8.08877722139094
