objID,ra,dec
104763285257636979,328.52578943909526,-2.6945723451173307
