objID,ra,dec
97753286764703155,328.6764871008523,-8.539362010008041
