objID,ra,dec
97493281994230585,328.19946516086844,-8.758174358806292
