objID,ra,dec
103893283746403889,328.37465387781555,-3.422115950874513
