objID,ra,dec
99013284648091833,328.46481814736757,-7.490509809755212
