objID,ra,dec
103823284855727503,328.48548058635845,-3.4774048759089466
