objID,ra,dec
97323285394340312,328.53945295,-8.90013707
97313285395089963,328.5395080903013,-8.90035860421919
