objID,ra,dec
104913288368762589,328.83689021482485,-2.5731951876390706
