objID,ra,dec
97443286891041844,328.68916291159576,-8.798810247747124
97443286890612282,328.68913568,-8.79855967
