objID,ra,dec
104003281307939095,328.13085406282465,-3.326155397477256
