objID,ra,dec
104553289707552507,328.9707786572546,-2.873241592581252
