objID,ra,dec
98433282182308493,328.218272929385,-7.96827476017552
