objID,ra,dec
98113288092068802,328.80922134464834,-8.234662028131067
