objID,ra,dec
98213284012183261,328.40124705797183,-8.155905527048922
