objID,ra,dec
98773288679363631,328.8678794922475,-7.688938389002744
98773288678013325,328.86782252,-7.68911315
