objID,ra,dec
97073287595186883,328.75955019663564,-9.102966861927714
