objID,ra,dec
104543285843099587,328.58429457351656,-2.8758035623287084
