objID,ra,dec
104593285975678244,328.5976136409234,-2.8351616423709345
