objID,ra,dec
104023283191956427,328.3191738408924,-3.3116401938864843
