objID,ra,dec
103993284525171000,328.45256501633935,-3.3411688655106846
