objID,ra,dec
97043281050764483,328.1051537664161,-9.129922379869463
