objID,ra,dec
98513285078868919,328.50790731135186,-7.901221502381307
