objID,ra,dec
104083280678985210,328.0679030351132,-3.262746488873308
104083280676055004,328.06788433,-3.26278778
