objID,ra,dec
96973282090594093,328.20910101652333,-9.18855671264227
