objID,ra,dec
99333282120529434,328.21209751892843,-7.217444870425532
