objID,ra,dec
97903288811758451,328.881125252442,-8.40999649438849
