objID,ra,dec
104133280672006417,328.0672296532201,-3.220020078215674
