objID,ra,dec
99123286361084468,328.63610198958787,-7.396641214791186
99123286362563887,328.63612914,-7.39688135
