objID,ra,dec
104413287334574651,328.73336609887167,-2.98810403098811
104413287331224596,328.73313982,-2.98819176
