objID,ra,dec
104483285635971317,328.5635883757007,-2.9325873783882983
