objID,ra,dec
99543287710817785,328.771059644043,-7.043893369358731
