objID,ra,dec
97123282970763789,328.2971362717982,-9.063823959374076
