objID,ra,dec
104453283112768972,328.3113535082271,-2.951207977614085
