objID,ra,dec
97673286567601611,328.6565493297585,-8.60729289764108
97673286564721656,328.65655204991464,-8.607304701532245
