objID,ra,dec
97823286248863448,328.62489145807484,-8.48083231222864
