objID,ra,dec
97243286341958942,328.6342102868596,-8.959560219237417
