objID,ra,dec
98333285266078468,328.5265831181038,-8.051644366133727
98333285263098135,328.526580347091,-8.051655591568577
