objID,ra,dec
98633286092101556,328.6092580949855,-7.807374839698755
