objID,ra,dec
98073285841303608,328.58414392926784,-8.27233935361877
