objID,ra,dec
98543285010987789,328.5011002567649,-7.877176289934571
