objID,ra,dec
103813281886132461,328.1886067857353,-3.489955066151342
