objID,ra,dec
98323281028440233,328.1028917747843,-8.066834761551885
