objID,ra,dec
99253283794372197,328.37945549468947,-7.290252283129188
