objID,ra,dec
98763293097436025,329.30977074337625,-7.695329321503413
