objID,ra,dec
104253297251267387,329.7252185513985,-3.1193134803722926
