objID,ra,dec
103823299929798910,329.9929476328832,-3.4764432255670714
