objID,ra,dec
99533291370185204,329.1371090627218,-7.054415997655237
