objID,ra,dec
105443295851824001,329.5852414793566,-2.1304079420714066
