objID,ra,dec
105093297868017947,329.7868318043253,-2.4187513896641386
