objID,ra,dec
99223292073480384,329.2073464502748,-7.316707482542073
