objID,ra,dec
96803293994570201,329.39941798416066,-9.333485974799288
