objID,ra,dec
105053297215824489,329.72164471567595,-2.454994124118436
