objID,ra,dec
104713295347222098,329.53468142273823,-2.740259660107637
