objID,ra,dec
97743299443494781,329.9443644788334,-8.546371813742534
