objID,ra,dec
105183294858387112,329.485794791466,-2.3444849848815426
