objID,ra,dec
98893292079179072,329.2078697683644,-7.5844374387520865
