objID,ra,dec
97873293980484873,329.39807417287926,-8.437942884667006
