objID,ra,dec
98483295311425253,329.53127729978144,-7.929272705148235
