objID,ra,dec
97673299509128159,329.9509595795203,-8.601903345986727
