objID,ra,dec
104363299154106844,329.91544348450464,-3.0280098948697263
