objID,ra,dec
104023297785052078,329.77855415829833,-3.3153198793196994
