objID,ra,dec
105203292508727541,329.2511208603395,-2.327452830858257
