objID,ra,dec
99613291956570360,329.19568802,-6.9917124
99613291960440362,329.1959537920893,-6.991670608836604
