objID,ra,dec
98673295897848914,329.5897828628919,-7.767919025007864
