objID,ra,dec
97153296789144092,329.6787939888796,-9.038622656170137
97153296786074179,329.6787839174038,-9.038616343677889
