objID,ra,dec
105513296878456865,329.6878359428283,-2.0696341967377467
