objID,ra,dec
99543293732482156,329.3732848011449,-7.048530360026102
