objID,ra,dec
99063295472622429,329.54729881918513,-7.448322621709969
