objID,ra,dec
97543295543950589,329.5544146832139,-8.716560736101613
