objID,ra,dec
98523295254260889,329.52543951385957,-7.899611146384599
