objID,ra,dec
104053297984792008,329.79847552,-3.29034506
104053297981861894,329.79821507728343,-3.2904700140555656
