objID,ra,dec
104333295571515213,329.5571561409613,-3.0543514929052082
