objID,ra,dec
98563296187057070,329.61872280786895,-7.861133753077608
