objID,ra,dec
97293296464032128,329.64641564451273,-8.923571927146426
