objID,ra,dec
99293295656316795,329.56561356885254,-7.253043089035172
99293295654076588,329.56545081,-7.25308898
