objID,ra,dec
98523292943425587,329.2943660222184,-7.8956708836524285
