objID,ra,dec
99623297874863403,329.7874363486477,-6.980832813846387
