objID,ra,dec
98673297996495728,329.7996576393717,-7.770569226866571
