objID,ra,dec
99153292180531250,329.2180887539846,-7.374273677387508
