objID,ra,dec
97123294092947050,329.40925774869913,-9.061141824451859
