objID,ra,dec
103843291297321767,329.12988947193395,-3.4655250607984494
