objID,ra,dec
98563293596257827,329.35964256935745,-7.860477268245168
