objID,ra,dec
98793295722071174,329.57222360599644,-7.674395721467255
