objID,ra,dec
104363296180679352,329.6183213877539,-3.026012616081877
104363296183479212,329.6182943906979,-3.025978672676428
