objID,ra,dec
97503295319080360,329.53191990708063,-8.749925464462116
97503295319180530,329.53192010805316,-8.74992130281769
