objID,ra,dec
104233298940075166,329.8940869891817,-3.1377631746345616
