objID,ra,dec
98623292438136017,329.243812875682,-7.81198804024758
