objID,ra,dec
99273291668038626,329.1668195193045,-7.26808754082379
