objID,ra,dec
105213293588556067,329.3588709408045,-2.3203513828327367
