objID,ra,dec
98663293692377613,329.36924883953554,-7.777338756235171
