objID,ra,dec
105363296215749232,329.62152344781066,-2.192638563963994
