objID,ra,dec
97073295152327099,329.51525131610055,-9.102773654765294
