objID,ra,dec
105013297335599476,329.7335595987476,-2.4841263537748772
