objID,ra,dec
96683295311920093,329.53108315877637,-9.433549149660873
