objID,ra,dec
104973293018686522,329.3018539130001,-2.519899905924237
