objID,ra,dec
97263292794521463,329.2794799094318,-8.949134114349347
