objID,ra,dec
99713291994771906,329.19949962733574,-6.907090560381733
