objID,ra,dec
103933294268329305,329.42674423591126,-3.3842442618729267
103933294265469566,329.42654634,-3.38407643
