objID,ra,dec
99013292626803559,329.26270292783335,-7.489042276304337
