objID,ra,dec
104643298198050885,329.8198336033109,-2.799827319714683
