objID,ra,dec
98953294975833263,329.49744082,-7.53937462
98953294971653151,329.4972057220956,-7.539420277035801
