objID,ra,dec
104823291159870251,329.11595519889113,-2.65018592182839
