objID,ra,dec
103943294560697570,329.4559300269317,-3.3773559390941648
