objID,ra,dec
98603296188593550,329.61886249294747,-7.830718728861481
