objID,ra,dec
104703299551553339,329.9551293600551,-2.7476063134823048
