objID,ra,dec
98263290405010769,329.04047578682037,-8.116380236135718
