objID,ra,dec
99433292429698038,329.2430020105864,-7.1352779166702325
