objID,ra,dec
97203295539398514,329.5539496333852,-8.993279005058215
