objID,ra,dec
99403291902745930,329.1903065309464,-7.1621301063895855
