objID,ra,dec
104593292510508942,329.25107017,-2.83458132
104593292508118630,329.2507691874628,-2.8346442900497855
104593292506418939,329.25076759032896,-2.8346338071758446
