objID,ra,dec
98203293131337875,329.3131585899979,-8.160476181357494
