objID,ra,dec
98593292571342920,329.2571500853137,-7.839583792885976
