objID,ra,dec
99273294100769816,329.4100973750406,-7.26718352028928
