objID,ra,dec
104073295847371770,329.58474934249995,-3.2738875190685808
