objID,ra,dec
104353298528077056,329.8527841356759,-3.0361019112400376
