objID,ra,dec
98443298994772402,329.8994645571002,-7.964995674483342
