objID,ra,dec
98633295418429982,329.54184317775446,-7.800370731549933
