objID,ra,dec
96953290465439546,329.0467247989193,-9.200596044697276
96953290467319976,329.04672837518774,-9.200582244478088
