objID,ra,dec
99593291572027856,329.1572712965907,-7.002128451101259
