objID,ra,dec
99163296094752378,329.6095057554903,-7.364982721600468
