objID,ra,dec
99123294298564596,329.4298888359178,-7.3964990164187085
