objID,ra,dec
98543292558804368,329.2558990641457,-7.879988690155239
