objID,ra,dec
99193299474488304,329.94746374011646,-7.335052462690802
