objID,ra,dec
104633290925493114,329.0925587882125,-2.80606839517951
