objID,ra,dec
105113296395758787,329.6395595884667,-2.4012982014184208
