objID,ra,dec
99213291611152969,329.1611514647592,-7.3228404206872275
