objID,ra,dec
104353293361889881,329.33619349608466,-3.0336854161327738
