objID,ra,dec
99123296975327024,329.697566064277,-7.394485498524358
