objID,ra,dec
97713299370450205,329.9370743236602,-8.575201872210808
