objID,ra,dec
99153293105399694,329.3105535190559,-7.367240372530025
