objID,ra,dec
98333292519716154,329.2519808737839,-8.05355299119036
