objID,ra,dec
98713291830702688,329.18308964874785,-7.739754420401481
