objID,ra,dec
96773290202193647,329.0202630489738,-9.355628329191255
