objID,ra,dec
105223302837676012,330.2837668428256,-2.3120679676775855
