objID,ra,dec
96823307855172100,330.78549941004906,-9.315248314556438
