objID,ra,dec
97903301397864980,330.13980956673504,-8.412863920472132
