objID,ra,dec
105643309726878461,330.9727605394774,-1.959946874574513
