objID,ra,dec
104423302594333033,330.2593851145763,-2.9811930295126463
