objID,ra,dec
98403305041390479,330.5042182944459,-7.999917295632709
