objID,ra,dec
105373302202975003,330.22017962,-2.18777609
105373302200264824,330.2200403114526,-2.1880235304655486
