objID,ra,dec
105703304435227129,330.4435233549968,-1.9111049705290137
