objID,ra,dec
106143307937308677,330.7937549089917,-1.5431185204156792
