objID,ra,dec
99333303520470938,330.35175809106744,-7.224580456334751
99333303517961263,330.35176036,-7.22445191
99333303515490930,330.3517446841746,-7.224574029424302
