objID,ra,dec
104003300004914058,330.0005348032813,-3.330250131799457
