objID,ra,dec
105883308449536523,330.8449887470457,-1.7616176217378852
