objID,ra,dec
99003300946393991,330.09462409120005,-7.497014566499194
