objID,ra,dec
105893304311635708,330.43114104773355,-1.75394820179092
