objID,ra,dec
104933302003448449,330.20036201,-2.55168547
104933302006378283,330.20052634791733,-2.551872390844859
