objID,ra,dec
105063304537362390,330.4536920602645,-2.4483708315317765
