objID,ra,dec
106133309929169871,330.99286677553926,-1.550511632976075
