objID,ra,dec
105923305494331426,330.5493053381227,-1.7323494523369392
105923305492221724,330.54929757133766,-1.7323336796304596
