objID,ra,dec
98393305539965626,330.55418569,-8.00384597
98393305543226191,330.5544052006382,-8.003674246221644
