objID,ra,dec
98603309835368009,330.98356633984133,-7.82699894295665
