objID,ra,dec
106153307325548633,330.7325508889292,-1.5348660506940062
