objID,ra,dec
105903306126937191,330.61265254008606,-1.7444031520667322
