objID,ra,dec
96603307550094148,330.7550093122805,-9.496837229834188
