objID,ra,dec
98133301529474861,330.15298505626123,-8.221280995251785
