objID,ra,dec
97823308992310121,330.8992484903215,-8.48357453820585
