objID,ra,dec
97023308313532621,330.8314054349207,-9.148141230604569
