objID,ra,dec
104913306727251180,330.6727228308471,-2.57438428786934
