objID,ra,dec
105043307712682172,330.771284438339,-2.46511314354624
