objID,ra,dec
104283309830148906,330.9829990919406,-3.092898710077584
