objID,ra,dec
99083306504549387,330.6504816901037,-7.425880651600392
