objID,ra,dec
105053309467278171,330.94672135964873,-2.4518160386005587
