objID,ra,dec
99153307568316179,330.7568705910913,-7.370174140273772
99153307569096590,330.75691697,-7.36991504
