objID,ra,dec
105673308064299989,330.80651751098316,-1.9336781588449345
