objID,ra,dec
98063301177039997,330.11772992150725,-8.275348422265557
