objID,ra,dec
104203300724738617,330.0724565536353,-3.15985589860249
