objID,ra,dec
106193309578292916,330.9578483721216,-1.5062964328390158
