objID,ra,dec
97683307299126674,330.72991118283517,-8.594775687896442
