objID,ra,dec
98793305575205561,330.5575544814393,-7.670732250451199
