objID,ra,dec
98423302496546388,330.2496752119328,-7.978297705247937
98423302495045914,330.24958098,-7.9785015
