objID,ra,dec
96673305692871606,330.5692164868038,-9.44077874512254
