objID,ra,dec
105203302115833208,330.21145342,-2.33122531
105203302112342655,330.21125549818714,-2.3314449523267817
