objID,ra,dec
106103308934855208,330.8935064959127,-1.5793550329756683
