objID,ra,dec
105813304528356088,330.45289809572125,-1.8203383786862175
