objID,ra,dec
98023308896584690,330.88964572957497,-8.313089165414137
