objID,ra,dec
104873305643781258,330.5643523392265,-2.607613194640648
