objID,ra,dec
104383303830380704,330.3830493673394,-3.016458247214839
