objID,ra,dec
96843306388019927,330.63882154715293,-9.292067225464958
