objID,ra,dec
105083305592953449,330.55930121367567,-2.4307790934436566
