objID,ra,dec
104743306441887895,330.64423427906104,-2.710439190148773
