objID,ra,dec
98023303259038137,330.3258673,-8.31020741
98023303255938065,330.32563394652226,-8.310265522937847
