objID,ra,dec
98693308423185394,330.84259663749856,-7.754307217510422
98693308426245108,330.84263652932606,-7.754333864772151
