objID,ra,dec
98293309986982685,330.9987050778068,-8.089770073304393
