objID,ra,dec
105763301023109420,330.1022480275805,-1.8591737668971615
