objID,ra,dec
106103308007874685,330.800842890249,-1.5798324875377727
