objID,ra,dec
104213306067318640,330.60675699340356,-3.151496087028345
