objID,ra,dec
98833302174840066,330.21740023451395,-7.6418204145848305
