objID,ra,dec
97693308898373506,330.88976980097857,-8.589123092011588
