objID,ra,dec
96643309597706025,330.9597608012448,-9.462028492046569
