objID,ra,dec
104643308120337429,330.81199656787095,-2.794191097374146
