objID,ra,dec
104353306590280467,330.6591810129871,-3.041695291494387
