objID,ra,dec
105433304281239910,330.4281105817218,-2.133768078683226
