objID,ra,dec
96743303171279774,330.31716523977116,-9.3754913362089
