objID,ra,dec
104983300562578358,330.05628644773174,-2.510083929231115
