objID,ra,dec
105063306383535825,330.63836469799736,-2.4454855826572746
