objID,ra,dec
105633300169842633,330.01688991680186,-1.972936886248068
105633300167273232,330.0168197893184,-1.9727817025426007
