objID,ra,dec
97973302431813360,330.24322948681845,-8.35585698223068
