objID,ra,dec
104043307148997226,330.71483773213157,-3.2942583700180808
