objID,ra,dec
104443301617657210,330.1618163834409,-2.9610535946485594
