objID,ra,dec
96853308055406921,330.80554090516677,-9.286230263541809
