objID,ra,dec
97633307537925042,330.75379083250385,-8.637802036410195
