objID,ra,dec
105003309645309335,330.9644911916705,-2.492597133289441
