objID,ra,dec
105243312024388643,331.2024497883324,-2.293208985646326
