objID,ra,dec
105773311913583003,331.1913847979641,-1.8561999113717556
