objID,ra,dec
96563318471164191,331.8471323363756,-9.530192238328274
