objID,ra,dec
97263317136949293,331.71372003751674,-8.94262513752636
