objID,ra,dec
104013319630834754,331.9630597779735,-3.3212484737158814
