objID,ra,dec
104983310866078081,331.08665313380465,-2.51038318620525
