objID,ra,dec
96893319198037860,331.91989032760574,-9.252143447496335
96893319200547663,331.92006608,-9.25229875
