objID,ra,dec
105153317601962297,331.7601755165201,-2.373436836165859
