objID,ra,dec
106133311290440544,331.129042962922,-1.5582489225600484
