objID,ra,dec
106483316780967995,331.6781478976616,-1.2603762188161713
