objID,ra,dec
104963312436033420,331.24364451263284,-2.5308235192905313
