objID,ra,dec
105053316140175488,331.61405667668134,-2.454125874407971
