objID,ra,dec
106353315212026771,331.5212247335451,-1.3697988378518895
106353315211186334,331.52111242,-1.37007905
