objID,ra,dec
98903314352566625,331.43524732074735,-7.578183700368897
