objID,ra,dec
105843316952975195,331.69535735,-1.7960035
