objID,ra,dec
99023318363130801,331.8363272287425,-7.483048323536241
