objID,ra,dec
106043317369581517,331.7370409618204,-1.6324450496595868
