objID,ra,dec
98843313814908823,331.3815178080556,-7.626354438469618
