objID,ra,dec
105733314782409896,331.47826472936185,-1.8837548121767282
