objID,ra,dec
104813317887014753,331.78867331958656,-2.6547374613706944
