objID,ra,dec
97933310666991067,331.06669047524997,-8.39108677191401
