objID,ra,dec
97853317023771321,331.7021944051306,-8.457718240940027
