objID,ra,dec
98943316286876759,331.62869069644364,-7.544740931318281
