objID,ra,dec
105573316105845966,331.61058786378845,-2.020417959014846
105573316105035639,331.61050145,-2.02065762
