objID,ra,dec
98043311833944674,331.18341577375173,-8.296410295383431
