objID,ra,dec
103863317913548737,331.79133148075806,-3.4430763882207396
103863317913428324,331.79141943,-3.44333304
