objID,ra,dec
97843312083892656,331.20840230661355,-8.46477322037484
