objID,ra,dec
106663318011668503,331.80115150603126,-1.1099642485165342
