objID,ra,dec
96653310501242081,331.0501325759589,-9.456985362039601
