objID,ra,dec
104583313443021409,331.3442987234618,-2.849076267524621
