objID,ra,dec
105103312813010553,331.28134617254267,-2.4165451969833573
