objID,ra,dec
96803317644368484,331.76444334495494,-9.326585372437439
