objID,ra,dec
106633315694875768,331.5695302305852,-1.1372195638393165
