objID,ra,dec
106223314727361193,331.47273556444236,-1.4826387972558481
