objID,ra,dec
96563316679053859,331.6679453821032,-9.530446155176788
