objID,ra,dec
106333312743329728,331.2743713920807,-1.3839166021032612
