objID,ra,dec
106553314100593343,331.4101140985544,-1.2059271466575732
