objID,ra,dec
105393316767270245,331.6767104320833,-2.1750716419304204
