objID,ra,dec
104993318238653162,331.8238730726721,-2.5060305816371455
