objID,ra,dec
106283318722198817,331.87221350763895,-1.4263470048892393
