objID,ra,dec
104063319134770198,331.91341245,-3.28342801
104063319131830498,331.9132419326276,-3.2832513177743796
