objID,ra,dec
97773318332976238,331.83329709,-8.5201271
97773318328886052,331.83308534767895,-8.520287591159017
