objID,ra,dec
106543317369995169,331.7369924011177,-1.2127319048452903
