objID,ra,dec
97533315631870562,331.5631075126789,-8.724817367204551
