objID,ra,dec
104483316866836265,331.68654784,-2.92863574
104483316864106132,331.68636333342585,-2.9286881928283344
