objID,ra,dec
106593315403572564,331.5403649748113,-1.1732668900127312
