objID,ra,dec
105653311401404244,331.1401690047154,-1.955153494670679
