objID,ra,dec
98803316890985246,331.68911469933664,-7.662619368994583
