objID,ra,dec
105093318133665191,331.81340335834926,-2.4210008942876082
