objID,ra,dec
96883314104571487,331.4104564009429,-9.265832097755597
