objID,ra,dec
105883311837076538,331.1837182809587,-1.7615460555536702
