objID,ra,dec
106213316929742905,331.6930494440241,-1.489612143223289
