objID,ra,dec
99173318586994169,331.85868955223754,-7.35519960835041
