objID,ra,dec
106193316200358753,331.620070478219,-1.5014073055884307
