objID,ra,dec
105803319658531515,331.965884669839,-1.8324130188092147
