objID,ra,dec
105743319028272066,331.9028556959374,-1.881961608450187
