objID,ra,dec
105193314462735031,331.4462850123342,-2.3378285273364523
