objID,ra,dec
97833315629845569,331.56289938073166,-8.470542172000801
97833315626485876,331.562858412183,-8.470511821298876
