objID,ra,dec
105383313113345468,331.31137156012005,-2.1791465688928806
