objID,ra,dec
103883318494080537,331.8493935775536,-3.4332186761165406
