objID,ra,dec
98773316850611603,331.6850884176179,-7.690694954454683
