objID,ra,dec
103953316558203727,331.6558385902155,-3.3723064083649983
