objID,ra,dec
105593310922218882,331.0921780435422,-2.0012725869069827
