objID,ra,dec
104543311197199036,331.1196998120206,-2.876146933903198
