objID,ra,dec
96733316117948472,331.61179041,-9.38493362
96733316116198193,331.61164233570247,-9.38516468250409
