objID,ra,dec
104583314423775026,331.44236530681815,-2.8461876772171752
104583314423644683,331.4423456,-2.84622737
