objID,ra,dec
98603316168088431,331.61674555923815,-7.826645600870195
