objID,ra,dec
105873318585242382,331.8585767317732,-1.7735119501569954
105873318586351934,331.85861155,-1.77368209
