objID,ra,dec
104733318758876344,331.87590421846915,-2.7200464954291914
