objID,ra,dec
97683310695648923,331.0695742343689,-8.592864234755357
