objID,ra,dec
105923317808588697,331.7809259936162,-1.7264224959888015
