objID,ra,dec
97463318514829740,331.85142294382047,-8.775579944439146
97463318511829739,331.8514225172272,-8.775585589575547
