objID,ra,dec
105003312149552297,331.21498614883615,-2.4984654853278037
