objID,ra,dec
105933316977876120,331.6978441638575,-1.7203672292193768
