objID,ra,dec
96983314892026401,331.489180913153,-9.178384087907789
