objID,ra,dec
96593315543240584,331.55434341675345,-9.508187981258239
