objID,ra,dec
105323314897497573,331.4897659902135,-2.227371801234926
