objID,ra,dec
106553319609179896,331.9608737304344,-1.2004566949188267
