objID,ra,dec
98773311233103931,331.12330954287967,-7.688724171427967
