objID,ra,dec
105843313887039690,331.3886933998791,-1.7922950307600065
