objID,ra,dec
105063318272169818,331.82732310118365,-2.44218425459192
105063318275089783,331.8273217992499,-2.442182076215865
