objID,ra,dec
97793311991712549,331.19918270810723,-8.506530376322807
