objID,ra,dec
98683311264235064,331.126498633324,-7.762802103366014
