objID,ra,dec
104153317554933592,331.75534376126495,-3.2055183259992543
