objID,ra,dec
106483319152392602,331.91521662249,-1.2648738433374163
