objID,ra,dec
103933315944569374,331.5944493608708,-3.384221194646112
