objID,ra,dec
105243311134823722,331.113356706478,-2.2972943640589407
