objID,ra,dec
104963314611816250,331.461165711353,-2.5284920995149767
