objID,ra,dec
105673311011507734,331.10117543683634,-1.9356225872183699
