objID,ra,dec
99223317500399996,331.7500635151243,-7.3086277189556785
