objID,ra,dec
105563310685963740,331.06860656618085,-2.0305376966089494
