objID,ra,dec
96813310254676795,331.02562273003497,-9.319719884119644
