objID,ra,dec
104933311858840364,331.1858871103039,-2.558380087174206
