objID,ra,dec
106563319017930679,331.9017647784461,-1.1998132449527907
