objID,ra,dec
105723316349495542,331.63491985528935,-1.8958026804093777
