objID,ra,dec
106763328040047903,332.8040540287019,-1.0270324405132305
