objID,ra,dec
106653321097316301,332.1097118390064,-1.1200069184246597
