objID,ra,dec
98063328454239411,332.8454732999259,-8.275835796276537
