objID,ra,dec
105893327948385308,332.7948767910432,-1.7543222244233432
