objID,ra,dec
105593321279414042,332.127966368553,-2.0053628246709962
