objID,ra,dec
106743326718906493,332.67191165,-1.0449508
106743326715926576,332.67169176379036,-1.0449408312756094
