objID,ra,dec
104433324341395542,332.4341157016512,-2.970694924676076
