objID,ra,dec
105163321492686656,332.1491079067089,-2.361420445419686
