objID,ra,dec
104683321155275468,332.11551451866137,-2.7625013317000446
