objID,ra,dec
98873322397690140,332.23969202830153,-7.608549380752433
98863322396139812,332.23963282,-7.60875085
