objID,ra,dec
104753326878972629,332.6878639563988,-2.706471825021252
