objID,ra,dec
106853320661995885,332.0662217954677,-0.9538033475330788
