objID,ra,dec
106683322579773363,332.25795919760907,-1.0975608058573167
