objID,ra,dec
104523328217186525,332.8217460249167,-2.8949030642780462
