objID,ra,dec
104613325621425138,332.56218735855003,-2.82106216941287
