objID,ra,dec
105483326065100929,332.60650989,-2.09957957
105483326062511059,332.60624679279385,-2.099507963158893
