objID,ra,dec
106873328653999819,332.8654107523965,-0.9338771158265725
