objID,ra,dec
106753320248072141,332.0249198955431,-1.040223943873694
