objID,ra,dec
96983320009205501,332.00093587651827,-9.179104998941648
