objID,ra,dec
104973326616357596,332.6617820333491,-2.5189821926275364
