objID,ra,dec
97773325405125875,332.5404456518781,-8.520391885525424
