objID,ra,dec
107223327757925293,332.77584512489494,-0.6459662954212226
