objID,ra,dec
106713323373287041,332.3373616337946,-1.069520702620412
