objID,ra,dec
96743320091695829,332.0091540017762,-9.37882680176228
