objID,ra,dec
96873321845061161,332.1844330845349,-9.274387000446687
