objID,ra,dec
104813327006287367,332.7005781285768,-2.652480348266961
