objID,ra,dec
97313325586448877,332.5586839104523,-8.901255737613527
