objID,ra,dec
98733325683740141,332.5684136102398,-7.725240922125724
