objID,ra,dec
99323326939314287,332.69387063646406,-7.230102573819921
