objID,ra,dec
106303327653796860,332.76537578,-1.41129848
106303327649727196,332.76501478361973,-1.4111058436242472
