objID,ra,dec
96613327495278127,332.7495477200189,-9.485303350612352
