objID,ra,dec
106723327582318174,332.7582539826568,-1.0602003538735705
