objID,ra,dec
98903325394776083,332.5395119986259,-7.578625201418513
