objID,ra,dec
105053324424821667,332.4424805807438,-2.457230411791683
