objID,ra,dec
97093321815174970,332.18151267589604,-9.08788160526876
