objID,ra,dec
97613324666565213,332.4666346965499,-8.654309680379999
