objID,ra,dec
105763325205436267,332.52038087849195,-1.861888098326804
