objID,ra,dec
106513323625221353,332.3625672919838,-1.240953096208056
