objID,ra,dec
106143329475623544,332.9474840859446,-1.5474066078784434
