objID,ra,dec
104653320763735658,332.0763905971254,-2.787302626262353
