objID,ra,dec
106623325631641379,332.56319069265106,-1.1492295435924098
