objID,ra,dec
106753321841916031,332.18419309392385,-1.0369834856684619
