objID,ra,dec
104023321652632972,332.16528808358953,-3.314545076908843
