objID,ra,dec
106833320800882124,332.0801051842666,-0.9736578171371323
