objID,ra,dec
98503324549240852,332.4549635408915,-7.916297955823433
