objID,ra,dec
96463324886501192,332.4886730410942,-9.616023027610971
