objID,ra,dec
105003329906248673,332.99058418422703,-2.4931078708549115
