objID,ra,dec
98623325496572002,332.54966735774497,-7.815335397966498
