objID,ra,dec
106313322821247179,332.2821845004197,-1.4027387164941363
