objID,ra,dec
105053322600780954,332.26011229111043,-2.457882820212761
