objID,ra,dec
106043328397584131,332.83978411451204,-1.6302944117234621
