objID,ra,dec
104723324081509535,332.40820109948885,-2.725760685493392
