objID,ra,dec
97273321024166306,332.1024406032744,-8.936800851043483
