objID,ra,dec
97473325744862402,332.57448940331136,-8.773321801054664
