objID,ra,dec
106983326151457063,332.61524516467796,-0.8444581452402784
