objID,ra,dec
103803320464686327,332.04646321108476,-3.4950630132270883
