objID,ra,dec
98503323952823062,332.39531358162566,-7.914449831688446
