objID,ra,dec
106803323192267454,332.31920097089096,-0.9941199800591024
