objID,ra,dec
104973325048479867,332.5050906950367,-2.5170709181905337
104983325051170041,332.50509756086007,-2.517067882962702
