objID,ra,dec
105853327767197491,332.77669938,-1.78563798
105853327765987806,332.7767289454725,-1.785655863828857
