objID,ra,dec
107113324183774977,332.4184765529508,-0.7379150668175457
