objID,ra,dec
105823324133816745,332.41339798570834,-1.811353551909121
