objID,ra,dec
105773325554958985,332.55553303085793,-1.85127070130955
