objID,ra,dec
106643329793053890,332.9793154485596,-1.1304389780626685
