objID,ra,dec
96393323840294760,332.3840451775209,-9.671403755705146
