objID,ra,dec
104733320780481421,332.0779637,-2.72409515
104733320778181615,332.0778350899991,-2.7240152753883327
