objID,ra,dec
105373326009603141,332.6009891531991,-2.18949876598367
