objID,ra,dec
107223326469034041,332.6469223847942,-0.6469608440235498
