objID,ra,dec
105023320698313257,332.06974174604403,-2.4807816649422136
