objID,ra,dec
106173322385042194,332.2384188554132,-1.5235411007774198
106173322381842112,332.23839506524536,-1.5235580915471192
