objID,ra,dec
106893329110311964,332.9110338750908,-0.9237580295773511
