objID,ra,dec
104413322140894142,332.2141209590997,-2.9884854110335684
104413322137634154,332.21384024,-2.98851605
