objID,ra,dec
107053323308190800,332.3308554086184,-0.7913837824147668
