objID,ra,dec
106983322907960194,332.29077666483676,-0.850196855800233
