objID,ra,dec
106763323944645483,332.39450312755395,-1.0290783972506996
