objID,ra,dec
98533324679647510,332.46798285400416,-7.885730689370275
