objID,ra,dec
105013320848501731,332.08484562194934,-2.4906096939644726
