objID,ra,dec
98783325402013993,332.54022368040546,-7.680307656919698
98783325405473963,332.54044,-7.68036
