objID,ra,dec
106713321178084843,332.11775381673857,-1.071317164521241
106713321175264847,332.1177290659785,-1.071299895113577
