objID,ra,dec
107193329064356876,332.90644698177226,-0.6696532112824464
