objID,ra,dec
105053328087543828,332.8087854561014,-2.4554887767576195
