objID,ra,dec
104533329215526864,332.9215929786468,-2.886342735170614
