objID,ra,dec
99013321073027807,332.107285927897,-7.485509306611719
99013321072538153,332.10724948,-7.48521842
