objID,ra,dec
104803325722367603,332.57213137,-2.66079241
104803325719937174,332.57203272213724,-2.661048915314866
