objID,ra,dec
105913322897844646,332.28967270812524,-1.738165903522774
