objID,ra,dec
104143329678537293,332.96784851752153,-3.210794315561138
104143329678097633,332.9678374145473,-3.210775071027557
