objID,ra,dec
96453325321466619,332.5321719436331,-9.619840954976715
