objID,ra,dec
107173329914591571,332.99149641783345,-0.6907312720024813
