objID,ra,dec
105903320560261927,332.0561014466037,-1.748774463522386
