objID,ra,dec
107063327671459651,332.76719710987743,-0.7756658677628987
107063327671839311,332.76719378,-0.77593746
