objID,ra,dec
105883326703697201,332.67039639806865,-1.7610913882880888
105883326706937191,332.67059222,-1.76109174
