objID,ra,dec
98173326198906319,332.61985505968795,-8.186799152895576
