objID,ra,dec
98503321577386243,332.157695893466,-7.9117985418027414
98503321576646588,332.1576712188937,-7.911751384342333
98503321574706120,332.1576798762941,-7.911853419399182
