objID,ra,dec
105213326652192616,332.6652270876352,-2.3231867747712482
