objID,ra,dec
106793321855040293,332.18542025146616,-1.0083657329516469
