objID,ra,dec
107033329888298887,332.98876587,-0.80126265
107033329885359018,332.98853752116037,-0.8011727210331546
