objID,ra,dec
106913326403945337,332.640430141148,-0.9041711007317222
