objID,ra,dec
106213321704938533,332.17051903148155,-1.4848347305929646
106213321706998781,332.17062429,-1.48479539
