objID,ra,dec
107073323988082468,332.39882194727403,-0.7733116915218071
