objID,ra,dec
96613329928227019,332.9928624779045,-9.486154514358569
