objID,ra,dec
96893325470219706,332.5470697678411,-9.250583628789233
