objID,ra,dec
106783324244021479,332.42426549284704,-1.0159270442632702
