objID,ra,dec
107043326300471757,332.63006406888917,-0.7988347286844972
