objID,ra,dec
106243329811235625,332.98113496,-1.46234883
106243329808385708,332.9808496135674,-1.46235548326618
106243329807935322,332.98079248,-1.46259385
