objID,ra,dec
107243329818907840,332.98191983883794,-0.6271855349973198
