objID,ra,dec
98873323157692893,332.3158259493383,-7.606210508822899
