objID,ra,dec
97053324599287746,332.45993966,-9.1188654
97053324596987992,332.45974635598185,-9.118706523471248
