objID,ra,dec
105173328972300229,332.8972548624016,-2.358481388136718
