objID,ra,dec
96993327395807250,332.7395881905222,-9.169308308169951
