objID,ra,dec
99033324971339623,332.49713226096117,-7.467327387767379
