objID,ra,dec
97493325575796054,332.5576084725831,-8.753596493131884
