objID,ra,dec
107133324699141318,332.4699007657627,-0.7243005294071182
