objID,ra,dec
105323325962270737,332.5961917619738,-2.2330653807670338
