objID,ra,dec
106673321923144778,332.19238713525914,-1.1046980204677408
106673321922515266,332.19231541,-1.10463029
