objID,ra,dec
99023331253058797,333.12539413850953,-7.4763653002490855
