objID,ra,dec
98343333724547510,333.3724960640723,-8.044072468089919
98343333727987618,333.37274855,-8.0440836
