objID,ra,dec
103823338873717327,333.8873254924246,-3.4776388518240795
