objID,ra,dec
106913331147005486,333.1147368752447,-0.9041993287849736
