objID,ra,dec
97123331526651645,333.152672,-9.065788
97123331526171237,333.15263933033424,-9.065981905345266
