objID,ra,dec
105713332317787837,333.2318317699261,-1.9023214380320996
