objID,ra,dec
106493331555410467,333.15536688347237,-1.2584061151944534
106493331551000612,333.1553343684884,-1.2583971286803546
