objID,ra,dec
106053331418556535,333.1417617135545,-1.6198449055090296
106053331415926725,333.14158769,-1.61972377
