objID,ra,dec
97813339649391164,333.9649426338935,-8.491053384529922
