objID,ra,dec
105163337202798934,333.7203513624404,-2.359619796626025
