objID,ra,dec
107653336711118572,333.67115075066954,-0.28490196570805065
