objID,ra,dec
107333333357788572,333.33580476058194,-0.5515604716241005
