objID,ra,dec
97873332809025205,333.2808461715773,-8.437656996106682
