objID,ra,dec
106313339650961725,333.9651184355475,-1.4072449772675628
