objID,ra,dec
104983339341064439,333.9342674293971,-2.513388716568164
104983339344204573,333.93444547,-2.51324675
