objID,ra,dec
104743333513692918,333.3513568280997,-2.714584377667178
