objID,ra,dec
105273331483492280,333.1483449655141,-2.273541990293347
