objID,ra,dec
97673337403538471,333.74037720950884,-8.601625222845644
