objID,ra,dec
98933332268327783,333.22681735474544,-7.552184928664097
