objID,ra,dec
104633335816268795,333.58163440171995,-2.8013770626436996
