objID,ra,dec
105203333763269479,333.3763833439888,-2.3257265923393353
