objID,ra,dec
107033339066290447,333.90674293715966,-0.808265812774302
