objID,ra,dec
106903337854592172,333.78538434847354,-0.9151771440724814
