objID,ra,dec
105333333292347381,333.3292463881147,-2.219215379670991
