objID,ra,dec
97463336036334398,333.60363053323607,-8.780026175665034
