objID,ra,dec
105763334049927226,333.4050194382323,-1.8610232014393475
