objID,ra,dec
107313337161665519,333.71612515610013,-0.5707656582607036
