objID,ra,dec
105943332022424901,333.2022205566289,-1.7128120135814935
105943332020685179,333.2022203316325,-1.712733664202057
