objID,ra,dec
98233332058531375,333.2058321354953,-8.14084459496412
