objID,ra,dec
106883333333407557,333.33326297852847,-0.9273949666405032
