objID,ra,dec
98573330275968290,333.0276491638604,-7.8518326339613465
