objID,ra,dec
104623337474015071,333.7474162039197,-2.812810676133638
