objID,ra,dec
96483336596296964,333.65963608452375,-9.594520301780518
