objID,ra,dec
105273339176080531,333.9176056290161,-2.2750057260773784
105273339175610023,333.9175643,-2.27519832
