objID,ra,dec
96633331092161316,333.10927406380216,-9.474262491557717
