objID,ra,dec
105383336770548807,333.67709867338095,-2.1763054547639595
