objID,ra,dec
97823331988260584,333.1988122112906,-8.48319724298609
