objID,ra,dec
107013332446822871,333.24468825,-0.82298231
