objID,ra,dec
106113331899000285,333.18987370938606,-1.5750892181014637
106113331895970424,333.18959058,-1.57499851
