objID,ra,dec
97283335190265025,333.51902204,-8.92947969
97283335189155355,333.51888530903625,-8.929257060414308
