objID,ra,dec
106023335482892801,333.5483216630233,-1.64798814254099
