objID,ra,dec
97253334393641054,333.43937752,-8.95779899
97253334390381098,333.4391144112846,-8.957821082326793
