objID,ra,dec
106893335745506462,333.5745297352968,-0.9199338079243707
