objID,ra,dec
104823339131016010,333.9130355999093,-2.6453586048765576
