objID,ra,dec
96803337742255126,333.77420847398,-9.32940836815002
