objID,ra,dec
105773339319992050,333.93203816085156,-1.8569708770604247
