objID,ra,dec
97783335179242906,333.5179639097201,-8.514564736034961
