objID,ra,dec
107033338218744155,333.82187273864474,-0.8051266052265513
