objID,ra,dec
106103331346787947,333.13467408,-1.5770694
