objID,ra,dec
105973337495614723,333.7495129675157,-1.6880854486750965
