objID,ra,dec
96603335673590168,333.56734650602414,-9.500165216906339
