objID,ra,dec
106113335924595206,333.5924845946309,-1.570996315884143
