objID,ra,dec
96743336911240110,333.69112370969026,-9.383582008592969
