objID,ra,dec
107483333687195799,333.36877511717233,-0.4288514202358511
