objID,ra,dec
107553338347938347,333.83480375879714,-0.3683825249292977
