objID,ra,dec
96563334661027480,333.46611003744795,-9.527396804316123
