objID,ra,dec
105803336314886913,333.631503843596,-1.8279285632083695
