objID,ra,dec
104483338726950881,333.87267209458196,-2.9330736829103823
