objID,ra,dec
105813333429729337,333.342958491584,-1.8175581899032442
