objID,ra,dec
106583331267222715,333.1267312403433,-1.1814414492634935
