objID,ra,dec
98553336352814675,333.63523988833634,-7.871510944623804
98553336352714268,333.63526043,-7.87179735
