objID,ra,dec
99043336944315972,333.6944036888599,-7.4620789032197345
