objID,ra,dec
104613331567418177,333.1566589637425,-2.8186384214673774
