objID,ra,dec
107493337946011165,333.79436894366097,-0.42439835920401864
