objID,ra,dec
107223335702591279,333.5702484405412,-0.6492617044900031
