objID,ra,dec
98823330581334048,333.05814440457675,-7.646980561880316
