objID,ra,dec
107603337433249661,333.7430463076757,-0.32560028123757007
107603337429569859,333.7430033815941,-0.3256089421593588
