objID,ra,dec
106473334577072176,333.45772767493304,-1.273551663558434
