objID,ra,dec
106333333231739147,333.3231423646843,-1.3844197648886645
