objID,ra,dec
98423334041573364,333.40418814103646,-7.980865426192278
