objID,ra,dec
104763333470392057,333.3470459387479,-2.6986376716190192
