objID,ra,dec
97143334133048934,333.41330388,-9.04272546
97143334132249399,333.41327792654255,-9.04252401549152
