objID,ra,dec
107403334357730769,333.4357818424338,-0.49971157088921236
