objID,ra,dec
107453334683874595,333.4684755030957,-0.4549054398698767
