objID,ra,dec
97573334339558551,333.43398759131713,-8.684871668407645
