objID,ra,dec
107453333452957361,333.3453182996901,-0.4526050377701169
