objID,ra,dec
106433332230739804,333.2230560274805,-1.3005294255559077
106433332226099684,333.22284574,-1.30057887
