objID,ra,dec
107083338362940010,333.83631259695886,-0.7670381380987179
107073338361919651,333.83623521,-0.76727061
