objID,ra,dec
107133335805143249,333.580588750167,-0.7226716877387065
