objID,ra,dec
106873335163616668,333.5163283856172,-0.9364229966280825
