objID,ra,dec
98113335123839461,333.5124619116416,-8.234045844169462
