objID,ra,dec
107783336129988011,333.6130082661315,-0.1769887724170509
