objID,ra,dec
105203335607367833,333.56074803970364,-2.327212906316058
