objID,ra,dec
107093330153396988,333.0153360899116,-0.7528892811356149
