objID,ra,dec
104223332136405474,333.21361778557497,-3.14578572674732
104223332134735158,333.21341557,-3.14593683
