objID,ra,dec
96433335955185975,333.59552564136385,-9.637007756566447
