objID,ra,dec
97413339030348646,333.90308162940335,-8.818150097017154
