objID,ra,dec
96443337204484915,333.72047964962275,-9.6296123612545
