objID,ra,dec
104543337669914796,333.7669829574071,-2.8796991152825733
