objID,ra,dec
105913338601566753,333.86018675,-1.7364027
