objID,ra,dec
104413331254155922,333.1254189275258,-2.9871026442063027
