objID,ra,dec
97703334299222627,333.42994921178075,-8.581479708961107
