objID,ra,dec
105663336247543886,333.62468275852643,-1.947058859444028
105663336245334127,333.6246111020988,-1.9470079328612608
