objID,ra,dec
107293339881899946,333.98823648130434,-0.5837032821500648
