objID,ra,dec
106093335519457529,333.55196930405697,-1.5857434955001217
