objID,ra,dec
107853338755569139,333.87555734295506,-0.11770083270661857
