objID,ra,dec
97823337431607557,333.74315231785556,-8.477385382117651
