objID,ra,dec
105463332820641706,333.28209696889496,-2.1156515342025988
