objID,ra,dec
97343333918189581,333.3918709720002,-8.875711453417512
