objID,ra,dec
106833330759736669,333.0760810191898,-0.970018470282026
106833330759996182,333.07601141398555,-0.9701640995905524
106833330763026166,333.07617541100046,-0.9701463628246414
