objID,ra,dec
104873333547613372,333.35480631301647,-2.6059882044491802
