objID,ra,dec
105213331437397980,333.14371590841756,-2.318753673029201
