objID,ra,dec
104833338930213826,333.89285260493534,-2.6389135645712174
104833338927393534,333.89275967,-2.63903818
