objID,ra,dec
106683330773924899,333.0773871555959,-1.0962915128872934
