objID,ra,dec
106833332592369399,333.2591710234721,-0.9675823849212036
106833332589529384,333.2590557089623,-0.967564496597738
