objID,ra,dec
98163336312866201,333.63122117,-8.1950986
98163336312416575,333.63124725045196,-8.19487230503061
