objID,ra,dec
105963339828560336,333.98287499637195,-1.7000842903750124
