objID,ra,dec
107413338384712323,333.838556833873,-0.4901149675589302
