objID,ra,dec
106523335956060255,333.5955698095888,-1.2334529973386887
