objID,ra,dec
105243330884635365,333.088472226377,-2.2959001661902603
