objID,ra,dec
97943338424252123,333.8424438,-8.38191264
97943338427302153,333.8427262920062,-8.38187908294506
