objID,ra,dec
106973334679030693,333.46799115581683,-0.857947225873386
106973334680781107,333.4679896484648,-0.857944763011214
