objID,ra,dec
107163334049761018,333.40506457743004,-0.699451753667435
