objID,ra,dec
103933332989399110,333.29901257241164,-3.3843727073527456
