objID,ra,dec
106283338819006056,333.8819400527939,-1.4285713113079146
