objID,ra,dec
105883335657410263,333.56580460873306,-1.766878438568894
