objID,ra,dec
104173339734109537,333.9734344017,-3.1840591457257093
