objID,ra,dec
104803331615212611,333.1615374840643,-2.6648242075810704
