objID,ra,dec
104593336633506029,333.66336943115556,-2.836998302783322
