objID,ra,dec
104453339304979699,333.9304779810227,-2.950669965992248
