objID,ra,dec
104963330515523815,333.051497962391,-2.5304666563094647
