objID,ra,dec
106313333797230548,333.3797628905756,-1.4083175908649377
