objID,ra,dec
104893330804837305,333.0805167706479,-2.5859613798323244
