objID,ra,dec
106963330018835730,333.0018746872331,-0.8622722567193566
