objID,ra,dec
96863333531982977,333.3532347729224,-9.281172779818275
