objID,ra,dec
96683337183920997,333.7183539654401,-9.432855257025963
