objID,ra,dec
105013336361690044,333.6361899650598,-2.491958221206119
