objID,ra,dec
106133333970259756,333.3970293413746,-1.5506369637800597
