objID,ra,dec
96303335405204360,333.540549068447,-9.746693312977893
