objID,ra,dec
97933336075280017,333.6075379314795,-8.39200701125834
