objID,ra,dec
105703339565842620,333.9566119480176,-1.9148110211571203
