objID,ra,dec
97203334926668565,333.4926664571341,-8.993193216928391
