objID,ra,dec
104563332934636792,333.29341444,-2.8613945
104563332931226731,333.293152920663,-2.8614695084881214
