objID,ra,dec
107213337546038597,333.75462934061557,-0.6515233045376776
