objID,ra,dec
106763340932354508,334.0932556423698,-1.0299876225497344
106763340932184104,334.09322209,-1.03026169
