objID,ra,dec
104463347613273803,334.7613023049883,-2.9471990365792387
