objID,ra,dec
96943347438850350,334.7438961793902,-9.216738845474564
