objID,ra,dec
104343341455091943,334.1455755543564,-3.0486621102829288
