objID,ra,dec
106203347608830879,334.76089275461084,-1.4996713612473875
