objID,ra,dec
96763346782707468,334.67829348342264,-9.360771259539224
