objID,ra,dec
105823347025039759,334.70258234145524,-1.8089123109539982
