objID,ra,dec
108013342542999292,334.254272626291,0.01567048813911366
