objID,ra,dec
104583347155252461,334.7155231295887,-2.848333838458124
