objID,ra,dec
106443344657802561,334.4658239620603,-1.2982220773092252
