objID,ra,dec
106223349913052521,334.9912767519796,-1.4816383583871326
