objID,ra,dec
106813349036747393,334.90372972477365,-0.9858988375596909
