objID,ra,dec
107373345726145876,334.57256725036405,-0.5204896479192554
