objID,ra,dec
106243344687150812,334.46863104,-1.466361
106243344684000721,334.46852576582586,-1.4664133817027027
