objID,ra,dec
107093342970486437,334.29703609870165,-0.7533401259642505
