objID,ra,dec
96813341476216292,334.147660429292,-9.320110345459065
