objID,ra,dec
96893342451605675,334.245048,-9.253843
96893342448985819,334.2449252352079,-9.25382610868612
