objID,ra,dec
108003344082309971,334.40827801579354,0.007875141145360207
