objID,ra,dec
105833342061770667,334.2062415446632,-1.8081894871995667
