objID,ra,dec
96393340895298305,334.08955958393926,-9.668455931661669
