objID,ra,dec
107013343986288841,334.3986845057764,-0.8179724450276977
