objID,ra,dec
104123348429447730,334.84294680970896,-3.227269010656306
