objID,ra,dec
103923346817211341,334.68173500595606,-3.399233523058069
