objID,ra,dec
106933342326788785,334.23267623483946,-0.8846754292494631
