objID,ra,dec
106813342777199404,334.27796121698344,-0.9843228592407506
106813342777738953,334.2779199975865,-0.9844752682377953
106813342780709001,334.2780019036765,-0.9844630017325868
