objID,ra,dec
106903343028285444,334.30292451021427,-0.9124317768353367
