objID,ra,dec
98153340952820795,334.0953262851651,-8.208027929729491
