objID,ra,dec
105293340863272167,334.0863651005226,-2.2569012683925838
