objID,ra,dec
107313341272121170,334.12724706550455,-0.5744007736867571
