objID,ra,dec
107063345150049436,334.5151056006537,-0.7758160048261236
107063345153319337,334.51533603,-0.77591374
