objID,ra,dec
107923345450527741,334.54504492255916,-0.06064203494674727
