objID,ra,dec
105303349814961550,334.9815607924904,-2.249047997261712
