objID,ra,dec
108163345094280930,334.50935404194973,0.13374190649360893
108163345092131178,334.50934606735194,0.1337616937246164
