objID,ra,dec
96513342360509794,334.23607987505125,-9.567207104993903
