objID,ra,dec
97023345402122069,334.5402443935698,-9.148535916505935
