objID,ra,dec
105583348222339793,334.8222284240817,-2.008869623659538
