objID,ra,dec
98153342163655725,334.2164073894911,-8.20389988328276
