objID,ra,dec
106113343348542315,334.33483436915037,-1.5733603607281672
