objID,ra,dec
106073342523633775,334.25237936514907,-1.6055267704238396
