objID,ra,dec
107003343741624849,334.3741877974044,-0.8296513563233707
