objID,ra,dec
107413340545456841,334.05455428311916,-0.4862804649281851
