objID,ra,dec
98773345242331694,334.52426896002123,-7.690568893739277
