objID,ra,dec
107083349838678945,334.983864782349,-0.7595938791131213
