objID,ra,dec
105483341787523628,334.17882831341376,-2.097323627659392
