objID,ra,dec
96773340416129743,334.0416488169155,-9.350532623525723
