objID,ra,dec
108033347489224605,334.7489439097045,0.028461504323350144
