objID,ra,dec
108183348806739102,334.88079089370774,0.157256860897956
