objID,ra,dec
107983346201363689,334.6201688819917,-0.013999084409746456
