objID,ra,dec
104693341194381831,334.1194334068559,-2.7571760644342267
