objID,ra,dec
107443348072321384,334.80734449928735,-0.46590777828618823
