objID,ra,dec
105383344288829773,334.42894118535634,-2.175515902037629
