objID,ra,dec
105303340539221105,334.05391121371497,-2.249443560695676
105303340536391184,334.05372286,-2.24945037
