objID,ra,dec
107003347284774796,334.7285115417967,-0.8296918259121275
