objID,ra,dec
105213348269695585,334.8269650219441,-2.3207231391579284
