objID,ra,dec
96323341025597024,334.1025918401985,-9.727825656669106
96323341028706930,334.10282931,-9.72785397
