objID,ra,dec
107123345568649956,334.55685081,-0.72540604
107123345565519718,334.5566076692343,-0.7255326323338918
