objID,ra,dec
106303347591699620,334.75913301305263,-1.409016042337327
