objID,ra,dec
97953344333972790,334.43337954717157,-8.373001888154782
