objID,ra,dec
107783347019083147,334.7018382531866,-0.18089567613272914
107783347017713450,334.7018148428077,-0.18087687209142858
