objID,ra,dec
107633346147004889,334.61473765455474,-0.30461837844945516
