objID,ra,dec
97153343442377141,334.34417324,-9.03617255
97153343439996799,334.3440545679701,-9.036274171855403
