objID,ra,dec
98713347296006735,334.72957582761296,-7.736413255647737
