objID,ra,dec
105923341677257913,334.16776544,-1.72709988
105923341675328221,334.16759278900673,-1.7268830785765492
