objID,ra,dec
106183340446332967,334.0446557242732,-1.5144570188809545
