objID,ra,dec
97203343418249610,334.34182740199475,-8.992311943308218
