objID,ra,dec
105893348824013399,334.8823763583155,-1.7558107436211208
