objID,ra,dec
105513344670919389,334.46715996397376,-2.0676104580718806
