objID,ra,dec
107523348095130296,334.8095579788432,-0.4001431878893296
