objID,ra,dec
107843344687172309,334.46865357471506,-0.13179456354512015
