objID,ra,dec
106043346353567710,334.6354244692054,-1.6271910898375295
