objID,ra,dec
107283344377652261,334.43776266,-0.59844968
107283344374812321,334.4375605819617,-0.5984876418029037
