objID,ra,dec
106883349716183521,334.9716680328855,-0.9307770384452133
