objID,ra,dec
107503346769444967,334.676958998031,-0.4129093365289798
