objID,ra,dec
106723348769132917,334.8769190192843,-1.0646389839716563
