objID,ra,dec
107423346246777654,334.6247508348023,-0.47735620077906094
