objID,ra,dec
103863342573629830,334.25736496640235,-3.4421899048030347
