objID,ra,dec
106573347848683334,334.7848637009949,-1.1892697869306996
106573347845583256,334.78456783,-1.18930115
