objID,ra,dec
106753346826971606,334.6827056559372,-1.0407060117257694
