objID,ra,dec
106653344140238825,334.41406612538884,-1.1179541832234268
