objID,ra,dec
108273346772904190,334.67731925605455,0.22807318182965144
