objID,ra,dec
108143344317800461,334.43174429278645,0.11668454986930485
108143344315060540,334.43151469,0.11677077
