objID,ra,dec
106473340899546981,334.08996711,-1.26967458
