objID,ra,dec
105703349618174173,334.96193887490045,-1.9135017723300267
