objID,ra,dec
106743347326316131,334.7326183456779,-1.0452840063340718
