objID,ra,dec
107163348534905784,334.8535867,-0.69538412
107163348537516076,334.8535881247709,-0.6953321007358695
