objID,ra,dec
107033342446452307,334.24473965,-0.80680143
107033342449602543,334.2449428839155,-0.8066479834074901
