objID,ra,dec
105713342810716709,334.281079571183,-1.9030350115112586
