objID,ra,dec
106673342394037060,334.23960920750886,-1.102799903643776
106673342396756979,334.23965272960606,-1.1027906215010677
