objID,ra,dec
105503346875056268,334.6875962365753,-2.0784647122096787
