objID,ra,dec
122523348089110254,334.80897383426355,12.099795276668527
