objID,ra,dec
105243341517439357,334.15179232945917,-2.292576799345683
