objID,ra,dec
107323347125409459,334.712498512942,-0.5591433227506586
107323347123229686,334.71242253,-0.55904633
