objID,ra,dec
108213344537740405,334.453784703007,0.17496074017095917
