objID,ra,dec
107623345410859328,334.5411144309921,-0.3092502656941357
