objID,ra,dec
105903347535722976,334.75363852378484,-1.7478717679202642
