objID,ra,dec
107663341337567183,334.13377951649466,-0.2777106084124092
