objID,ra,dec
104753340300135109,334.02995541612233,-2.7044873938428613
