objID,ra,dec
104223340053320097,334.00532427607646,-3.1502637778639513
