objID,ra,dec
106253342642113928,334.26431640828906,-1.455398215758801
