objID,ra,dec
104393347272194852,334.72722491933416,-3.0046717867112136
