objID,ra,dec
96883340481027714,334.04804694403646,-9.260608666886554
