objID,ra,dec
107683341914167758,334.19142264584934,-0.2605651367554375
107683341911797554,334.19123365,-0.260631
