objID,ra,dec
104133341886860303,334.1886782358503,-3.2251040395239547
