objID,ra,dec
98973342445345594,334.2445318506296,-7.5206644108932545
