objID,ra,dec
104003342906449009,334.29060282239885,-3.326162938727954
