objID,ra,dec
106703343497133733,334.3497329220852,-1.0805275811893864
