objID,ra,dec
107493346386228573,334.6385866797871,-0.4181894863240179
