objID,ra,dec
108193346203091557,334.6203086718326,0.15927349339381716
108193346202081875,334.6202825770148,0.159429970469712
