objID,ra,dec
105713345442160095,334.54419451,-1.90862755
