objID,ra,dec
107683349659261465,334.96592867,-0.26588032
