objID,ra,dec
104123349806174705,334.98060906209446,-3.229809930190089
