objID,ra,dec
106483345815388596,334.5816227971108,-1.2598745185738056
