objID,ra,dec
107493348794564240,334.8795147067058,-0.42187184558991153
