objID,ra,dec
104453349416102573,334.9415453062625,-2.956430765325027
104453349413823013,334.9415329744925,-2.9564022794268245
