objID,ra,dec
107963347596201914,334.75963065846815,-0.03207118586227443
