objID,ra,dec
96923345798200197,334.5798407355431,-9.233490928955625
