objID,ra,dec
107983345940850737,334.5941371233558,-0.016442023270754984
