objID,ra,dec
107253347007730238,334.70079207777223,-0.6251585481057993
