objID,ra,dec
106793343693589004,334.3694544660397,-1.001126852831139
