objID,ra,dec
98913349803422483,334.9804831641457,-7.573388470145073
