objID,ra,dec
107073341754256872,334.17543824622607,-0.7696202812501148
