objID,ra,dec
97443348868033492,334.88678464595887,-8.797425362776902
