objID,ra,dec
106583348477321737,334.84775044466306,-1.1822687690973643
