objID,ra,dec
96963344181102972,334.4181525632879,-9.197827876417332
