objID,ra,dec
105283340605223672,334.0605728645072,-2.2639380523013304
