objID,ra,dec
107123346765637674,334.6765143661698,-0.7272674542378362
