objID,ra,dec
104533343353032963,334.3353088714291,-2.8895394761187148
