objID,ra,dec
104023344499624075,334.45001288993535,-3.3136640160067103
