objID,ra,dec
107973341263127994,334.12628502922627,-0.01880434200131546
