objID,ra,dec
97743341867566297,334.18679864223515,-8.54510332124166
