objID,ra,dec
105603346980294247,334.6981452183524,-1.9969404395826815
