objID,ra,dec
105803344242035182,334.4242343551602,-1.829486765042362
