objID,ra,dec
97553345039462768,334.50393073605875,-8.706337355681521
