objID,ra,dec
105603342451915300,334.24515531166514,-1.9959428329972004
