objID,ra,dec
104293347491514025,334.7491753292466,-3.0886800673572288
