objID,ra,dec
96773347606129437,334.76046646,-9.35077634
96773347603819818,334.7603994903935,-9.350506334101162
