objID,ra,dec
96383341784221450,334.17830595,-9.6824299
96383341780581692,334.17807080361956,-9.682284629675948
