objID,ra,dec
107363347317644082,334.7317996379158,-0.5301875567241346
107363347320504106,334.7319999191297,-0.5302291261734077
