objID,ra,dec
107273348489789429,334.8490479694784,-0.6007805152458379
