objID,ra,dec
106263349448529322,334.94485639544274,-1.4425933898131595
