objID,ra,dec
97163341201119807,334.1201382305904,-9.02547503554203
