objID,ra,dec
107833340446857751,334.0447154533478,-0.13560680598256772
