objID,ra,dec
105723342928305820,334.29284705567426,-1.895527259111977
