objID,ra,dec
106733344141383996,334.4142299971139,-1.055259486466673
