objID,ra,dec
105633341354066988,334.13547367624443,-1.9695135833357622
