objID,ra,dec
106673343314045255,334.3313973295609,-1.1042678718558052
