objID,ra,dec
108013343854575911,334.38532953,0.01317379
108013343852376287,334.3851702158867,0.013144819185720804
108013343851485964,334.38512186086564,0.013132520708643361
