objID,ra,dec
106833340840380358,334.08410175,-0.97520384
106833340842400082,334.08425946,-0.9752374
