objID,ra,dec
108043343317933193,334.3318363741518,0.03563957915719488
