objID,ra,dec
107223345354667563,334.53545398192585,-0.643923533181282
107223345353187955,334.53542242049366,-0.6438860636688873
