objID,ra,dec
107053340472074658,334.0472294084188,-0.7881957453433239
