objID,ra,dec
107083349295399988,334.92960199049605,-0.7588265765385818
107083349296779635,334.92971382,-0.75903986
