objID,ra,dec
96343341789910837,334.179009664366,-9.716312592996204
