objID,ra,dec
106923344772769751,334.477339749819,-0.8922709263062987
