objID,ra,dec
107193344853914153,334.4854225035201,-0.6718899982134638
