objID,ra,dec
107623348491455554,334.8492278867294,-0.312426972321308
