objID,ra,dec
105653345379315118,334.53799601790024,-1.954464941919201
