objID,ra,dec
97033340870567427,334.08705611985715,-9.135832576782294
