objID,ra,dec
106703344485447205,334.4485321168176,-1.07760779269562
