objID,ra,dec
107423342611806618,334.26119194631156,-0.47820406264544857
