objID,ra,dec
107563342958314517,334.2957550674391,-0.3632537447322662
