objID,ra,dec
104463342032757721,334.20323499,-2.94392154
104463342029837540,334.2030134748725,-2.9440194728648272
