objID,ra,dec
105743344505506743,334.45051618854666,-1.878100095632156
