objID,ra,dec
105133346179155849,334.6179139458188,-2.3872125579861647
