objID,ra,dec
106443344504361346,334.4504725273359,-1.2992316055274207
