objID,ra,dec
107223347299610243,334.72995930963503,-0.6502043131607499
