objID,ra,dec
107743350837932892,335.08383429841905,-0.21461221053145163
107743350835472526,335.08377167,-0.21484864
