objID,ra,dec
106633354137675119,335.4137947793883,-1.1378292900570852
