objID,ra,dec
97673357336038343,335.7336169087834,-8.601725481268293
