objID,ra,dec
97873355710729247,335.5710687736288,-8.434321098047132
