objID,ra,dec
98273359015620347,335.90157335584837,-8.108394712950787
