objID,ra,dec
108493358336517014,335.8337351370426,0.413690929047105
