objID,ra,dec
107973350246461357,335.02464997245045,-0.024168992019786714
