objID,ra,dec
105373357477439139,335.74778597466036,-2.184442077863154
