objID,ra,dec
104473358379980173,335.83801790990515,-2.941893386519102
