objID,ra,dec
107193359255632240,335.92556575,-0.673469
