objID,ra,dec
107283354882359435,335.488239773481,-0.5925173450980281
