objID,ra,dec
96183353607459155,335.3607805145584,-9.842803282058382
