objID,ra,dec
104033354792524976,335.47921722590524,-3.3046669677211686
