objID,ra,dec
98483356802282186,335.68039107,-7.93181731
98483356805242109,335.68049821597606,-7.931932404176499
