objID,ra,dec
104453355651670356,335.56523968452655,-2.9583954831576422
104453355654880280,335.5654160013063,-2.958442071322387
