objID,ra,dec
108623357555189094,335.7555054275759,0.5238594861911424
