objID,ra,dec
105153351790254855,335.17900340303197,-2.37123861584292
