objID,ra,dec
107643358773613616,335.87740019507896,-0.29723710282386884
