objID,ra,dec
104423351429330410,335.1429600868124,-2.9833689648387685
