objID,ra,dec
106833350586784399,335.05865630076903,-0.9716460603602367
