objID,ra,dec
105303352844815693,335.28455141648215,-2.2457165175418377
