objID,ra,dec
108593354414122204,335.44136464749863,0.4931433107117916
