objID,ra,dec
108073354780524209,335.47793099618775,0.06133940076063251
108073354778613828,335.4778902942118,0.061236732483190594
