objID,ra,dec
104973359983880856,335.9982910692358,-2.5246511099573476
