objID,ra,dec
108703356350956463,335.6348865453949,0.5883867221717445
108703356348106522,335.63487741983755,0.58839470516639
