objID,ra,dec
107003357768715288,335.776891,-0.82929665
