objID,ra,dec
106943356306014440,335.63050288619723,-0.8801086968303148
106943356305924002,335.63049287108106,-0.8802423943181535
106943356302314065,335.63023305,-0.88030704
