objID,ra,dec
108123359105190372,335.9104975741829,0.0999700083161827
108123359108500363,335.91076566,0.10000207
