objID,ra,dec
106003357273768513,335.7274857449916,-1.6600332143664192
106003357275148193,335.7274649270327,-1.6600345665774217
