objID,ra,dec
109023353512596622,335.35133483017313,0.855163675012202
