objID,ra,dec
106893359304025597,335.9303950961447,-0.9206871024672391
