objID,ra,dec
107103359984700670,335.9985766702079,-0.7499077639958316
107103359984430194,335.9985717325421,-0.7499136406047734
