objID,ra,dec
107963355326344332,335.5326736813665,-0.030131200654767935
