objID,ra,dec
97303354334293373,335.43345290990703,-8.914179805938817
