objID,ra,dec
106263356401170139,335.64011449350625,-1.4502110065317937
