objID,ra,dec
104863354894104046,335.48946984500543,-2.6136630411196218
