objID,ra,dec
105023357980720157,335.7980512949255,-2.483500542891939
