objID,ra,dec
107453357771924869,335.777214168574,-0.454621991605447
107453357770284467,335.7771775,-0.45490876
