objID,ra,dec
96963354953844320,335.4954100992242,-9.196770188221768
