objID,ra,dec
107273350802952538,335.0803091704864,-0.6066050302825563
