objID,ra,dec
104853359774865711,335.9774015663994,-2.620780192804897
104853359775375359,335.9774035757058,-2.6207825909229534
