objID,ra,dec
106893355457001762,335.54567226031423,-0.9239448595249339
