objID,ra,dec
105923350525344544,335.05255499,-1.72988839
105923350527904363,335.05273302260633,-1.7299670640782183
