objID,ra,dec
97493354884029663,335.4884346060156,-8.750624747623936
