objID,ra,dec
106803354812423594,335.4812011320187,-0.9974651745379883
