objID,ra,dec
107593356050912365,335.6051205507333,-0.3400886939839911
