objID,ra,dec
107663350135736215,335.01359746636786,-0.2786620174305554
