objID,ra,dec
108453357758144802,335.77577124817265,0.37860906056890165
