objID,ra,dec
106973357160913680,335.71603029714583,-0.8555970177135044
