objID,ra,dec
107343356651134807,335.66514340654294,-0.5463490771642499
