objID,ra,dec
106683352129758446,335.21295249882957,-1.0933130179908195
