objID,ra,dec
97383351231938108,335.1231813869995,-8.84370065039038
