objID,ra,dec
108363352328077064,335.2328358203883,0.30551000154662294
