objID,ra,dec
108543358354193614,335.8353524940761,0.4526121438864166
