objID,ra,dec
106673350857033656,335.0856941230749,-1.1056797820294693
