objID,ra,dec
107133352423162486,335.2423117806139,-0.723281556219588
