objID,ra,dec
107833354469781055,335.44695014,-0.14106148
107833354467071197,335.44687343308374,-0.14094979998629914
