objID,ra,dec
106893353314976261,335.3315157896493,-0.9200498049290451
