objID,ra,dec
105023353832035208,335.38322963665627,-2.4793637304051455
