objID,ra,dec
108493351358250842,335.13585390357986,0.4086450896366909
