objID,ra,dec
97493357462615640,335.746257588252,-8.753949980405714
