objID,ra,dec
106593355269799585,335.5269665365819,-1.1674354584719842
