objID,ra,dec
96543359007353173,335.90068003622775,-9.547719322256933
96543359004773316,335.9006401200426,-9.547703210163684
