objID,ra,dec
108473357064650630,335.7064798985119,0.3917651218322579
