objID,ra,dec
105213354574761529,335.45749216740967,-2.3241399370707923
