objID,ra,dec
106803355184191292,335.51836529137114,-0.9994109698156852
