objID,ra,dec
106673355243172918,335.52428968253656,-1.1062818059394992
