objID,ra,dec
104123350679530564,335.0678943733279,-3.233243801686146
