objID,ra,dec
97063359078418111,335.9078157842216,-9.110241065628083
