objID,ra,dec
105063359607543506,335.9607701058415,-2.4474421824752977
