objID,ra,dec
96813351649862323,335.1649638376754,-9.323429148201159
