objID,ra,dec
108393355908330492,335.5908506258452,0.32512266638596105
