objID,ra,dec
106093350718542837,335.07189205862994,-1.5896246466773758
