objID,ra,dec
108453359970467060,335.9969699726522,0.3805238783667044
