objID,ra,dec
108223359374269337,335.9373951761734,0.19070969591689452
