objID,ra,dec
108083357307104606,335.7307877393786,0.07011016069239855
