objID,ra,dec
108293351846171001,335.18462901,0.24205935
108293351845380596,335.18459662881645,0.24189497260104492
