objID,ra,dec
108733358179224695,335.81792432033416,0.6118580532567838
