objID,ra,dec
107213355054840952,335.50543035727475,-0.6579541177830863
