objID,ra,dec
108733355738184778,335.573711753093,0.6120193696045665
