objID,ra,dec
104063355627764496,335.56279668,-3.28001232
104063355628544163,335.5628571288109,-3.280182091135156
