objID,ra,dec
106233359682912660,335.96825396759755,-1.4731114324980312
