objID,ra,dec
104473357133544835,335.71337689146,-2.9379945188231393
