objID,ra,dec
106823353312832550,335.33138219727584,-0.9816589025290205
