objID,ra,dec
108343358907968079,335.8907550371366,0.28968630080487573
