objID,ra,dec
108413350956132113,335.0956027781835,0.3430569117184197
