objID,ra,dec
107263359344079871,335.93451816,-0.60867792
