objID,ra,dec
97443350389278412,335.0389433195151,-8.79336421027792
