objID,ra,dec
103963358341022275,335.83417079035485,-3.3651281605717394
