objID,ra,dec
106243358991787390,335.8991874,-1.46086621
