objID,ra,dec
108643356478141663,335.64787215218,0.5343882189629665
