objID,ra,dec
106123357591200275,335.7591179560579,-1.566815207624812
