objID,ra,dec
98813359150878285,335.9151303424644,-7.65178801405428
