objID,ra,dec
107623355676594795,335.56772261240485,-0.31308828082583495
