objID,ra,dec
104623351204840083,335.12047249357136,-2.8169728928475517
