objID,ra,dec
107643357435372810,335.7435996085275,-0.2980814085605075
