objID,ra,dec
107393359320610726,335.93202600710913,-0.5081950311639368
