objID,ra,dec
107073353380060250,335.33802606523915,-0.7751521889450653
