objID,ra,dec
106913355810258906,335.5810051896955,-0.9013119696983009
