objID,ra,dec
106483352753658853,335.27540509837445,-1.25969520166655
