objID,ra,dec
107593350226816155,335.02268976384397,-0.33694755005423405
