objID,ra,dec
108243350369789324,335.03701807,0.2073735
