objID,ra,dec
105363351716282133,335.17163330062033,-2.198489552622844
