objID,ra,dec
107443358501639316,335.85018002,-0.45926816
