objID,ra,dec
98343352507013230,335.2506896762366,-8.047664705900152
