objID,ra,dec
107463356793911507,335.6795028471804,-0.4490987144073035
