objID,ra,dec
108543352873145003,335.28737252122016,0.45373847590590777
