objID,ra,dec
106993353023883598,335.30241494,-0.83904366
106993353022893175,335.3024214,-0.83931043
