objID,ra,dec
96003359315437727,335.9315629955528,-9.993866110872387
