objID,ra,dec
106663351860632071,335.18605798,-1.11521809
106663351859432400,335.1858543013303,-1.1150464356206478
