objID,ra,dec
105463350543145595,335.05431004283565,-2.112363317495917
