objID,ra,dec
107773351465630478,335.1465547538525,-0.1916958239352478
107773351462810319,335.14630423,-0.19174584
