objID,ra,dec
107243359127579235,335.9127388086283,-0.6259546324638862
