objID,ra,dec
107293352950121091,335.2949751367502,-0.5912174421344543
