objID,ra,dec
108583356138557247,335.6138171396827,0.4890447265464932
