objID,ra,dec
97083358594085992,335.85939233560305,-9.095406766856309
