objID,ra,dec
105553353223522784,335.32229719406394,-2.03975272927434
