objID,ra,dec
107163358652530912,335.86527536574306,-0.6995828192863702
