objID,ra,dec
105673350954060692,335.0953950876816,-1.9414067709798515
