objID,ra,dec
107503357260925881,335.7261058400951,-0.41216429938755594
