objID,ra,dec
108263353606728012,335.3606761662472,0.2229459901366857
