objID,ra,dec
107253350352300507,335.03527265422275,-0.6249588380384182
