objID,ra,dec
107433351906522754,335.19068624,-0.4731474
107433351904442418,335.19049875,-0.47321782
