objID,ra,dec
107503354849155048,335.4849078872339,-0.4128890716843702
