objID,ra,dec
108433354893989489,335.4893623810411,0.3658766749360201
