objID,ra,dec
97123353183352429,335.3183562305157,-9.06497854091609
