objID,ra,dec
106233358920617039,335.8920395646682,-1.4694862127582875
