objID,ra,dec
105013355938903119,335.5939535443548,-2.489416011584744
