objID,ra,dec
104393359780820788,335.9779634393207,-3.0080188768677956
104393359777960744,335.9778718053663,-3.0079572953466327
