objID,ra,dec
106423355316965324,335.531706451532,-1.312587979730755
