objID,ra,dec
108393350409013764,335.04089141787523,0.3276997307857435
