objID,ra,dec
104593350683520757,335.06841142799004,-2.841345462781896
