objID,ra,dec
108413352845078054,335.28453231933713,0.347977560385093
