objID,ra,dec
105643358157935632,335.815800454996,-1.9624331867419322
105643358159355327,335.81593024,-1.96258883
