objID,ra,dec
105123352169484916,335.21684460790857,-2.3961702171377985
105123352169045277,335.2169039,-2.39592377
