objID,ra,dec
105273354384906475,335.438471269754,-2.270008699873935
