objID,ra,dec
107123358675700939,335.86752806170125,-0.7329907286459308
