objID,ra,dec
97253353740850001,335.37410299445094,-8.958658751797513
