objID,ra,dec
104783353912361952,335.3912417481649,-2.682091280798761
