objID,ra,dec
107053355905963088,335.59055682969597,-0.7894509454954828
107053355905243557,335.5904388,-0.78919283
