objID,ra,dec
108663358960634897,335.89609281962345,0.5536879400254545
