objID,ra,dec
107583354521327102,335.452110648575,-0.34452389631867314
