objID,ra,dec
106703357241602149,335.7241730748762,-1.081882776179493
