objID,ra,dec
104413359027821607,335.9027501831321,-2.9906554466642876
