objID,ra,dec
105513352980527343,335.2981636316109,-2.0692662453543025
