objID,ra,dec
107243350024658934,335.0024506133693,-0.6262068367091824
