objID,ra,dec
108763359286239816,335.9285929269388,0.6411008038329087
