objID,ra,dec
106993359035144985,335.90330317693866,-0.837944571086577
106993359032254968,335.90323552,-0.83787735
