objID,ra,dec
106713359615248701,335.9615445361411,-1.0681214259606895
