objID,ra,dec
108633357316305505,335.73162163082753,0.529204281856161
