objID,ra,dec
105163353944028015,335.3944113665708,-2.360371738094967
