objID,ra,dec
108503353063128116,335.3063389399055,0.42302632642812127
108503353065497878,335.30660534,0.42288143
