objID,ra,dec
108093357545162780,335.75456927040074,0.07683969524847227
108093357547462253,335.75459618,0.07674381
