objID,ra,dec
98373354064518872,335.4064414177735,-8.017982082183005
