objID,ra,dec
107593353183264376,335.31830974199937,-0.3384095170997961
