objID,ra,dec
108663359768051570,335.97666534389293,0.5510876848255436
108663359767881977,335.9766517523332,0.5511132366754397
108663359764251781,335.97665397199484,0.5510630709172987
