objID,ra,dec
107463356638916853,335.66385932386567,-0.44470029982840037
