objID,ra,dec
106793356089225297,335.6089943176909,-1.0042928550858476
