objID,ra,dec
104343350388341772,335.0388103957048,-3.0489114014996117
