objID,ra,dec
105443352492485912,335.249258538308,-2.1288294315050207
