objID,ra,dec
108543358562552857,335.85622051455323,0.451983880948858
