objID,ra,dec
108243352503349169,335.2503593175109,0.20724128138461925
