objID,ra,dec
108303356952325857,335.69523729492505,0.25452344665898685
