objID,ra,dec
107343351265947794,335.12672126634004,-0.5439679678978242
107343351267747183,335.12683829,-0.54415288
107343351270647741,335.12697973,-0.54382846
