objID,ra,dec
108353351313597282,335.1313744109127,0.2973564583015804
108353351316397246,335.13163583,0.29734351
