objID,ra,dec
104003359174413425,335.9173717520955,-3.330876148309582
