objID,ra,dec
108513357272243892,335.72721759933904,0.4279216292747398
