objID,ra,dec
107983359435859766,335.9435438007807,-0.008913471084170106
