objID,ra,dec
106123351433849116,335.1433531952165,-1.559343359651524
