objID,ra,dec
106923356666306872,335.6667366620458,-0.8946541698599356
