objID,ra,dec
107183353652156327,335.365318099306,-0.6784554620267345
