objID,ra,dec
104733359581078618,335.9581312394834,-2.7181564728182335
