objID,ra,dec
96403358455581574,335.84558458,-9.66554808
96403358454931954,335.84549788946003,-9.665392615672332
