objID,ra,dec
107753359922406574,335.99225673050205,-0.2032630997379471
