objID,ra,dec
105693357930825182,335.79303259313156,-1.9210808773490111
105693357928414767,335.79289947,-1.92131463
