objID,ra,dec
108133356602688691,335.6601771464851,0.11520524476178133
