objID,ra,dec
106693355690267369,335.56897985899917,-1.0858677107619936
