objID,ra,dec
106803351816313187,335.1816557184989,-0.9977081190971627
