objID,ra,dec
107133356598094075,335.6597866018972,-0.7219530817972387
