objID,ra,dec
106523357090617179,335.7090669076715,-1.2277196739268157
