objID,ra,dec
107053354267243611,335.42682216595,-0.788987593172319
