objID,ra,dec
107493350148549120,335.0148364747431,-0.4178234449894995
