objID,ra,dec
105603351199338589,335.11996629422316,-1.993148688232942
