objID,ra,dec
103903354086061242,335.408619203515,-3.416034480620653
