objID,ra,dec
107103350686912487,335.06858859715766,-0.748325800048632
