objID,ra,dec
106013359717503577,335.9716858806849,-1.6557713333803885
