objID,ra,dec
109003359955763008,335.99560385295496,0.835442330956113
