objID,ra,dec
108793358036245148,335.8036639606592,0.6622049948570168
