objID,ra,dec
106313357443615671,335.7443192713433,-1.403981991239395
