objID,ra,dec
108693357264584218,335.7264309027053,0.5781318939120776
