objID,ra,dec
108913358646773900,335.86475257290147,0.7611154037583607
