objID,ra,dec
106113359826753047,335.98263403734086,-1.5727255802450202
