objID,ra,dec
108633356527619173,335.6527545260127,0.5322543862317698
