objID,ra,dec
104843350578570948,335.0579605378259,-2.6329109121372354
