objID,ra,dec
108003368046865606,336.8047264082205,0.0042888617966608
