objID,ra,dec
109003365976875173,336.59773836681165,0.8373020874547278
