objID,ra,dec
108903361242881961,336.1243080440062,0.7512220660848072
