objID,ra,dec
108183366689165681,336.6688903153892,0.15435476127839073
