objID,ra,dec
106873369026306137,336.9026313430415,-0.9370169631835867
