objID,ra,dec
108003363082602919,336.30829290965534,0.002054724107641481
