objID,ra,dec
107063362063990663,336.20638462097236,-0.7831472639151618
