objID,ra,dec
106953365408355302,336.5408497395285,-0.8709898247425129
106953365409214942,336.540935388818,-0.8712442298932667
