objID,ra,dec
109023365917242150,336.5917972294447,0.8513938330166796
