objID,ra,dec
107813362536692263,336.2536637882782,-0.1568142586042972
