objID,ra,dec
108463365969922277,336.59704729,0.38483886
108463365969982676,336.59707641081343,0.38508977555080953
