objID,ra,dec
105233361355588509,336.1355809228853,-2.3016030050199077
