objID,ra,dec
108583363000204601,336.3000469438892,0.48677454820662186
