objID,ra,dec
108763369186425399,336.9183210270691,0.6374689790349368
108763369183585210,336.91834308643456,0.6374841761369343
108763369181025482,336.9181919719297,0.6374738156511038
