objID,ra,dec
107893365968555486,336.59682448527656,-0.08743834872553728
