objID,ra,dec
107733360065756273,336.0065380890413,-0.22007049052305902
