objID,ra,dec
107083366243953251,336.62442156517153,-0.7643168715927937
