objID,ra,dec
107143361061253701,336.1060677868929,-0.7138599674066576
107143361059904102,336.10597084,-0.7136431
