objID,ra,dec
108313360936591474,336.09367143865944,0.2591185627745711
