objID,ra,dec
106803363799321806,336.37988794520516,-0.9988684973353656
