objID,ra,dec
109013361866070135,336.1866576796217,0.8413218441855709
