objID,ra,dec
107343363943615317,336.3944251250365,-0.5460158623306662
