objID,ra,dec
108763360738958270,336.07396048615317,0.6397819828431337
