objID,ra,dec
104753361353819148,336.13538309449444,-2.70108070587549
