objID,ra,dec
96183360249933016,336.02500604548555,-9.847818557755454
96183360246903089,336.02472118,-9.84777708
