objID,ra,dec
97353363978249982,336.3977723949554,-8.866994726017841
