objID,ra,dec
107483363214583660,336.32149923755395,-0.4306572446543744
