objID,ra,dec
98833365204883241,336.52047548626086,-7.639304622206731
