objID,ra,dec
108993368554253796,336.8554239990832,0.8277789815385306
