objID,ra,dec
107033364585649196,336.45855049920254,-0.8011344066816587
