objID,ra,dec
97803363756407320,336.37567625842314,-8.494256487211327
