objID,ra,dec
104553368124368605,336.8124513000874,-2.868187622115562
