objID,ra,dec
107543363548696799,336.3549567711169,-0.37807825119847865
