objID,ra,dec
107793360905102264,336.0905074611305,-0.17344344753989183
