objID,ra,dec
106453368915679843,336.8915849526988,-1.2838047187306423
