objID,ra,dec
108833365635258567,336.5635297935775,0.6983964735918524
