objID,ra,dec
108793366676241066,336.66771975,0.65891146
