objID,ra,dec
107243369288560905,336.9288769077274,-0.6329652946380603
