objID,ra,dec
106773363869602363,336.3869489181921,-1.0234151410288732
