objID,ra,dec
106333362768257766,336.2767432269055,-1.3856232290588137
