objID,ra,dec
107833364880887839,336.48810415979597,-0.1355058703190682
