objID,ra,dec
96443364058184754,336.4058492687447,-9.629755386199875
