objID,ra,dec
107553369846330929,336.9846172508078,-0.37463159708024385
