objID,ra,dec
106963368499330240,336.84995095884256,-0.8668147966568328
