objID,ra,dec
107573362337265512,336.23371834322944,-0.35411412259192
