objID,ra,dec
108973360379450837,336.0379500335805,0.8086177026253444
