objID,ra,dec
108033367269516530,336.72700281827997,0.03006222541277994
