objID,ra,dec
108553363189854559,336.3189702841091,0.4618068466064515
