objID,ra,dec
98463366036979522,336.60371088681813,-7.94243602927591
