objID,ra,dec
107033360808651792,336.0809022671548,-0.8072248429563434
