objID,ra,dec
106093364198767842,336.41988964483704,-1.585470440469946
