objID,ra,dec
107373369255634195,336.92555624976404,-0.5218670189116735
