objID,ra,dec
107433363726968130,336.37276012,-0.46859024
