objID,ra,dec
107403360763292484,336.0763645258955,-0.4982695327906406
