objID,ra,dec
105943364203279436,336.42030888,-1.70916373
105943364201269699,336.42008355172817,-1.7089806780002734
