objID,ra,dec
98123363206932867,336.32081021297097,-8.231276715561085
