objID,ra,dec
109463369702973964,336.9704333622764,1.2195947447306357
109463369705343663,336.9705943,1.21938864
