objID,ra,dec
106243365606632185,336.56069421224936,-1.465223662264898
