objID,ra,dec
107253361613570759,336.16136344902293,-0.6247365892745704
