objID,ra,dec
108143364822192319,336.4821847468017,0.11820597523056141
