objID,ra,dec
105643369094585445,336.90950842603326,-1.9625230857126934
