objID,ra,dec
108263364856339757,336.4856225947256,0.22443046182798523
