objID,ra,dec
107643363102989239,336.31038371983385,-0.29278662993120735
