objID,ra,dec
107683367986300218,336.79865789107,-0.2668820463161749
