objID,ra,dec
108383369354760045,336.93568683,0.31647184
108383369356700325,336.9356835188377,0.3165693806145403
