objID,ra,dec
105633366430919624,336.6429695655045,-1.9673442173187343
