objID,ra,dec
108483365554459334,336.5554036325525,0.4074171314233907
