objID,ra,dec
104893362313105120,336.23133190008906,-2.587822348172228
