objID,ra,dec
106703364794688031,336.47946713,-1.07698643
