objID,ra,dec
106973368755522464,336.87554936202565,-0.8566984779231562
