objID,ra,dec
108423363604543821,336.3604284570113,0.3527837457631458
