objID,ra,dec
108213365017040509,336.5017379000263,0.17511853150088924
