objID,ra,dec
96183365022613993,336.50228132109436,-9.847027006423522
