objID,ra,dec
107053369943796286,336.99440689069723,-0.7868236567088628
