objID,ra,dec
108483369585436088,336.95861325,0.4045133
108483369586555749,336.9586323099055,0.4044120106744823
