objID,ra,dec
108183369180509828,336.9180891639604,0.1577088751132323
