objID,ra,dec
108003369008883506,336.9008799887045,0.0026915512392976307
108003369006423065,336.90073727,0.00256479
