objID,ra,dec
107953366635315780,336.66352856,-0.03724913
107953366636115446,336.6635541731089,-0.037468419474130515
