objID,ra,dec
97563365463241367,336.5463364168374,-8.69921995912679
97563365461411092,336.54614162,-8.6994146
