objID,ra,dec
104703363174932598,336.3174642481114,-2.7482096657884933
