objID,ra,dec
105183365470858480,336.54705947795463,-2.3432322164794464
105183365467798724,336.54699611799373,-2.3431849005077976
