objID,ra,dec
108813365073207648,336.5073242231324,0.680982600673439
