objID,ra,dec
109223365781397711,336.57814276,1.02270234
