objID,ra,dec
96733362428772747,336.2428414352541,-9.3897206371369
