objID,ra,dec
107713369035539029,336.90359992813796,-0.23452538971461137
