objID,ra,dec
107643363348860934,336.3348822572375,-0.2995831545917524
