objID,ra,dec
106893367979917114,336.79806892,-0.91921478
106893367979167508,336.7979353160112,-0.9190584964553036
