objID,ra,dec
106683368434193248,336.8434905275108,-1.097691207012937
