objID,ra,dec
106773363139436707,336.3140547744082,-1.0197407648354837
