objID,ra,dec
96073365262783546,336.52627619879127,-9.939052695822815
