objID,ra,dec
96313367990984162,336.7991295558066,-9.738529933808177
