objID,ra,dec
106833360067109858,336.0066850995173,-0.9671752552546716
