objID,ra,dec
97233366124138245,336.6125499893637,-8.968512444971992
97233366128528074,336.6128493204055,-8.96862654540261
