objID,ra,dec
108723365415953425,336.54153746,0.60238279
