objID,ra,dec
97513360960229634,336.096035536218,-8.733968286452667
