objID,ra,dec
108033365239748440,336.5239595462495,0.03171562991356755
