objID,ra,dec
108463360500597899,336.0500102134233,0.38949726665624246
