objID,ra,dec
107323361125600064,336.1124702336223,-0.5670451773895785
107313361121269686,336.1122439716831,-0.5671686956434558
