objID,ra,dec
107423364136694163,336.41371157908134,-0.4802869394160738
