objID,ra,dec
105863364801754439,336.4802500367488,-1.7800914349753096
