objID,ra,dec
109163369892038917,336.98931078165305,0.9737720732528187
