objID,ra,dec
108433364804676032,336.48050414222655,0.36301812575430864
