objID,ra,dec
108063363433395648,336.34329262173725,0.05423974315968377
108063363433165190,336.3433242066416,0.05398287730383667
