objID,ra,dec
105953365390809087,336.5391552825014,-1.7011533443489069
