objID,ra,dec
108203366505564072,336.6505699609067,0.16970075072707724
