objID,ra,dec
107013367619145610,336.7617447859226,-0.8207595906923696
107013367614355557,336.7615396451969,-0.8207525821318249
