objID,ra,dec
105473360234656741,336.02346950706414,-2.103111383301642
