objID,ra,dec
106813364034446922,336.40349066714356,-0.9862375791873633
