objID,ra,dec
105003364693599713,336.46935701661414,-2.492272347115005
