objID,ra,dec
109123365125007259,336.5125200005119,0.9390025470946427
