objID,ra,dec
98933361425063594,336.1425694280138,-7.555699794371476
