objID,ra,dec
108363360896498083,336.0896783446763,0.3063813787804787
