objID,ra,dec
107693366360568215,336.6361840174135,-0.2518130466643144
