objID,ra,dec
108163363609068547,336.36091552672406,0.14020611546762612
