objID,ra,dec
97923363039544310,336.30403224153395,-8.396766620564401
