objID,ra,dec
106773362493851031,336.2493834535085,-1.0245294084313434
