objID,ra,dec
106743360171932789,336.0171833162752,-1.048027425097981
106743360168632608,336.01701827,-1.04809836
