objID,ra,dec
108433364617312860,336.46151173,0.36038172
108433364614462801,336.46143992593244,0.3603250539979509
108433364613313206,336.46140818,0.36053941
