objID,ra,dec
108453361651486379,336.1651691170742,0.3798750860931956
