objID,ra,dec
105293368526451663,336.85264796162596,-2.2573755565012315
