objID,ra,dec
106373362621205256,336.2621286328557,-1.354318349030721
