objID,ra,dec
108993364576565866,336.45766906703966,0.8294777460555249
