objID,ra,dec
105473368156492784,336.8156978462873,-2.1065224248223706
