objID,ra,dec
108733367024528395,336.70249545995216,0.6149490650773979
108733367026368117,336.70266993,0.61471514
