objID,ra,dec
106713368905851421,336.890712491536,-1.0742063132437565
