objID,ra,dec
104613362324208854,336.23255552547187,-2.818099962875232
