objID,ra,dec
108703362060029196,336.2060565690204,0.590565109148617
