objID,ra,dec
108273360479293153,336.0479240297383,0.22722356361940332
