objID,ra,dec
106913368946262501,336.8946285505176,-0.9066086260352736
