objID,ra,dec
109173368215182319,336.8214832377247,0.9765279817163868
