objID,ra,dec
108153367641227090,336.76413485,0.13050571
