objID,ra,dec
104503360727483073,336.07289295131756,-2.9144125064411583
