objID,ra,dec
108703367704691885,336.77051369082204,0.5844774356810397
