objID,ra,dec
107273360675577297,336.0676716045076,-0.6025639164089033
