objID,ra,dec
109193367286513572,336.728599067822,0.9942636380768377
109193367283163446,336.72843242226054,0.9941896618882134
