objID,ra,dec
107333365660365293,336.56597681,-0.55444274
107333365657594990,336.56590216369926,-0.5545040561688873
