objID,ra,dec
97573363476878339,336.34769213991126,-8.685055666506395
