objID,ra,dec
104023361727194400,336.17275309032993,-3.3133738917047055
