objID,ra,dec
96223360781906293,336.0780975,-9.81178281
96223360778406225,336.07783690191593,-9.81181733723972
