objID,ra,dec
96403368122868496,336.8123063146334,-9.659923508701734
