objID,ra,dec
107693362756857849,336.27564699828565,-0.2522273528064473
