objID,ra,dec
108593368730717785,336.8731460215514,0.49773924851905554
