objID,ra,dec
108133363890998571,336.3891209190292,0.11511386596991571
