objID,ra,dec
105353362938405610,336.29370754661755,-2.20415453239123
105353362936965214,336.2937014538357,-2.2041617307113053
