objID,ra,dec
108823366789109723,336.67897144647435,0.691118579296273
