objID,ra,dec
107153360880265072,336.08803934493466,-0.704462344721261
