objID,ra,dec
97523365210572645,336.521043427108,-8.731481822906746
