objID,ra,dec
107763367806864093,336.78068582997787,-0.19695200710081895
