objID,ra,dec
108013363351635057,336.33519159115974,0.012178728902467033
