objID,ra,dec
103993365506476561,336.55027602,-3.33681293
103993365502616293,336.550278879996,-3.336776684345977
