objID,ra,dec
106793368873710968,336.8874160252527,-1.0078798025924982
