objID,ra,dec
106603360155278102,336.0153330620049,-1.16038484128472
106603360152507802,336.0153319266402,-1.1603970117048257
