objID,ra,dec
106643365806974440,336.5806550400281,-1.1300481284692347
