objID,ra,dec
108643368808315577,336.88082542100983,0.5375969651298301
