objID,ra,dec
106703365340134748,336.5341220694405,-1.0797585714778144
