objID,ra,dec
104863369190945210,336.91910267266593,-2.6127175592270584
