objID,ra,dec
98683365176078305,336.5176215460283,-7.760089933622536
