objID,ra,dec
108493364701101060,336.4701795711791,0.4089292895376947
108493364703581367,336.47022754,0.40896961
