objID,ra,dec
109283367973516615,336.7973271408289,1.071782915040628
