objID,ra,dec
109173366330988760,336.63311762465463,0.9819281027802754
