objID,ra,dec
98793364989509466,336.49896053620034,-7.6674226931141884
