objID,ra,dec
109023367117947533,336.7118068297299,0.8559255187181273
