objID,ra,dec
105193368247747150,336.82478085909435,-2.336110854761342
