objID,ra,dec
105483361877825219,336.18775672922357,-2.096041390057235
