objID,ra,dec
107253364035952167,336.40361625393575,-0.6235743344422587
