objID,ra,dec
106033367408786799,336.74081575626707,-1.636295331452955
