objID,ra,dec
108393362087843833,336.20879905341917,0.3278233898405666
