objID,ra,dec
107473369347808212,336.93481764428293,-0.4352504925468216
