objID,ra,dec
104453365731043661,336.57312973966367,-2.9556010637924786
