objID,ra,dec
109023366375229529,336.6375633897167,0.8575837225952011
