objID,ra,dec
109023365274332519,336.5274875628856,0.851797226433768
