objID,ra,dec
103813367948608883,336.7948900926747,-3.4846213792282326
