objID,ra,dec
108743363165913071,336.31659297684826,0.6188874784944376
