objID,ra,dec
108173367292479066,336.72906261884515,0.1487336482802587
108173367289918887,336.7290658372675,0.1487311119700332
