objID,ra,dec
96133369371191161,336.9371432614522,-9.891067220755557
