objID,ra,dec
108883365840541401,336.58404405271915,0.7341305575659159
