objID,ra,dec
108263368045444889,336.80460899284355,0.22039185533335218
