objID,ra,dec
108723361272893282,336.12732584045136,0.6023879747205986
