objID,ra,dec
108493361760685044,336.17613354854376,0.41215953988228893
