objID,ra,dec
106303368287033781,336.82871929445463,-1.413915576145704
