objID,ra,dec
107333361295544074,336.12963150318234,-0.5553036525994217
