objID,ra,dec
106433360198615953,336.01996300844144,-1.303788991099561
