objID,ra,dec
109113365684641210,336.5684648433004,0.9256961211325166
