objID,ra,dec
109183365059638605,336.5059738102499,0.9901634079680656
