objID,ra,dec
104533360104602442,336.01049137105866,-2.889969807618218
