objID,ra,dec
108553361616784044,336.16170264485135,0.4613003184825911
