objID,ra,dec
104023360565456802,336.0566342472904,-3.3113286901545917
