objID,ra,dec
108973361558044004,336.15580374120816,0.8112507519331204
