objID,ra,dec
108903365143315066,336.51434120614095,0.7537927343280398
