objID,ra,dec
109213366450606649,336.64509366865565,1.0135022425191675
