objID,ra,dec
106743369856129658,336.9856793551858,-1.0423279406931756
