objID,ra,dec
105023364652284172,336.46524149497446,-2.4802653354224438
