objID,ra,dec
108953363069242291,336.30694091569023,0.7931846812005866
