objID,ra,dec
104793361281774589,336.12814144319634,-2.6715681911028866
