objID,ra,dec
108733366234047477,336.6233927303621,0.6142788567227707
