objID,ra,dec
107283369025437691,336.90243723902057,-0.594071206765202
107283369023457398,336.9024388313246,-0.5941004568460685
