objID,ra,dec
108163363814450860,336.381429359605,0.13364548066541168
