objID,ra,dec
107083368895605519,336.88957761004303,-0.7624458562066917
