objID,ra,dec
108223366974038494,336.69743386356424,0.18983726006937673
108223366973958148,336.69747948172324,0.18979683819906149
