objID,ra,dec
105373369331462961,336.9331392571056,-2.189709895863643
