objID,ra,dec
108113363665474386,336.36658476368655,0.09493353123079452
