objID,ra,dec
108563366206043203,336.620522906236,0.4689490049605299
