objID,ra,dec
107303368120787042,336.8121061556164,-0.5778669902188697
