objID,ra,dec
108363365517687725,336.5517294595804,0.3062109449912952
108363365515687981,336.55159532604824,0.3062559663060525
