objID,ra,dec
104903362465584476,336.2465942566881,-2.579946249807639
