objID,ra,dec
104713364391706467,336.4391935471582,-2.736666035235851
104713364389076354,336.4389175,-2.73669785
