objID,ra,dec
104993364613308730,336.46134971590186,-2.501279029221701
