objID,ra,dec
97023368389458345,336.8389941767567,-9.14342247949064
