objID,ra,dec
108323362021299876,336.20213390466256,0.2745233034566608
