objID,ra,dec
108473367703596790,336.77040426426674,0.39706441111160756
108473367704707190,336.770429242922,0.3971694224635657
