objID,ra,dec
106553363824133684,336.3825626732678,-1.2057180888230166
