objID,ra,dec
108933360108131315,336.0108572939445,0.7756314773920128
108933360107080938,336.01074704,0.77534373
