objID,ra,dec
108213363389432899,336.33890143325715,0.1770971570955351
