objID,ra,dec
105083362887851333,336.28875970734856,-2.4325166521567714
