objID,ra,dec
105843365872480218,336.5872786981807,-1.800312362475838
105833365874059895,336.58736482048914,-1.8004217900007247
