objID,ra,dec
106123365659307816,336.5659280762388,-1.5603801915686941
106123365658708279,336.5659307267437,-1.5603754117670532
