objID,ra,dec
105913363339469991,336.33392800647823,-1.7337119488182342
