objID,ra,dec
107553365357994335,336.5358939722075,-0.37180710609373113
