objID,ra,dec
108763365027124123,336.5027567594417,0.6364507325043963
