objID,ra,dec
107733362099385487,336.2098143709285,-0.22113138149852155
107733362096974970,336.20975499210806,-0.221183777563897
