objID,ra,dec
107553363716746290,336.3717795708546,-0.37016697714805746
