objID,ra,dec
106073368928568519,336.89286417,-1.60158913
