objID,ra,dec
107943368362118919,336.83622630838187,-0.04292246737700313
