objID,ra,dec
107263367067720821,336.70681058641026,-0.6163705984856149
