objID,ra,dec
107813361862549718,336.1863045545893,-0.15060235641179726
