objID,ra,dec
106953367020261008,336.70202451669115,-0.8745244037398613
