objID,ra,dec
107923363569751629,336.3570184404404,-0.06569109806851288
