objID,ra,dec
108643360310488690,336.03098507072895,0.5401061497025164
