objID,ra,dec
107393367702367123,336.7701864064183,-0.5027811531357798
107393367699077002,336.77001811,-0.502918
