objID,ra,dec
106733360947983978,336.09480650766085,-1.0554091921676632
