objID,ra,dec
106913367570912144,336.75709605,-0.90689626
106913367571242548,336.75718662424634,-0.9066176154407587
