objID,ra,dec
108123367523197887,336.75231369,0.10616243
108123367526517504,336.7525838074888,0.10589106651316257
108123367526847864,336.75272403819815,0.10603932464985602
