objID,ra,dec
108233373110097336,337.31104059450286,0.19734768437385705
