objID,ra,dec
105873370595504443,337.05959822,-1.77168203
105873370595724798,337.05963029,-1.77141084
