objID,ra,dec
109333371531768879,337.1532035810894,1.1153309781882716
