objID,ra,dec
108483377133391770,337.7134885213934,0.40110475922637856
