objID,ra,dec
108943376497653567,337.64979429859306,0.7859349607566984
