objID,ra,dec
107003370431454494,337.0431589842033,-0.829964781337906
