objID,ra,dec
108363374125547262,337.4125593145573,0.30569784426796043
