objID,ra,dec
106173370917041512,337.0917865721963,-1.5240837802701572
