objID,ra,dec
104003379018457484,337.9019046884091,-3.3273740714057145
