objID,ra,dec
105913372858433897,337.285848381119,-1.7387474756638786
