objID,ra,dec
109303371806297561,337.1806521811915,1.0891905613022814
