objID,ra,dec
106453379754962879,337.97546815958674,-1.2896732741522536
