objID,ra,dec
109063377053958266,337.70539084544447,0.8898745498550993
