objID,ra,dec
105993378292247844,337.82927247613776,-1.668878479012384
