objID,ra,dec
97193370339367807,337.03396499752233,-9.00218668483064
