objID,ra,dec
105003378975880999,337.8975496058706,-2.499479226772556
