objID,ra,dec
106843377375147727,337.73748036747656,-0.9606060340436778
