objID,ra,dec
109083371260614237,337.12605216602583,0.9032256542211897
