objID,ra,dec
96453371062972939,337.1063292006605,-9.622870434201008
