objID,ra,dec
106593370027019617,337.0027489862779,-1.167368071920339
