objID,ra,dec
109243374785784699,337.47856735646246,1.0368705867218335
