objID,ra,dec
109083371833876317,337.18337219342766,0.9049151972562561
