objID,ra,dec
96713379787985021,337.9787380574178,-9.404514383121034
96713379784614878,337.97851326097134,-9.404507008167958
