objID,ra,dec
109383379645711708,337.96457680036923,1.1510475238736604
