objID,ra,dec
106263376555273208,337.65557088,-1.44773982
106263376552263141,337.655313176324,-1.4476625588499439
106263376551013440,337.65530763379684,-1.4476469398423586
