objID,ra,dec
108713372082526085,337.2081390771813,0.5963027108616104
