objID,ra,dec
96793372982709006,337.2982616922259,-9.334533924666477
