objID,ra,dec
108243376553728704,337.65553219497406,0.20697041747072706
