objID,ra,dec
109203373297738019,337.32977531262446,1.0062680548438319
