objID,ra,dec
108833371262411612,337.1262179807495,0.6924788628763682
108833371261791279,337.12617449537424,0.6923548511772356
108833371258681082,337.1260758468197,0.6922610080741243
