objID,ra,dec
107943379307808793,337.93077089515424,-0.04299574859127764
