objID,ra,dec
107843375604719419,337.5605591966791,-0.12588005064660474
