objID,ra,dec
108483370935243489,337.0935602558862,0.40242876451754933
