objID,ra,dec
97803379899188432,337.98995352497775,-8.493312287272687
