objID,ra,dec
108063376360965824,337.6362141081211,0.054491825719173374
