objID,ra,dec
106303374644996943,337.46454007569037,-1.4111510828929252
