objID,ra,dec
106823376294846405,337.629560198655,-0.978316808329055
106823376296546701,337.6295697251589,-0.9782911222453792
