objID,ra,dec
106973378274134125,337.8274260671669,-0.8552505933037159
