objID,ra,dec
107853378326746213,337.8326904305335,-0.12020168508388283
