objID,ra,dec
106193378194668412,337.8194961610186,-1.5016992969796152
