objID,ra,dec
106783379776444868,337.9775306739146,-1.012852477758442
106783379773765040,337.97744477670204,-1.0128080015142693
