objID,ra,dec
98303374313745467,337.43138215782267,-8.079143004443921
