objID,ra,dec
109493378276453928,337.82764665110165,1.2444856389713181
