objID,ra,dec
105083374154002684,337.41535879,-2.43146697
105083374152633019,337.4152672431657,-2.4311858708157676
