objID,ra,dec
107923376087194819,337.60875055790393,-0.06302318149814042
