objID,ra,dec
104793377369988446,337.7371291599021,-2.668346264899714
