objID,ra,dec
107363371936800622,337.193658398328,-0.5332461021727453
