objID,ra,dec
109353378219989824,337.8220514824779,1.1326882056551155
109353378222239519,337.8221418062677,1.132614727452099
109363378215970078,337.82174240328953,1.1328764263341937
