objID,ra,dec
107973374538721277,337.45386447973164,-0.02430591324600777
