objID,ra,dec
96733375389415126,337.53889649630406,-9.38773240270566
