objID,ra,dec
105913374385347362,337.438544737101,-1.7358716217761303
