objID,ra,dec
106753377512584751,337.7512578342657,-1.038088116095977
