objID,ra,dec
106753372348379822,337.234851775247,-1.0338176597769257
