objID,ra,dec
108283374499390335,337.4500555066131,0.23323469830936258
