objID,ra,dec
97763376674895163,337.66754217290224,-8.52936403515042
