objID,ra,dec
108573379637126154,337.963742385837,0.4797624679005062
