objID,ra,dec
106753376991771316,337.69918555,-1.04094966
106753376993851651,337.69936223301016,-1.0407901356533265
