objID,ra,dec
105183370890837905,337.0890805950154,-2.3438212190825434
