objID,ra,dec
106733373466136423,337.346615229172,-1.0533122965703687
