objID,ra,dec
106143375936327972,337.5936502,-1.54375708
106143375936038367,337.593604874393,-1.5434676814399106
