objID,ra,dec
97823378678114896,337.86783830836066,-8.479575377882707
