objID,ra,dec
109113373703062531,337.3703853739546,0.926771717772029
109113373701022790,337.37013931,0.9269531
