objID,ra,dec
106653370974490646,337.0974736487304,-1.1247301297728287
