objID,ra,dec
98233377510696140,337.75112060125963,-8.136883698454389
