objID,ra,dec
106293376950382803,337.6951216252026,-1.4230344539138253
