objID,ra,dec
108333377663403697,337.76633911662856,0.2777042592534718
