objID,ra,dec
109043373067075822,337.306717249118,0.8710530435284539
