objID,ra,dec
106463370033759076,337.0033356735092,-1.276143478585115
