objID,ra,dec
108023375636414978,337.563674247793,0.020443042908999905
