objID,ra,dec
106553379173467738,337.91726596739085,-1.202289433564336
106553379171217539,337.9171707171109,-1.2024037166430874
