objID,ra,dec
107613372055678720,337.20560729262655,-0.31813674531014186
