objID,ra,dec
108883370602525517,337.0602597254248,0.7374800861086646
108883370600955128,337.06016825,0.73736568
