objID,ra,dec
109223379127119118,337.9127485405405,1.0238859967334706
