objID,ra,dec
97853379906304796,337.99064955452496,-8.454668639479216
