objID,ra,dec
109103379656526733,337.96569654130366,0.9219170035800681
109103379656747069,337.9657218,0.92217593
