objID,ra,dec
108173372876273802,337.2876066915792,0.1443430857814236
