objID,ra,dec
106493373933312308,337.3933103669627,-1.2568841664261816
