objID,ra,dec
107173373722310115,337.37216309495363,-0.691899456875051
