objID,ra,dec
106663378778476625,337.8779044902052,-1.111481811860295
