objID,ra,dec
106353374603620074,337.46038578727536,-1.3752964626402733
