objID,ra,dec
105933370665591428,337.06651264534196,-1.724208302912453
105933370662381393,337.06645652164826,-1.7242048917539117
