objID,ra,dec
107723370919079613,337.09199162288905,-0.2256882365093552
