objID,ra,dec
108913378240237656,337.8240587411389,0.7643041002445452
