objID,ra,dec
107943375693979951,337.5694342092583,-0.04211413555908709
