objID,ra,dec
106523374520361681,337.4520542581764,-1.2322204571447333
