objID,ra,dec
106993375276723953,337.52765805,-0.83873834
106993375275284298,337.5275143522135,-0.8384836266240283
