objID,ra,dec
107993375326425976,337.532681028167,-0.0037335887590804733
