objID,ra,dec
96483372023525087,337.2023625330089,-9.596099061796227
