objID,ra,dec
107633372047925046,337.20489021591266,-0.30454073375381185
