objID,ra,dec
106263376621147229,337.6622193587164,-1.444351554013968
