objID,ra,dec
107493372217201767,337.2217527257025,-0.4239552353532949
