objID,ra,dec
106323372689713158,337.26897420410177,-1.3978789578824344
106323372688202800,337.2689019928727,-1.3979016660551986
