objID,ra,dec
108343377080643231,337.70805183,0.28587942
