objID,ra,dec
107833375045835217,337.50461911426476,-0.1375798312385506
