objID,ra,dec
106833377998920937,337.7998602000083,-0.974560302031549
