objID,ra,dec
107653375091910505,337.50926986,-0.29158679
107653375094210703,337.5093845743312,-0.29139579108528246
