objID,ra,dec
106883374978882988,337.49783370055366,-0.9312021876439759
106883374977903358,337.49786364,-0.93100813
