objID,ra,dec
107133376316765401,337.63171175094135,-0.7209150637908835
