objID,ra,dec
107853378945053396,337.89453515112467,-0.1225383130940913
