objID,ra,dec
108983370079047845,337.00792724296497,0.8227940723137411
