objID,ra,dec
107283374435400613,337.44353973095474,-0.5998384490352922
