objID,ra,dec
107603378564896723,337.85650605,-0.32809257
107603378565487058,337.8565523860159,-0.32785166591415266
107603378568416922,337.85681086,-0.32788579
