objID,ra,dec
105073375088741550,337.50882858690636,-2.440773828478291
