objID,ra,dec
108783379667363718,337.96668022617985,0.6526705597624938
