objID,ra,dec
109583372960949298,337.2960893,1.32399163
