objID,ra,dec
97243378190204677,337.81903582338805,-8.963081086983895
