objID,ra,dec
108453377891810513,337.7892353791958,0.3750511678276486
