objID,ra,dec
106563377817736458,337.7818107379603,-1.1949928826190592
106563377820536480,337.7818116282621,-1.1949882938754992
