objID,ra,dec
107633376689398720,337.66903755161815,-0.30146857313914066
