objID,ra,dec
98493377939590033,337.79399076752236,-7.925318980876684
