objID,ra,dec
106713378376007280,337.8377118269589,-1.0692449866581337
