objID,ra,dec
107453374539128391,337.4540580222549,-0.4517329081961302
107453374542408436,337.4540652721028,-0.4517368054342162
