objID,ra,dec
108503373638246504,337.36388379003427,0.42170631931734825
