objID,ra,dec
108823372546872869,337.25455191,0.68539081
108823372546533209,337.2546731973652,0.6856254401215213
