objID,ra,dec
108303372973607969,337.2973795576412,0.25626371563514966
108303372976507885,337.29763974,0.25621172
