objID,ra,dec
109493375306683052,337.53071754975775,1.243874203571918
109493375307663364,337.53070651191746,1.2439264170124695
