objID,ra,dec
107913375260510706,337.52608071,-0.07479413
