objID,ra,dec
108543374462591841,337.4463198815251,0.4511857288669759
