objID,ra,dec
107433377226070607,337.72269633301096,-0.47483169595243513
