objID,ra,dec
105633379885781995,337.98861745771734,-1.9736957526924497
105633379882082145,337.9884116,-1.97358911
