objID,ra,dec
106563376578929440,337.65789997757497,-1.1925102411202309
