objID,ra,dec
109153372270494212,337.2270291470072,0.9614481962341529
