objID,ra,dec
109233379665838305,337.96687657431295,1.0314719190190988
109233379668468422,337.9668793596463,1.0314794062871757
109233379672378141,337.96690559839686,1.031457029239756
