objID,ra,dec
106253371710873960,337.1711466357832,-1.4553953309486625
