objID,ra,dec
106793378260402410,337.82603656442245,-1.0066629511938614
