objID,ra,dec
109313375191134182,337.519126092626,1.0947857955130118
