objID,ra,dec
105803374898276462,337.4899592573709,-1.8284468011039516
