objID,ra,dec
108143370832551791,337.0833022239384,0.11774390005945636
