objID,ra,dec
108933378530376086,337.85307819680156,0.7796592317130467
