objID,ra,dec
107273371528028531,337.1527658300103,-0.601584808028826
107273371523918482,337.15251668,-0.60163831
