objID,ra,dec
106363378987008435,337.89874650515816,-1.3600045119748938
