objID,ra,dec
98723370660031729,337.06604253910615,-7.73219202985376
