objID,ra,dec
98663377688494534,337.76886717829996,-7.779922134829911
