objID,ra,dec
109443370506200779,337.05063819947605,1.2002710170941022
