objID,ra,dec
96633371330408710,337.1330586475469,-9.468097078202812
