objID,ra,dec
108433370781994776,337.07804306547104,0.36186289923833764
108433370779344643,337.07801716392237,0.361846921876331
