objID,ra,dec
108523376968398516,337.69679351831445,0.44015536835879854
