objID,ra,dec
108273372422257179,337.24226402370715,0.23050914253187288
