objID,ra,dec
106193371146193313,337.1146529887038,-1.505973754050331
