objID,ra,dec
96433375203402721,337.52032670649663,-9.639746327486572
