objID,ra,dec
107623377192269792,337.71934004904494,-0.3088955634197361
