objID,ra,dec
96133371577141914,337.1577146859004,-9.890411550699698
