objID,ra,dec
108003375188724221,337.51891205017904,0.0031383872079115754
