objID,ra,dec
98473374958296920,337.4958371839102,-7.936267134533234
