objID,ra,dec
108583375343378448,337.53433422020373,0.48999944523510613
