objID,ra,dec
106673379372290936,337.93726519908455,-1.1078957450334295
