objID,ra,dec
109173370580538466,337.05805841064443,0.9816562029268391
