objID,ra,dec
107753379543591747,337.95430571293605,-0.2072456884802252
