objID,ra,dec
108813372905979910,337.2907283105435,0.682978513111213
