objID,ra,dec
106903371703523387,337.1703563349385,-0.9142297281993591
