objID,ra,dec
107593371644716957,337.1645520029286,-0.33618276563956484
