objID,ra,dec
107173376864971164,337.6864643322897,-0.6909859877139283
