objID,ra,dec
106103370682887996,337.06832153802645,-1.5770488833285474
