objID,ra,dec
107143373422137317,337.3422314597558,-0.7109086291094824
