objID,ra,dec
108583371659416110,337.1659418617733,0.4880018779392734
