objID,ra,dec
106283379082120064,337.90824529109096,-1.433840508477533
