objID,ra,dec
107393374952800903,337.4952752605612,-0.5078754201945013
