objID,ra,dec
106813374573952744,337.45740588558175,-0.9897574347230427
