objID,ra,dec
108253377793465759,337.77937016398414,0.21275231354774987
