objID,ra,dec
106173373965118848,337.39651011,-1.51798108
106173373963989176,337.3964318082967,-1.5177220929487523
