objID,ra,dec
106803375395399529,337.53949195122254,-0.9924118458650065
