objID,ra,dec
106703371618394318,337.16182036,-1.0801061
106703371615474342,337.1616969558878,-1.0800358014896347
