objID,ra,dec
107503371330891374,337.13317075,-0.41579479
107503371332791851,337.133252495261,-0.41555622939801123
107503371333671494,337.13333171,-0.41576895
