objID,ra,dec
105753370410321784,337.0411252096269,-1.8738829745133718
