objID,ra,dec
108683375620812667,337.56215628114177,0.5685655720762132
