objID,ra,dec
98293371865923005,337.18659890260096,-8.089486745622988
