objID,ra,dec
107243376327792946,337.63278109,-0.63125176
107243376330403085,337.6329471541866,-0.6311428828179326
