objID,ra,dec
108693370558786097,337.0558873276525,0.5796733728547698
