objID,ra,dec
107193379435209251,337.94357460143345,-0.6676496013533121
