objID,ra,dec
105953375556954778,337.5557461216568,-1.7047375192233138
