objID,ra,dec
104673373971782234,337.39718717011806,-2.7735014999045853
