objID,ra,dec
96203376692635071,337.6692704876916,-9.829341756037673
96203376692025427,337.669276106568,-9.829351740404128
