objID,ra,dec
109223371772399017,337.17727000109346,1.0237680103627178
