objID,ra,dec
106493373633242659,337.3634658961187,-1.2564848615292799
