objID,ra,dec
106603371889463896,337.18897659912767,-1.1638353638825667
