objID,ra,dec
109283377010896576,337.7011231949927,1.0717445343777836
