objID,ra,dec
108373376373628861,337.63737403056984,0.31536593370876753
