objID,ra,dec
109203378008147726,337.80087095470316,1.0059829817985297
