objID,ra,dec
105763371517724886,337.1518637324568,-1.8629216556732526
