objID,ra,dec
108973379458776650,337.9458682736313,0.8135139324529281
