objID,ra,dec
97683374961667733,337.4962331123159,-8.593788855453178
