objID,ra,dec
109253373080982522,337.3081380406673,1.0433659014930126
