objID,ra,dec
96113372410005215,337.24100656783907,-9.904315240317729
