objID,ra,dec
109423371300952726,337.1301262657252,1.1851829826590587
109423371303542912,337.1301355,1.18520967
109423371303712554,337.13017894,1.18518817
