objID,ra,dec
107773379778901437,337.9778189474782,-0.1908688346976939
