objID,ra,dec
107063375346492641,337.5346350337628,-0.7814948915329714
