objID,ra,dec
109063377049819391,337.7050000766923,0.8907457460158852
