objID,ra,dec
108413375917231650,337.5917491344396,0.3427421447014354
