objID,ra,dec
98003372234171576,337.2234287704852,-8.33234134303334
