objID,ra,dec
106853374648560472,337.46486234979557,-0.9583692950561631
