objID,ra,dec
106763375805242270,337.5804766511541,-1.0318500495590117
