objID,ra,dec
108093375849996188,337.5850371858064,0.07977443795059909
