objID,ra,dec
97683371947345800,337.194721661732,-8.595497851591224
