objID,ra,dec
108113373887134347,337.3887338753982,0.09491645501517107
108113373888104032,337.38879751,0.09466784
