objID,ra,dec
98283371700742958,337.17009062383585,-8.097864807828364
