objID,ra,dec
96963374724653068,337.47244520533036,-9.197795227526125
