objID,ra,dec
109143374934764527,337.4935508136693,0.9534332837070705
