objID,ra,dec
103943374867850344,337.4867648531071,-3.3834193600453273
