objID,ra,dec
109333374806695070,337.48067671813845,1.1121409960452282
