objID,ra,dec
109233379707669251,337.9706235620485,1.0323961079193378
