objID,ra,dec
103923375645240965,337.5646510798499,-3.3997350385575267
