objID,ra,dec
108433372285504907,337.2285883,0.36219722
108433372285955383,337.2286968,0.36224102
108433372288415022,337.228736100487,0.3621859058658258
