objID,ra,dec
105693370855376483,337.0856443787229,-1.9199653051827605
