objID,ra,dec
107543371833237318,337.18342049640427,-0.37767796475533993
