objID,ra,dec
109443378915441580,337.89152735014545,1.2007418494546886
109443378914441083,337.8915073189204,1.2006869326054268
