objID,ra,dec
96113371376768968,337.13768613360577,-9.901201813233966
