objID,ra,dec
107403374828650927,337.482854583439,-0.49950881575716133
