objID,ra,dec
106143370274644666,337.0274931499374,-1.5465061492249144
