objID,ra,dec
109033370377092825,337.03775331059444,0.8603227574555892
