objID,ra,dec
105733377484571972,337.7484325212814,-1.890426295068852
