objID,ra,dec
106413378104251219,337.81044488665805,-1.3243906106015553
