objID,ra,dec
108183378487052043,337.84878265,0.15128224
108183378489471879,337.8490045590434,0.151267788988924
108183378490332268,337.84900401996504,0.1513204632345457
