objID,ra,dec
109373372184547810,337.2184528409884,1.1477704034781546
