objID,ra,dec
97683373580708168,337.35809062418787,-8.593524274763684
