objID,ra,dec
108583379737845667,337.973793,0.487823
108583379736335957,337.9736712523096,0.4879348938022758
