objID,ra,dec
108603375599133723,337.55993832823947,0.5027272033291158
