objID,ra,dec
105903377048987197,337.7048708847794,-1.7443397438945978
