objID,ra,dec
106513378749616342,337.8749916683589,-1.2367422150358776
