objID,ra,dec
104013377497143016,337.74972245034553,-3.322806786190534
