objID,ra,dec
108473374862367140,337.48625998877344,0.39727612459285105
108473374862327661,337.48624217,0.39753055
