objID,ra,dec
106603371261997684,337.12626389169566,-1.1606114321149907
