objID,ra,dec
106933373770105659,337.37697764180064,-0.8872695430854148
