objID,ra,dec
105953371279145036,337.12791772,-1.70448068
105953371276574821,337.12769609819,-1.7047174943224976
