objID,ra,dec
105623372998880984,337.2999360184579,-1.9828789926076653
