objID,ra,dec
109393376957516534,337.69575427471744,1.1633589110675702
109393376954966394,337.69574315960114,1.163363534769864
