objID,ra,dec
109003382246353670,338.2246887042651,0.8359095673278826
