objID,ra,dec
109183381132998632,338.113281296221,0.9901879593533354
