objID,ra,dec
108753387485298652,338.7485217698117,0.6319020025854576
