objID,ra,dec
95823388191801688,338.8191856230781,-10.148942114853204
