objID,ra,dec
96603381404742090,338.1404453839497,-9.498606441889773
