objID,ra,dec
105763389962613516,338.9962163769304,-1.8641501744573878
