objID,ra,dec
106973387799599112,338.77997961046754,-0.8511306269308642
