objID,ra,dec
108683385643591470,338.56438540891145,0.567619888522023
