objID,ra,dec
105713381218478018,338.12189657,-1.90199438
105713381215247872,338.12155630505913,-1.902089218213003
