objID,ra,dec
108723387190625478,338.7189278424502,0.6041767150619876
108723387187665349,338.7188938519095,0.6041757534124162
