objID,ra,dec
108713382792533284,338.2792822962235,0.5941473164712907
