objID,ra,dec
103983386965140702,338.6965024732444,-3.3497649257196236
