objID,ra,dec
104903388244934760,338.8245576542903,-2.5797530270411304
