objID,ra,dec
108363380710132817,338.07104062,0.30196033
108363380712992956,338.0712432791166,0.30208412714909044
