objID,ra,dec
109043386867923882,338.6868159620096,0.8694507273065925
