objID,ra,dec
108413384210894966,338.4211083106648,0.34536553970919676
