objID,ra,dec
109113384484542531,338.44856725386944,0.9267160758496624
