objID,ra,dec
107523384324220431,338.4323965449768,-0.40000461004321614
107523384323780764,338.43239024,-0.39972674
