objID,ra,dec
109033383622465853,338.3622566472211,0.8628506789437069
