objID,ra,dec
104703380517298817,338.05172664844565,-2.743006235212073
