objID,ra,dec
105903382765588531,338.2766012387258,-1.743219245823336
