objID,ra,dec
107253382569670493,338.2569473,-0.62495868
107253382567380250,338.25688585,-0.62509198
107253382566490670,338.25669369,-0.62494312
