objID,ra,dec
107503387571889500,338.75719167966525,-0.4090485836010477
