objID,ra,dec
97493384184636037,338.41846069146317,-8.753653725693807
