objID,ra,dec
108073385147085217,338.51481375278,0.062274643567359164
