objID,ra,dec
105993387119360354,338.71199444126563,-1.6750485449536163
