objID,ra,dec
108673388125395652,338.81263362850245,0.562547290499419
108673388126475289,338.81263957638976,0.562504688164426
