objID,ra,dec
107353389125571283,338.91255832,-0.54095513
107353389122621384,338.9123386290051,-0.5411000638907119
