objID,ra,dec
107863382130382381,338.212998677273,-0.11506020108572966
