objID,ra,dec
108173389692622119,338.96942273325817,0.14300413829207648
