objID,ra,dec
108503387387567780,338.73880416575287,0.4227321094064965
