objID,ra,dec
106813388995110213,338.8995250490379,-0.9918564303693133
