objID,ra,dec
108823385838272022,338.5838441622072,0.6846797188352756
