objID,ra,dec
106443388440975450,338.84410558420973,-1.295819969363832
