objID,ra,dec
107373381326298315,338.13277653,-0.51826748
107373381327678650,338.13280156604776,-0.5181970006253457
