objID,ra,dec
105633386476722588,338.6476924871558,-1.9732129627265615
