objID,ra,dec
108783385978325256,338.5978222489263,0.6540168969114823
