objID,ra,dec
107993384104920541,338.41052777271506,-0.008258016597444469
