objID,ra,dec
105873380018590318,338.0019137253008,-1.7751055474334447
