objID,ra,dec
107363386534099231,338.65342462475513,-0.5259917911571925
