objID,ra,dec
106933383832767199,338.3831330066607,-0.886025227108356
106933383830266966,338.3831058556957,-0.8860543007097447
106933383828917449,338.38291218,-0.88580483
