objID,ra,dec
110043388876266899,338.8876795137034,1.705372570277356
