objID,ra,dec
96643381736084785,338.1736041896997,-9.463029323599123
