objID,ra,dec
107353385076302023,338.50763894,-0.54034079
