objID,ra,dec
109173383109074336,338.3109314525908,0.9782314455832146
