objID,ra,dec
108023380150135000,338.01499904561206,0.02045673872044221
