objID,ra,dec
105133387652121742,338.76528713737326,-2.390523029855098
