objID,ra,dec
109583386358360913,338.63590629278383,1.3170077290281565
