objID,ra,dec
108693381019670854,338.10197737219715,0.5753452005027121
