objID,ra,dec
106073389152651534,338.91524432241715,-1.6075326268199617
106073389150171300,338.9152144489728,-1.6075008810164173
