objID,ra,dec
107823381007177650,338.10068439403966,-0.1439943521561319
