objID,ra,dec
108223380292753199,338.02929858,0.18561949
