objID,ra,dec
106873388811867426,338.8811714521411,-0.9358604693445262
