objID,ra,dec
109583384117949734,338.4117912515358,1.3244037285845078
