objID,ra,dec
105883380054419064,338.0054412926553,-1.759605587176984
105883380051188905,338.00533078,-1.75967121
