objID,ra,dec
106253382700992870,338.2702063978392,-1.4563411553848618
