objID,ra,dec
95843381323598522,338.13237878996694,-10.126583068088612
