objID,ra,dec
107443380582489620,338.05837501342137,-0.4591496126595693
107443380586059420,338.05845669800453,-0.45925351826356176
