objID,ra,dec
108583387127585575,338.71273110130323,0.48759540678432284
