objID,ra,dec
106773389201375208,338.92014020651305,-1.0209728809443925
