objID,ra,dec
105413380973487499,338.0973929912474,-2.1524912430926513
