objID,ra,dec
107373382463832246,338.2464904687728,-0.5235189537413394
