objID,ra,dec
106943387057842261,338.70584060544974,-0.8818487344978853
