objID,ra,dec
107373385778217402,338.57784163105754,-0.5191565577578803
