objID,ra,dec
108923381795274108,338.17951273,0.76979762
108923381793564493,338.17939888,0.77004579
