objID,ra,dec
108603384566011317,338.45660114585297,0.5006714378348199
