objID,ra,dec
107073380584443024,338.0584386929783,-0.7728517739652817
