objID,ra,dec
107213388047249280,338.8047658980588,-0.650953824256117
