objID,ra,dec
95743384914599560,338.4914674439107,-10.209028885556386
