objID,ra,dec
109873389041650149,338.9042196127864,1.5580848798652305
