objID,ra,dec
104533381589401464,338.1589228037931,-2.890780249767649
