objID,ra,dec
109553384911374848,338.4911615565711,1.295308075260231
