objID,ra,dec
108553383718111967,338.3718370038322,0.45960012285940666
