objID,ra,dec
107953382509487462,338.2510032153456,-0.0359355574087646
107953382510507017,338.25104667,-0.03619427
107953382512557249,338.25120224,-0.03590762
