objID,ra,dec
107163386422306221,338.64226797,-0.695287
107163386422865767,338.6422933894091,-0.6955140242582629
