objID,ra,dec
106813380327830298,338.03280934917854,-0.9917919420020649
