objID,ra,dec
96483387854752157,338.7854848868671,-9.598513594589404
