objID,ra,dec
108903388303962504,338.83030237789797,0.7516922479771745
108903388300712681,338.8301967170978,0.7518171418128605
