objID,ra,dec
105493380594184478,338.0594148032608,-2.0882482827546793
