objID,ra,dec
104753383571604714,338.35716987559357,-2.7047656061968466
