objID,ra,dec
109963384894584597,338.4895321960584,1.6367870034334697
