objID,ra,dec
108533389632459880,338.96329208319446,0.4494664632533224
