objID,ra,dec
108623385949508173,338.59498515,0.52314684
108623385946218118,338.5947262870448,0.5230995478127677
