objID,ra,dec
107123383231739364,338.3231176478241,-0.7260233508419721
