objID,ra,dec
107413383176281026,338.31774767899947,-0.49130851607830395
