objID,ra,dec
108073381469551534,338.1469813983631,0.05933854323606504
108073381469891940,338.14699523,0.05958775
