objID,ra,dec
108843382104048495,338.2102640043511,0.7068234370983801
