objID,ra,dec
108113385421995103,338.54224390768076,0.09552435792001251
