objID,ra,dec
106553389095043721,338.90956871556904,-1.2055528707715415
