objID,ra,dec
108113384935842881,338.4936349154187,0.09358191043704515
