objID,ra,dec
107973386700438528,338.670082938123,-0.018264759302706223
