objID,ra,dec
109043381108276809,338.11088123309133,0.8720197844275419
