objID,ra,dec
106763389150215491,338.9149701884893,-1.029127383065772
