objID,ra,dec
108663383569245417,338.35695405051376,0.5541794787936323
