objID,ra,dec
106373387473902660,338.74739406,-1.35648096
106373387471942911,338.74721745533043,-1.3562579079198336
