objID,ra,dec
107383383774293370,338.37746657607596,-0.5142564079786359
