objID,ra,dec
103943381960476334,338.1960523723254,-3.378394149809713
