objID,ra,dec
108143388302273120,338.8302661165084,0.11893390897026106
