objID,ra,dec
109923388084708105,338.8085029226637,1.6063727474192528
