objID,ra,dec
106973383976842594,338.39769222011887,-0.8565704012832613
106973383975792256,338.39756149,-0.8568052
