objID,ra,dec
107723385809125917,338.58090494,-0.22883147
107723385808015584,338.5808871597514,-0.22901250713465376
