objID,ra,dec
109983386245171307,338.62453152,1.65080466
109983386245891795,338.62462209081804,1.6511245423847039
