objID,ra,dec
108783386077722377,338.6077863832681,0.6517046058664377
108783386077192748,338.607786384758,0.6517110131888051
