objID,ra,dec
108423383717467143,338.3717919523676,0.3555198304025868
108423383718616828,338.3718310778867,0.35548320829961655
