objID,ra,dec
104173382086697985,338.20867219592293,-3.1854203296331858
