objID,ra,dec
106143383037739977,338.30380765577553,-1.5419629000410633
