objID,ra,dec
107873380220106967,338.0220093420888,-0.1028719576423745
