objID,ra,dec
96803381357345789,338.13573723683925,-9.328832770580501
