objID,ra,dec
105653380929207249,338.09296466,-1.95264455
