objID,ra,dec
98583389283746523,338.92838361,-7.84490086
98583389285026900,338.92850144239765,-7.844640946411124
