objID,ra,dec
103963381985297901,338.19846527,-3.36034261
103963381983808241,338.1983667560109,-3.360169206264549
