objID,ra,dec
108003383886712643,338.38890282984653,0.0017698244237427775
