objID,ra,dec
107293386859367811,338.68595282857416,-0.585518171203218
