objID,ra,dec
108033387685315394,338.7685470599798,0.02920434710863042
