objID,ra,dec
108533386998161987,338.69983313,0.44294861
108533386997152374,338.69971866600446,0.4431934727428966
