objID,ra,dec
109923386178197747,338.6178686723671,1.6060437621572545
