objID,ra,dec
106403387866379486,338.78670902047907,-1.3257974541051234
