objID,ra,dec
108863386929151279,338.6929644573504,0.7174139311915058
