objID,ra,dec
109293388923800707,338.89236938624686,1.0752768405802353
