objID,ra,dec
107783384345105625,338.4345136852881,-0.1790130374312721
