objID,ra,dec
106553381095564230,338.1096388688961,-1.2051654203527813
