objID,ra,dec
106793380033383135,338.0033262778769,-1.005932386827401
106793380030943405,338.00311807,-1.00585143
