objID,ra,dec
107163387899404920,338.78996683388004,-0.6962589871570374
