objID,ra,dec
108803384158224223,338.41585259540733,0.669811197583313
