objID,ra,dec
109353380247468667,338.024806752296,1.1318399672674375
