objID,ra,dec
109283386871391889,338.6871640352418,1.0678181913478775
