objID,ra,dec
107063384500697528,338.4500664728434,-0.7773955378144288
