objID,ra,dec
106523381457470751,338.14601507902205,-1.233211378577992
