objID,ra,dec
106583387998017336,338.79982449459584,-1.1775608664494077
