objID,ra,dec
98433382161515966,338.2161579491178,-7.970387793705943
