objID,ra,dec
103803382980688482,338.2980161859014,-3.493253043514203
