objID,ra,dec
108833383566117897,338.3566865830792,0.6979223553855808
