objID,ra,dec
106693389235208582,338.92360757068326,-1.084890719256857
