objID,ra,dec
106453382297141056,338.2297222041818,-1.2911642070879799
