objID,ra,dec
107863384154007323,338.4154066088223,-0.11093595703095076
