objID,ra,dec
106933380977672566,338.0978486701399,-0.8899180224744511
106933380980122372,338.09805391,-0.89007914
