objID,ra,dec
109163382355640915,338.2355706457169,0.9670821507292675
