objID,ra,dec
108543389013764884,338.9013368962213,0.45371686521513244
