objID,ra,dec
106513388121643690,338.81220457760804,-1.2388233978700713
