objID,ra,dec
106923381330833938,338.13319697,-0.89702291
106923381334214174,338.1332874529028,-0.8969124619181831
