objID,ra,dec
108533383361858052,338.3362063268609,0.4479968561990082
