objID,ra,dec
107103386189488279,338.61894600963245,-0.7434131986948879
