objID,ra,dec
108923386271653333,338.62712820546056,0.7690919524427973
