objID,ra,dec
108423383353180788,338.33536802,0.35060856
108423383354391173,338.3354609664575,0.35062785181486394
