objID,ra,dec
108233381543583043,338.1544708834142,0.19388077221281647
