objID,ra,dec
104393381363966546,338.136327364284,-3.0032885927233877
