objID,ra,dec
108133380645301378,338.0645267015657,0.10909887780441818
