objID,ra,dec
103853382877433428,338.2877225121026,-3.455869232078518
