objID,ra,dec
105413383329860534,338.33300805678067,-2.1582500676340506
