objID,ra,dec
106673387881617921,338.7882407630416,-1.102099124496668
