objID,ra,dec
106823387986107761,338.79880035528373,-0.977448510718363
