objID,ra,dec
107303389413005366,338.94130288370155,-0.5792752205001875
