objID,ra,dec
108893385027724720,338.50276848057814,0.7452580843679223
