objID,ra,dec
104063380645852440,338.0646392497118,-3.2817050131152823
