objID,ra,dec
106473386115190198,338.61153977900045,-1.2752102798414466
