objID,ra,dec
109843380086357131,338.00865478,1.53888347
