objID,ra,dec
105643389631985952,338.96325335433585,-1.9621068680097478
