objID,ra,dec
96123388158598806,338.8158457316909,-9.892966467979667
