objID,ra,dec
105983388663830292,338.866428374449,-1.6834871025415328
