objID,ra,dec
109013388508563404,338.8508121357657,0.8441262293497455
