objID,ra,dec
106823380800769893,338.08018972836174,-0.975457902705169
