objID,ra,dec
107523381251176548,338.12506517901437,-0.3949572666798852
107523381249976577,338.1250512932646,-0.39496955985924503
