objID,ra,dec
106803385884215910,338.5884314200669,-0.995436548642384
