objID,ra,dec
105693381321477828,338.13217182292686,-1.9187906133235977
