objID,ra,dec
110023389871891230,338.9872018915813,1.6839775681298679
