objID,ra,dec
109363384470720908,338.4471680924876,1.1336909976064136
