objID,ra,dec
108003388701285118,338.870220990044,0.003915972009611975
