objID,ra,dec
97303387063206068,338.7064603440933,-8.911953088461123
