objID,ra,dec
104333388045693810,338.8045735888456,-3.0555538253894494
