objID,ra,dec
109853389487131201,338.94873209606624,1.5422950540826956
