objID,ra,dec
109923388953559950,338.89539161071633,1.6078936390425167
