objID,ra,dec
110083387262188661,338.72623998323485,1.7401694743856597
