objID,ra,dec
109033380283856958,338.02843859096095,0.863784048100528
