objID,ra,dec
98253388495110075,338.8495676396855,-8.125327435033137
