objID,ra,dec
108283389680810334,338.9681300751169,0.2332354746158634
