objID,ra,dec
106703380857395696,338.0857915931134,-1.0789412333912136
