objID,ra,dec
106013387333566739,338.73334527055886,-1.6530296649108773
