objID,ra,dec
107233389833962550,338.983435695073,-0.6399231131616201
