objID,ra,dec
105553382889225734,338.288952790671,-2.0372548380359654
