objID,ra,dec
98143387349579402,338.73497735584033,-8.209223865645406
