objID,ra,dec
108993382554306053,338.25547599,0.82958489
