objID,ra,dec
104253381947174785,338.1947479667668,-3.1213546036585607
