objID,ra,dec
105513389428845824,338.94290387876515,-2.070515321813736
