objID,ra,dec
108253389188520600,338.91896964062516,0.20838084453382394
