objID,ra,dec
106753380072373698,338.00724771730637,-1.0390290300673306
106753380071823360,338.0072204087004,-1.0391121334269986
