objID,ra,dec
107713383958174103,338.39584912816883,-0.23865551173804703
