objID,ra,dec
108153387078409373,338.70786088364684,0.1324294236377966
