objID,ra,dec
107233382204887850,338.220474575751,-0.6354610136138829
