objID,ra,dec
97123382441118937,338.24410495867545,-9.059708989786394
