objID,ra,dec
109813388293283957,338.82938007,1.51143892
109813388291264331,338.8291583012411,1.5115648499703154
