objID,ra,dec
108943387001178437,338.70016579778815,0.7899358474665842
