objID,ra,dec
105133386939309743,338.6940161602528,-2.3839131671582114
