objID,ra,dec
109993389781253798,338.97814032905745,1.6611147757643816
