objID,ra,dec
108773380739162204,338.0739395267362,0.6430963037545754
