objID,ra,dec
110153389001126909,338.90008367701546,1.7970585388169522
