objID,ra,dec
106683387980958586,338.79808065216974,-1.093215706056095
106683387980679093,338.79806086,-1.09297699
106683387976448442,338.7980775466499,-1.0932214551491533
