objID,ra,dec
107133388789132180,338.8789412148821,-0.7235476619182484
