objID,ra,dec
108603381839053912,338.18387369953876,0.5028269421086519
