objID,ra,dec
108473387409457167,338.74093242019416,0.39724928510271723
