objID,ra,dec
98733384963515105,338.49640105225785,-7.7211327355901584
