objID,ra,dec
103863384833712691,338.48337742051604,-3.448106981743477
103863384831162838,338.48313927,-3.44799132
