objID,ra,dec
97333381447907363,338.14481204109416,-8.885868170610127
