objID,ra,dec
109803384974889516,338.4974391509166,1.507507135117353
