objID,ra,dec
106663386856398927,338.6856429573813,-1.1096521751716963
