objID,ra,dec
106573382067725651,338.2068598887039,-1.1873090078008308
