objID,ra,dec
107883380448506726,338.04482071701443,-0.09476605385314837
