objID,ra,dec
109823383482142812,338.34814173516,1.5186755634830198
