objID,ra,dec
107403387239089897,338.7239112983734,-0.49208307096704257
