objID,ra,dec
109503389867369481,338.9867635208569,1.2575336787051097
