objID,ra,dec
107713388065722019,338.8065879492619,-0.24033340041345058
