objID,ra,dec
106603388232835702,338.8233000677181,-1.1622480109422229
106603388236945732,338.82357435,-1.16220676
