objID,ra,dec
104683387088076558,338.70885007357003,-2.761565674724868
