objID,ra,dec
97383382493749967,338.2494004869972,-8.84209044159083
