objID,ra,dec
109003388447966931,338.8447291260525,0.8387803911902967
