objID,ra,dec
105423384533608779,338.4533908496555,-2.143023686177764
