objID,ra,dec
109083381747423207,338.1747463160935,0.9022580611953731
