objID,ra,dec
105673386633689508,338.6633818784053,-1.9340764456289734
