objID,ra,dec
109043382102737081,338.2103118575158,0.8722354181191032
