objID,ra,dec
109153386435273988,338.643511845732,0.9613092574746088
