objID,ra,dec
97273382245544420,338.2245368097266,-8.938335030447083
