objID,ra,dec
107823381293095706,338.1292972774697,-0.145689984580657
