objID,ra,dec
95873383209535829,338.32100894340937,-10.103783186686476
