objID,ra,dec
107053388982459836,338.8983325674968,-0.7838235374907819
