objID,ra,dec
108623384082895839,338.40844961904975,0.521206450594716
108623384085216062,338.4084677114664,0.5212451488518728
