objID,ra,dec
106013380441621440,338.04416388746057,-1.6574672418730003
