objID,ra,dec
107383383613014251,338.3613977589319,-0.5135860854960758
107383383615754112,338.3614286805002,-0.5136700114214049
