objID,ra,dec
108353387867646526,338.78677287361955,0.2967353224755363
