objID,ra,dec
109913389526775554,338.9526140001427,1.5960516924480277
