objID,ra,dec
107403386286429915,338.6286881936402,-0.4920658483180704
