objID,ra,dec
103873385338483386,338.53387046,-3.4391934
103873385335543286,338.5336651693925,-3.4393210223177584
