objID,ra,dec
109813388253779925,338.825410804622,1.51622832753726
