objID,ra,dec
107603385600004447,338.56002695124204,-0.3299967630663452
