objID,ra,dec
107513380783753357,338.0783929762668,-0.40590629440003906
