objID,ra,dec
107973384526841032,338.4527284732006,-0.024510389540187468
