objID,ra,dec
109503388437092359,338.8437731100697,1.2516074145956186
