objID,ra,dec
108823382323554027,338.23235862,0.68632685
