objID,ra,dec
107823386183395337,338.6184185643076,-0.1458837594453057
