objID,ra,dec
106363382172930774,338.21725743771515,-1.3664270203482678
