objID,ra,dec
107083384978151641,338.49784620162194,-0.7656688873793996
