objID,ra,dec
108753381600226595,338.1600586815185,0.6301034290111248
