objID,ra,dec
108143381278471729,338.1278449104917,0.11772295616667955
