objID,ra,dec
104373388594920913,338.8595073187129,-3.0245719995234595
