objID,ra,dec
109823386366229037,338.6366780480831,1.5238077522685642
