objID,ra,dec
107703384870610711,338.4869391690671,-0.24980710084240462
107703384867550519,338.48690093,-0.24984566
