objID,ra,dec
108893385833847695,338.5834782656846,0.7477127935943131
