objID,ra,dec
105303383882997289,338.38836024166443,-2.2442938630068863
