objID,ra,dec
105033381007046730,338.10065604023794,-2.46979121964482
105033381008916246,338.1008252,-2.4698591
