objID,ra,dec
108013386766174095,338.67668005297645,0.01140032694397723
