objID,ra,dec
96793383905500760,338.3905162541582,-9.341300239852027
96793383904171053,338.39040738,-9.34111079
