objID,ra,dec
96283385410083965,338.54101162125534,-9.763709147174382
