objID,ra,dec
108673380933469074,338.0933777974287,0.5654647811526273
