objID,ra,dec
107193384283282007,338.42824075103607,-0.6737130077931988
107193384283102473,338.42825466810586,-0.6735451032797309
107193384278951806,338.4280208858537,-0.6738433371460882
107193384278452170,338.42791879911533,-0.6736326831363634
