objID,ra,dec
106653380121906910,338.0122101158282,-1.1195457276360947
