objID,ra,dec
98583380577868841,338.05779662866706,-7.842979794745942
