objID,ra,dec
108033381594360564,338.15944688707265,0.02511390666264195
