objID,ra,dec
108293382362709294,338.23632654128613,0.249026479127299
