objID,ra,dec
107073391972596623,339.19724494229064,-0.7697692544275063
107073391969266709,339.19719004,-0.76983254
