objID,ra,dec
96323394137201066,339.4137201372227,-9.732809604143656
