objID,ra,dec
106073393818542795,339.38186320738356,-1.6063281963231695
