objID,ra,dec
106743390853254058,339.0853163860331,-1.046940367619974
