objID,ra,dec
110413396939707920,339.6939781858793,2.0144865812646944
110413396938777532,339.69392162,2.01442114
