objID,ra,dec
107643392921121461,339.29213145949,-0.2991671855505993
