objID,ra,dec
108943391382688601,339.1383259796007,0.7900598254481553
