objID,ra,dec
106883398427261078,339.84274547467754,-0.9327909497216931
