objID,ra,dec
107913391975554214,339.19754852503485,-0.07188339085507575
