objID,ra,dec
105843391220774432,339.1220341960487,-1.7966789472348161
