objID,ra,dec
105553393906437261,339.39062317388033,-2.035985263641513
