objID,ra,dec
108763396292553214,339.6292381,0.63570843
