objID,ra,dec
106343392836473304,339.2836651409387,-1.3809338293343092
