objID,ra,dec
108513395879515423,339.5879267243021,0.4292115606913224
