objID,ra,dec
108313398259488929,339.8259440698658,0.2654168392793352
