objID,ra,dec
104283393785695250,339.3786158284727,-3.0959593363188023
