objID,ra,dec
95733390390670024,339.03905561034344,-10.225315145837856
