objID,ra,dec
108163390274377872,339.02749528393764,0.13952761075428355
