objID,ra,dec
106303398429016976,339.84284328918045,-1.411245582178776
