objID,ra,dec
106893395380506065,339.53806246062413,-0.9203125237273855
106893395381046553,339.53797079,-0.92004287
