objID,ra,dec
108283392863974199,339.2864234963075,0.23642836045844795
