objID,ra,dec
107943394466848490,339.4467160530932,-0.043289970255771054
