objID,ra,dec
109933395754133698,339.5754720440529,1.6109859265946973
