objID,ra,dec
108333399621282347,339.9621766598181,0.2765952243224154
