objID,ra,dec
105893399559030894,339.95587644,-1.7579589
105893399556201097,339.9557082763159,-1.7577934703605527
