objID,ra,dec
109343397292920901,339.72927234,1.11683203
109343397292690467,339.72928228106883,1.116720326252978
