objID,ra,dec
98013393153125882,339.31531349543343,-8.320462942645479
