objID,ra,dec
109493390774784548,339.07748493505284,1.2450776401880985
