objID,ra,dec
107143395825025592,339.5825056303006,-0.7123269936030786
