objID,ra,dec
108603394738588921,339.47383330416335,0.5070732868650153
