objID,ra,dec
107303395155711557,339.5155957783894,-0.5824192245365452
