objID,ra,dec
106313391569519414,339.15706699591567,-1.4008871200455504
