objID,ra,dec
108263399250405049,339.9250695178652,0.22046409919487006
