objID,ra,dec
105123395629528348,339.56297872323313,-2.3934058747696882
