objID,ra,dec
108373398721592543,339.8722373300867,0.31008967698077344
