objID,ra,dec
108953392310876450,339.2311438614706,0.7966159553472081
