objID,ra,dec
108093399887964578,339.98874658524016,0.0784782825274331
