objID,ra,dec
107283395448067318,339.5448287129898,-0.5942694523066853
