objID,ra,dec
107473393967836480,339.3967198461521,-0.4366000752096409
