objID,ra,dec
104093393196820039,339.31976071766036,-3.25871253544577
