objID,ra,dec
109853392241461367,339.2240139648008,1.5425757371857898
109853392238881535,339.22395923981065,1.5425528678800084
