objID,ra,dec
107723392918088069,339.29173269574216,-0.22686550070398712
107723392914888341,339.29161413757777,-0.2267416301235104
