objID,ra,dec
110133397013461422,339.70136680118355,1.775849866167624
