objID,ra,dec
106723390792289343,339.0792495100355,-1.059212888952052
