objID,ra,dec
108943390553248966,339.05532027350455,0.7904279724211681
