objID,ra,dec
107513390206329958,339.02068849097714,-0.4004428633909873
