objID,ra,dec
107973395621511460,339.56217892066735,-0.024102894378900553
