objID,ra,dec
109633393470485002,339.3470216746047,1.362116235223298
