objID,ra,dec
108323397287139946,339.7286686795682,0.2745984698290125
