objID,ra,dec
107243396758384455,339.6758862967176,-0.6299755808789844
