objID,ra,dec
105653392571947324,339.2571818088504,-1.9527100738950292
