objID,ra,dec
107893397371847752,339.7372196998877,-0.08549692516721928
