objID,ra,dec
109693398251225013,339.82515180031515,1.4121261008883021
