objID,ra,dec
107433397283231194,339.72832811,-0.47436344
107433397283371539,339.7283428450999,-0.47410921999616795
