objID,ra,dec
104543394417125953,339.44170613508317,-2.878746736777734
