objID,ra,dec
106923398950240041,339.8950790059951,-0.9003564496334138
