objID,ra,dec
110353399089156356,339.90883073783607,1.9632907194190945
