objID,ra,dec
107273390151741557,339.0151703188553,-0.6073598371935205
