objID,ra,dec
109793390187729542,339.018786065892,1.4992472890614643
