objID,ra,dec
108243390907055277,339.09075029983876,0.20404706841086653
