objID,ra,dec
104003393895272638,339.38955265056876,-3.3314621625204106
