objID,ra,dec
109103397882809832,339.7882871840595,0.9245387339260565
