objID,ra,dec
108813399183229841,339.91833719839616,0.6828295983117268
