objID,ra,dec
105533390812554870,339.0813928686233,-2.0545620818499595
