objID,ra,dec
106643392248816092,339.22498061609286,-1.1286568009309719
