objID,ra,dec
108443395478318497,339.5478438397913,0.373368351139958
108443395481118821,339.54804275,0.37349998
