objID,ra,dec
107873398626179837,339.86258039035926,-0.10052566775049789
