objID,ra,dec
107913399585661426,339.9584968430889,-0.07424352827330741
