objID,ra,dec
108443394076634407,339.40768627757274,0.36993722826183506
