objID,ra,dec
105823395043258448,339.50432987137236,-1.809932331417688
