objID,ra,dec
109583399989717745,339.99911326308893,1.3228914132993157
