objID,ra,dec
107403391005046642,339.1005344486812,-0.4948484379511441
