objID,ra,dec
106563396510288411,339.65102159720215,-1.1932312020082398
