objID,ra,dec
108963392048015785,339.20483998740895,0.8045046768209629
108963392048416148,339.204834547186,0.8046243272074286
108963392050696352,339.20493629,0.80478612
