objID,ra,dec
109083399087679352,339.9087407918573,0.9073928908156798
