objID,ra,dec
105213396896568071,339.6896685863976,-2.3186862609977794
