objID,ra,dec
104983391272414039,339.1272367168863,-2.5137193794155013
