objID,ra,dec
104763393982092338,339.3982100273184,-2.698405289064403
