objID,ra,dec
103893394823064791,339.48231424248445,-3.4212624507295013
