objID,ra,dec
109613390430993780,339.04309983925845,1.3444354129448883
