objID,ra,dec
108043391951682342,339.1951900898017,0.03487135289720327
