objID,ra,dec
109673395004130007,339.50040819908287,1.3912960467425985
