objID,ra,dec
106203390825532765,339.0825772633788,-1.4981185388473732
