objID,ra,dec
108793390022224896,339.00223410398286,0.6620413992419657
