objID,ra,dec
108033395652202653,339.56520199797313,0.026898395607952305
