objID,ra,dec
106773395937186558,339.5937354031262,-1.0199094733049212
