objID,ra,dec
109363393895857360,339.38959030668514,1.139083169446907
