objID,ra,dec
107463395885331542,339.58858103,-0.44891542
107463395885922029,339.5885806399816,-0.4487954216445022
