objID,ra,dec
106043396784760146,339.6784427866484,-1.6335529140228577
