objID,ra,dec
108183393240392839,339.32402400736805,0.15196194586081468
