objID,ra,dec
108803399393229298,339.93934769690895,0.6740597987351149
