objID,ra,dec
106833390199958991,339.0199630916145,-0.9678807281145596
