objID,ra,dec
106583391666274224,339.16653197218346,-1.1801769218542089
