objID,ra,dec
108443392016998317,339.20172488417705,0.37321809170549314
