objID,ra,dec
106023394118555470,339.41183893912586,-1.6457723934501935
