objID,ra,dec
110383391621950860,339.1622139006217,1.9836701279602171
