objID,ra,dec
107303397024986815,339.7025542378462,-0.5780529379522489
