objID,ra,dec
109263390381321591,339.03822892549,1.0510934710665891
