objID,ra,dec
109383396713618851,339.6714063070006,1.1570049012161085
