objID,ra,dec
107893392038536343,339.20388205447136,-0.08680385102562659
