objID,ra,dec
107253398984738643,339.8984432445546,-0.618396741464259
107253398984228134,339.89844743822783,-0.618445753643644
