objID,ra,dec
107643392214729150,339.2214846482511,-0.2926757032025268
