objID,ra,dec
110243392428096861,339.24277019920726,1.8719674384777047
