objID,ra,dec
109873392277773496,339.2277893286775,1.56082368626495
