objID,ra,dec
109593390916925629,339.09166409624066,1.3293243307245153
