objID,ra,dec
108383394554140738,339.4554169590094,0.3168755818160924
