objID,ra,dec
109073398749037988,339.8749280429727,0.8979306720169221
