objID,ra,dec
107463396764270664,339.67641117,-0.44978729
107463396761800873,339.67621245114196,-0.44962068674910627
