objID,ra,dec
107103393220831159,339.32209899709784,-0.7494242009994553
