objID,ra,dec
108163397005746082,339.7005907313776,0.1380229854070085
