objID,ra,dec
104923393128993078,339.3128825703186,-2.5645714498863366
