objID,ra,dec
108163391311081551,339.1312048877216,0.13425599184246337
