objID,ra,dec
105633393823094954,339.38229423071016,-1.97127742302177
