objID,ra,dec
109823391347636630,339.134768799566,1.5217991197179301
