objID,ra,dec
97483393681092659,339.3681152441573,-8.764789236539162
