objID,ra,dec
109413399356686773,339.9355945048889,1.1804070364685009
109413399352917073,339.93556879,1.18045362
