objID,ra,dec
105603391129858787,339.11302228093615,-1.9930135456555995
