objID,ra,dec
107443398743731326,339.87431928359024,-0.46597018366239323
