objID,ra,dec
110073390361414780,339.0360871087455,1.7286126025488744
