objID,ra,dec
97873396253096289,339.6253211857789,-8.436744180587194
