objID,ra,dec
107133396517729300,339.65177563272215,-0.717611520099715
