objID,ra,dec
106673393104308957,339.3105017899577,-1.1012441225636396
