objID,ra,dec
110113398068736356,339.80684155,1.76314557
110113398068276015,339.8068656026859,1.7629314112919707
110113398065965810,339.80664199,1.76280396
