objID,ra,dec
109523392144473409,339.2144457462645,1.2691119732622584
