objID,ra,dec
108143395977615205,339.5977284850378,0.12068794247926025
108143395974895348,339.59772702404047,0.12067866274363623
