objID,ra,dec
106153396233450470,339.6233739832483,-1.5416110002286567
