objID,ra,dec
109053394083080728,339.40827729,0.87524256
