objID,ra,dec
109383398942210738,339.89425179770126,1.1502280427935172
