objID,ra,dec
109753391109325021,339.1109175509139,1.4620929729743364
