objID,ra,dec
107273390332798614,339.03330043,-0.60152718
107273390330008574,339.0330359309989,-0.6015238304186479
