objID,ra,dec
108833399586168571,339.95862191339535,0.6984729216739729
