objID,ra,dec
106843391220546061,339.1221878177725,-0.9618182644742479
