objID,ra,dec
106703393152318901,339.31520950001357,-1.076306229129897
