objID,ra,dec
104793393153255953,339.3152764338014,-2.670424705779765
