objID,ra,dec
109953390370372491,339.03696831618277,1.6266365239642506
