objID,ra,dec
108163392506193230,339.25063386005024,0.1356480242454184
