objID,ra,dec
104343396219939981,339.62203035083724,-3.042097936079755
