objID,ra,dec
109283395016730179,339.50147816186364,1.0663762769584484
109283395013790132,339.5014713614791,1.066381889527206
