objID,ra,dec
106413393456124825,339.34557894786286,-1.3213101879398166
