objID,ra,dec
105963391616861773,339.161692296386,-1.6988982249136286
