objID,ra,dec
105383391475225585,339.14753988,-2.17902393
105383391472075598,339.1472771448413,-2.178996444149242
