objID,ra,dec
109273394749210351,339.4749273626716,1.0582157851660632
