objID,ra,dec
109563399586711552,339.95866170137424,1.3009067503377032
109563399584741304,339.95847602,1.30071888
