objID,ra,dec
106663394186745853,339.41869573119106,-1.112189564308517
