objID,ra,dec
110083393920812744,339.3920788703107,1.7352087185252993
