objID,ra,dec
109583398927859705,339.8928014238687,1.3243440398902644
109583398926939177,339.89273810876415,1.323985902693005
