objID,ra,dec
107283395154772377,339.51549659,-0.59840333
