objID,ra,dec
109313390067011117,339.0067391609453,1.0922367353526536
109313390069831136,339.0067433363461,1.092242557654983
