objID,ra,dec
104463392693651399,339.26922211161167,-2.9490729627121257
104463392690591427,339.26921678585313,-2.949077400006254
