objID,ra,dec
107003397352454915,339.73529010329565,-0.8296296795724643
