objID,ra,dec
107013393717987568,339.37180757668597,-0.8190230707438333
