objID,ra,dec
106403391958235559,339.19583727,-1.32907541
106403391955435728,339.19556187,-1.32893811
