objID,ra,dec
108423392792949944,339.2793389157662,0.3578785057245828
