objID,ra,dec
104703399754830879,339.9755689249845,-2.7496206542159
