objID,ra,dec
109903390952453055,339.09525462125447,1.5854669637220826
