objID,ra,dec
96433390895365309,339.08956380808297,-9.63761359664938
