objID,ra,dec
104213399486979780,339.9487391866134,-3.150565642563756
