objID,ra,dec
107353395424564864,339.5424336271169,-0.5379768023271082
