objID,ra,dec
106783391160999063,339.1161587727664,-1.0094170859998333
