objID,ra,dec
107753398482471600,339.8482543378745,-0.20738201116034385
107753398481741936,339.84819226,-0.20714758
