objID,ra,dec
107523394340144789,339.4340793770749,-0.39643815581793207
