objID,ra,dec
107203390158405181,339.0158481165352,-0.6627016519160651
