objID,ra,dec
108543393957477072,339.39578070289735,0.4555452481684441
