objID,ra,dec
108783391985405076,339.19855690039907,0.6535965559405146
108783391985394720,339.19854869958215,0.6535405989260529
