objID,ra,dec
109933396461493050,339.64610171794783,1.6105939616901053
109933396460943444,339.6461059775541,1.6107482560568946
