objID,ra,dec
109243391677419560,339.1676535882295,1.041021158928041
109243391673409702,339.16744248,1.04106096
