objID,ra,dec
109003391892432588,339.18927319914025,0.8350847545220119
