objID,ra,dec
109623392244911794,339.2245415523342,1.3511764963377513
