objID,ra,dec
107803394455643340,339.44563231089853,-0.16425061014808642
