objID,ra,dec
108123398114885804,339.81143377699675,0.10441667908358468
