objID,ra,dec
106113390820113934,339.0820643634349,-1.5721069147867939
