objID,ra,dec
106593397724688992,339.77251109320986,-1.1678564518924361
106593397726508740,339.77252138,-1.16785705
