objID,ra,dec
107833395988887508,339.59889566,-0.13577216
