objID,ra,dec
96553395573493757,339.557386766001,-9.538860823748607
