objID,ra,dec
97513393897108404,339.3896703891553,-8.735003015421645
