objID,ra,dec
109093396268480249,339.6268207334678,0.9082103583820834
109093396270980521,339.62704024,0.90832491
