objID,ra,dec
105463391074637936,339.1075329689902,-2.110394475566845
