objID,ra,dec
109183395832594976,339.583297507858,0.987101126666015
