objID,ra,dec
109123395748010172,339.5748214991782,0.933102537331757
