objID,ra,dec
107923397981963774,339.79821479110285,-0.06393175052988291
