objID,ra,dec
105903394439186188,339.44395677723463,-1.745131397028357
