objID,ra,dec
107643392709759191,339.2709625726971,-0.2927084287376944
