objID,ra,dec
108603396028363147,339.6028500473033,0.5022577242912392
