objID,ra,dec
109903390114872602,339.01145176186714,1.585063301564864
