objID,ra,dec
109593397508304325,339.75085189973754,1.3282239390715425
