objID,ra,dec
109143397205574986,339.72071393707375,0.9537692960855361
109143397208725089,339.72074234767865,0.9537721976967783
