objID,ra,dec
107633392448280259,339.2448403950234,-0.3085137635487367
