objID,ra,dec
108113390842513917,339.0842812654531,0.09453131241704214
