objID,ra,dec
105233390267358052,339.02680969007383,-2.302012374901433
