objID,ra,dec
108183396689521564,339.6689368716649,0.15103354605112607
108183396688261878,339.66892465262066,0.15110173423898365
