objID,ra,dec
109143393664809960,339.3664821612138,0.9578767968844786
