objID,ra,dec
103903396575110769,339.65749419,-3.4163672
103903396572360963,339.6572621208453,-3.416244325193116
