objID,ra,dec
108963391747818115,339.17481443923356,0.8063802882067779
