objID,ra,dec
105823398835710945,339.88365922,-1.81618654
