objID,ra,dec
107203399185879181,339.91861139972497,-0.6594077092696567
