objID,ra,dec
106433391258102796,339.12582391288885,-1.306380339172279
