objID,ra,dec
108653391341406097,339.1341376428177,0.5463955598701957
