objID,ra,dec
106053396302510742,339.63027318120925,-1.624672182246609
