objID,ra,dec
106263399780960405,339.9781278289937,-1.4500320402059745
