objID,ra,dec
105743392370851443,339.2371189729451,-1.8825205900873252
