objID,ra,dec
108833394290670413,339.4291290046163,0.6915544732843992
