objID,ra,dec
109253399817315143,339.98167105664857,1.0455822341253809
109253399814794859,339.98161522519337,1.0453942319138478
