objID,ra,dec
96133391732061969,339.17320396779957,-9.890373514332747
