objID,ra,dec
97243393627516143,339.36276693227677,-8.961905953465092
