objID,ra,dec
109333399601842585,339.9601698113881,1.1102319138440495
