objID,ra,dec
107053395157706721,339.5157510383226,-0.7864637803066791
