objID,ra,dec
106353397255132799,339.72551796,-1.37302163
