objID,ra,dec
105653392257123284,339.2257514459165,-1.9559704250838301
