objID,ra,dec
104823391670469767,339.1670911673097,-2.6422680565941303
