objID,ra,dec
95923391922932604,339.19233455849024,-10.064820956171083
