objID,ra,dec
110053397596010006,339.7596619916524,1.7079233024645495
