objID,ra,dec
98593398098192454,339.8098500241493,-7.839965424472284
