objID,ra,dec
109533392148084915,339.21478704641675,1.2786819108224445
