objID,ra,dec
109573391623150380,339.16225490209854,1.3082591223004312
