objID,ra,dec
108573392391215403,339.23913569178245,0.4791173091351845
