objID,ra,dec
109433390270800983,339.0270603511012,1.1921453413169187
