objID,ra,dec
106413394489710962,339.44895513,-1.32458594
