objID,ra,dec
107933395751821647,339.57520452383847,-0.057308285937443755
