objID,ra,dec
108773393373386184,339.3372907275325,0.6462948154461335
108773393371075979,339.33724819555056,0.6462685028301343
