objID,ra,dec
105423398933947758,339.89332136416454,-2.1439844930067316
105423398931437476,339.89331696270995,-2.1439935442738136
