objID,ra,dec
95973396900563352,339.69009887624344,-10.022548847669617
95973396897443600,339.68996513,-10.02231507
