objID,ra,dec
97973397190676567,339.7191185652966,-8.353183073580462
