objID,ra,dec
106853395778336524,339.57770799394314,-0.9533094083033049
