objID,ra,dec
109323395226133015,339.52255623593953,1.1021045478164102
