objID,ra,dec
104903391036827359,339.1036678698258,-2.57749904713835
