objID,ra,dec
108853393359731483,339.33594472708506,0.7092564990622482
