objID,ra,dec
110243391833782234,339.1834217118981,1.8681086247786616
