objID,ra,dec
109053392506953475,339.25072178798695,0.8774924240680584
