objID,ra,dec
106703392065894608,339.2066080935583,-1.0798574116266932
