objID,ra,dec
109983394846737056,339.48462887829885,1.6553838589519547
109983394844266901,339.48443797,1.65535931
