objID,ra,dec
107833399933372419,339.9933385370462,-0.14006042722525952
