objID,ra,dec
105983399931653586,339.9931429249871,-1.68068128942606
