objID,ra,dec
96183390003946698,339.0003841863437,-9.84478493825241
