objID,ra,dec
107453397549376144,339.7549663407305,-0.45362515392984226
107453397551926291,339.75518619,-0.45353842
