objID,ra,dec
98053396571303738,339.6571785961444,-8.28889687972239
98053396574593743,339.65738913,-8.28888445
