objID,ra,dec
108103398792528994,339.8792550809752,0.0903490340520763
