objID,ra,dec
109783392697597281,339.2697669888382,1.488997249344072
