objID,ra,dec
105443396166374903,339.6166241286014,-2.129645934838739
105443396165354495,339.61664609667804,-2.1297850264691087
