objID,ra,dec
104923393780054492,339.3779396881728,-2.563308959901585
