objID,ra,dec
109283391437914176,339.1437467917569,1.0696404393355328
109283391435093799,339.14355117,1.06945787
