objID,ra,dec
106723397497838635,339.7498008693878,-1.0598188421992785
