objID,ra,dec
108133390878137663,339.08782754641544,0.11426357957551164
