objID,ra,dec
96873390224347366,339.0224814701369,-9.269209459213348
