objID,ra,dec
97143394639334343,339.46393925281234,-9.046755108333405
