objID,ra,dec
106173392818772063,339.2818864746789,-1.5236173253144079
