objID,ra,dec
110093399508713116,339.95088259116983,1.743925775145976
