objID,ra,dec
108993390071655803,339.007169843029,0.8295015235270347
108993390071136149,339.00716777,0.82959429
