objID,ra,dec
104083391020700759,339.1019275516019,-3.26646978159732
104083391017810665,339.10184839445634,-3.266487518441884
