objID,ra,dec
106503399907782738,339.9907975861787,-1.2480257684321645
106503399906133077,339.99067740958856,-1.2478459459131663
