objID,ra,dec
109503398238937149,339.8239343432552,1.2556123574776545
