objID,ra,dec
110373395924034135,339.5924510698752,1.9780629293611964
110373395925924424,339.59262766,1.97829279
