objID,ra,dec
105753396896673083,339.68971912,-1.87282527
