objID,ra,dec
106603397013848649,339.70144932802646,-1.1597142952850292
106603397013689032,339.70137163,-1.15948227
