objID,ra,dec
106903393573277509,339.35745074,-0.91071023
106903393574357919,339.3574589549897,-0.9104247450625115
