objID,ra,dec
106653390877367465,339.0877656973898,-1.1191287629880085
