objID,ra,dec
97583396239272133,339.62396118705146,-8.681907024253695
