objID,ra,dec
107043395086182708,339.5086811571718,-0.7980267186756879
