objID,ra,dec
104253399911059439,339.99115463420526,-3.11752713246962
104253399908079404,339.99086034,-3.11753997
