objID,ra,dec
107823396070133952,339.60700220850157,-0.14701893799183638
107823396073543943,339.6072566,-0.14708745
