objID,ra,dec
108453394701538814,339.47018115204105,0.3819852574268173
