objID,ra,dec
108303392380433025,339.23804316644373,0.25212448708452745
