objID,ra,dec
103873393540135404,339.35398241899145,-3.4375718719377066
