objID,ra,dec
107623391786809695,339.17870386738434,-0.30896806376159547
