objID,ra,dec
105083395066761763,339.5066767320636,-2.432258096329707
