objID,ra,dec
107763391680363593,339.16817349,-0.19761734
107763391681513210,339.1681798072598,-0.1976908675968697
