objID,ra,dec
106813391847790788,339.18479239557416,-0.9913516227096847
