objID,ra,dec
108803393631887744,339.36311007527326,0.6729351987531388
