objID,ra,dec
98003396131770818,339.6132114514226,-8.332977617088282
