objID,ra,dec
107353408892108101,340.8892446581551,-0.5352654596476004
