objID,ra,dec
110533409892956449,340.98929017,2.11334972
110533409891276722,340.9891535901365,2.1135684712214466
