objID,ra,dec
106933403223331323,340.3223152280876,-0.8910462766008092
106933403219981110,340.32230531042256,-0.8910557692530875
