objID,ra,dec
106333400226152857,340.02261172818095,-1.3896441326945175
