objID,ra,dec
105953408929568953,340.8929865402648,-1.7011734879382376
