objID,ra,dec
109023402681439902,340.26806878,0.8580882
