objID,ra,dec
108443405719039753,340.57191897938515,0.37445587257426244
