objID,ra,dec
108973400124817167,340.01252766895664,0.8137584740750451
