objID,ra,dec
106803402585989665,340.2586259326113,-0.9923128850560816
