objID,ra,dec
105993406069153334,340.6069449645524,-1.6726173031869802
