objID,ra,dec
108703408388845455,340.83888462,0.58754431
108703408390525757,340.83907147481005,0.5877285562524699
