objID,ra,dec
107013400301428374,340.0301615171947,-0.818387621372937
