objID,ra,dec
110933405633155220,340.5632828830937,2.4456098912101445
