objID,ra,dec
109053406519431189,340.65201755,0.87564814
109053406522001482,340.652183397238,0.8758406932538539
