objID,ra,dec
109933405434626266,340.54346109321835,1.6132144564857829
