objID,ra,dec
104223404998558620,340.4999091592129,-3.1431504009291267
