objID,ra,dec
106963401129621387,340.1130038093832,-0.8658931966122998
