objID,ra,dec
108543405748052753,340.574795552693,0.45187079323381263
