objID,ra,dec
109733407123175626,340.71232351118226,1.4459652679940198
109733407120535757,340.71206928,1.44606533
