objID,ra,dec
104373408863611918,340.88645573271384,-3.02373525170945
