objID,ra,dec
107133407807960534,340.7808282749959,-0.7249300685325867
