objID,ra,dec
108163402419392956,340.241845749327,0.13531234025494956
108163402416652735,340.2417902867643,0.13526023619474606
