objID,ra,dec
108203407627592974,340.7627214000543,0.16873948755809398
