objID,ra,dec
110033406311751118,340.63114060605227,1.6922605986228014
110033406308391051,340.63083781,1.6921661
