objID,ra,dec
97063405994621555,340.59949073904954,-9.115695138809807
