objID,ra,dec
107733406561193304,340.65611444050126,-0.22267674190019116
