objID,ra,dec
104603401035494751,340.10353062916533,-2.8297178612060017
