objID,ra,dec
96443400310472580,340.03104653141577,-9.631595722562318
