objID,ra,dec
109063401909914497,340.19100945053987,0.8866700721893724
