objID,ra,dec
107363403391072708,340.3391668758265,-0.5311138622134338
107363403391093060,340.33917442973575,-0.5311072756992563
