objID,ra,dec
107873404452800584,340.4452549852255,-0.10824663820152976
107873404450320359,340.44505803,-0.10843886
