objID,ra,dec
109043409454618679,340.9455066124525,0.8735509118360264
