objID,ra,dec
108973405578782863,340.5578874000672,0.8103500754214885
