objID,ra,dec
109583408377528426,340.83777643780815,1.3233029781588888
