objID,ra,dec
106573401091947407,340.1092378133056,-1.1858679278575792
