objID,ra,dec
107283404696973509,340.46972243167943,-0.5974590584200079
