objID,ra,dec
104393407333688216,340.73346596283716,-3.001863895094249
