objID,ra,dec
108033408838659418,340.88394684561257,0.032358827328578255
