objID,ra,dec
107043401572587460,340.15731761,-0.7940437
107043401571548041,340.1573832260434,-0.7938623570507544
