objID,ra,dec
109193400662168646,340.0662395794919,0.9984632271255595
