objID,ra,dec
109483401585801263,340.15859716147264,1.2340185376003225
