objID,ra,dec
109003407614384533,340.7614160049656,0.8366147526380097
109003407614164144,340.7614216255429,0.8365411677055038
