objID,ra,dec
106583405606507953,340.56067519596326,-1.1770744011272463
