objID,ra,dec
107563405000813135,340.50007814441295,-0.364481077393838
