objID,ra,dec
109623401179490022,340.11796275422506,1.349634361369727
