objID,ra,dec
98243402961592761,340.2961910026484,-8.131340964384114
