objID,ra,dec
109683401790346213,340.1790507438429,1.4047637442450238
