objID,ra,dec
109073401716812663,340.1716712943964,0.8935075802568611
