objID,ra,dec
107673408830350360,340.88303683711877,-0.27506172470824347
