objID,ra,dec
108813407686993471,340.76871020055034,0.6774767872636833
