objID,ra,dec
110663409749229101,340.97486243030676,2.223855722655524
