objID,ra,dec
107243401909616221,340.19099627318343,-0.6285363796626392
