objID,ra,dec
107983406695371748,340.6695163796254,-0.015600500083438119
