objID,ra,dec
96493407852167264,340.78527598721934,-9.585999420364201
