objID,ra,dec
106693408385179055,340.83849620234815,-1.0845053777278066
