objID,ra,dec
98243406055610720,340.6055983921439,-8.133095453462134
