objID,ra,dec
107673409289610841,340.92897374,-0.27467857
107673409290020394,340.92896065399617,-0.2749572831557032
