objID,ra,dec
108413406616253265,340.66157623686917,0.3439292990337312
