objID,ra,dec
105663407532103637,340.75327102625283,-1.9473705703326445
