objID,ra,dec
97653403035031233,340.30352070450783,-8.624324262583155
