objID,ra,dec
107613404809167153,340.48089659169864,-0.3194441512257012
