objID,ra,dec
107483407460083442,340.7459954460863,-0.4308276069840292
