objID,ra,dec
97673408485805459,340.8485926055951,-8.604105647035041
