objID,ra,dec
108363407975928143,340.7975073249688,0.30655646559495714
