objID,ra,dec
106833403108959312,340.31109526696275,-0.9677182972673516
106833403111449045,340.31109454473733,-0.967758387434211
