objID,ra,dec
109303407294831077,340.72951677389756,1.0838323598655766
