objID,ra,dec
98363400424068864,340.04243543762715,-8.026235608158892
