objID,ra,dec
110013405365928110,340.53648102698907,1.6814330790281318
