objID,ra,dec
107623400301747660,340.03017756680117,-0.3106537659486464
