objID,ra,dec
103853407842305698,340.7842742877848,-3.4539286684997172
