objID,ra,dec
109433406092737768,340.6092126790279,1.197783175910147
