objID,ra,dec
109833403804123059,340.3805051431923,1.5271837826067713
