objID,ra,dec
106933405382998040,340.53819367450393,-0.8850783885920696
106933405381108593,340.5382162489925,-0.8850867513351065
106933405379738249,340.53813590280123,-0.8850760552782517
