objID,ra,dec
98173401530800114,340.1531133309851,-8.191865874426679
