objID,ra,dec
108923400156217220,340.01563765030045,0.7721625904227538
