objID,ra,dec
105563405912548832,340.59126384333456,-2.0263347603734685
