objID,ra,dec
106323407572050583,340.7571949647858,-1.39993247832545
