objID,ra,dec
108043405501234441,340.5501433551806,0.03667315167155315
