objID,ra,dec
108863403658287359,340.36588478559423,0.7225080818597204
