objID,ra,dec
98253402627994369,340.26278507978395,-8.12171923879095
