objID,ra,dec
109033405210257750,340.52110098052793,0.8643314520733081
