objID,ra,dec
107293401737584395,340.17385108540464,-0.5883734558712815
107293401735434647,340.17359329,-0.58819291
