objID,ra,dec
110163406859621326,340.68594325408276,1.8007657414639524
