objID,ra,dec
108063405624050313,340.56241531454276,0.04988727227885776
