objID,ra,dec
104283401993147635,340.1993701512414,-3.093941959281373
