objID,ra,dec
110693408455135728,340.84558072230533,2.2460447006806317
