objID,ra,dec
103883407716119810,340.77170037859935,-3.425499349028539
