objID,ra,dec
105243404221211032,340.42212703342875,-2.2994669035027453
