objID,ra,dec
105693409544122763,340.9544723266168,-1.9230503629776936
