objID,ra,dec
104743404428832773,340.44291244538323,-2.714708237450461
