objID,ra,dec
107273401696533608,340.16968929059715,-0.6057193575989548
