objID,ra,dec
108203402716012130,340.27158691236843,0.1681101955805564
