objID,ra,dec
106843406615805070,340.6616356731059,-0.962897242294648
