objID,ra,dec
107683400641080714,340.06413875765145,-0.2664455781671457
