objID,ra,dec
96173405357541843,340.5357400909155,-9.857108034417493
