objID,ra,dec
106013400614120962,340.06160898,-1.65803393
