objID,ra,dec
106473403845469529,340.38458714757195,-1.2673808107342743
