objID,ra,dec
107033405812082407,340.5812443724519,-0.8067265548438688
