objID,ra,dec
109963405032432376,340.5032963230651,1.6349837714317637
