objID,ra,dec
107203405029860358,340.5030285109654,-0.6667774463701573
