objID,ra,dec
107043404511854367,340.45124090713324,-0.796730327831683
