objID,ra,dec
106543402313638873,340.23141785521466,-1.2096318627753357
