objID,ra,dec
97043401588945516,340.15897401,-9.12900466
97043401591735755,340.15917493087846,-9.128908613416675
