objID,ra,dec
105883401013541332,340.1014878482305,-1.76585981336708
