objID,ra,dec
106533401209096641,340.120981429977,-1.219892824203438
