objID,ra,dec
106753404409584270,340.44097836581494,-1.0385035609786277
