objID,ra,dec
110083408888794797,340.8889727983879,1.736915216519342
