objID,ra,dec
106773404871512056,340.48714980596316,-1.0236375110656433
