objID,ra,dec
109573407396872511,340.73973066080123,1.310037096285724
