objID,ra,dec
110423401184896640,340.11838206,2.02180138
110423401182076894,340.1182836812046,2.0219862562524
