objID,ra,dec
108593407527004034,340.7527097021094,0.49463824279515034
