objID,ra,dec
107703407191305621,340.71911083267867,-0.2457319532609842
