objID,ra,dec
109353407494688894,340.7495222068145,1.1320238915512864
