objID,ra,dec
105683403555106872,340.35549715846844,-1.9278920659365433
105683403551786876,340.35525433,-1.9279505
