objID,ra,dec
110083404887921040,340.4886912232254,1.734000512329036
