objID,ra,dec
106743403206342915,340.3206689328648,-1.0479701719016927
106743403205662541,340.320655205158,-1.0481993308376374
