objID,ra,dec
108403406573052306,340.65728962507654,0.3347706837978647
