objID,ra,dec
107653407026522447,340.7027223726612,-0.2901087624275327
