objID,ra,dec
109803408993771197,340.8992902643475,1.5006152163746513
