objID,ra,dec
108303408381885191,340.83815981685916,0.2540143323277504
