objID,ra,dec
109853404210858148,340.42109071943116,1.5480882378440652
