objID,ra,dec
104603400547773358,340.05475946469517,-2.830955045290581
