objID,ra,dec
104773406222602515,340.6222514016028,-2.6899522284883104
