objID,ra,dec
107933405882801029,340.58813550660864,-0.05792999400862703
