objID,ra,dec
107903409994583991,340.99948148188196,-0.08038146021109487
