objID,ra,dec
109363409017983223,340.9018488749668,1.1356455648793935
109363409016633569,340.90171013,1.13583518
