objID,ra,dec
109283407818235228,340.7818930209165,1.0705540859977674
