objID,ra,dec
107383408515118099,340.8515680949397,-0.5102720543172624
