objID,ra,dec
109393403050034528,340.30502214052365,1.1617977019115
