objID,ra,dec
98123409635622026,340.963598915796,-8.231981045748766
98123409638341898,340.9638777610567,-8.232074442255112
