objID,ra,dec
107293406765041548,340.67651001556277,-0.5907798727300576
107293406761271550,340.6762838944678,-0.5906845190748737
