objID,ra,dec
104423409642180331,340.96422652950355,-2.9833832866163026
