objID,ra,dec
106323405769199697,340.5769277944752,-1.3923208463293366
