objID,ra,dec
104523404414771365,340.44148133541376,-2.899198230688636
