objID,ra,dec
107603409032947725,340.9032704215107,-0.32727019811805336
