objID,ra,dec
107183406393029664,340.63934515255823,-0.6756458943669948
