objID,ra,dec
96533403628019708,340.3627668534711,-9.550592859078243
