objID,ra,dec
106513408648584020,340.8648499299089,-1.2386706591439238
