objID,ra,dec
109903405541033169,340.55411716825114,1.5855500531074869
