objID,ra,dec
108753408882967702,340.888337525533,0.6309942103288753
