objID,ra,dec
105833401573004281,340.15728975695845,-1.8052282675001068
