objID,ra,dec
109533401455411653,340.14553979,1.27602
109533401456042035,340.14561631285227,1.2762525449258977
