objID,ra,dec
105043401315807265,340.131524183322,-2.4609892138838343
