objID,ra,dec
97843401178158112,340.1177967101444,-8.460217638561774
