objID,ra,dec
108173401919967047,340.19197843322763,0.1471647949832975
