objID,ra,dec
107443403241551002,340.32409878293,-0.46619384970642486
107443403239901376,340.3240989327744,-0.4661725067174143
