objID,ra,dec
107633400154615086,340.01547836038185,-0.3045902308461923
