objID,ra,dec
105763407817516617,340.78184082279734,-1.8615276833612024
