objID,ra,dec
106463400895555513,340.089589399284,-1.279166432825517
