objID,ra,dec
96593402648909254,340.2648759293061,-9.500992755257496
