objID,ra,dec
109963403724462225,340.3724395057248,1.6347541287879144
