objID,ra,dec
110633401802585600,340.180312258546,2.1959182663140777
