objID,ra,dec
107503408162486384,340.81637615892464,-0.4119695693612207
107503408164915919,340.8164465307869,-0.4120588361745327
