objID,ra,dec
108603404383525502,340.43836098,0.50423247
108603404380855674,340.4381495155871,0.5043390452161614
