objID,ra,dec
104783408964597768,340.8964820526279,-2.677215058158473
