objID,ra,dec
108903409397018841,340.939695380869,0.7569695898722931
