objID,ra,dec
107413405175296410,340.51748574774473,-0.4866808764156128
