objID,ra,dec
104733409318101453,340.93173974362844,-2.724191680193994
