objID,ra,dec
108793400494689349,340.0494756201577,0.665722200710255
