objID,ra,dec
106873405973093406,340.5973474591425,-0.9392185912675015
