objID,ra,dec
108983402978090380,340.2978019274687,0.8165928454070357
