objID,ra,dec
109093407398057010,340.73967393188,0.9137265481677259
109093407395137008,340.73963877678824,0.9137450365204511
