objID,ra,dec
107293409897795790,340.98987452884205,-0.5872279712216726
