objID,ra,dec
105263401862891728,340.1862589718762,-2.2822853108498364
