objID,ra,dec
109483400878667038,340.0879323574134,1.2387718986025493
