objID,ra,dec
110263409672494554,340.96721376513676,1.886702778114362
