objID,ra,dec
105723408941630772,340.89420332336636,-1.8997541507012419
