objID,ra,dec
109183408319746682,340.832094,0.988769
109183408320337264,340.8320651139944,0.9889931621055343
