objID,ra,dec
109333406245186910,340.62450090031024,1.1136618150045972
