objID,ra,dec
106563402056801289,340.2059217,-1.19924302
106563402059641388,340.20601649564895,-1.199222801148253
