objID,ra,dec
106583403158814183,340.31590533515714,-1.1802213823020953
