objID,ra,dec
107593408256763118,340.8257272470312,-0.3395204092302521
