objID,ra,dec
110183408741373549,340.87418439485407,1.8192899613949256
