objID,ra,dec
107943408007814564,340.8007773409434,-0.04653061546564902
