objID,ra,dec
109733405255001487,340.52529356619533,1.4426400714319143
109733405252241550,340.52528473964105,1.4426423925049299
