objID,ra,dec
110463400722828269,340.0724169313871,2.0565840422414134
