objID,ra,dec
104603404251211898,340.4251577859802,-2.832053753016664
