objID,ra,dec
108343404655499521,340.4656107,0.29086013
