objID,ra,dec
106783408583658757,340.858397221389,-1.0097293673107948
