objID,ra,dec
105623400204367556,340.02047282075506,-1.9774992048135391
