objID,ra,dec
107633407579250858,340.7579021251948,-0.3080258525553615
