objID,ra,dec
107343402178418425,340.2178369555524,-0.5433461022522503
