objID,ra,dec
109993400391398805,340.0391381791662,1.6653306860840413
