objID,ra,dec
104783401294554027,340.1294248286994,-2.6804300020794547
