objID,ra,dec
105893406342999723,340.6342901228496,-1.7505803568132376
