objID,ra,dec
107703404662619946,340.46623229441025,-0.2421211450589719
