objID,ra,dec
109423402005000349,340.2004587749257,1.1832770743704584
