objID,ra,dec
104483402926123408,340.2925746011177,-2.930844165442272
