objID,ra,dec
104163400881258982,340.08813476,-3.19286216
104163400880289298,340.0880765710421,-3.1926102344776925
