objID,ra,dec
109083407266014088,340.72655377053024,0.9030562935575754
