objID,ra,dec
105333409801638902,340.9801356709276,-2.217926608800186
