objID,ra,dec
106393406947072568,340.6947370485067,-1.339912675724817
