objID,ra,dec
104753409981133155,340.9981351036647,-2.7061047170220416
