objID,ra,dec
96353409838032739,340.9838136323102,-9.706402865684037
