objID,ra,dec
103853409413193089,340.9411378,-3.45627365
103853409412652752,340.9412952627745,-3.456415680139817
