objID,ra,dec
104713402846006962,340.28456453300544,-2.736157600512513
