objID,ra,dec
109573405360606522,340.53606649869187,1.3134065379146793
