objID,ra,dec
107203405841641604,340.5842158581699,-0.6656368534518702
