objID,ra,dec
109813404630109626,340.46303295325407,1.5160180768541907
