objID,ra,dec
108143402279606698,340.22803562690206,0.12187757160010095
