objID,ra,dec
107703408134921806,340.81349494421414,-0.24878202930367152
