objID,ra,dec
107073401989920460,340.19906441743825,-0.7750087166416181
