objID,ra,dec
108733403014469656,340.3013330273364,0.6160022450764213
