objID,ra,dec
107363403342761351,340.3342982813615,-0.5325919216793032
