objID,ra,dec
107073405130759995,340.5131185803533,-0.7670898712030988
