objID,ra,dec
95873400830292039,340.0830566102576,-10.107001457852814
