objID,ra,dec
109803405516242298,340.55156871365335,1.501540899188945
