objID,ra,dec
108133409451586876,340.9451299516239,0.11369781554955315
