objID,ra,dec
107613409969188896,340.9968935484922,-0.3178657931528894
