objID,ra,dec
105643400849203879,340.0849247225491,-1.963819523932547
