objID,ra,dec
95753407840760558,340.78413152218496,-10.208219752786473
