objID,ra,dec
108493400181743194,340.0182296552585,0.41065716801829527
