objID,ra,dec
108023400883615469,340.08833635901044,0.02085861103447468
