objID,ra,dec
107523408577587695,340.85781936148044,-0.39397084591297665
