objID,ra,dec
104473404215691187,340.4215354252769,-2.941007137604564
