objID,ra,dec
107663401413443573,340.1413773313156,-0.28075746457456596
