objID,ra,dec
110723408948482605,340.89479222509334,2.2683741234537638
