objID,ra,dec
108223404823996212,340.48242766199377,0.18814766704683406
