objID,ra,dec
105653408114475209,340.8114690285117,-1.9544507789151102
