objID,ra,dec
107003406255744647,340.62562569,-0.8300758
107003406255304288,340.6256414955135,-0.8301299335182216
