objID,ra,dec
106393403581497659,340.3582275949333,-1.3355810610148295
