objID,ra,dec
108253400055579462,340.00568813288527,0.21581813067602665
