objID,ra,dec
108163408885083348,340.88854214396605,0.1357607534692829
