objID,ra,dec
97703407051598954,340.70516814022267,-8.576197728237371
