objID,ra,dec
105393407643543677,340.764413386189,-2.1722130593637896
