objID,ra,dec
107073408553587703,340.8554020461224,-0.7689630683078507
