objID,ra,dec
107063405022717253,340.5023548815442,-0.7776751525898767
