objID,ra,dec
107373400385733088,340.0387093491062,-0.5227279586197592
107373400389413172,340.03888223763016,-0.5227144911181856
