objID,ra,dec
103933407871941739,340.7872401545146,-3.3905715074666487
