objID,ra,dec
108633407341672801,340.73416624391155,0.5269667711396228
