objID,ra,dec
107033403830462086,340.3831538153033,-0.8069452601861867
