objID,ra,dec
109343403453456511,340.34539018995827,1.121616921976896
