objID,ra,dec
109143401722051571,340.17221752262174,0.9509699135076548
