objID,ra,dec
108623406270733201,340.62706806666023,0.5189325184534888
108623406268903473,340.62699938,0.51913467
