objID,ra,dec
107533408144871469,340.81450709,-0.39073989
