objID,ra,dec
95673401852460937,340.18527786985294,-10.274561387020302
