objID,ra,dec
97553402182291432,340.21822897418457,-8.70748692665869
