objID,ra,dec
104093401738676168,340.17399016885923,-3.2535221234248772
