objID,ra,dec
109103408601842797,340.86012761621384,0.918639815270904
