objID,ra,dec
110363409077162548,340.9077094004384,1.9683854864497377
