objID,ra,dec
110533406649597064,340.66493488611053,2.1138131074830713
