objID,ra,dec
106693400715879883,340.0716370954524,-1.0837929366171246
