objID,ra,dec
105023404102283967,340.4102096849399,-2.4804103448763786
