objID,ra,dec
109923404715926142,340.4716814367689,1.604783636081878
109923404714816502,340.47149832,1.60504825
