objID,ra,dec
110573408716184986,340.8716162520061,2.145338650983693
110573408713544734,340.87135777,2.14525356
