objID,ra,dec
104773400194896653,340.01941275740006,-2.686414443794274
