objID,ra,dec
107413409441010224,340.9441089869412,-0.49184050461458584
