objID,ra,dec
110823407648146277,340.7647882004297,2.354863136698735
