objID,ra,dec
109733404658743512,340.4658721968109,1.4442195476319113
