objID,ra,dec
106863404187415438,340.41882670957034,-0.9457856380486973
