objID,ra,dec
109543402750898443,340.27523526463864,1.2898571531180778
