objID,ra,dec
108653403505953065,340.3505868691236,0.5438363711507163
