objID,ra,dec
108793401933903050,340.19338217415327,0.6605369552090818
