objID,ra,dec
106223404919538697,340.49213711848296,-1.4764700378646745
106223404922168531,340.4922802226983,-1.4765332688134047
