objID,ra,dec
107923401229045539,340.1229064816243,-0.062434379542605715
