objID,ra,dec
106473402435041436,340.2435897933039,-1.2741518070745055
