objID,ra,dec
107053408210497794,340.82112491910897,-0.7855956609336996
