objID,ra,dec
97243402913941206,340.2914008942293,-8.965995074349198
