objID,ra,dec
109493405203445323,340.52036566042574,1.2457595558135026
