objID,ra,dec
106753401761414467,340.1762248227213,-1.0382814614368203
