objID,ra,dec
105343400600469826,340.05999453860824,-2.208853943182602
105343400597349803,340.05975033,-2.20887273
