objID,ra,dec
106813407410241260,340.7411156418004,-0.9908836007640723
