objID,ra,dec
109223401830773992,340.18308482,1.0195738
