objID,ra,dec
106043404504689964,340.4504961761796,-1.6253619040770786
