objID,ra,dec
107973400259205086,340.02583864978766,-0.021174839891068352
