objID,ra,dec
98483401275530145,340.12760921107827,-7.933551655007017
