objID,ra,dec
96443409456724366,340.9457017898852,-9.630058601341117
