objID,ra,dec
105463409879917433,340.98804075138787,-2.110845574866492
