objID,ra,dec
105293403876053761,340.38759916494934,-2.2555464133465315
