objID,ra,dec
107463403508677263,340.3509039357457,-0.44430680718237536
