objID,ra,dec
109243400624443816,340.0624224011947,1.0360416020187952
109243400625563486,340.06243611009984,1.0360251831079932
