objID,ra,dec
108343408573274859,340.8572328978349,0.2868731153902847
108343408570484548,340.85718685520055,0.2868451896255104
