objID,ra,dec
109153400682166436,340.06823972627245,0.9633013671491529
