objID,ra,dec
107053404917636610,340.49180550962893,-0.7865399908266213
