objID,ra,dec
108823405447459524,340.544724718614,0.690941872792693
