objID,ra,dec
104973400519732595,340.05201971485445,-2.523192455778224
