objID,ra,dec
109933402338074416,340.23382565264797,1.6116517315063392
