objID,ra,dec
105853408711855511,340.87120615,-1.78747439
105853408713305089,340.87131921561024,-1.7877033192923246
