objID,ra,dec
111033410096550915,341.00969472,2.52539146
111033410096481258,341.00966011639696,2.5256593644728684
