objID,ra,dec
106133419866516139,341.98661741259497,-1.5536081802592183
