objID,ra,dec
107823414821831020,341.48220752707283,-0.1495110530485615
