objID,ra,dec
97713415114739204,341.5115035987988,-8.567669758309211
