objID,ra,dec
97573411328052359,341.1328179133777,-8.69007202235445
