objID,ra,dec
106093419496460639,341.94957069386646,-1.5915671920840457
