objID,ra,dec
105263413973154719,341.3973075302056,-2.279834212630333
