objID,ra,dec
107263416960978739,341.6961700583463,-0.6098352795208809
107263416962578365,341.6962078930681,-0.6098979159501708
