objID,ra,dec
109383411731831751,341.17331308152916,1.1510552878638973
