objID,ra,dec
106473411603682404,341.16028436080353,-1.273264019272905
106473411601272750,341.1602726688478,-1.2731864016037353
