objID,ra,dec
107473413400242177,341.340061067381,-0.4402263080995256
