objID,ra,dec
108583415777124391,341.577844796195,0.4864107840743311
108583415779153956,341.5778323616251,0.48634444211630246
