objID,ra,dec
105343418878759462,341.88786558338717,-2.209166264679879
