objID,ra,dec
109473410010730301,341.00104016621844,1.2248029363796153
