objID,ra,dec
107643416259626777,341.6259800997309,-0.29469113894006327
