objID,ra,dec
109603418961835694,341.89620943575574,1.3376873608141626
