objID,ra,dec
108593416824071798,341.68246207911324,0.49274086163909336
