objID,ra,dec
106973416563468334,341.65634072845495,-0.8516733945316799
