objID,ra,dec
107123411651200024,341.1651747018562,-0.7336922613818492
