objID,ra,dec
109333416137298220,341.6137338336896,1.1148040579465175
