objID,ra,dec
107663415114062518,341.51144275384746,-0.2817776073609989
107663415113102019,341.51139490109716,-0.2818713191913536
