objID,ra,dec
97533419825637061,341.98255572832693,-8.719457224120067
