objID,ra,dec
109663410546111223,341.0544887235753,1.3839439768599682
109663410544580920,341.05448802081753,1.3838716307382968
