objID,ra,dec
106373419124941597,341.91250949276775,-1.3573604965123465
