objID,ra,dec
108563413772005629,341.37723853195274,0.47098620598775487
