objID,ra,dec
107263414185119457,341.41848571232583,-0.6090854251601882
107263414181759513,341.41818186,-0.60905576
