objID,ra,dec
106053415378011821,341.5378486063415,-1.6238977392347353
