objID,ra,dec
107403414572024736,341.4572803459314,-0.4964337509288141
