objID,ra,dec
107443413568239411,341.35685118520234,-0.45919554678280783
