objID,ra,dec
107043414492647238,341.44924318219796,-0.7943647176532433
107043414489237106,341.44897115,-0.7944496
