objID,ra,dec
110043413311421796,341.3311716227509,1.7010630215460203
