objID,ra,dec
109373419635603956,341.9635967560148,1.1445641056929663
