objID,ra,dec
97663412357815600,341.2357916108575,-8.61234957895874
