objID,ra,dec
106503411636100586,341.163610488805,-1.2498916038988779
106503411637230421,341.16361997017185,-1.2499423032956183
