objID,ra,dec
106583413811607995,341.38119233253383,-1.177033237311011
