objID,ra,dec
108013413768014181,341.37685660071463,0.011396134654055935
