objID,ra,dec
109653415306654481,341.5307072995956,1.378380122138467
