objID,ra,dec
104903411825652971,341.18254745661005,-2.5812067377822436
