objID,ra,dec
106283419178002782,341.91783147539394,-1.4312743442733313
