objID,ra,dec
105483418067868515,341.8067764770352,-2.0932686806429177
