objID,ra,dec
110173412021980967,341.2022946147199,1.808699976839408
