objID,ra,dec
109223411700385810,341.17005227530586,1.0211723577568925
