objID,ra,dec
110063415924608145,341.59245678,1.72308797
