objID,ra,dec
108483412712545997,341.2713141358625,0.4045839811326505
