objID,ra,dec
107163415456768907,341.54575981388587,-0.6929200938344368
