objID,ra,dec
106823414498545857,341.44990795821957,-0.9788578319323089
