objID,ra,dec
108323418773183238,341.8772916834235,0.2690103999660317
