objID,ra,dec
107973413957971552,341.3958167836796,-0.02404580718328703
