objID,ra,dec
105443416086985108,341.60879539211675,-2.129488146610281
