objID,ra,dec
109953416209525800,341.6208700735295,1.6295878257003014
