objID,ra,dec
97103410054698619,341.0054908481014,-9.07653871213631
