objID,ra,dec
105733415254382179,341.525599912127,-1.8901815835887381
