objID,ra,dec
95583414674470105,341.46753648,-10.35015315
95583414675020611,341.4675030651236,-10.349852663938641
