objID,ra,dec
105773414984392941,341.49838299,-1.85605779
105773414982393413,341.49828561116465,-1.8558787744847596
