objID,ra,dec
108503419650885390,341.9650918559686,0.42078301874868895
