objID,ra,dec
96343410439117648,341.04391161694315,-9.710636683686086
