objID,ra,dec
109833410955087442,341.0954992639572,1.5307993718376374
109833410953757133,341.09544497,1.53067461
