objID,ra,dec
96073414876683516,341.48770618921253,-9.939053286822356
