objID,ra,dec
104173414632848755,341.46330715218323,-3.184712982575369
