objID,ra,dec
109293413682555974,341.36836676586336,1.0795589503950835
109293413685556110,341.36839054251834,1.0795556233003096
