objID,ra,dec
108403410771327939,341.0771744673524,0.3395275339258246
