objID,ra,dec
108723415572645669,341.5572794942851,0.6043205942431255
