objID,ra,dec
98383415531412620,341.553130312793,-8.014848161649843
