objID,ra,dec
104553416690684748,341.6691086318959,-2.8714277123374057
