objID,ra,dec
108923418943765767,341.8943934256138,0.7711058996180966
