objID,ra,dec
109523417073069423,341.70727114669984,1.2740700952895274
