objID,ra,dec
109523418708031866,341.8708738684469,1.2679008464178163
