objID,ra,dec
109953415397212018,341.5396617797779,1.6263664779599656
