objID,ra,dec
105463415796510204,341.57969306737704,-2.1169214041717708
