objID,ra,dec
107233416304258992,341.6305335070807,-0.6344916999472309
