objID,ra,dec
108333412238561889,341.22374153837757,0.2759921655425821
108333412236821625,341.2237557433302,0.2759672067016599
