objID,ra,dec
108303411972762050,341.1973894850814,0.25124465237764854
108303411969882053,341.19717313,0.251348
