objID,ra,dec
108153411829246433,341.1829034746052,0.129980532076825
