objID,ra,dec
97673410318041794,341.03184695645854,-8.607204042926746
97673410318442168,341.03191431,-8.60706141
