objID,ra,dec
96903414741698402,341.47415774,-9.2433242
96903414739378661,341.4739666304146,-9.243124878241336
