objID,ra,dec
97413419343612084,341.934373647373,-8.823620144411331
