objID,ra,dec
107813410019582391,341.00195373616964,-0.1567013455699169
