objID,ra,dec
103813415219634371,341.52188102945,-3.488357071063743
