objID,ra,dec
104673410065639472,341.0065874087574,-2.767456158834277
