objID,ra,dec
108103415089064654,341.5089294,0.08686074
108103415091854744,341.50916707986926,0.08691207785117606
