objID,ra,dec
107963415600674695,341.56003449778507,-0.02976902111152011
