objID,ra,dec
104063416376876938,341.6377161289964,-3.277879847090449
