objID,ra,dec
107483419023338651,341.90236361,-0.42652226
107483419026208703,341.90260852350485,-0.4264190407116669
