objID,ra,dec
108023412956077379,341.29561084556286,0.022442637434533515
