objID,ra,dec
110393419971406147,341.99717204410405,1.996417359468578
