objID,ra,dec
108133412074038835,341.2075099284508,0.11533584418874135
