objID,ra,dec
108173411080916551,341.10813112921556,0.14673073254772712
