objID,ra,dec
109353418683331366,341.8683621476782,1.1257190446063823
