objID,ra,dec
105553418586890201,341.85869517220476,-2.0418660164883695
