objID,ra,dec
108253414996531523,341.4996039986486,0.20925413217570935
