objID,ra,dec
108793411625765821,341.16261534992776,0.6627935124915924
