objID,ra,dec
107533417081581451,341.7081918360536,-0.39082732376256324
