objID,ra,dec
96743412115976392,341.21160954940973,-9.378413767930434
