objID,ra,dec
104873417803327590,341.78051464785824,-2.6024047131117225
104873417806067424,341.7805346683708,-2.6024031793035682
