objID,ra,dec
107153415253217996,341.5254242598704,-0.70200872825778
