objID,ra,dec
95513413100610803,341.31008758831507,-10.407982751455753
