objID,ra,dec
108093415399396627,341.54009363,0.07980642
108093415400776229,341.5401205075346,0.07980137198373644
