objID,ra,dec
108503413500865312,341.3501247495389,0.4206897723808483
