objID,ra,dec
109453419395999985,341.9396308163201,1.2162676328886108
