objID,ra,dec
107633417203505342,341.7203441860913,-0.30425649319803344
