objID,ra,dec
108093419576051847,341.95764798262894,0.07615773378711699
