objID,ra,dec
109213417314431883,341.73155897644403,1.0095200865536547
