objID,ra,dec
109923419204875731,341.9205393575465,1.6043844945853
