objID,ra,dec
108473416579241348,341.6579262941253,0.3924063224173884
