objID,ra,dec
110533410923418014,341.0923623660204,2.1146772657530795
110533410921997728,341.0923086448717,2.1145066930499667
