objID,ra,dec
109143413963140067,341.3963302972478,0.9497061578317239
