objID,ra,dec
107793415918891548,341.5919668856087,-0.17410361819355522
