objID,ra,dec
107383415736563404,341.57376227092755,-0.5142128661203687
