objID,ra,dec
96403415217636647,341.5218167860288,-9.661423885094578
