objID,ra,dec
108903410053923592,341.00542399803686,0.7526029007161273
