objID,ra,dec
108943419562994881,341.9563812355311,0.7870841926732342
