objID,ra,dec
107113413265783792,341.32660937175075,-0.7388542511707945
