objID,ra,dec
109583417541555879,341.754199956557,1.3210491860280043
