objID,ra,dec
107113418922005111,341.89222466721026,-0.7378105123168742
