objID,ra,dec
106203410261619032,341.02626731498697,-1.4929343554547754
