objID,ra,dec
105833410479099419,341.0479166397714,-1.8007881554974494
