objID,ra,dec
110353410870413075,341.0869535665625,1.9605324126730908
110353410867493101,341.08678665,1.96056583
