objID,ra,dec
106723412759392529,341.27588472674967,-1.06494037975602
