objID,ra,dec
104493411810877387,341.18109409378513,-2.9192372999489438
