objID,ra,dec
110483413033470982,341.30331356695865,2.067093691388924
110483413030530810,341.30315874230337,2.0668391564741486
