objID,ra,dec
108943413857570447,341.38573792,0.78335867
108943413855400666,341.3856022224203,0.783431409874937
