objID,ra,dec
107913415200411714,341.5200311530837,-0.07394835034032166
