objID,ra,dec
106983417580906836,341.75809935430414,-0.8446201715444899
