objID,ra,dec
110393417016119495,341.7014935655115,1.9992494325029013
