objID,ra,dec
108073417673981187,341.76742899012834,0.05898669854328733
