objID,ra,dec
108443412672874393,341.2673420318281,0.3699592653351852
