objID,ra,dec
103913410675781730,341.0675883065842,-3.407291609624627
