objID,ra,dec
108743413707761091,341.3708370148515,0.6171678254836027
108743413707740714,341.37083839,0.61695173
