objID,ra,dec
98033415401820011,341.54021880289747,-8.308678679608937
