objID,ra,dec
104103410671233955,341.06710120456125,-3.2471053701926733
