objID,ra,dec
108853416184717427,341.6184656,0.71411399
