objID,ra,dec
96363419600842205,341.96012450610124,-9.698511086632054
