objID,ra,dec
107913414025665578,341.4025403902863,-0.07075152614764399
