objID,ra,dec
107423418391054212,341.83904973,-0.48016455
107423418387834300,341.83888751195013,-0.4800869206014824
