objID,ra,dec
108803412746176663,341.2746633427011,0.6717858821589987
