objID,ra,dec
108913416417294585,341.6418113628734,0.7618314202038048
