objID,ra,dec
107573417401178451,341.7401307921669,-0.3516259358633206
