objID,ra,dec
108033416755659720,341.6755210092493,0.032673697928244004
