objID,ra,dec
106423417958759864,341.79586883431165,-1.3088348981565787
106423417957139539,341.79572225,-1.30901503
