objID,ra,dec
109443414090398750,341.4090611474293,1.2069093416698635
