objID,ra,dec
107953418696087622,341.86974876341486,-0.035748183164376494
