objID,ra,dec
108443415973741223,341.59740423410636,0.36728296526554777
