objID,ra,dec
95793414456069821,341.4456128634633,-10.167072352703883
