objID,ra,dec
106763410801600911,341.0801118905923,-1.032959786092233
