objID,ra,dec
104093410093563262,341.0094022495557,-3.2559874508469497
