objID,ra,dec
109503412993942565,341.29939244738694,1.2517479129759177
