objID,ra,dec
110973419564943719,341.9564964698854,2.4776597023947224
