objID,ra,dec
109693416660108831,341.66600236836985,1.4153008441923065
