objID,ra,dec
104513418720876582,341.8721123383199,-2.9031899472867804
