objID,ra,dec
108593411986507457,341.19869487265134,0.4974728784818246
