objID,ra,dec
110983418150283308,341.81502530122197,2.485719018777568
