objID,ra,dec
103903411486985115,341.1487356349695,-3.4127302342055583
