objID,ra,dec
107993413749818852,341.37494384705445,-0.0013396683451622703
