objID,ra,dec
109153415427389780,341.54277803775017,0.966088222386732
