objID,ra,dec
105993416278929505,341.62786843,-1.66749894
105993416282079353,341.62810810827347,-1.6676218533851532
