objID,ra,dec
108973417653696732,341.76533590666065,0.8135644240923636
