objID,ra,dec
107723415292468377,341.529365941864,-0.22667805657047554
