objID,ra,dec
110173416017576382,341.6016619572036,1.8132900372677725
110173416015996091,341.60161254,1.81313375
