objID,ra,dec
108063411398671664,341.13989006557887,0.05099937258274011
