objID,ra,dec
110853416412058001,341.64121900427625,2.3813080915504767
