objID,ra,dec
97993414632797959,341.46329849071884,-8.335385133606167
