objID,ra,dec
97543416710425085,341.67105330348505,-8.712782667683147
