objID,ra,dec
104483414875174795,341.48754358462725,-2.9297223271845705
