objID,ra,dec
105353419797300643,341.9796671663683,-2.2081978671312203
105353419797760312,341.97966463,-2.20835037
