objID,ra,dec
107953415778021016,341.57784027,-0.04124797
