objID,ra,dec
106933417207648560,341.72077044857855,-0.8849808528354961
