objID,ra,dec
107543417289232992,341.7289260784054,-0.38117684792933515
