objID,ra,dec
95693412446377384,341.24464951238076,-10.252505985612277
