objID,ra,dec
109783417585627489,341.75842421,1.48905141
109783417583207235,341.7583902403536,1.4889893770554354
