objID,ra,dec
105753410548915770,341.05481181362455,-1.8705357920938763
