objID,ra,dec
107083416599162764,341.6599677941807,-0.7646420428056286
