objID,ra,dec
107553416036840379,341.60371148,-0.37508058
