objID,ra,dec
109723419920364646,341.9921219328144,1.4367891108819273
