objID,ra,dec
108073411786979580,341.1788270831723,0.06573933207909409
108073411788299238,341.1788182498258,0.0657213299925572
