objID,ra,dec
104323416111609653,341.61117806174013,-3.0589737545464
104323416115059811,341.61133191,-3.05882744
