objID,ra,dec
108903411963695968,341.1964508193035,0.754554399867402
