objID,ra,dec
104443416987529471,341.69879698067024,-2.9591561730590006
