objID,ra,dec
110783416368727140,341.6368874,2.32222192
110783416367146830,341.6368091096535,2.322007089693219
