objID,ra,dec
107753419215196442,341.92153053,-0.20335838
