objID,ra,dec
107843413966933290,341.3966669198594,-0.1309405118925182
