objID,ra,dec
109223415303723850,341.53038185791866,1.0195199533331112
