objID,ra,dec
106203412557448838,341.2557807089879,-1.4930117428963579
