objID,ra,dec
107033411497035943,341.1496455231688,-0.8037042211203149
