objID,ra,dec
110503419817070268,341.98173139758933,2.0832401242182126
110503419814670474,341.98165094133594,2.083283792447147
