objID,ra,dec
110163419906314748,341.9906450826929,1.8035954558838403
