objID,ra,dec
107833417230987286,341.72307954665433,-0.1359972502824957
