objID,ra,dec
108153412026657558,341.2027405227785,0.1308728802769798
