objID,ra,dec
108673413019937074,341.30206182384137,0.5638343089578272
