objID,ra,dec
108183419796957032,341.97972977814453,0.15547697996486534
