objID,ra,dec
106223417562681819,341.75620650072835,-1.4821202743702035
