objID,ra,dec
103883417004447191,341.70044340824796,-3.427698514364575
