objID,ra,dec
110953415510752316,341.5510896946044,2.4598960633114837
