objID,ra,dec
97403414763024485,341.47603346925496,-8.83011154684695
97403414759994255,341.4760314306247,-8.83011586849713
