objID,ra,dec
107873414781693989,341.47812730732505,-0.10531874954175857
