objID,ra,dec
108283412185642977,341.21872973495084,0.23537345102917762
