objID,ra,dec
108373412295903708,341.2296282531472,0.31100762881925276
