objID,ra,dec
97823413768522383,341.37690548277885,-8.481722179075103
