objID,ra,dec
108413410225149838,341.02257267274814,0.34950515343530625
