objID,ra,dec
106993414854333394,341.48546868768835,-0.8391662915455994
