objID,ra,dec
109013415994470592,341.5994022506158,0.8417000419902777
