objID,ra,dec
106203415124216152,341.51243994,-1.49530316
