objID,ra,dec
104743417445286843,341.74455184549106,-2.711379614043226
