objID,ra,dec
104523419163132248,341.91629759180995,-2.898503787686404
