objID,ra,dec
103883413158828344,341.31594904386145,-3.426583917744523
