objID,ra,dec
105613418199534336,341.819991524823,-1.9884138203297042
