objID,ra,dec
110293417102542122,341.7102185955253,1.9097616296051512
