objID,ra,dec
106893410760857963,341.0761636072687,-0.91874065508112
