objID,ra,dec
107143418533294316,341.85337667716595,-0.7134321868283107
