objID,ra,dec
105663415114260741,341.51148490724717,-1.9497493554476035
