objID,ra,dec
108243416166833338,341.6167137804533,0.20239804141819126
