objID,ra,dec
107733415885784126,341.5887020380558,-0.22196052400171432
