objID,ra,dec
98413410331476133,341.0331414010106,-7.986911127351763
