objID,ra,dec
108663418134464424,341.8134753399662,0.553331105998713
