objID,ra,dec
104573419920441493,341.99207271,-2.85747248
104573419920751090,341.99209274573417,-2.857754818830572
