objID,ra,dec
105903410056747970,341.00565869336356,-1.7436678990388685
