objID,ra,dec
97603416986140869,341.69863223363484,-8.666289992468993
