objID,ra,dec
95823413396200955,341.3396381569019,-10.14952121311585
