objID,ra,dec
109013417030109286,341.70290510094276,0.8490416395760807
