objID,ra,dec
109753415829397622,341.582971042275,1.4643379076728993
