objID,ra,dec
105493419132759885,341.91334341465273,-2.083804075957011
