objID,ra,dec
108133411663369853,341.16636828979273,0.11622720982068746
