objID,ra,dec
97923411951174522,341.1951719533562,-8.396574091490065
