objID,ra,dec
108853417705955077,341.77061890775775,0.7121814580263767
