objID,ra,dec
109983418545572554,341.8546363431248,1.651751345389453
