objID,ra,dec
109093413811428427,341.38114884471383,0.914946053985396
