objID,ra,dec
109763414312328897,341.43122243366554,1.4736623523072634
