objID,ra,dec
108853411305024840,341.13053143663313,0.7119996969984148
