objID,ra,dec
95803414839452185,341.4839551334043,-10.165169256130293
