objID,ra,dec
98133416076104354,341.6076570404613,-8.221716140345276
