objID,ra,dec
109133415845014049,341.5845476667346,0.9446281792146206
