objID,ra,dec
107673410304796419,341.0304463149696,-0.2700235174259756
