objID,ra,dec
108733419299615869,341.92994848625125,0.6128483360363768
