objID,ra,dec
106513415989871222,341.59898054278744,-1.2410536169729791
