objID,ra,dec
107763414276382787,341.4276200595247,-0.19808138380089302
107763414273632692,341.42738155,-0.19811391
