objID,ra,dec
111113415570698017,341.5571009232105,2.5979646552102627
