objID,ra,dec
106193411625722790,341.162628989346,-1.506379508953592
