objID,ra,dec
108323419063520201,341.9063531274234,0.2664528096260286
