objID,ra,dec
109133417350736823,341.73497236570176,0.9469117649362221
109133417347206655,341.7349652768909,0.9469062505136376
