objID,ra,dec
105753419358183515,341.93584072837905,-1.8725070714022125
