objID,ra,dec
107093417019329163,341.7019479418547,-0.7510509492659491
