objID,ra,dec
108853415255774427,341.5255687636028,0.711692852972117
