objID,ra,dec
106013413793829185,341.3793911848856,-1.6511461001854792
