objID,ra,dec
110403414896212566,341.48965624515967,2.001727056324248
