objID,ra,dec
110313412298868999,341.2298511519448,1.9320979258271604
