objID,ra,dec
103963410670230739,341.0669913064359,-3.3664101630587324
103963410667550561,341.06679827,-3.36659494
