objID,ra,dec
107243415014578689,341.50157258919825,-0.6264084717944899
107243415017198917,341.50178715,-0.62627966
