objID,ra,dec
108223418102915587,341.8102568726367,0.18768918631492773
