objID,ra,dec
97633411000233010,341.1000277359859,-8.639503248796132
