objID,ra,dec
106613419811837126,341.981195166838,-1.152766047856987
