objID,ra,dec
96263414522547298,341.45230993899264,-9.777625994143067
96263414523577748,341.4522971793157,-9.777613140233392
