objID,ra,dec
107143419464669952,341.94647616,-0.70875157
107143419465269495,341.9465149563123,-0.7090195430319761
