objID,ra,dec
107643415873335689,341.58738415608553,-0.2956414151997774
