objID,ra,dec
107383412612454539,341.26125205625533,-0.5132701974445121
