objID,ra,dec
110363418225088445,341.82244899207603,1.9733240104221614
