objID,ra,dec
110423410968727051,341.09692101598824,2.0222261865236324
