objID,ra,dec
104063410647668391,341.0647706748153,-3.276788798267596
