objID,ra,dec
105893412335376915,341.23335402128623,-1.75291250213818
105893412331356778,341.23331685807597,-1.7529133675004351
