objID,ra,dec
110823415421277701,341.54218631562907,2.3560316894741877
