objID,ra,dec
109043410461158870,341.0461403244128,0.8736683877332835
