objID,ra,dec
95823416646792080,341.6646670425896,-10.148658681315307
