objID,ra,dec
105463419093749425,341.9093892208229,-2.1092735252473314
