objID,ra,dec
108243415271845572,341.5272016042455,0.20428489410997722
