objID,ra,dec
106103419416891028,341.94167817,-1.58281582
