objID,ra,dec
110583410940208052,341.09404887409573,2.1563047772838693
