objID,ra,dec
110203414070943007,341.4070648119897,1.8355852793615726
