objID,ra,dec
109223410363157668,341.036334528732,1.022664483175707
