objID,ra,dec
104423417875581264,341.7876238520003,-2.98255698821516
104423417876681613,341.78767475,-2.98236128
