objID,ra,dec
109953413801526017,341.38010863840645,1.6295311928313225
