objID,ra,dec
109303416937189695,341.69378102550473,1.0909906484081615
