objID,ra,dec
110063414720579890,341.47211932,1.72445497
