objID,ra,dec
106873425846708806,342.58468899280456,-0.9348176378315652
