objID,ra,dec
107063422192347776,342.21937179383315,-0.7773023871380954
