objID,ra,dec
107823428392217365,342.83928659,-0.14424848
