objID,ra,dec
108383424714229530,342.4714827686036,0.3242021229707125
