objID,ra,dec
106833425280660517,342.5280583150204,-0.9749223884539047
106833425279630840,342.52804334,-0.97465534
