objID,ra,dec
109053421809778911,342.18097394580576,0.8820457561440708
