objID,ra,dec
108173420644598298,342.0644676427237,0.1482766122162018
