objID,ra,dec
107803425106135925,342.51054903,-0.16218057
