objID,ra,dec
97653421028274259,342.10285071343304,-8.621791590882786
