objID,ra,dec
109643420212911986,342.0213341471339,1.3679204033445087
