objID,ra,dec
108073427876307772,342.7876211776234,0.0643103479668427
108073427872707449,342.78725877,0.06419165
