objID,ra,dec
96043422545548163,342.25462129696535,-9.960168613242981
