objID,ra,dec
104203428763929928,342.8764475344436,-3.158832783428431
