objID,ra,dec
110513424315056535,342.4314613203327,2.096612473924801
