objID,ra,dec
108193420728586512,342.0728845761218,0.16339873543095967
