objID,ra,dec
107913423168463341,342.31681038138424,-0.0726235945707111
