objID,ra,dec
107963427895163159,342.7895201511616,-0.03106060322186925
