objID,ra,dec
108193429170733921,342.9171080784505,0.16123022662096395
