objID,ra,dec
107643420776528292,342.0776598839342,-0.29349234094171955
