objID,ra,dec
106123420453766378,342.0453384741731,-1.5617316808596728
