objID,ra,dec
107623428639597021,342.86397568536273,-0.3111930349792707
