objID,ra,dec
104453423825517651,342.38259030561403,-2.9522902840131757
104453423827877446,342.38275481,-2.95244741
