objID,ra,dec
104583429373784490,342.9373392834203,-2.8466079793197725
