objID,ra,dec
106683427158850704,342.7159154329837,-1.0998684302011246
