objID,ra,dec
96323424983961655,342.498443812019,-9.732295419552296
