objID,ra,dec
109023427250947600,342.7251354186723,0.8559275766222572
