objID,ra,dec
109753424905170514,342.4905483067122,1.45836340642201
