objID,ra,dec
96673426819881665,342.68210572851456,-9.44066616369117
