objID,ra,dec
105853425322329406,342.5321936871372,-1.7841172220170667
