objID,ra,dec
107813428463728978,342.8463840131225,-0.15139257051334232
107813428462528457,342.84634539869484,-0.15151017262607436
