objID,ra,dec
98073423758049356,342.3757887460517,-8.267537836495338
