objID,ra,dec
106653423065831552,342.30659173,-1.12408854
106653423064371869,342.3064849135308,-1.1238071053582774
