objID,ra,dec
106763427098833808,342.7098551188996,-1.0305405056333825
