objID,ra,dec
110983424584174021,342.45842058136157,2.486315142133558
