objID,ra,dec
106733423547058327,342.35469349555586,-1.051777347905613
