objID,ra,dec
110643422709598960,342.2709969157181,2.2070287285925447
