objID,ra,dec
110413423596933320,342.35968997955484,2.010710268798454
