objID,ra,dec
97313427386316761,342.7386603716624,-8.903037091851997
