objID,ra,dec
109833426373849611,342.63742621,1.53264125
109833426377299608,342.63777248,1.53273564
