objID,ra,dec
107773425145966977,342.51456461810926,-0.1862140404925928
