objID,ra,dec
108713420237922691,342.02395292878964,0.5935353314322057
