objID,ra,dec
108893425740787047,342.5740965724869,0.7471790567816865
