objID,ra,dec
104853428959507788,342.8959441740879,-2.6190035027941363
