objID,ra,dec
104133427201625758,342.72023769022206,-3.220597504296262
