objID,ra,dec
103913428594706637,342.85948302401096,-3.4032101485547717
