objID,ra,dec
106463420167149348,342.0167473206203,-1.2758913648987102
