objID,ra,dec
109833424235589390,342.4236404658639,1.5324382109422225
