objID,ra,dec
110453424344806746,342.4345883278463,2.0469529373134265
