objID,ra,dec
109603424278782271,342.4278319166616,1.334834718215326
