objID,ra,dec
108713429746752572,342.97468749517526,0.5934070997015221
