objID,ra,dec
107633421934802973,342.19351375390556,-0.30629949065621676
