objID,ra,dec
106603428858613360,342.88596543806113,-1.1642972185317249
106603428858642962,342.8859439038144,-1.1644107897927554
106603428861443279,342.88621958,-1.16431596
