objID,ra,dec
108633424213471315,342.4214124716788,0.5256474878392203
108633424213401680,342.4213692,0.52588127
