objID,ra,dec
98363423505937786,342.35059419134967,-8.02721973366491
