objID,ra,dec
108013426421232706,342.6421038828072,0.01018643415641327
