objID,ra,dec
107013427366106524,342.73658450923847,-0.819950493181066
