objID,ra,dec
110163422435355426,342.24356674254403,1.8041522106897245
