objID,ra,dec
108603425994904828,342.59951153944036,0.5036351189672766
