objID,ra,dec
107133422446381215,342.2446973730236,-0.7244098700344914
