objID,ra,dec
104683421554036834,342.1554638353519,-2.761395965321115
