objID,ra,dec
110123421819698230,342.1819746623905,1.773131268669141
