objID,ra,dec
105993429396233497,342.9396186281385,-1.6725111793557066
