objID,ra,dec
107023426631830106,342.6632419154899,-0.8170857630344174
