objID,ra,dec
105033423062952694,342.3063172344654,-2.4731251095976035
