objID,ra,dec
107273422548760177,342.25489492,-0.60861004
