objID,ra,dec
111253424396286717,342.43962776283,2.7135790821471995
