objID,ra,dec
104353424356157489,342.4356793747901,-3.035741485492811
