objID,ra,dec
110333420622282963,342.06212411,1.94374507
110333420618682706,342.0619371306923,1.9434881512156577
