objID,ra,dec
107153423815943533,342.38165676818124,-0.7057196417572094
