objID,ra,dec
105893422663032628,342.2663135141601,-1.7566443266367242
105893422663042261,342.2663736237309,-1.7568129360864135
