objID,ra,dec
111563425144060739,342.51448992619424,2.96693790118654
