objID,ra,dec
110843428434754434,342.8434816616458,2.3699664707181185
