objID,ra,dec
108413420328853683,342.0328736785047,0.344392414956022
108413420327903365,342.03278919,0.34412477
