objID,ra,dec
108983429821821512,342.98219341034655,0.8175488349916463
