objID,ra,dec
106113424744315956,342.47440703,-1.5703901
