objID,ra,dec
108183428418763945,342.84187481329167,0.15291693807694537
