objID,ra,dec
108903429628216736,342.962852850944,0.75521732879944
