objID,ra,dec
105873427952765823,342.79528758730885,-1.7706010779065309
