objID,ra,dec
98063422530637235,342.2530365171865,-8.277631237156335
98063422530946876,342.25301462,-8.27784248
