objID,ra,dec
110173421892283793,342.1892370807385,1.8110802171179228
