objID,ra,dec
109803427380519552,342.7380466584601,1.5076580557870318
