objID,ra,dec
108683423807216222,342.3807645074951,0.571406039398926
