objID,ra,dec
106863428590665955,342.8591266012014,-0.9454824150102261
