objID,ra,dec
95703428943316526,342.894338048669,-10.244937705096715
