objID,ra,dec
109503421528782495,342.15287980962995,1.2517056697871887
