objID,ra,dec
109833427893064995,342.78920596,1.52876251
109833427891414661,342.78914915147004,1.5285353657188987
109833427888615130,342.78910541,1.52879763
