objID,ra,dec
108343420877241277,342.08774167166524,0.2840195212573076
