objID,ra,dec
109093421371298420,342.13726944745713,0.9148953533741762
