objID,ra,dec
95883426146458192,342.61462791796333,-10.093508924803485
