objID,ra,dec
110723429622828450,342.9622728429922,2.273358569177862
