objID,ra,dec
106593423831058592,342.38310095137484,-1.1681861434306002
