objID,ra,dec
107613420129264945,342.0129588675187,-0.32128836085150037
