objID,ra,dec
106013423367267120,342.336658792257,-1.652705473768505
