objID,ra,dec
106333423201655271,342.320176682525,-1.3877063652505206
