objID,ra,dec
108303423829694721,342.38295183151195,0.25345651171853956
