objID,ra,dec
96783423563270921,342.356334566467,-9.349606179348163
