objID,ra,dec
105543421359758407,342.1360360756555,-2.043346238252088
105543421362688507,342.13627453,-2.04327836
