objID,ra,dec
103943420390452090,342.0390094632788,-3.3819452652108586
