objID,ra,dec
103903420079810803,342.00796899543406,-3.4163987373550015
