objID,ra,dec
109433420258690715,342.02596444,1.19192724
109433420260400260,342.02605462286465,1.191699905221476
109433420262760752,342.02613900402326,1.191779803168908
