objID,ra,dec
97253424118544124,342.4118559235225,-8.95524850187767
