objID,ra,dec
105993426714231899,342.6714541795523,-1.6737787414966756
