objID,ra,dec
107963429743928533,342.97444278458045,-0.02658321724180383
