objID,ra,dec
106053424889645788,342.48901858163225,-1.6205357415188801
