objID,ra,dec
97683428483041226,342.8482395828491,-8.599307053726971
