objID,ra,dec
104573423609242184,342.36091677489975,-2.8568555355378007
