objID,ra,dec
107413425692425996,342.5692691236919,-0.4870556014353114
