objID,ra,dec
104463420680216318,342.0680486217912,-2.945141130942832
