objID,ra,dec
109783426269922765,342.6269864144962,1.4852826881285026
