objID,ra,dec
108833421378246768,342.13793048,0.69693391
