objID,ra,dec
105973420293245261,342.0292710891097,-1.6877087331300276
