objID,ra,dec
108843421380100069,342.13802344064976,0.6996743779928625
