objID,ra,dec
110323423033085700,342.30327230436245,1.937774376998562
110323423032086019,342.30329915877024,1.9378757510938012
