objID,ra,dec
107863424289432897,342.4288658422151,-0.1146608269438295
107863424286242830,342.42862443,-0.11466755
