objID,ra,dec
104343426769141241,342.6769092973663,-3.049370612877194
