objID,ra,dec
105843422227592785,342.22272935736635,-1.7980788301957986
