objID,ra,dec
109083425745639045,342.5745876333336,0.907071745934314
