objID,ra,dec
106573424392920628,342.43928539881915,-1.1915034666132018
