objID,ra,dec
108723420113975415,342.01138843418727,0.6041773468785566
