objID,ra,dec
97973422940545325,342.2940348753152,-8.354235478535758
