objID,ra,dec
107153428811952570,342.8813208,-0.70644822
