objID,ra,dec
106483422308046084,342.23087361453656,-1.2619552195891561
