objID,ra,dec
107443429639894887,342.9641443598991,-0.46302925405487994
