objID,ra,dec
110023423088076382,342.30888866392763,1.6882736693786713
