objID,ra,dec
111223421883020060,342.18820754,2.68292289
111213421878179893,342.1879593437782,2.6828014970439376
