objID,ra,dec
106713423413728588,342.3413266430017,-1.0682194865678163
