objID,ra,dec
96613428013282749,342.8013248210951,-9.489700770047225
