objID,ra,dec
105513429283316872,342.92835070802556,-2.0696190785460042
