objID,ra,dec
98053424973553447,342.49737949318614,-8.289153406666012
