objID,ra,dec
109793427123863407,342.71248645753303,1.4941579178350215
