objID,ra,dec
107353420864843367,342.08650373968464,-0.5392623983589298
