objID,ra,dec
106323426443766695,342.6444594568253,-1.3948151124052264
