objID,ra,dec
109443421718576452,342.17187476434026,1.2049461957823748
109443421720426170,342.17204829,1.20474163
