objID,ra,dec
110693428964092228,342.8964662970044,2.243172376536622
110693428964142584,342.89640699,2.24336927
