objID,ra,dec
107533429099010951,342.90992831044986,-0.39123212611135844
