objID,ra,dec
103803425758089422,342.5757048194538,-3.4925852950784155
