objID,ra,dec
107933428102762957,342.81026734624805,-0.056075034543366396
107933428102283293,342.81026403193005,-0.05607570815073596
