objID,ra,dec
107673421854500281,342.1855213094786,-0.27507481164192443
