objID,ra,dec
109603427907236544,342.7907656560934,1.338465696288142
