objID,ra,dec
106273421262300121,342.12624515653425,-1.4419336035370973
