objID,ra,dec
107523426396609547,342.63971406145134,-0.3924068408031423
