objID,ra,dec
95443425574586607,342.5574550647811,-10.461494079988121
