objID,ra,dec
106923425845457000,342.58444816,-0.8945117
