objID,ra,dec
109983420095604350,342.00950422618666,1.6531811482442034
