objID,ra,dec
110763427609581930,342.7609631049936,2.3011975659322554
