objID,ra,dec
110123420314066857,342.0314266259042,1.7720339439924728
