objID,ra,dec
108963423521914812,342.352211473348,0.803549491421877
