objID,ra,dec
106273421723527619,342.172495993299,-1.4357426648124174
