objID,ra,dec
105303428393165037,342.83923987423145,-2.2461062728111507
