objID,ra,dec
109123424854631340,342.4855124110127,0.9340489249240149
