objID,ra,dec
109873425363783997,342.5364291945121,1.5612714572555029
