objID,ra,dec
104643420937362750,342.0936891017851,-2.7982245267411328
