objID,ra,dec
107353424613606269,342.4613402578553,-0.5368146525579512
