objID,ra,dec
107993428478192086,342.8478655019322,-0.0069630892799570085
