objID,ra,dec
111423423040397784,342.3040246547881,2.8561735890371422
