objID,ra,dec
106703421989848165,342.19903866,-1.07694949
