objID,ra,dec
107843420605998896,342.0605683476067,-0.12637143382308802
