objID,ra,dec
107623425913966696,342.59148860758836,-0.31153985273948304
