objID,ra,dec
107773426251680264,342.6252655323097,-0.19167750158580615
