objID,ra,dec
107373424518099413,342.4517154638272,-0.5174825687360608
107373424516549797,342.45169479926705,-0.5174894636964598
