objID,ra,dec
96403424125004559,342.41253293066217,-9.663245030011739
