objID,ra,dec
97153420583770310,342.0583941405012,-9.041769911099776
