objID,ra,dec
105583425325882837,342.53252824594784,-2.0146847771820138
