objID,ra,dec
109253421563288175,342.156370042222,1.04811251705763
