objID,ra,dec
105813426976101082,342.6976636915685,-1.8245315963579993
