objID,ra,dec
97293427053662320,342.70538875625357,-8.923420450087281
