objID,ra,dec
104533428553505308,342.85532784022365,-2.8876315145967273
