objID,ra,dec
109603427396088051,342.73957100080924,1.3396827203249677
