objID,ra,dec
105843423338188385,342.33382641,-1.79335989
105843423340048667,342.3340118547722,-1.7931545430396674
