objID,ra,dec
109313421492285684,342.14924429914504,1.0960153552783725
