objID,ra,dec
107663423583127916,342.3583229708362,-0.27713366263134076
