objID,ra,dec
108033429750202506,342.97507150512786,0.026727785501131314
