objID,ra,dec
109613426383900865,342.6384142125434,1.3421177086950151
