objID,ra,dec
97983424549083379,342.45488781211105,-8.347492470570945
