objID,ra,dec
107423423875527979,342.3875570844132,-0.4770371165025939
