objID,ra,dec
110233429104680210,342.91049403286473,1.8581033285233435
