objID,ra,dec
111153428446024157,342.84458635654806,2.628039962085315
