objID,ra,dec
96853420599621888,342.05997414472495,-9.290492640795145
96853420596861805,342.05984447,-9.29061732
