objID,ra,dec
107933420805066820,342.0805655444414,-0.05301960762058891
