objID,ra,dec
108103427626356544,342.76259322433157,0.08839175081493608
