objID,ra,dec
105183422722168912,342.27219191932164,-2.3429400170001133
