objID,ra,dec
106193426258416778,342.62588935483234,-1.5030891594117202
