objID,ra,dec
106883423134057494,342.3134491600293,-0.927491638256288
