objID,ra,dec
107693425850031135,342.58504315303577,-0.2578057112478964
