objID,ra,dec
110063429880203624,342.9879840775046,1.7193349071201953
