objID,ra,dec
108403423916381637,342.3916526463857,0.33427537980740435
