objID,ra,dec
96583423394121101,342.33942754134677,-9.516104528929521
