objID,ra,dec
108833428271451685,342.8271727290807,0.692753811874643
