objID,ra,dec
106473424456075526,342.4455204525965,-1.2707993108629156
