objID,ra,dec
108703428440014561,342.844006861871,0.5867534410138502
