objID,ra,dec
97203425369128461,342.5369111369681,-8.993287038608456
