objID,ra,dec
105933420688693501,342.06889251,-1.72254987
