objID,ra,dec
106523428120717613,342.8120579614514,-1.2273961342824087
