objID,ra,dec
106683423548661305,342.35484355034987,-1.0992241631180064
