objID,ra,dec
109623425974705691,342.59754411147276,1.3543586358460968
