objID,ra,dec
108473428807632738,342.88077492778655,0.3935608912358712
