objID,ra,dec
110473429112201005,342.9112300731876,2.0587958567775972
