objID,ra,dec
106963425044866567,342.5044768756617,-0.8615718319745878
