objID,ra,dec
109523426307965268,342.63079845,1.27070528
109523426305345489,342.6305532708226,1.2708453272188907
