objID,ra,dec
111423423994919765,342.39950221885204,2.857716564189431
111423423992169544,342.3994687841488,2.8576932560234027
