objID,ra,dec
105673423215734941,342.3214891065226,-1.9378731583525324
