objID,ra,dec
110063422932212885,342.29322034,1.7186819
110063422929392848,342.29290047503883,1.7187256790739855
