objID,ra,dec
105063429496835811,342.94967979762055,-2.4455357731307563
