objID,ra,dec
108563421280346509,342.1280539743038,0.47173637903022336
