objID,ra,dec
109093423228506387,342.3228413162171,0.9132485789318253
