objID,ra,dec
97193424395288090,342.4395202475381,-9.001940760508267
