objID,ra,dec
97253425227590586,342.5227479668067,-8.958169760518976
