objID,ra,dec
108303426810275362,342.6810944068145,0.2541346324024024
