objID,ra,dec
106643423908629699,342.39090660025903,-1.1256207331526689
