objID,ra,dec
106013420100129321,342.01001311742135,-1.6509752423625106
