objID,ra,dec
96623420387200581,342.03875023078757,-9.48320396259922
96623420387020220,342.03867427,-9.48331498
