objID,ra,dec
106663424547064390,342.4547087766518,-1.1133657021526095
106663424546164782,342.45471991572487,-1.113366901099618
