objID,ra,dec
106993425821584780,342.58216954444526,-0.8380460057708947
