objID,ra,dec
107433427746771565,342.7748300775151,-0.4740434342335656
