objID,ra,dec
106573424062632861,342.4062188164336,-1.1896346293000164
