objID,ra,dec
108853420961155733,342.0960634817063,0.7127535873527543
