objID,ra,dec
97253423290059883,342.3290214409088,-8.950443677435723
