objID,ra,dec
108053424854018144,342.4854603723226,0.04807032413174978
