objID,ra,dec
109613420708864088,342.07088223,1.34473272
109613420706204267,342.0706554559626,1.3448206243575327
