objID,ra,dec
106263429422114604,342.94231772,-1.44643563
