objID,ra,dec
107473424563710487,342.45638502166736,-0.4416526016257501
