objID,ra,dec
108993425484742241,342.5485046932881,0.8264810103448051
