objID,ra,dec
107333429535613132,342.95356921045163,-0.556128381644349
