objID,ra,dec
105703424894016596,342.48942182409576,-1.911539515674889
