objID,ra,dec
95613428946896889,342.8946759006915,-10.319635413460883
95613428949306586,342.89486644,-10.3196866
