objID,ra,dec
108663428582609392,342.85825254939164,0.5574423318027418
