objID,ra,dec
108333426841195855,342.6841565484361,0.2795178771906489
