objID,ra,dec
108973426493951307,342.6494236917144,0.8090265870472156
