objID,ra,dec
110283428154975241,342.815522918195,1.9039704333147272
