objID,ra,dec
107053424847283413,342.4847207255052,-0.7892277161540571
