objID,ra,dec
108913424876351504,342.4876633390239,0.7591522664671212
