objID,ra,dec
108273428095806584,342.80960377,0.2300793
