objID,ra,dec
105413423651259840,342.36515870894885,-2.1504811842412366
