objID,ra,dec
108253420870709735,342.08714055631617,0.21606596378005646
