objID,ra,dec
107903426968879460,342.6969187370596,-0.07583608045053568
