objID,ra,dec
106533423918397325,342.3918480603991,-1.2191744610582291
106533423915507445,342.39169676,-1.21920713
