objID,ra,dec
109223428395343706,342.83957059285785,1.0193456053652874
