objID,ra,dec
107143423367697833,342.3368165666984,-0.7105502975208021
