objID,ra,dec
103993424057122342,342.40576950769594,-3.3400852481953236
