objID,ra,dec
107613423116676790,342.3116664892211,-0.31971206622747234
