objID,ra,dec
105213424437689299,342.4436949868124,-2.317567664226307
