objID,ra,dec
104423423650821163,342.36512783511495,-2.9827153943756235
