objID,ra,dec
107293420569090198,342.0568928137008,-0.5918637155197018
