objID,ra,dec
110473428054517014,342.8054437444197,2.063784106507718
