objID,ra,dec
106933423660051363,342.3659137577863,-0.8910329576357323
106933423657811113,342.3659051531894,-0.8910460276707856
