objID,ra,dec
106553425918630168,342.59185289681227,-1.2085052963644625
