objID,ra,dec
104513422210786892,342.22113025034724,-2.9030544263186346
