objID,ra,dec
106003422358664026,342.2359436961277,-1.663668538917185
