objID,ra,dec
97423423728303717,342.37284810033026,-8.813898546667687
