objID,ra,dec
109763421667897782,342.16678895,1.47273894
109763421664927553,342.16656416,1.47267971
