objID,ra,dec
107603421910814267,342.1910823747072,-0.3301536872951134
