objID,ra,dec
107113422981121714,342.2981325424842,-0.740638537444266
