objID,ra,dec
105873425054992337,342.50557414,-1.77334146
105873425057822227,342.50579551889604,-1.7734915591912304
