objID,ra,dec
107713427982991132,342.7983714120305,-0.2410980047582376
