objID,ra,dec
105893428899998330,342.8899667523382,-1.7517706402285773
