objID,ra,dec
108083425240639062,342.5240755405057,0.07381714733517337
