objID,ra,dec
108833424747510953,342.4747175079438,0.6920151759649392
