objID,ra,dec
109153424164530570,342.4164802489432,0.9584191787256786
