objID,ra,dec
108653425029973097,342.5030174223675,0.5438460719386817
108653425030012760,342.50300192,0.54361016
