objID,ra,dec
108313426777919321,342.67780580981497,0.2657409273357529
