objID,ra,dec
111063421282016103,342.12818411828937,2.554771018966715
