objID,ra,dec
104413420099615211,342.01002345791017,-2.9876012408306933
