objID,ra,dec
107053428763154307,342.87634656083054,-0.7884852498006664
