objID,ra,dec
109563429257378639,342.9257472864311,1.3067840343051653
