objID,ra,dec
105323428771247955,342.8771051901719,-2.227068197097264
