objID,ra,dec
111393426042789634,342.6042854737598,2.832606859610708
