objID,ra,dec
106803438591108893,343.85908012596366,-0.9930140899041421
