objID,ra,dec
108933435270595830,343.5270463949718,0.7794951809356218
