objID,ra,dec
106863437203008903,343.72031405203165,-0.9429574734784353
