objID,ra,dec
108453439513078480,343.95141710733407,0.38170942778061434
108453439517078583,343.95172387,0.38174305
