objID,ra,dec
107203433900026399,343.39005169857484,-0.6617001619898301
