objID,ra,dec
110833434181652972,343.4181534653625,2.360526092871707
