objID,ra,dec
109653434004707615,343.4004543645025,1.380945475441
