objID,ra,dec
103973436538589085,343.6538579044658,-3.351188709428993
