objID,ra,dec
103843435432306783,343.5431886061615,-3.4613638783382035
