objID,ra,dec
106343436726897683,343.67266496448156,-1.3772561667724574
