objID,ra,dec
108563431059319493,343.1059498429394,0.4741938373310043
