objID,ra,dec
107873438059758582,343.80595558013124,-0.1015428442126099
