objID,ra,dec
104593436172115988,343.61711404601715,-2.8370194176073755
104593436168245912,343.61694069,-2.83709226
