objID,ra,dec
110253433070593829,343.30706591711606,1.877706843686334
