objID,ra,dec
106193435431804661,343.5432182751278,-1.5048281235500938
