objID,ra,dec
107123431916660913,343.19168210726724,-0.7330320077676846
