objID,ra,dec
107983439590650720,343.9590993703366,-0.016574617295631273
