objID,ra,dec
108593435024217817,343.5024041388707,0.49779525669741964
