objID,ra,dec
104303432354139098,343.2354272945159,-3.0759982345972356
