objID,ra,dec
108963433743192660,343.3743705958359,0.8017990102865086
