objID,ra,dec
106723434277513188,343.4277707117652,-1.0643645672480664
