objID,ra,dec
106713436148766315,343.6149277737524,-1.0701587177606697
