objID,ra,dec
109713439994679029,343.9995646408967,1.432157336915844
