objID,ra,dec
105683431016894610,343.1016689134017,-1.929848255411303
