objID,ra,dec
106813431358428454,343.13585391496576,-0.9850300277603071
