objID,ra,dec
107963434929810540,343.4929509788549,-0.03331909646479635
