objID,ra,dec
107193433614664106,343.36151215618577,-0.6719437389855368
