objID,ra,dec
109023434537689258,343.4537540712035,0.8573006476389109
