objID,ra,dec
110183436310436127,343.6309487250388,1.8213788163876985
