objID,ra,dec
108813432544982826,343.2546119984229,0.6769262073593026
