objID,ra,dec
110923433166373413,343.3166664960608,2.435723309478127
