objID,ra,dec
107873438767042636,343.87669966727447,-0.1065315116637616
