objID,ra,dec
111623433927912571,343.39282700194553,3.018470418513012
