objID,ra,dec
106683434412491805,343.4411789913536,-1.0989621734229815
