objID,ra,dec
106603431887407269,343.1887132662271,-1.1610130663532283
