objID,ra,dec
109113430979296458,343.0979180649652,0.9299436105743601
