objID,ra,dec
105783432150028181,343.21498107202746,-1.8435905599854308
