objID,ra,dec
105783435813124844,343.5813211640527,-1.8464802721533546
105783435812984507,343.5813394448945,-1.846506695430679
