objID,ra,dec
95353437754744089,343.7754788033056,-10.538598905303727
