objID,ra,dec
106633432895605748,343.2896124784932,-1.137267086011322
