objID,ra,dec
108803430795839553,343.0796313106298,0.6742403507110439
