objID,ra,dec
109023433546548509,343.35466333,0.85666719
109023433545738152,343.3546030888286,0.856445459087257
