objID,ra,dec
107253439667563028,343.9667990642394,-0.6228428823388562
