objID,ra,dec
105783437359982854,343.7360731620706,-1.847924124688387
