objID,ra,dec
107483436961160487,343.69609812992366,-0.43332863848352954
