objID,ra,dec
107153437511987194,343.7511851638981,-0.7026679817442207
