objID,ra,dec
109613433626939111,343.362709393151,1.348838905865195
