objID,ra,dec
110983434321502231,343.43223493849945,2.4848005578316408
