objID,ra,dec
110153433290513222,343.32906996838886,1.7941116952315812
110153433288212969,343.32902415,1.79382745
