objID,ra,dec
110763435704861649,343.5704832532501,2.300988811382962
