objID,ra,dec
105663436812465144,343.6812447816532,-1.9460958754242208
