objID,ra,dec
108183434332622874,343.4333304753738,0.1520211113552409
