objID,ra,dec
107763438544315609,343.8544604639146,-0.1956877295836974
