objID,ra,dec
108903439318947273,343.9319483132689,0.7557665122956514
