objID,ra,dec
111383439618846323,343.9618502578835,2.8215888435365377
