objID,ra,dec
108023436536031746,343.65359942113986,0.01771577022612876
