objID,ra,dec
96873439406102536,343.94064855377303,-9.273239240347896
