objID,ra,dec
105753435465292734,343.5466552383501,-1.873074150501662
