objID,ra,dec
107943430610179744,343.061029181722,-0.0422381756180767
