objID,ra,dec
107693439069134378,343.9069868046085,-0.2550390066161931
