objID,ra,dec
111393432636591820,343.26373618104896,2.8260517017159774
111393432638201547,343.2637338295863,2.826051506657993
