objID,ra,dec
106173431257614672,343.12573637135074,-1.5214667015606733
