objID,ra,dec
106593432817889400,343.28178687802983,-1.167533231440466
106593432817909747,343.28178942,-1.16726674
