objID,ra,dec
109783434726950151,343.47270718,1.48305994
