objID,ra,dec
109573433415992833,343.34171788204367,1.3103025663160637
