objID,ra,dec
106653439627246443,343.9627399637448,-1.1200477658456698
