objID,ra,dec
109783434127006014,343.4127045124133,1.487923504478993
