objID,ra,dec
107933432869226568,343.2870527990262,-0.0532415940420041
