objID,ra,dec
106133430166732650,343.0166872106806,-1.5564804991032237
