objID,ra,dec
104813433953969660,343.39538621303114,-2.6506590185812744
