objID,ra,dec
107423437400609739,343.74010065065136,-0.47559664792196393
