objID,ra,dec
105873436053861163,343.60541784747755,-1.774397824380104
