objID,ra,dec
95893431017009496,343.10173906084606,-10.0840920414885
