objID,ra,dec
110903431461624860,343.14618966198134,2.4203280417040705
