objID,ra,dec
106803433855179314,343.3855987832928,-0.9926126986841949
