objID,ra,dec
104753433447299276,343.34474386546765,-2.700992930941785
104753433451779141,343.344974,-2.701131
