objID,ra,dec
108493430581445729,343.05816458,0.41270542
