objID,ra,dec
98053438445029240,343.84450843574643,-8.28429294213126
98053438443638925,343.84438759,-8.28450835
