objID,ra,dec
109863433046023610,343.30459482487134,1.5526151803891473
