objID,ra,dec
109263435509861658,343.5509482563999,1.0509017547127801
