objID,ra,dec
106683437429568386,343.7430038805813,-1.093433110548434
