objID,ra,dec
104263438857227912,343.88574597382024,-3.110401631273342
104263438860778036,343.88583015214897,-3.1103467741452038
