objID,ra,dec
106113436211899401,343.6212092302419,-1.5675584674791534
