objID,ra,dec
109053430207659114,343.0208356131403,0.8821382843854354
