objID,ra,dec
109943432087036006,343.2087652039414,1.6212579102652156
