objID,ra,dec
108333433362703260,343.33632458173383,0.2773363889186091
