objID,ra,dec
107573437054992921,343.7055330497675,-0.3562762408380416
