objID,ra,dec
107373431786417615,343.1786347226889,-0.519085601465328
107373431784597918,343.1785080620674,-0.5190140052389377
