objID,ra,dec
108913433536666667,343.3536811003102,0.7635085481828391
