objID,ra,dec
108273439485759310,343.94860568,0.23237819
108273439487459591,343.9487607475488,0.23258332422405675
