objID,ra,dec
96913431147954343,343.1147461879613,-9.238361215861618
