objID,ra,dec
109723433106400901,343.31065019901916,1.4337268348697862
