objID,ra,dec
108523431693838411,343.1694012574813,0.43997888939293467
