objID,ra,dec
109593432683340054,343.26838436131726,1.3245390217406035
109583432681209840,343.2679832749368,1.3243005937979995
109583432679489540,343.2679738442299,1.3242898169320978
