objID,ra,dec
106213438254344137,343.8254352039192,-1.488630847453925
