objID,ra,dec
108143433625049272,343.3625424148303,0.12401901724782907
