objID,ra,dec
106593435140475472,343.5140294634972,-1.170733051168254
106593435139445784,343.51398434,-1.17057787
