objID,ra,dec
107543435814665766,343.5814893017225,-0.37890262721587903
