objID,ra,dec
109113433641814895,343.36418498,0.92865571
