objID,ra,dec
105793431949772861,343.19499885,-1.83966438
