objID,ra,dec
109483436428033549,343.64278732780963,1.2358782343819634
