objID,ra,dec
111113437309159172,343.730932169941,2.598919041823639
