objID,ra,dec
108863430076468607,343.0076901334359,0.7234405783916881
