objID,ra,dec
107463434291544188,343.42920391235754,-0.44689957625749244
