objID,ra,dec
109473434719006202,343.47188747965623,1.2295455408701579
109473434720705717,343.47189302045786,1.2295452957158763
