objID,ra,dec
109443432052901824,343.2053011827551,1.2011210724496562
