objID,ra,dec
106053435090924461,343.50920158872617,-1.6216744039882625
