objID,ra,dec
108573430566873960,343.05667069539317,0.47787530979609855
