objID,ra,dec
109213438768877701,343.8768987783903,1.0143147341049439
