objID,ra,dec
107773435819982836,343.5820275063978,-0.18964924359105634
