objID,ra,dec
106023433246137215,343.32461350104484,-1.6444196569168446
