objID,ra,dec
105583437779367382,343.7779315111018,-2.01088835296421
