objID,ra,dec
107253438733773747,343.87337504358203,-0.6223145992158962
