objID,ra,dec
104363433929794771,343.3929649854381,-3.0297171450532896
