objID,ra,dec
108203436909459170,343.69100108064157,0.1738986078570204
