objID,ra,dec
109943431728257186,343.17270902,1.62227603
