objID,ra,dec
111823438339707175,343.8340481848658,3.1889229617721555
