objID,ra,dec
98083438195735624,343.819384706059,-8.262315704371922
98083438193005497,343.8193788611702,-8.26232900190837
