objID,ra,dec
105833432415001794,343.2414832425869,-1.8072236396178116
