objID,ra,dec
106633437515988596,343.75164826507347,-1.1349995760182092
106633437512948553,343.75138633,-1.13502074
