objID,ra,dec
106573433161703293,343.3162009221433,-1.1893011027635432
