objID,ra,dec
106943439808580521,343.9808943790325,-0.8832744487437244
