objID,ra,dec
107823433349671613,343.335040836536,-0.1490740572212489
