objID,ra,dec
111133436602378702,343.6602858930228,2.6152149970191405
