objID,ra,dec
109163436316138780,343.63155237505055,0.9734910505620492
109163436315719252,343.63159639,0.97396565
