objID,ra,dec
106693437074137886,343.7074485845947,-1.0854033668042433
