objID,ra,dec
108353432827202918,343.28278124960855,0.29364442343626684
