objID,ra,dec
104583431701550898,343.17013788140946,-2.849656018863974
