objID,ra,dec
111593439727424497,343.97276916286216,2.994968890479126
