objID,ra,dec
106873435284307480,343.5285461376971,-0.9358500792008235
