objID,ra,dec
111333432449697612,343.2450536099269,2.7809497164582564
