objID,ra,dec
110073431735997664,343.17362790160286,1.7309076800786547
110073431734867323,343.1736456127485,1.730762112735791
