objID,ra,dec
106103431762569799,343.1762677023736,-1.5755382768430768
