objID,ra,dec
108323438860197327,343.885839,0.27245483
108323438857347438,343.885772049197,0.2724985945733142
