objID,ra,dec
105223438498052334,343.84982277648936,-2.3150865673669494
