objID,ra,dec
109243436502843913,343.65030943166033,1.036166808059281
