objID,ra,dec
108123435409562352,343.5409382962072,0.10159730651091729
