objID,ra,dec
110633439752097796,343.97516972732734,2.1977596380561946
