objID,ra,dec
108113439952856878,343.9953183080944,0.09703392343794089
