objID,ra,dec
109793438100018267,343.8099057961398,1.498099956891337
109793438097127854,343.80971654,1.49784809
