objID,ra,dec
106033437234222043,343.7233962966495,-1.6403877371093958
