objID,ra,dec
108533433489586310,343.3490121415271,0.44655463557994574
