objID,ra,dec
106383433417581491,343.34177238,-1.34916546
