objID,ra,dec
95333435171558906,343.51715043345376,-10.55126974666861
