objID,ra,dec
108543435047182635,343.50474398452144,0.4517988948528964
