objID,ra,dec
106593433770799925,343.3771014660249,-1.1670796838982869
