objID,ra,dec
109603430249871316,343.02499184,1.33402969
109603430250261726,343.02496524827916,1.33405956472455
