objID,ra,dec
111813434873485745,343.48735109582947,3.1794064083651428
