objID,ra,dec
110043439433276080,343.9433540399163,1.7047655213359614
