objID,ra,dec
96433438923755782,343.8923557158839,-9.637203516721437
