objID,ra,dec
106903431184517044,343.1184609615297,-0.9112041673328375
