objID,ra,dec
106513438201250764,343.8201794686445,-1.241432745048469
