objID,ra,dec
106233435563722508,343.5563078917351,-1.4732924213059395
