objID,ra,dec
109583432146418059,343.214658316521,1.322978890753209
