objID,ra,dec
105973437082201291,343.7082635329434,-1.6909550828223512
