objID,ra,dec
107723432176458642,343.21767999472473,-0.226564923498962
