objID,ra,dec
108373430682672572,343.0683070302394,0.31011680236429023
