objID,ra,dec
107523431316341767,343.131657645574,-0.39892187109454436
