objID,ra,dec
111613432707826479,343.27077373743106,3.0131785683756616
111613432705606183,343.27066602077207,3.0131315517022608
