objID,ra,dec
107163435533802870,343.5534428180344,-0.6981431362880656
107163435531942571,343.55342933,-0.69821564
