objID,ra,dec
109113438812615789,343.88130713073235,0.9293952846404604
