objID,ra,dec
105823438584602360,343.85847814,-1.81509041
105823438585462707,343.8586690933846,-1.814868297384896
