objID,ra,dec
106013437371286974,343.737146134491,-1.6528969642941747
