objID,ra,dec
106153432103583909,343.21034344436293,-1.5387878588557795
