objID,ra,dec
105243438564873113,343.8564328646666,-2.297642503519914
