objID,ra,dec
107103437002352575,343.70025943203603,-0.7481992705495885
