objID,ra,dec
109563434131623301,343.4130680481727,1.3023491018505355
