objID,ra,dec
108543435182905994,343.5183134264075,0.45461300708077484
