objID,ra,dec
104093435169140096,343.516896553939,-3.2586055382224726
