objID,ra,dec
97763431801184312,343.18004064,-8.53017463
97763431799584026,343.1799641748542,-8.530316610054935
