objID,ra,dec
111053437831190931,343.7831586919137,2.542063873433795
