objID,ra,dec
109063438206247099,343.82066824904274,0.8888321986185481
