objID,ra,dec
96903438804311088,343.88046564411525,-9.249440421866318
