objID,ra,dec
106453430992640067,343.09926642,-1.29198645
106453430991330430,343.09913884,-1.29170702
