objID,ra,dec
106583438089625669,343.80897888860466,-1.1789764303781702
