objID,ra,dec
109353433176826007,343.31770832370904,1.1295925793880357
