objID,ra,dec
107693438619950350,343.8619855158362,-0.2584211203027549
