objID,ra,dec
109243439332054591,343.9332321845943,1.0367471002210298
