objID,ra,dec
104893430346435551,343.0345974785838,-2.587375337999272
