objID,ra,dec
109353439385335709,343.9385799906723,1.1293440564270463
