objID,ra,dec
106893437961249570,343.79614724,-0.91735237
