objID,ra,dec
110653432363917958,343.236428052894,2.2146112908715967
