objID,ra,dec
107363439296035176,343.9296776322811,-0.5293467683869134
