objID,ra,dec
111923432972309584,343.2972909310779,3.2741862372096655
