objID,ra,dec
108853433008958956,343.30090301,0.71545229
108853433006128831,343.30072513183694,0.7153404766267394
