objID,ra,dec
107783438725437843,343.87252009675495,-0.1772581350624232
