objID,ra,dec
110393431572843221,343.15724404486747,1.9940196604758396
