objID,ra,dec
107163435543315512,343.5543952419481,-0.695720388948656
