objID,ra,dec
110603433423282454,343.34232059715947,2.1682782907952385
