objID,ra,dec
107333436765655253,343.6765947441112,-0.5542902540972648
