objID,ra,dec
108813433023965878,343.30243115763335,0.6794693311332614
