objID,ra,dec
106173431077668300,343.1078211513301,-1.5184591281322501
