objID,ra,dec
108983431487987236,343.1489523645723,0.8223456300680045
108983431492447035,343.14924241,0.82217802
