objID,ra,dec
108283435487237610,343.54874200833206,0.2393143243677423
