objID,ra,dec
109643433945439359,343.39439332,1.37392731
109643433943579106,343.3943720178201,1.3738229866968887
109643433941218880,343.39436374,1.37379883
