objID,ra,dec
105513438204475431,343.8204556970677,-2.070820697816691
