objID,ra,dec
106343433379178754,343.33790410357307,-1.3764470534750515
