objID,ra,dec
97123433574742160,343.35746716316277,-9.065205617998656
