objID,ra,dec
111363433638659403,343.36386624430855,2.8074940315320647
