objID,ra,dec
110413436791811748,343.67915961186617,2.009391283354803
110413436788671676,343.67915481,2.00937934
