objID,ra,dec
104533432679635444,343.2679803619797,-2.8875168753794958
