objID,ra,dec
110403439254994139,343.9255053294452,2.003080635398685
