objID,ra,dec
96383430523250976,343.05231926752157,-9.682923310060009
