objID,ra,dec
96643439313591169,343.9313659522009,-9.466040396712481
