objID,ra,dec
111793438637538933,343.8637717027832,3.1653975218681407
