objID,ra,dec
107153436943808072,343.69443926213074,-0.7020885259818327
