objID,ra,dec
105783436671350716,343.6671611061256,-1.849803491273904
