objID,ra,dec
106043433787653376,343.37878301924724,-1.630945277900355
