objID,ra,dec
123393439387575021,343.93873717479,12.828709308605054
