objID,ra,dec
106993436351705253,343.6350970871418,-0.837768039624562
