objID,ra,dec
109383442699027532,344.2699245824607,1.1558894685519028
