objID,ra,dec
106143441347853646,344.13487005,-1.54730037
