objID,ra,dec
107963443999000039,344.3998533674624,-0.033644506023585985
