objID,ra,dec
96993441561792179,344.15617013981336,-9.173511868965287
