objID,ra,dec
109443447386877231,344.73870824503945,1.205624450105423
