objID,ra,dec
106573448945818492,344.8946591896578,-1.1849894990964878
