objID,ra,dec
107723441616554183,344.16166367386967,-0.23023423639382593
