objID,ra,dec
95963446990887666,344.6991312831376,-10.027270960230473
