objID,ra,dec
105453443860433892,344.3860679808065,-2.122117137652605
