objID,ra,dec
107343441177882435,344.11780340137324,-0.5482769728057022
