objID,ra,dec
107103442895552898,344.28961696752805,-0.7479413512974937
107103442893733163,344.28962672,-0.74789153
