objID,ra,dec
109903446588100682,344.6588629940945,1.5835062447687684
