objID,ra,dec
97983445222690225,344.52226628371864,-8.350162792693737
