objID,ra,dec
109103441731385388,344.1731815885507,0.9207326151935347
