objID,ra,dec
95883445468027899,344.5468274727714,-10.093756597810938
