objID,ra,dec
109783440597860696,344.0598438994444,1.4835177105680981
