objID,ra,dec
111463440422649745,344.0422021295229,2.891116679609807
