objID,ra,dec
96683441675481510,344.1676050341849,-9.432410791902928
