objID,ra,dec
107123442610743736,344.26109057059926,-0.7305620695876407
