objID,ra,dec
107393440998950955,344.0999229941396,-0.5078781506385655
