objID,ra,dec
109223447292184961,344.72923541398825,1.020395835867508
