objID,ra,dec
107043442080520773,344.2081286852234,-0.7997139938842115
