objID,ra,dec
107233448535629264,344.85362770828124,-0.6343358015856114
