objID,ra,dec
110543449334301263,344.9335009583759,2.117312883348107
