objID,ra,dec
110973442167915370,344.2167791441155,2.4791957553757804
