objID,ra,dec
109093444875564635,344.48755484,0.91184692
109093444877304915,344.4877328877547,0.9120420888718003
