objID,ra,dec
105363445525549263,344.5525039349768,-2.1927977671322356
