objID,ra,dec
108553440153665633,344.0154537159004,0.4626037108699278
108553440155595344,344.0154353,0.46262157
