objID,ra,dec
104813442537842742,344.2538816716209,-2.65642814105332
