objID,ra,dec
107883446281131126,344.62809162981256,-0.09947935560612627
