objID,ra,dec
106713444617162935,344.46173264386147,-1.0728092927833583
