objID,ra,dec
105423447266994317,344.7266287229672,-2.1467962697895264
105423447263704293,344.7264617007707,-2.146722035793179
