objID,ra,dec
97723445571394349,344.55717149953523,-8.563362124083246
