objID,ra,dec
105963445444402655,344.54441431872027,-1.6981738802484088
