objID,ra,dec
109073445702990008,344.57030394,0.89126737
109063445702159605,344.57024185,0.89111378
