objID,ra,dec
97003442585168782,344.25851455405854,-9.159700528763667
