objID,ra,dec
104573449177828378,344.9178414286168,-2.851797009707441
