objID,ra,dec
97853447298260966,344.7298298518136,-8.457869470037386
