objID,ra,dec
106223441212768967,344.12131629,-1.47620648
