objID,ra,dec
108383447728695176,344.77287613242606,0.3206074570015264
