objID,ra,dec
108823446194203117,344.619441700561,0.6855383843491196
