objID,ra,dec
108693444894619317,344.4894956344977,0.5823573946902146
