objID,ra,dec
109903444982288431,344.4982651669317,1.5899178682691815
