objID,ra,dec
105013441633565564,344.1634330859777,-2.4873905939557064
