objID,ra,dec
109313446532327979,344.6532639428058,1.097940441564776
109313446533218408,344.65330281,1.09812605
