objID,ra,dec
107243440405888436,344.0406319334485,-0.626651045719429
