objID,ra,dec
111963444484211852,344.4484370057352,3.3011462034231704
