objID,ra,dec
105693446746029161,344.67459441487694,-1.917797391394679
105693446746738827,344.67454404,-1.91788906
