objID,ra,dec
109883440983112517,344.0983098341989,1.5684035701486863
