objID,ra,dec
106473449993727346,344.9995954871777,-1.269226429525342
106473449997197336,344.99960473344146,-1.2692091142901138
