objID,ra,dec
107343441106338532,344.1106594855511,-0.5432336702682992
