objID,ra,dec
110263447154053341,344.7154354440956,1.8856916535426849
110263447154102988,344.71534939,1.88546464
