objID,ra,dec
108273445636242659,344.56371752589587,0.2268386928937013
