objID,ra,dec
96553441175318047,344.11756453118,-9.535315553750458
