objID,ra,dec
108293449483214645,344.9483414369012,0.24506938123187308
