objID,ra,dec
105423443028474798,344.30306525046007,-2.146313702622346
105423443030854978,344.3030661942379,-2.1462817623797847
