objID,ra,dec
105903445887050413,344.58869527,-1.75002593
105903445883160309,344.58838819,-1.75009292
