objID,ra,dec
97573446057946159,344.6058308184414,-8.686918194846587
