objID,ra,dec
110303443563638864,344.35622218820515,1.9238480404520089
110303443564079235,344.35635582202593,1.9239266801911432
