objID,ra,dec
109323445270212057,344.52704187611954,1.1013539453927181
