objID,ra,dec
109963449804634184,344.9805026082307,1.6364804891550446
