objID,ra,dec
108193449324901605,344.93253069459735,0.15925997607154108
