objID,ra,dec
110013446355697501,344.63563802894004,1.6806677320097556
