objID,ra,dec
106803447720216172,344.77205032238896,-0.9952208200028468
