objID,ra,dec
104743448585222309,344.858566185016,-2.715021719936737
