objID,ra,dec
105753442569418614,344.256932980484,-1.8681895099970822
