objID,ra,dec
109753444621279773,344.46214328,1.46605673
109753444618919594,344.461935907431,1.4660150873374826
109753444618579926,344.46188395892085,1.4660443504345972
