objID,ra,dec
96603445401569096,344.5402047748636,-9.492783335660803
