objID,ra,dec
109343442957464911,344.295629491226,1.1204652925949132
109343442956465251,344.2955944372858,1.1205996669304399
