objID,ra,dec
106443441918855870,344.19207713731,-1.2955077088624491
