objID,ra,dec
108993447656675165,344.7657087557251,0.8288928183527071
