objID,ra,dec
111573440888580938,344.0889116233363,2.975334430927666
111573440887490590,344.08881242711374,2.975140636660499
