objID,ra,dec
108923442443701975,344.24439863440284,0.7679481493770386
