objID,ra,dec
107873440805805374,344.0806091681897,-0.10421037622611676
