objID,ra,dec
111763445579768057,344.5580348314798,3.1396474715026996
