objID,ra,dec
111823449128522102,344.91287789577063,3.1846427314777106
