objID,ra,dec
107853448408150484,344.84084140733927,-0.12498266597548278
