objID,ra,dec
111233448532894764,344.8533424407639,2.695264774342287
