objID,ra,dec
108203445607535706,344.5608214132112,0.17108268858203401
