objID,ra,dec
106653443870566378,344.3869806707012,-1.120056329608994
