objID,ra,dec
109393449752878158,344.97536382885096,1.1647621127960852
