objID,ra,dec
111663441077281594,344.10772116305407,3.0509681417427603
