objID,ra,dec
107833445926284954,344.59264352788364,-0.13787138295897544
