objID,ra,dec
107603447633555336,344.763367966999,-0.32937006852238093
107603447633554987,344.76337805938545,-0.3294514901954431
