objID,ra,dec
112023440242903920,344.02428015918025,3.352870647182577
