objID,ra,dec
107143447662678147,344.76625582567686,-0.7102345988251954
