objID,ra,dec
98043444882827908,344.48827527497093,-8.293756939559028
