objID,ra,dec
109583447547516310,344.7547698769075,1.3215685226993388
