objID,ra,dec
110863442863001882,344.28625382,2.38444774
