objID,ra,dec
109573440382271917,344.03811935,1.30949951
109573440381551543,344.03816753,1.30926351
109573440378451728,344.03788563,1.30936733
