objID,ra,dec
105273449326586043,344.9325976425289,-2.2703919713961436
105273449324495639,344.93255777048785,-2.2704545578218736
