objID,ra,dec
96803449439646827,344.94398695146504,-9.327997926454033
