objID,ra,dec
108043444533731684,344.4533760632902,0.03433612103597049
