objID,ra,dec
104843445257349552,344.5257120142357,-2.6257269524683937
