objID,ra,dec
97953444596253962,344.4595433278709,-8.372070667233041
