objID,ra,dec
96393441342933872,344.1343485400507,-9.672166864911967
