objID,ra,dec
109083445542356108,344.5542280839797,0.9046923652563521
