objID,ra,dec
109163447460164300,344.74606629683353,0.9698197593004002
