objID,ra,dec
109433445781247755,344.5781526745521,1.1977452357768479
