objID,ra,dec
105313447011121634,344.7010685639705,-2.240703189668549
