objID,ra,dec
106233441876083149,344.1876437422311,-1.4727636199182552
