objID,ra,dec
108883441777316412,344.17772547220153,0.7383569971751158
