objID,ra,dec
105313442876384506,344.2876015596685,-2.2382645200342473
