objID,ra,dec
106283442384114180,344.23844754186587,-1.430208151540614
