objID,ra,dec
104183448155304783,344.81550863292705,-3.179678429695293
