objID,ra,dec
96503445442681978,344.5443066073708,-9.582050106840487
