objID,ra,dec
109413449635617933,344.9637040481631,1.1811972548142626
