objID,ra,dec
104263444031629896,344.403180256552,-3.1088350946049346
