objID,ra,dec
107643446493973710,344.6494256632139,-0.29730353747522154
