objID,ra,dec
107063447902896777,344.79028399976727,-0.778243846836691
