objID,ra,dec
108553447782082354,344.77820959377476,0.4598945015677872
