objID,ra,dec
108693449161940770,344.91623578006437,0.5751521851925955
