objID,ra,dec
107883446070738137,344.6071210190064,-0.09366473875674236
