objID,ra,dec
105593448896270693,344.88963871599907,-2.008104756696584
