objID,ra,dec
97613445390223152,344.53905471139495,-8.656075355101377
