objID,ra,dec
108553443372988515,344.3372883441671,0.4650517868846942
