objID,ra,dec
109023447043164942,344.70430591491527,0.8536863516277798
