objID,ra,dec
97893444978972659,344.4978968223827,-8.42310475598158
97893444979732318,344.49798346,-8.42336362
