objID,ra,dec
97493441239338530,344.12394478585463,-8.751583374835903
