objID,ra,dec
108193446979582068,344.6980470618606,0.1597062803783601
