objID,ra,dec
111683449466282201,344.9466526422788,3.0680844432467627
