objID,ra,dec
96143446890620491,344.6890983119884,-9.883270744745786
