objID,ra,dec
108653447496664091,344.74969613404454,0.5447103017945776
