objID,ra,dec
109023446587003637,344.65873924121445,0.8525682287066194
