objID,ra,dec
108803441797265003,344.1798038959237,0.6705311909367435
