objID,ra,dec
107853444910414404,344.4909649050366,-0.12173230835488387
