objID,ra,dec
96513448444655083,344.8444650645771,-9.571119012483138
