objID,ra,dec
112423448340594488,344.83409555291394,3.6867414404428724
