objID,ra,dec
108783447649114852,344.76491446,0.65368012
108783447646394941,344.76467249178404,0.6537251617266683
