objID,ra,dec
108493443371569365,344.3371397197879,0.4157283868572286
