objID,ra,dec
108733448133319185,344.81336325155837,0.6156807970608459
