objID,ra,dec
104763442744075613,344.27432916,-2.69555889
104763442740535829,344.2741335145502,-2.6954986925559927
