objID,ra,dec
106633443759593043,344.376147079064,-1.1395302131554406
