objID,ra,dec
97283441518865304,344.15190038064935,-8.929237034844821
