objID,ra,dec
106103442083609440,344.20841171106895,-1.575853139946019
