objID,ra,dec
108023442700133131,344.2700032980542,0.018957981017511973
