objID,ra,dec
111373447958788233,344.79594755866657,2.814838237519584
