objID,ra,dec
109423446870916950,344.6870224923352,1.1886810176356437
109423446870766596,344.68706168,1.18851635
