objID,ra,dec
107893449723967839,344.9724551958446,-0.08551103164447041
