objID,ra,dec
105883447393406531,344.7393239392561,-1.761608818948717
