objID,ra,dec
108863448114184839,344.81147654,0.72031297
108863448111144691,344.81134849057594,0.7200645978328233
