objID,ra,dec
108403444433751106,344.44338675671946,0.33385734649866394
