objID,ra,dec
109273442166797966,344.21675572994576,1.0646358775087452
