objID,ra,dec
96663447373338392,344.7373494786474,-9.44335898264165
