objID,ra,dec
108783448280891377,344.82810346,0.6507348
108783448279201061,344.82797982973926,0.6506449357947446
