objID,ra,dec
110933444296087147,344.4296409421626,2.447188703890196
