objID,ra,dec
110103446114185975,344.61147407886153,1.7544715649442428
110103446115625428,344.61153940701377,1.7543426423448651
