objID,ra,dec
107553443239147573,344.32398993620785,-0.36906153426302435
