objID,ra,dec
106683445864150485,344.58635776917424,-1.1000547099023095
