objID,ra,dec
107223447895837548,344.7895713640732,-0.6440952648466939
