objID,ra,dec
104813442633340476,344.26333368312487,-2.658199438097979
104813442633790848,344.26338461833853,-2.658177127140839
