objID,ra,dec
111503448277968982,344.827813000301,2.9237779699796542
