objID,ra,dec
109343446585847948,344.65855931462875,1.1228880679202946
