objID,ra,dec
107553444880880857,344.4880901275184,-0.3746869898815382
