objID,ra,dec
107103442116145145,344.21167582,-0.74606978
107103442118225482,344.21195474303,-0.7457601608954927
107103442118874987,344.21189701,-0.74620766
