objID,ra,dec
109453441642147867,344.16423292,1.21448318
109453441641097486,344.16412786484375,1.2142585077720338
