objID,ra,dec
109333446833476006,344.68330045,1.11291836
