objID,ra,dec
111633449058027086,344.90583602096416,3.0304775600824123
