objID,ra,dec
109293443409162757,344.34090338569587,1.076920185311528
