objID,ra,dec
108913440949913979,344.09499547885736,0.7612452851582682
