objID,ra,dec
106503441553208657,344.15552240483134,-1.2432802027127394
