objID,ra,dec
108313440986880153,344.09848905512314,0.25805990700590437
