objID,ra,dec
108023444680372445,344.46806178,0.01830424
