objID,ra,dec
109633446273173181,344.62735216341014,1.3605905778474505
