objID,ra,dec
110233445659943398,344.5660278845636,1.8608124550398197
