objID,ra,dec
106503447726293430,344.77262708334956,-1.2476114179500646
