objID,ra,dec
107513444237014248,344.4236789522662,-0.40520811599699813
