objID,ra,dec
103963440333336532,344.0334335848646,-3.3615088164293607
