objID,ra,dec
107323440394176439,344.0393099424612,-0.5617004161442604
