objID,ra,dec
104053449930828777,344.99293315816897,-3.2847418413455634
104053449927518802,344.9927615669871,-3.2847858804289016
104053449925238870,344.99252222,-3.28464041
