objID,ra,dec
95693440890830585,344.0890803305494,-10.258174048864019
