objID,ra,dec
109023447279812398,344.72799785989724,0.851579054868537
