objID,ra,dec
108993442745563680,344.2745731795986,0.8276973982742633
