objID,ra,dec
104003448667992764,344.8669088080965,-3.331442049147713
