objID,ra,dec
111563443786344211,344.37869849222983,2.969790968996171
