objID,ra,dec
108793441049545493,344.1050183623048,0.6625675829829408
