objID,ra,dec
110163449514869804,344.951483193228,1.8076966481120214
110163449511709771,344.95121211,1.8077465
