objID,ra,dec
97323440449730249,344.04498613522804,-8.900134385707142
