objID,ra,dec
105143448704927632,344.87048257949334,-2.3772647601249712
