objID,ra,dec
108133448903592501,344.89040196559097,0.11004181070557618
