objID,ra,dec
108253447926712354,344.7927785643128,0.20995327949159667
108253447929432533,344.79295814,0.21009239
