objID,ra,dec
109863448140052677,344.8139404788071,1.5518397596447784
