objID,ra,dec
106913442050895607,344.20505979,-0.90412022
106913442048145333,344.20490278059674,-0.9042328026322309
