objID,ra,dec
105853446657647846,344.66576501537236,-1.7855038574214812
105853446657198369,344.6657315819688,-1.7854133110109167
