objID,ra,dec
108703444174048440,344.4174335378587,0.5899686580833614
