objID,ra,dec
110263446514592082,344.651501684538,1.884714559335346
