objID,ra,dec
109223448957073944,344.89574147462486,1.0195677637373495
