objID,ra,dec
97343441513606086,344.15135045174424,-8.878569433876878
