objID,ra,dec
110963448714397450,344.87143692556,2.4724163729594966
