objID,ra,dec
108353449727585098,344.97280791797584,0.2955128233878056
