objID,ra,dec
107293441014039867,344.1014013158742,-0.5838435980291052
