objID,ra,dec
109683448730225447,344.87308748497213,1.4040871114478575
