objID,ra,dec
110363441808034024,344.18076880759736,1.9697166858867108
