objID,ra,dec
106963441377080104,344.1377808470916,-0.8669363251174198
