objID,ra,dec
107713445677104331,344.5677266912796,-0.23846491925410737
