objID,ra,dec
106163442841448706,344.2841360173145,-1.5264603295432133
