objID,ra,dec
109243449346358071,344.9346965345003,1.039680162957346
