objID,ra,dec
107303445967991986,344.5967957630143,-0.5820498576412254
