objID,ra,dec
104763448842943611,344.8843379139634,-2.697326017777904
