objID,ra,dec
110553446622056080,344.66223771738066,2.1296709294227227
