objID,ra,dec
109503445941067907,344.5941240061648,1.256181770758273
