objID,ra,dec
107443441515641606,344.1515914101448,-0.46566722664074967
