objID,ra,dec
96303448490525239,344.84903876733165,-9.745990575750403
