objID,ra,dec
109473443029994333,344.3028945488858,1.2281675797479346
