objID,ra,dec
108083440647177007,344.0647722721136,0.07216999506136643
