objID,ra,dec
96803445918023155,344.59203582180834,-9.331225950099896
96803445922112718,344.5920366,-9.33122518
