objID,ra,dec
96583441116767151,344.11184639,-9.5109299
96583441121737253,344.11217171,-9.51091311
