objID,ra,dec
109553448730738414,344.8730974244632,1.298277963312019
