objID,ra,dec
107983442382701728,344.23830189653546,-0.01554863248223866
