objID,ra,dec
95953446636302952,344.66379733,-10.03965774
95953446636672525,344.6636394330844,-10.03982494313988
