objID,ra,dec
107853445225560509,344.5225705339913,-0.12502948090730676
107853445224460167,344.5225683159216,-0.12504411302900156
