objID,ra,dec
104443446486682939,344.64855061839125,-2.964563992563517
104443446483913036,344.64850119423346,-2.9645445594884148
