objID,ra,dec
108333449462851381,344.9463350708713,0.2757510624516897
