objID,ra,dec
106343447233550900,344.7233944958574,-1.3829613174354385
