objID,ra,dec
108343442350474737,344.2350216378321,0.2868219187219036
