objID,ra,dec
106443444611356139,344.4610934222565,-1.2952440855814271
