objID,ra,dec
109543442335167064,344.2335646339977,1.2887851703489146
