objID,ra,dec
97013444035318392,344.403571482706,-9.151708091725963
