objID,ra,dec
109483449897218433,344.9897627307761,1.239938862776695
