objID,ra,dec
110333446588666377,344.6588735149285,1.9465543991092797
