objID,ra,dec
108273441349539503,344.1349716414069,0.23256452506685157
