objID,ra,dec
106463446722948677,344.67232086533744,-1.2764977089915481
