objID,ra,dec
109803443106065794,344.31068257,1.5044239
