objID,ra,dec
110743441848215245,344.1848643753943,2.287351445979074
