objID,ra,dec
109213442044418391,344.2045144504663,1.0150435186759004
