objID,ra,dec
109203443857015813,344.3856995761305,1.0043758423101206
109203443857595457,344.38577758,1.00412266
