objID,ra,dec
97953443275574594,344.3276820970339,-8.371473176209602
97953443278504717,344.32771068849104,-8.371427517405017
