objID,ra,dec
106283440540335574,344.05408189,-1.42924617
