objID,ra,dec
109243449316053307,344.93165022338206,1.035686716107157
