objID,ra,dec
107983449277384200,344.92778331477757,-0.01354367472363609
