objID,ra,dec
96033444103953863,344.41039846277874,-9.972127065405978
