objID,ra,dec
108523444850671341,344.4851258531792,0.4341164650669465
