objID,ra,dec
104413443362162410,344.33629299897,-2.9899744313601344
