objID,ra,dec
108993441516816567,344.15171922307275,0.8300875346365232
