objID,ra,dec
106793442828612974,344.2828998776519,-1.0062496290924459
