objID,ra,dec
107883444364964494,344.4365083,-0.09661008
107883444364634905,344.43644800067744,-0.09634529954895879
