objID,ra,dec
108273443470582003,344.34705493,0.22637519
108273443470472348,344.3470400420751,0.226586527343886
