objID,ra,dec
107143448080863397,344.80807205780866,-0.714223039106048
