objID,ra,dec
107223445129308291,344.51291358158653,-0.6434550433047729
