objID,ra,dec
107823446687020343,344.66875999691945,-0.15011211479892103
