objID,ra,dec
110323440718893531,344.0719317243688,1.9359045801279913
