objID,ra,dec
105093447913936460,344.7913059383522,-2.4199773261124706
105093447911316632,344.7911352,-2.41983229
