objID,ra,dec
107553445745831682,344.5746354134269,-0.3738352542442816
