objID,ra,dec
106223443273222738,344.3274187961071,-1.4813194550791673
