objID,ra,dec
108133444272766105,344.42728114783984,0.11310264116383628
