objID,ra,dec
109483445082879797,344.5083206800882,1.2410812308292714
