objID,ra,dec
107703445437736344,344.54380690906083,-0.24512609620851505
107703445440206096,344.5439946481431,-0.24528527059246125
