objID,ra,dec
107383446259490599,344.62595551966325,-0.5165665100369828
