objID,ra,dec
109493448949943119,344.8950103754877,1.2438323157998994
