objID,ra,dec
107893448328286599,344.8328592357275,-0.08658056700297256
