objID,ra,dec
109143442265024245,344.22650677209725,0.9530869709038846
