objID,ra,dec
108313448689115148,344.8686811975954,0.2622560737797438
108313448685305134,344.8686029322315,0.26226057726484925
108313448684405574,344.86845036,0.26243782
