objID,ra,dec
111023447812089373,344.78121746070326,2.5240187840363397
