objID,ra,dec
107393443358743791,344.3359360750592,-0.5055918474126073
