objID,ra,dec
105643441948850368,344.1950096602393,-1.9668574471982423
105643441951740302,344.1950750381314,-1.9668413779888547
105633441953039876,344.19523554,-1.96707415
