objID,ra,dec
105913451155918218,345.11552506815303,-1.735250167157748
