objID,ra,dec
106543455539619653,345.5539783417893,-1.2090168219171205
