objID,ra,dec
107203457877359156,345.7878393660565,-0.6594420771639175
