objID,ra,dec
97383453350570486,345.3350402554691,-8.849922682124218
