objID,ra,dec
107803450874742404,345.0874666,-0.16503931
