objID,ra,dec
105103454682650650,345.4682620230817,-2.4164539636135802
