objID,ra,dec
106993450882560805,345.08827330307236,-0.8413585803607594
