objID,ra,dec
96413455151218610,345.51512492710265,-9.651501286373044
