objID,ra,dec
107123457484593336,345.7484768239878,-0.7309404081073131
