objID,ra,dec
107943458244759193,345.8246212878864,-0.042885265363698556
107943458247208750,345.8246199522432,-0.04290528548034617
