objID,ra,dec
108133455957176715,345.59572847021315,0.11352741987152401
108133455954336667,345.59569267,0.11356248
