objID,ra,dec
112233455379205046,345.53802041699356,3.5288080532541715
