objID,ra,dec
104463456242998241,345.62424799744036,-2.943539432439946
