objID,ra,dec
109473455639984417,345.56381585603634,1.2283744832106755
109473455636984605,345.56378289222687,1.2283906213846185
