objID,ra,dec
110813455898924461,345.5899386177902,2.3450561027289023
