objID,ra,dec
110833458646086133,345.86467202154944,2.3630761976389256
