objID,ra,dec
109503454929212709,345.4929216,1.251886
