objID,ra,dec
109433459542247895,345.9542347328919,1.1978667633956586
