objID,ra,dec
107133455210193317,345.5210857476497,-0.7226345745340483
