objID,ra,dec
109103453177703675,345.31754515,0.91948134
109103453175203896,345.31753104571976,0.9195062626858757
