objID,ra,dec
109503457719210032,345.7719582220953,1.249663871846998
109493457719709693,345.7719576013923,1.2496597944223162
