objID,ra,dec
104663451819919576,345.1819865116252,-2.7757160907704517
