objID,ra,dec
108043456418407225,345.6418354784181,0.03897137189421771
