objID,ra,dec
97883453219187079,345.3219253726981,-8.427743304032346
