objID,ra,dec
104733458484328283,345.84838948155107,-2.7184933304949386
