objID,ra,dec
107853454423652094,345.44232806471865,-0.12370612020663625
