objID,ra,dec
107333454299513035,345.4299935861573,-0.556194239007548
