objID,ra,dec
108503458188052071,345.8189008533175,0.41793809332304155
