objID,ra,dec
107843458208193706,345.8208263943078,-0.130528357209435
107843458209703986,345.82099117,-0.13040207
