objID,ra,dec
108673453079864160,345.30800079150345,0.561269349454535
108673453081873775,345.3081088684198,0.561077671035896
