objID,ra,dec
107223458080096998,345.8080007838092,-0.6447143198128894
107223458078876510,345.80792701,-0.64500999
107223458077376819,345.80777391,-0.64474152
