objID,ra,dec
109713455983073621,345.59810646,1.42752279
109713455981083189,345.59810602257835,1.4274360609307846
