objID,ra,dec
108283452397879749,345.23980988342925,0.24108529494785286
