objID,ra,dec
108123454733545909,345.47336632554016,0.1045167843297655
108123454734485594,345.4734488,0.10428458
