objID,ra,dec
107393453494319238,345.3493838811992,-0.5010312212392596
