objID,ra,dec
106593458720333423,345.8720645322701,-1.1724370150644599
