objID,ra,dec
111643450958868906,345.09597861,3.04051174
111643450957589311,345.0958028427314,3.0406920408352462
