objID,ra,dec
109653457372710682,345.7372718320641,1.375270075505101
