objID,ra,dec
109413458332084501,345.83326859492786,1.1783692699533155
