objID,ra,dec
104023455490928528,345.5491146627668,-3.309903339339806
