objID,ra,dec
106163456442544677,345.644260691452,-1.529950960230463
