objID,ra,dec
109203456879183372,345.68792494620334,1.0024756087378526
