objID,ra,dec
108083455410776910,345.541068695607,0.07205558893546635
