objID,ra,dec
107963450486993507,345.04879356515795,-0.030774491975989384
