objID,ra,dec
107993454741314577,345.4740983536601,-0.004917473232831928
107993454738374528,345.4738618350798,-0.004913485283616658
