objID,ra,dec
107343454920823401,345.4920928292027,-0.5475484694543324
