objID,ra,dec
96783459236868967,345.9236935864017,-9.342879091612753
96783459234218836,345.92345263,-9.34298821
