objID,ra,dec
107123454375281896,345.43756911,-0.73212969
107123454374822256,345.4375510988836,-0.7318399728256562
