objID,ra,dec
107113457007347738,345.7007514461952,-0.7356331847096486
