objID,ra,dec
108403459893771567,345.9894836945407,0.33418162285873804
