objID,ra,dec
96223458586583011,345.8587011285196,-9.814503478252064
