objID,ra,dec
96133450453337802,345.0453404884903,-9.885484335551162
