objID,ra,dec
109353459168092375,345.91688774264264,1.1267101218267874
