objID,ra,dec
105603451643967817,345.1643107164099,-1.9938999494119871
