objID,ra,dec
109113453799825543,345.3799607215124,0.9292307549761294
