objID,ra,dec
109503456965052709,345.69656779458177,1.251952314068178
