objID,ra,dec
109133451820165451,345.18213688170687,0.94579741194783
