objID,ra,dec
109093453627408612,345.36274814,0.91509833
