objID,ra,dec
109163455038198358,345.503820260263,0.9732346578032263
