objID,ra,dec
105433459522761480,345.952229840903,-2.1407566325293197
