objID,ra,dec
110223453028311566,345.3028945780758,1.8508227782119773
