objID,ra,dec
108723458636109107,345.8635662756605,0.6070705811704318
108723458635839463,345.86362983950806,0.6073020584358502
108723458634768605,345.863561375959,0.6070496097271493
108723458632919081,345.86334211,0.60711093
