objID,ra,dec
95293457451622111,345.74517253,-10.590412
95293457451821777,345.7452329576699,-10.590533271621156
