objID,ra,dec
104253456291250107,345.6290974282946,-3.1253474683299944
