objID,ra,dec
107373459803151021,345.98036918397,-0.524565947489082
