objID,ra,dec
111353459537309640,345.95369785715735,2.799304820570162
