objID,ra,dec
107143452274669347,345.2274854611325,-0.709235515644888
