objID,ra,dec
112033454201597794,345.4202011756184,3.3644130129726126
