objID,ra,dec
97943457066387550,345.70664606928415,-8.377392453249245
