objID,ra,dec
108923455814811510,345.5813261678593,0.7672989226757897
108923455812641087,345.58122972721935,0.7671649009311311
