objID,ra,dec
107763459101962722,345.9102275997784,-0.19809082995473423
