objID,ra,dec
109473450129014411,345.0128919219257,1.2282675069580005
