objID,ra,dec
106883450790777385,345.0790763144585,-0.9275067875114122
