objID,ra,dec
110283454557195293,345.45581838781266,1.9040530169263745
