objID,ra,dec
111323454574271540,345.4573947041046,2.767546020908211
