objID,ra,dec
104943452246140973,345.22464028099927,-2.5495658066408464
