objID,ra,dec
111643457094440285,345.7094636461086,3.0331952533242057
111633457096499937,345.70945984,3.03300569
