objID,ra,dec
109893452239732651,345.2240058913082,1.5768338610647343
