objID,ra,dec
107613453857057321,345.38570235212,-0.3192623495505324
