objID,ra,dec
104153452923337458,345.2923215966175,-3.2025345940868317
104153452923807927,345.2923244819682,-3.2025458563914637
