objID,ra,dec
110943455133225329,345.51334158949123,2.453923650959333
