objID,ra,dec
106523457878783110,345.78797784302105,-1.2312156689032068
