objID,ra,dec
106673450731191507,345.0731662,-1.10755232
