objID,ra,dec
109433455123877074,345.51235697,1.19714699
109433455125306776,345.51251301,1.19699106
