objID,ra,dec
105493455786526885,345.5787031202386,-2.0863207151387178
