objID,ra,dec
104483458298686475,345.82999105,-2.92817934
104483458299156849,345.830070514653,-2.9280522329341117
