objID,ra,dec
110153459719562521,345.9719511993654,1.7933443498727824
