objID,ra,dec
106923450889378661,345.0889543117353,-0.8931456050241742
