objID,ra,dec
104913452715672784,345.2714631250066,-2.5729042628374534
104913452712382890,345.27144814055623,-2.572903640237588
