objID,ra,dec
103803457378284046,345.73780876928475,-3.497007778103678
