objID,ra,dec
111983451635477030,345.16356958075664,3.3221142403501367
