objID,ra,dec
110113452338072371,345.2338508789396,1.7599455353815319
