objID,ra,dec
110123452005934963,345.2006349251888,1.7704168134106908
