objID,ra,dec
106133452118879242,345.21192596590544,-1.55095032250992
