objID,ra,dec
97753459248088622,345.92479646454603,-8.534829103935602
