objID,ra,dec
108603453341130679,345.3341167012182,0.5001802141510959
