objID,ra,dec
106643456550733805,345.6550642644348,-1.1305698909008046
106643456552154098,345.65499437,-1.13031806
