objID,ra,dec
112433452116305186,345.2114741429574,3.6955276401362482
