objID,ra,dec
105463450385437471,345.0385968256247,-2.1108119902749776
