objID,ra,dec
109173450053492969,345.0054013262217,0.9770360650181465
