objID,ra,dec
108113452276846478,345.2276651293539,0.09666929546931807
