objID,ra,dec
107653459834115642,345.9834354117505,-0.2873703427777431
