objID,ra,dec
107613459193586059,345.9194004703883,-0.32033589206636637
