objID,ra,dec
105403456984727856,345.69838665,-2.16061545
105403456981937824,345.69827077630015,-2.1606062770830747
