objID,ra,dec
109503451734439762,345.17344780636745,1.2577421128128685
