objID,ra,dec
110443451777245462,345.17777704298794,2.037512654468552
