objID,ra,dec
109763450372998359,345.0373454037527,1.4732390267989106
