objID,ra,dec
98133450308784043,345.0309232615041,-8.222003040019276
