objID,ra,dec
108993458985447659,345.8986263299424,0.8308678536110544
