objID,ra,dec
110013451414259733,345.1414651387322,1.6827360318565339
