objID,ra,dec
108413457766264028,345.7765501225754,0.34471799411819226
