objID,ra,dec
108963456364813518,345.6364514957273,0.8025318804254878
