objID,ra,dec
107503450474017238,345.04745298641035,-0.41108437898990063
