objID,ra,dec
97143454871936026,345.4872179157418,-9.045319068567352
