objID,ra,dec
108753454296940857,345.4296674299822,0.6253053106852166
