objID,ra,dec
108653456418538528,345.6418683900251,0.5484014274712762
