objID,ra,dec
107623450324556135,345.03246381875283,-0.31190190045907246
