objID,ra,dec
97453452175064327,345.2174743061356,-8.788451399268972
97453452172344054,345.21723416,-8.78860399
