objID,ra,dec
106933458902090952,345.8902231248692,-0.8912559590748489
