objID,ra,dec
96453455374502011,345.5374467092587,-9.623668142737325
