objID,ra,dec
95333458319371623,345.8319325460591,-10.557342672590984
