objID,ra,dec
106893456786976199,345.6787529950982,-0.9202201531906986
