objID,ra,dec
105663452036713480,345.20357829762816,-1.9475418454779125
