objID,ra,dec
105723451260706429,345.12611364654987,-1.8949715575195047
