objID,ra,dec
106813453625113583,345.36247332341367,-0.9889873402779717
