objID,ra,dec
105943457762329472,345.77623262281907,-1.709124911977514
