objID,ra,dec
107703450478758241,345.047882257675,-0.24359997532220154
