objID,ra,dec
105873458177105669,345.81770617779114,-1.7706823932683642
