objID,ra,dec
112133458866480251,345.8866884432052,3.441476641656461
