objID,ra,dec
96763452670581905,345.26706614,-9.36549834
96763452671261464,345.2671013355352,-9.365724189174214
