objID,ra,dec
107893457232232628,345.72326520392517,-0.089854578899938
