objID,ra,dec
111623458520983021,345.85208603313936,3.0187891726888356
