objID,ra,dec
106543459615991523,345.9615327,-1.21571734
106543459612991674,345.9613251560569,-1.2157275954105549
