objID,ra,dec
108063456697036892,345.6697543437781,0.05533418269399946
108063456699876920,345.6699436201606,0.055429708982911004
