objID,ra,dec
104333455826823690,345.58266928852004,-3.0556747750129607
104333455827883343,345.582704147216,-3.0559062926492464
