objID,ra,dec
110003459049687113,345.9050995905312,1.6722158770911406
