objID,ra,dec
111873456978443899,345.69787973755933,3.227821926604438
