objID,ra,dec
105063454981184552,345.49817215625205,-2.446563137856796
