objID,ra,dec
106393453334132032,345.3334363885901,-1.3402625873386365
