objID,ra,dec
111073450831370507,345.0832121809665,2.5583642204784707
