objID,ra,dec
95613456077972579,345.60784136931767,-10.32321662551541
