objID,ra,dec
112453457050661405,345.7050989646701,3.70899877698831
