objID,ra,dec
104663458862656419,345.88631492893666,-2.7783423429832745
