objID,ra,dec
107523454527434026,345.45271868700763,-0.3970477050403706
