objID,ra,dec
106983455280533030,345.5281643975921,-0.8478465655740383
