objID,ra,dec
98063450430030558,345.04306664401344,-8.283208973247278
