objID,ra,dec
111593453497082279,345.34970726157667,2.993156794297595
