objID,ra,dec
106763453932454919,345.39330939,-1.02958093
