objID,ra,dec
108033455936988690,345.59363773083663,0.031884324740110125
