objID,ra,dec
105733455458753124,345.54588302,-1.8894154
