objID,ra,dec
108883453151977413,345.3151914254553,0.7391030894479363
