objID,ra,dec
107173459384630264,345.93844753346804,-0.6918954147645057
