objID,ra,dec
107093459688363448,345.9688486407949,-0.7558481409723043
