objID,ra,dec
108233458891045364,345.889201533818,0.19572741994989618
