objID,ra,dec
106013455238475592,345.52389803802043,-1.6540765854422226
