objID,ra,dec
107443454767962540,345.4767319232205,-0.46508940926152514
107443454764362365,345.47653577,-0.46526126
