objID,ra,dec
110023453213915244,345.32127200403704,1.6873437552659656
110023453211715482,345.32123820046814,1.6874184897059938
