objID,ra,dec
106243454573208693,345.45742792371516,-1.4598640715867175
106243454576648674,345.45770493,-1.45982562
