objID,ra,dec
110943458819964399,345.8820065876587,2.4532688800754436
