objID,ra,dec
112343457425384189,345.74255553610845,3.619769779733864
