objID,ra,dec
108013457092280768,345.7092354840017,0.008584182856557012
