objID,ra,dec
107393451254038457,345.125396149113,-0.5016541094744317
