objID,ra,dec
106283459610433302,345.9610818492647,-1.4308928457932926
