objID,ra,dec
108383454626970659,345.46251807795335,0.31689172014679895
108383454624930916,345.46251908310535,0.3169032945465215
