objID,ra,dec
107423454503080430,345.4502753938527,-0.48336837076296674
