objID,ra,dec
95663458596100763,345.85974233,-10.28313713
95663458597620472,345.8598041655074,-10.283284489848928
95663458600810388,345.86008123,-10.28331052
