objID,ra,dec
112073456356259020,345.63557001140464,3.3989603144219376
112073456354869309,345.63555960532216,3.3989766665810532
