objID,ra,dec
109823450478079455,345.04787238101966,1.5241788537965584
