objID,ra,dec
105463459749395259,345.9749847061737,-2.1124930669565947
105463459749245609,345.974988515948,-2.1123757879069878
