objID,ra,dec
107723455074529119,345.50736643,-0.22620426
