objID,ra,dec
110763453094022403,345.30947659189343,2.301581040430789
