objID,ra,dec
103863459807068221,345.9807449165975,-3.4435825474629818
