objID,ra,dec
109453452352321702,345.23526116843624,1.2094234608692294
