objID,ra,dec
108503454650124565,345.46501303701854,0.420081770629173
