objID,ra,dec
104373455384405902,345.5384252201652,-3.0205179683611414
