objID,ra,dec
111913453090719310,345.30904119991,3.265724299759152
