objID,ra,dec
109723450553577286,345.05540195488567,1.438961880609891
