objID,ra,dec
109673453797565827,345.37971689664846,1.3962871695805796
