objID,ra,dec
96053454755703267,345.47560066322126,-9.955951805560382
