objID,ra,dec
106573451190482766,345.1190601449646,-1.1897276416726867
