objID,ra,dec
106933455587497685,345.55887789572216,-0.8856640168894349
