objID,ra,dec
97643451964106032,345.19641472055787,-8.628623906092436
