objID,ra,dec
105843452664000961,345.26645362,-1.7995791
105843452661231072,345.266257816142,-1.7994370652147709
