objID,ra,dec
110143451166180159,345.11660130074245,1.783109297573766
110143451164380488,345.11659083933546,1.783137477218068
