objID,ra,dec
106683453783724649,345.37838354484063,-1.0964966905037121
