objID,ra,dec
110363451191691548,345.1191827199798,1.9675562370606514
