objID,ra,dec
109213456135117285,345.6134524796037,1.0140058660344662
