objID,ra,dec
106553456396919661,345.63972057550734,-1.2006579351740496
