objID,ra,dec
107373450409983359,345.04098807865125,-0.5225645111411764
