objID,ra,dec
110293457929097271,345.79288615373684,1.9139128340760265
110293457930146937,345.79301833,1.91375662
