objID,ra,dec
104273458560485143,345.8561317263074,-3.1044399512979077
