objID,ra,dec
106793456848117357,345.6845605229509,-1.0025848998420834
106793456845307412,345.6845567463703,-1.0025742928568109
