objID,ra,dec
96243454033985809,345.4034151726688,-9.795501026952312
