objID,ra,dec
107513458527633582,345.85276444978433,-0.4057526689133066
