objID,ra,dec
107753452626542405,345.26241046227454,-0.20685870016166855
107753452623732230,345.2623786800765,-0.2068691246177869
