objID,ra,dec
106533455384452318,345.53846674668785,-1.223445721729546
