objID,ra,dec
105883452114918244,345.21140385342807,-1.7602435073328804
105883452114617903,345.21138225,-1.76032561
105883452111988101,345.211353509929,-1.7603284702939541
