objID,ra,dec
98043451004349937,345.1004715703163,-8.292066455858437
