objID,ra,dec
108453450710344553,345.07108687824393,0.37841088255170074
