objID,ra,dec
105763452264995359,345.22649952605735,-1.8625593414221755
