objID,ra,dec
105953458094828605,345.80951397581987,-1.7015715720202047
105953458092018801,345.80950552962184,-1.701569718114344
