objID,ra,dec
105063458431914907,345.8432122854603,-2.4462977154328067
