objID,ra,dec
106603457337538580,345.73371662455037,-1.1599711334947034
