objID,ra,dec
108443456294597540,345.6294766110963,0.3725747486704438
