objID,ra,dec
107073459249441608,345.9249655275561,-0.7740651866919267
