objID,ra,dec
95993458513498864,345.8511644008974,-10.0013397419927
