objID,ra,dec
108683458452761075,345.84520054556003,0.5672051156819797
