objID,ra,dec
110743454309621236,345.43076459444165,2.284016657957892
110743454306441298,345.43077163176855,2.283991870408432
