objID,ra,dec
107943455977900634,345.59778330140483,-0.04985585702448496
107943455975630430,345.59759369,-0.0499518
