objID,ra,dec
111133453042825323,345.30433629513493,2.6123633539356863
