objID,ra,dec
106883450877354935,345.0877204772462,-0.9295622248669415
