objID,ra,dec
107633452058296670,345.2058281647704,-0.3031845416606724
