objID,ra,dec
107963454889540347,345.4888738850362,-0.03348171811621561
107953454892669903,345.4890883960309,-0.03367072041535526
