objID,ra,dec
107553453342356965,345.3342304067515,-0.36961524165430815
107553453339726826,345.33396485,-0.36967131
