objID,ra,dec
110173457885246440,345.7885691489426,1.8133676487474515
