objID,ra,dec
108233455356599658,345.5356522357851,0.19935398297624787
