objID,ra,dec
111103457543794590,345.7544024045935,2.586798041748088
