objID,ra,dec
107423456945088537,345.6944912109802,-0.4766015862641686
