objID,ra,dec
108743456653364121,345.66535943219816,0.6197220855776641
