objID,ra,dec
112313450516597116,345.051671489922,3.5971369267447426
