objID,ra,dec
107193457618002857,345.76181453511117,-0.6730415281548934
107193457619202547,345.76192469,-0.67325298
107193457621032813,345.76209875,-0.67301781
