objID,ra,dec
108533450637994363,345.06382732696494,0.44490065292755293
