objID,ra,dec
110043451774680701,345.1775151829243,1.7001978511767515
