objID,ra,dec
108113454486605949,345.44880394006566,0.09613337929682515
