objID,ra,dec
97763457453416500,345.7453391069243,-8.528283145542227
