objID,ra,dec
109863459116436078,345.9116409727496,1.5546715577245684
