objID,ra,dec
104193450081844631,345.008179989577,-3.171466146996056
