objID,ra,dec
97743457191323308,345.71913839607606,-8.547584485490752
