objID,ra,dec
109793457463873081,345.74644747551235,1.4938484631684725
