objID,ra,dec
106743458415520006,345.84155598003736,-1.0503893396217792
106733458415209673,345.84159727,-1.050579
