objID,ra,dec
108023457667447519,345.76684735621257,0.02243205363812271
