objID,ra,dec
108283458836118471,345.88370244423487,0.23997591845797858
