objID,ra,dec
106123455034013303,345.50333863,-1.5643128
