objID,ra,dec
112183455439226645,345.54395024946615,3.488575222491062
112183455436326821,345.54363558358926,3.4886719725534734
