objID,ra,dec
108553453566289842,345.35648116043916,0.4660687318346165
108553453563439727,345.35649608108247,0.46604256067484656
