objID,ra,dec
109283450414727772,345.04149612233863,1.0727442806938021
