objID,ra,dec
96773450206501280,345.02066395610785,-9.357598753966656
