objID,ra,dec
109493452848156869,345.28495795,1.24696881
109493452851536709,345.2851576407812,1.2468693041641232
