objID,ra,dec
107353459045040290,345.9044631944556,-0.5418743889858517
