objID,ra,dec
111543458076578721,345.80767719809893,2.956893215643502
