objID,ra,dec
97323454714990303,345.47154472457794,-8.900144453767066
