objID,ra,dec
110123451383024964,345.1383404582495,1.7704212799403007
