objID,ra,dec
108103457769540567,345.77692738,0.08315866
