objID,ra,dec
106233451091692533,345.10917914,-1.47326917
