objID,ra,dec
96113451617248133,345.1617558173168,-9.901941093167318
