objID,ra,dec
108723455808835020,345.58093637018413,0.603550266069407
108723455811044433,345.58107133017023,0.6033088779624547
