objID,ra,dec
109953455726905711,345.57278223325983,1.6293972395251706
