objID,ra,dec
106213454357953598,345.43592493,-1.48919758
