objID,ra,dec
112153457082482472,345.70825522234077,3.459965410768513
