objID,ra,dec
109233450555385036,345.0556032,1.02874373
109233450557714837,345.05576987390515,1.0286101035345787
