objID,ra,dec
96313453256567788,345.32571441669944,-9.735540469176476
