objID,ra,dec
109263455294615591,345.5294363380081,1.0543048714337666
109263455291405716,345.5291664,1.05438292
