objID,ra,dec
111703458313432515,345.83140559448816,3.085065177037626
