objID,ra,dec
107183458896631852,345.88944612,-0.68233813
