objID,ra,dec
108343458957610422,345.89585102020135,0.2832626372302069
