objID,ra,dec
95273458774446968,345.8774324278698,-10.60298044923982
