objID,ra,dec
106333455081150453,345.5081342058529,-1.3915827270865175
