objID,ra,dec
106393453558757375,345.35569040475417,-1.3360653724665372
106393453557296894,345.35573115,-1.3362973
106393453555927252,345.3556791763393,-1.3360511825689754
