objID,ra,dec
107153459731808190,345.97305728362073,-0.7018591289520721
