objID,ra,dec
98083459487260062,345.94872286591357,-8.266960816601973
