objID,ra,dec
111223456846135317,345.6846987553523,2.6873949514740576
