objID,ra,dec
106693451475094538,345.1475084954095,-1.0882478667129218
