objID,ra,dec
107693452403846881,345.2404333330332,-0.2529796156307784
