objID,ra,dec
106343455305382539,345.5306001603591,-1.381624708515683
