objID,ra,dec
107173459532977293,345.9533037050272,-0.6860033631780842
