objID,ra,dec
110863453065585015,345.30663308999135,2.387176467705669
