objID,ra,dec
109113455442251304,345.54429685507466,0.9255915790199379
