objID,ra,dec
108253457141745452,345.71403197671145,0.21236405293563024
108253457137935144,345.7138838945574,0.2122315703878169
