objID,ra,dec
109543458853166151,345.8853251656136,1.2880494198569254
