objID,ra,dec
106203453879672884,345.38789807,-1.4979727
