objID,ra,dec
109253456700596884,345.67006273,1.04700746
109253456701236470,345.6701787681156,1.0467740982494975
