objID,ra,dec
106813451144599126,345.11441453996895,-0.9843896109337382
