objID,ra,dec
106933451157944837,345.1158344678563,-0.8880273737453855
