objID,ra,dec
108203457424184392,345.7424389383026,0.1698980954115846
