objID,ra,dec
109423452289550438,345.22915316,1.18327723
