objID,ra,dec
109153458071493926,345.807224556745,0.9612457630466218
