objID,ra,dec
108883455608787032,345.5608462311966,0.7387816738633611
