objID,ra,dec
95673459333117588,345.93336016441384,-10.269027642449672
95673459336017529,345.93361104,-10.26903403
