objID,ra,dec
111223455095123966,345.5095771423497,2.686255018362518
