objID,ra,dec
111133456636737483,345.6637667547456,2.6141679966311795
