objID,ra,dec
108073458341288015,345.8341132458699,0.06459328887929836
