objID,ra,dec
110133459813189198,345.9813278,1.78229841
