objID,ra,dec
109603454132959765,345.41331250466214,1.3411122208959483
