objID,ra,dec
105153450407368022,345.04078357026094,-2.3686870768264536
