objID,ra,dec
108823457764809150,345.7766162770788,0.6906099317644394
