objID,ra,dec
109343452725054780,345.27250446898853,1.1202415690541132
