objID,ra,dec
112143452480788610,345.24805339487517,3.456801736453984
