objID,ra,dec
106053450239708454,345.02399017344425,-1.6183264872290068
