objID,ra,dec
109373458223138790,345.82234460347104,1.148680795603198
