objID,ra,dec
96803451453838071,345.1454013012231,-9.326950870764895
