objID,ra,dec
107023457000600119,345.7001666171928,-0.8169517293150353
