objID,ra,dec
106933453856701370,345.3856742404005,-0.8908833525200647
