objID,ra,dec
108233459209249085,345.9209909898165,0.19883274936085163
