objID,ra,dec
108723455831074126,345.58309425194017,0.6030670035218524
