objID,ra,dec
107833458268723571,345.8268437453289,-0.1390810728884938
