objID,ra,dec
111483459406951440,345.94065742882685,2.900805955517866
