objID,ra,dec
97963459325304371,345.9325511479553,-8.36335958900465
