objID,ra,dec
97973455212801841,345.5212963219468,-8.357158054043436
