objID,ra,dec
109833459735860950,345.9735496020333,1.5253853168550902
