objID,ra,dec
106423453808843278,345.3808859,-1.31427899
106423453806993015,345.38073981176035,-1.314483222556115
