objID,ra,dec
96033457171693163,345.71715351668263,-9.972742309506845
