objID,ra,dec
110773457855533882,345.7855844982871,2.311208935292831
