objID,ra,dec
106813457804058873,345.7803548525506,-0.9845605496431409
