objID,ra,dec
107123454387753804,345.4388295649745,-0.7305146299013173
