objID,ra,dec
109733453638102101,345.36378680122317,1.4430296802552662
