objID,ra,dec
108543453028661894,345.3028504246103,0.45118625813957736
