objID,ra,dec
110283453645327983,345.3645729676373,1.9062621881143584
110283453647987880,345.3647404,1.90627951
