objID,ra,dec
108203459616948406,345.96187820699174,0.17321119759662723
