objID,ra,dec
105183453732376629,345.37334565193936,-2.344912318776785
