objID,ra,dec
107483450046438369,345.0046947753904,-0.42668465549075285
