objID,ra,dec
111793463367155652,346.3367082158256,3.1626275173482075
