objID,ra,dec
105433463658965013,346.3658296321889,-2.1378563696613084
