objID,ra,dec
108353466065397765,346.6066033178074,0.2977127878912363
