objID,ra,dec
109353467099064615,346.70989422308867,1.1284854011360606
