objID,ra,dec
106883464138840086,346.41389777256086,-0.9336404356203059
