objID,ra,dec
107933469965013246,346.9965631577642,-0.05591965134335536
