objID,ra,dec
109783460983492727,346.0983399014252,1.4851979495359122
