objID,ra,dec
107683461407960905,346.1408016216985,-0.26627143800466646
