objID,ra,dec
107113461514860602,346.15149682698933,-0.7415698696295627
