objID,ra,dec
110053462370927525,346.23711619835655,1.7142011158279176
110053462370397094,346.2370912312291,1.7142135104731706
