objID,ra,dec
97073467100624961,346.7101303078121,-9.104541024343128
