objID,ra,dec
110183462503415948,346.25042765279994,1.8212471505429733
