objID,ra,dec
107253460059836681,346.00603597804655,-0.6198591684636771
