objID,ra,dec
111963463689616437,346.36892693102965,3.3049860629981773
