objID,ra,dec
110553461659242357,346.16598115839435,2.1265274851491833
110553461661832092,346.16617872,2.12633028
