objID,ra,dec
108353462132307267,346.2132409813129,0.2973725593792835
