objID,ra,dec
96053466752877016,346.67528894079544,-9.952845548228902
