objID,ra,dec
107083461165150119,346.11652090368926,-0.7669524457741708
