objID,ra,dec
109223467578101143,346.7578199998829,1.0171762630131806
109223467576940828,346.75769951,1.01700824
