objID,ra,dec
112243461371047786,346.13708418007275,3.5395337263023845
