objID,ra,dec
108433462790612300,346.27909253,0.35989479
