objID,ra,dec
105893461405825388,346.14055555329685,-1.7541607133064097
