objID,ra,dec
104823466948738324,346.6948492966664,-2.64339946193268
