objID,ra,dec
96943469228767147,346.922617,-9.211031
96943469223557216,346.92238918195477,-9.210948224333984
