objID,ra,dec
107313468594169290,346.8594844463796,-0.5676382728509015
