objID,ra,dec
106403466619172562,346.6619246092578,-1.3317040137518774
