objID,ra,dec
110343463704033638,346.37044468805254,1.952607327798479
