objID,ra,dec
109783464559642797,346.45586242032255,1.4854671712132763
