objID,ra,dec
95783467930627746,346.79306399910917,-10.177212663980672
