objID,ra,dec
107053466936264460,346.6936101465469,-0.7884449040099423
