objID,ra,dec
108403465813792474,346.5813337857145,0.33498108342378585
