objID,ra,dec
111973463619729560,346.3619484960995,3.3159499214635275
