objID,ra,dec
104973463712759927,346.37132728788015,-2.51707827259172
