objID,ra,dec
106153462347451852,346.23478022887224,-1.5405300795885302
