objID,ra,dec
108193462159653879,346.21608601374777,0.1611843984850854
