objID,ra,dec
106093467885053370,346.78863820011776,-1.58919554210068
106093467888103447,346.7887639315422,-1.5891446819856134
