objID,ra,dec
107313460047221589,346.004723991452,-0.5740605122719348
