objID,ra,dec
107803464242056808,346.42414802208356,-0.16135799615240545
