objID,ra,dec
112283460011299604,346.00111181669513,3.574299939045759
