objID,ra,dec
104783467068109629,346.70687077536667,-2.6758064353085946
104783467066659328,346.70682970577695,-2.6759000930141297
