objID,ra,dec
96003469020893682,346.9020482890824,-9.99725318574876
