objID,ra,dec
111393460813954496,346.08147979930925,2.8281992373849367
