objID,ra,dec
109223467878796580,346.7878700280129,1.0217457069751534
