objID,ra,dec
105253465212095941,346.5212710081134,-2.287072408591008
