objID,ra,dec
107703460093445542,346.0093872405955,-0.24576995801969911
