objID,ra,dec
104683462737458798,346.27378589277765,-2.759726139371647
