objID,ra,dec
107853463771556000,346.37711510600894,-0.12047278849187114
