objID,ra,dec
108773462723763692,346.27239971836616,0.644332070694689
