objID,ra,dec
95913460847952047,346.08484347448086,-10.073628805486306
