objID,ra,dec
107263468469342657,346.84696586,-0.61483824
