objID,ra,dec
111323463168836881,346.316872626767,2.771994306614779
