objID,ra,dec
106963460012281451,346.00132696,-0.86562991
