objID,ra,dec
106783461487352647,346.1487636489197,-1.0149101636384108
