objID,ra,dec
111493467713214298,346.7713035381471,2.9115221098198636
