objID,ra,dec
106773465552171432,346.55510451639896,-1.0241957610632828
