objID,ra,dec
111853463776299749,346.37760505177295,3.2160583906496
111853463775449395,346.3775434,3.21578776
