objID,ra,dec
107393464953060388,346.49538792147223,-0.5085024237326009
