objID,ra,dec
104083469547978207,346.9547974682507,-3.2602317176424402
