objID,ra,dec
107133467650512078,346.76508486028996,-0.723684752323671
