objID,ra,dec
112283460401383105,346.04011857641774,3.5688571170842347
