objID,ra,dec
106543469945638341,346.9946100776003,-1.21007520462793
