objID,ra,dec
95543462790985713,346.27911035919055,-10.378910819533978
