objID,ra,dec
108003468102791318,346.81027260490725,0.0007230543661329579
108003468100281154,346.8102280517925,0.0006897640844163333
