objID,ra,dec
104093467877428667,346.7876440709433,-3.251604594609089
104093467876598346,346.7876358301844,-3.251602377969156
104093467874578770,346.7874762559932,-3.251530709820692
