objID,ra,dec
111033463260518196,346.3261378833782,2.531497702324792
