objID,ra,dec
108843460622582139,346.06228372661576,0.7013621412764031
