objID,ra,dec
109983466197798211,346.6197925332466,1.6564394647068892
