objID,ra,dec
109133462506766428,346.250786953497,0.9466523792580503
