objID,ra,dec
108723462956097274,346.2955325834588,0.6055536346134017
