objID,ra,dec
106823468248877108,346.8249086307091,-0.9779424063690185
106823468250386681,346.82499813,-0.97806856
