objID,ra,dec
109193465097085898,346.5097192755594,0.9961517179154639
109193465095465506,346.50954111270573,0.9960100026663937
