objID,ra,dec
108283464088425422,346.40883727113857,0.2374952065745373
