objID,ra,dec
107493468756080769,346.87562367160353,-0.42475201002873053
