objID,ra,dec
95473462354958744,346.2355044391669,-10.434721639914672
