objID,ra,dec
112603466921644521,346.69216655943774,3.836698354023131
