objID,ra,dec
107103462235233560,346.2235462233747,-0.7473430270713596
