objID,ra,dec
109573464940430070,346.49405761,1.3079658
109563464940019652,346.494028974541,1.307686315118237
