objID,ra,dec
109143465986876209,346.59861421,0.95471216
