objID,ra,dec
108463461242489413,346.12426625,0.39081945
