objID,ra,dec
105233463263325323,346.3263884475233,-2.3042831018873837
