objID,ra,dec
109213468743867351,346.8743732043926,1.0140265215597855
