objID,ra,dec
95943461815245933,346.1815271918029,-10.045369156194072
