objID,ra,dec
109323462313389015,346.2312336317101,1.107035850299573
109323462312488688,346.2312631737415,1.1069998724202104
