objID,ra,dec
109373463142298318,346.314291697556,1.1482475800379566
