objID,ra,dec
111553468474825590,346.84750781083187,2.9626357101101055
