objID,ra,dec
109363465114994327,346.51153570502527,1.1366156038560034
