objID,ra,dec
106913469484121591,346.94855069573697,-0.9074087069215729
106913469486711751,346.94867577,-0.90722074
