objID,ra,dec
111763464894019219,346.48943490913877,3.140560915229564
