objID,ra,dec
106603467128620687,346.71286389804897,-1.16651298126372
