objID,ra,dec
106093469199171908,346.9199243632348,-1.5903857818252423
