objID,ra,dec
110333467769803190,346.77705632,1.94400801
