objID,ra,dec
108413462545974682,346.2546408008263,0.3452006763745013
