objID,ra,dec
107783466388549552,346.6388479118864,-0.1757514136767477
