objID,ra,dec
107863468451973235,346.84522897420766,-0.11429907244405096
