objID,ra,dec
108493464594629593,346.45947061911124,0.41598096659181855
