objID,ra,dec
108013464107807648,346.4107654642449,0.014327503168962193
