objID,ra,dec
110973461026311747,346.10263921,2.47599772
110973461024691439,346.1025760076011,2.475753974904747
