objID,ra,dec
105593464744654507,346.47449684932036,-2.0048788969617255
