objID,ra,dec
108913463512538850,346.3513243570312,0.7652964079029126
108913463515108563,346.35152222,0.76509853
