objID,ra,dec
105203462295196513,346.2296833378072,-2.3283516962043462
105203462298436641,346.22970400269105,-2.3283308849783078
