objID,ra,dec
108543467298756078,346.7298949435581,0.45468726345773514
