objID,ra,dec
110673466369872054,346.636905325772,2.2263267327015015
