objID,ra,dec
111103466922768620,346.69232559957914,2.5901198813375106
