objID,ra,dec
108803463330982249,346.3330927391073,0.6681583689578319
