objID,ra,dec
111093468955441299,346.8955600098931,2.5756792086777796
