objID,ra,dec
112773467342708919,346.73428712242446,3.982072865102192
