objID,ra,dec
107183468700777022,346.87008806,-0.67782472
107183468698036941,346.8698425163105,-0.6779463253723471
