objID,ra,dec
106403467496036799,346.749642240764,-1.3279970581261262
