objID,ra,dec
98043460452748885,346.04533259259233,-8.29293488958827
