objID,ra,dec
111913464364463878,346.4364844567178,3.261128607148278
