objID,ra,dec
97653461661426252,346.16618909267777,-8.620182455132761
