objID,ra,dec
111833469739060114,346.97396671301925,3.1913692697507168
