objID,ra,dec
111163468262243502,346.8261944660379,2.6358565399853995
