objID,ra,dec
106583464045472958,346.4045668431658,-1.1814008499487367
