objID,ra,dec
104133465339561415,346.5339449461436,-3.2241920668224187
