objID,ra,dec
107583467843689766,346.78439173814706,-0.3423000634783616
107583467840599900,346.78435919612554,-0.34226496636781006
