objID,ra,dec
108943468013919315,346.8014585259019,0.7906443577755876
