objID,ra,dec
107023467979003307,346.7979717785503,-0.8142819125899732
