objID,ra,dec
109493461146778505,346.1147916704831,1.24840752977133
