objID,ra,dec
104073460808051171,346.08078962543016,-3.274384600396498
