objID,ra,dec
110513464835836812,346.4836581622869,2.0970563889997194
