objID,ra,dec
107233469549639379,346.9550393111173,-0.6342151192448041
