objID,ra,dec
109283464381476420,346.43816573438767,1.071630535934685
