objID,ra,dec
110563467734417065,346.77360324458607,2.1388536680922576
