objID,ra,dec
108673469611326516,346.96124231695387,0.5634305549547529
