objID,ra,dec
107863462443504446,346.24438627226135,-0.11340409918845057
