objID,ra,dec
112863469123321000,346.9123617784404,4.050448732374322
112863469120181009,346.91204953,4.0504221
