objID,ra,dec
110683461213793889,346.12138637243135,2.2361498494355514
