objID,ra,dec
109873468909245372,346.8909184296879,1.5624368416103194
