objID,ra,dec
109053461482027464,346.14819963,0.88082452
