objID,ra,dec
103833468936001319,346.8935766302285,-3.474356883720125
103833468934980994,346.89352943,-3.47455934
