objID,ra,dec
96933462747605942,346.2747863492148,-9.220382697980831
