objID,ra,dec
107143463302916767,346.3304065212023,-0.7114768170844137
