objID,ra,dec
112013468486654884,346.84870631040576,3.3453839894373703
