objID,ra,dec
104023467340471105,346.7340051411024,-3.3161429667180524
