objID,ra,dec
105913464855624843,346.48558270877214,-1.737959430927023
