objID,ra,dec
108523469882397906,346.9882464669641,0.4395277145726258
