objID,ra,dec
109103467501279126,346.7501755994922,0.9239246910154304
