objID,ra,dec
106543466716569567,346.67165943,-1.20910584
