objID,ra,dec
111233460586978660,346.05872015671684,2.6984804704960816
