objID,ra,dec
106293460037858684,346.0038127679585,-1.4181219716867834
