objID,ra,dec
106523468649195788,346.86498982041496,-1.228844330458993
