objID,ra,dec
109013469922791663,346.99230507,0.84264423
109013469924351359,346.9924965816416,0.8424387149412854
