objID,ra,dec
106693469706998692,346.970827602425,-1.0848538217843693
