objID,ra,dec
112153466268345018,346.62694627967863,3.462065941783633
