objID,ra,dec
106503462900002757,346.2900138342087,-1.2481064565667856
106503462902822636,346.29026574,-1.24817147
