objID,ra,dec
103913463170984265,346.31709620196597,-3.405168555145143
