objID,ra,dec
104893462617905213,346.2618391007622,-2.5876987200196706
