objID,ra,dec
108143466422180723,346.64222620219533,0.1168637468913812
