objID,ra,dec
112073468354847840,346.83552708131873,3.397954774580821
112073468353158136,346.8355212876547,3.3979579480521367
