objID,ra,dec
109153462059919929,346.20597132731683,0.9662245443456997
