objID,ra,dec
107533462368987611,346.2368662778433,-0.385785800865025
