objID,ra,dec
107943469357401325,346.93577351830123,-0.0492290289093362
