objID,ra,dec
109213461470512147,346.1470432799263,1.0098289517438468
