objID,ra,dec
109513467473311715,346.74728180335586,1.2593728151258572
