objID,ra,dec
106313461907978781,346.190793497258,-1.4013905503443602
