objID,ra,dec
107323467311484386,346.7310253274674,-0.5634647359857001
