objID,ra,dec
106333460960061076,346.09599149525366,-1.3911061716056645
