objID,ra,dec
105023469652756061,346.96520252866634,-2.478593595751361
105023469649656033,346.96512971,-2.47868892
