objID,ra,dec
112743460648685434,346.0648608705463,3.954023933584577
