objID,ra,dec
109983465230833276,346.52305485581707,1.6523940292915553
