objID,ra,dec
111953465740658764,346.5740968039422,3.298564141938362
