objID,ra,dec
97183464035937961,346.40361588949037,-9.010364115239641
