objID,ra,dec
110803468175394365,346.81760957861235,2.3365867031008882
