objID,ra,dec
108293467635127006,346.7635990750707,0.2470845586098918
