objID,ra,dec
109243466264111223,346.62646590555937,1.0340180064470592
