objID,ra,dec
110913460288489621,346.02891337609145,2.4325583016504195
110913460288749288,346.02888238,2.43234884
