objID,ra,dec
110883461515764074,346.1515802935735,2.402978134873618
