objID,ra,dec
108453461410607361,346.14111802108334,0.38081350175433826
