objID,ra,dec
106313466966596511,346.696682748708,-1.403261070951152
