objID,ra,dec
107373465109502604,346.5109093567845,-0.5231867056900641
