objID,ra,dec
107153462816184306,346.28167204790276,-0.7053816563049399
