objID,ra,dec
107093464723224170,346.4723451343632,-0.7552131676073043
