objID,ra,dec
107993461406483409,346.14062787084754,-0.0058526621009431495
