objID,ra,dec
106143465023055858,346.50236756223785,-1.545437897866701
