objID,ra,dec
108393463433633276,346.34343147,0.32734877
