objID,ra,dec
109033463071015461,346.3070299231139,0.8623609737065095
109033463070895064,346.3070321898576,0.8623663860517448
109033463067605204,346.30678098,0.86229777
