objID,ra,dec
108243469868232110,346.9869151551315,0.20148619672602325
