objID,ra,dec
103843464192824568,346.419269227708,-3.4632400357913635
