objID,ra,dec
107213467214304882,346.72138307799446,-0.6546096097844422
