objID,ra,dec
109663460414063979,346.0414525449082,1.3862460556823974
