objID,ra,dec
112693463543214839,346.35429678846725,3.911852949775402
112693463541884413,346.35428637055287,3.911852422900092
