objID,ra,dec
111023465804054655,346.58028455490995,2.5200600249118033
111023465802114405,346.5802720640597,2.5200571842152035
