objID,ra,dec
108893469066956895,346.9067439094003,0.74701514567064
