objID,ra,dec
109673463941202096,346.39414602717494,1.3930628344562206
