objID,ra,dec
104483462623835940,346.2623933968527,-2.928736007565805
