objID,ra,dec
108563460666908018,346.06670347,0.47295673
