objID,ra,dec
106593464440230119,346.4438804269049,-1.1752649958900245
106593464439040445,346.44390402,-1.17510459
106593464437530011,346.4438407583277,-1.1752644719585743
