objID,ra,dec
110733468523311571,346.85243365381683,2.2758846870548437
