objID,ra,dec
108933465304632144,346.5301870930161,0.7766334841930495
108933465300822444,346.5301190025088,0.7767213176969722
108933465296842798,346.5298664043473,0.7768359910036954
