objID,ra,dec
106463467114807000,346.71158712293146,-1.2780467470184698
106463467115016653,346.71158441272667,-1.278052638002407
