objID,ra,dec
107763460232571008,346.0234044899583,-0.19934452151636986
