objID,ra,dec
110753465505402151,346.5506050121756,2.2930328582078956
