objID,ra,dec
106533465066753677,346.5066418823017,-1.2224561753085175
106533465064643193,346.50647851,-1.22273206
