objID,ra,dec
108643461099711848,346.1100721029405,0.5343457515654757
