objID,ra,dec
108153463987131434,346.39871575,0.1258425
108153463989361458,346.3990110270996,0.125816051635048
