objID,ra,dec
109833469028524769,346.9030467949594,1.5285559199164558
109833469032244929,346.90316279,1.52850642
