objID,ra,dec
108803463204590316,346.3204671,0.66655054
108793463205879939,346.32059533,0.66622201
