objID,ra,dec
108433467780631421,346.77806466070183,0.3591162788380634
