objID,ra,dec
106713464364350636,346.4364561452982,-1.0748641366888652
