objID,ra,dec
108303460116481314,346.01159400061954,0.25058135245573926
108303460115190994,346.011580756554,0.25057002127105554
