objID,ra,dec
107343469691421465,346.9691925205339,-0.5491919850407609
