objID,ra,dec
97953463028353233,346.30283276613676,-8.372664920173968
