objID,ra,dec
108503468550138222,346.85501842897446,0.4231516017389686
