objID,ra,dec
109243467914498555,346.7915027234185,1.03997637412871
