objID,ra,dec
111593462522158909,346.25219186,2.9987477
111593462521529324,346.25209101280166,2.9990406140866672
