objID,ra,dec
111593467837277218,346.78380667930657,2.9972871207187897
