objID,ra,dec
108483465809478165,346.5809413196496,0.406278893103588
108483465809027740,346.58092050590903,0.4061519114190017
