objID,ra,dec
106993469321094256,346.9321762825303,-0.8384891190867206
