objID,ra,dec
110153462242381843,346.2243853008614,1.7928838067142872
