objID,ra,dec
104803462814473522,346.28146701514976,-2.664141858977573
