objID,ra,dec
112553469048638889,346.9048941969752,3.7986728218444124
