objID,ra,dec
110133462490509257,346.249058168323,1.782331296692372
