objID,ra,dec
108093465568327696,346.55673825,0.08107375
108093465564897905,346.55650019118053,0.0811638582872635
