objID,ra,dec
109363466028047381,346.6028165251599,1.1391709175861149
