objID,ra,dec
104973463392795710,346.3393350108305,-2.5205817251950178
