objID,ra,dec
104643467084111132,346.7085310611654,-2.799342242085645
