objID,ra,dec
106843461008370435,346.10088926503755,-0.9666461873307787
