objID,ra,dec
111233467436229134,346.74355065,2.69891442
111233467432809006,346.74332460497186,2.6988037986413786
