objID,ra,dec
108463464929627176,346.4929623275278,0.38890716143071963
