objID,ra,dec
110813460679146466,346.0677283112168,2.3465000311036777
110813460674446167,346.06765925,2.34659984
