objID,ra,dec
107813462934690014,346.2934429146232,-0.15873823503276532
