objID,ra,dec
110293464026180762,346.4025245824715,1.908453106869518
110293464023750542,346.40251829587726,1.9084468159889725
