objID,ra,dec
110943461377027097,346.13770835,2.45553917
110943461375467421,346.1375683718298,2.455785402149367
