objID,ra,dec
108143464792154905,346.47920924165163,0.1203405615085278
