objID,ra,dec
110673468227463108,346.8227166266036,2.2270475569003834
