objID,ra,dec
106403462828958439,346.28286799234934,-1.3266935587227964
