objID,ra,dec
109243466154402865,346.6154113217666,1.0353911415508736
