objID,ra,dec
106753469933274371,346.99327376,-1.03838362
106753469931634027,346.99314552124184,-1.0385857073459412
106753469928414215,346.9931548514538,-1.0385856968431912
