objID,ra,dec
108523467169677665,346.7169838818656,0.43934965318667957
