objID,ra,dec
97303463961891898,346.39616713,-8.91541042
97303463958601958,346.39589258311554,-8.91539785023524
