objID,ra,dec
107893463160372636,346.3162538921637,-0.0899165811062053
107893463163282538,346.31626117117827,-0.08991206044373963
