objID,ra,dec
106483465243425300,346.5243437053357,-1.2627337769561664
