objID,ra,dec
96533460174254344,346.0174726092851,-9.555050464321592
