objID,ra,dec
105803465387822641,346.53878511,-1.83148177
105803465384832613,346.53852932371245,-1.831554384999688
