objID,ra,dec
107483468113128431,346.8112281562515,-0.4265858434131464
107483468110058684,346.81108187647436,-0.4265300294624897
