objID,ra,dec
112293463656078757,346.36561021668797,3.581892921083058
