objID,ra,dec
106773465359233344,346.53595346,-1.02267315
106773465360143001,346.53595731543606,-1.0227922440476618
