objID,ra,dec
112383465535287509,346.55373389639834,3.655940064593986
112383465540467570,346.55377768679244,3.655935252375219
