objID,ra,dec
108713460720497807,346.0721266469487,0.5977399876777242
