objID,ra,dec
106683465046447301,346.5046538415845,-1.0943246020800244
