objID,ra,dec
110863462624490797,346.2624858181646,2.3836285912103405
