objID,ra,dec
112143461285973553,346.1285708941455,3.4526254518816857
112143461287833823,346.12876315,3.45273261
