objID,ra,dec
107473461307621998,346.13090659040637,-0.4405761591097109
