objID,ra,dec
109283467823382689,346.782465071382,1.0685821324028917
