objID,ra,dec
107473461273539454,346.1273405753899,-0.4342774783401617
107473461273969089,346.12741321,-0.434414
