objID,ra,dec
107183461376912682,346.13766102451257,-0.6814560463636515
