objID,ra,dec
104453462522216269,346.25224764408654,-2.9534719045467686
