objID,ra,dec
109473467610802635,346.7609244155163,1.2268270454555392
