objID,ra,dec
108153466124020530,346.61241541286637,0.1249985284960801
