objID,ra,dec
110643461008298573,346.10107292394804,2.2066966575503923
110643461011138536,346.10112386,2.20669637
