objID,ra,dec
106983460116568543,346.0117089220279,-0.8432572294429133
