objID,ra,dec
108643463059608250,346.30593709046633,0.5398125693365492
