objID,ra,dec
110553462312084664,346.2311889391765,2.1285228795506983
110553462309244681,346.2309504,2.12850128
