objID,ra,dec
112083469502499069,346.95035270566916,3.407138227801222
