objID,ra,dec
107323460727661718,346.07278891947533,-0.5655714463345493
