objID,ra,dec
110473468788994302,346.8788732250329,2.0614991295822596
