objID,ra,dec
104893462074117338,346.20753720460056,-2.5858126184320156
104893462076647516,346.2075997441471,-2.5857969335262734
