objID,ra,dec
111413466102482029,346.6102972279239,2.843021580693882
