objID,ra,dec
104063465316267004,346.53157069158453,-3.2778462120721845
