objID,ra,dec
108153463134572506,346.31347238229097,0.12673363012196584
