objID,ra,dec
107303462694390114,346.2696538541285,-0.5836884954986701
107303462697780015,346.2696217,-0.58351686
