objID,ra,dec
105813467057972969,346.70583580925125,-1.8229305999649454
