objID,ra,dec
111613462728924620,346.27291039723644,3.011824347661016
