objID,ra,dec
111003460514526378,346.0515149750771,2.5049519531929207
