objID,ra,dec
105573464968676350,346.49671617694,-2.0201717480380292
105573464966146209,346.496712333391,-2.0201652744007643
