objID,ra,dec
110763463980590348,346.3981043765284,2.2999420262974737
