objID,ra,dec
106933464310738970,346.4310698384844,-0.884544808901344
