objID,ra,dec
105943461844411674,346.184385316804,-1.7157751312622769
105943461841721489,346.18425024,-1.7158112
