objID,ra,dec
108633468018641898,346.80188530614254,0.5261858692996907
