objID,ra,dec
104843469606965282,346.96074313115025,-2.629267780618617
