objID,ra,dec
107243464418601749,346.4418403291792,-0.6322463595176722
