objID,ra,dec
112173469866286669,346.98664404721114,3.4801493525548994
