objID,ra,dec
106623468009064028,346.8010727195175,-1.147016764521452
