objID,ra,dec
107903464259072844,346.42590293628507,-0.08136297901797271
