objID,ra,dec
106033478210093290,347.82103842931286,-1.639246782797357
