objID,ra,dec
97343473800422451,347.3800882305245,-8.881663624703817
