objID,ra,dec
104493478479455546,347.8479926928691,-2.9207761488541313
