objID,ra,dec
111703479838450382,347.9839486816276,3.083456855813891
