objID,ra,dec
107813470291716977,347.02919739907077,-0.15288260113146607
107813470294617373,347.02922432733493,-0.15285938820635334
