objID,ra,dec
111593473406918697,347.3407032875563,2.9985581763919766
