objID,ra,dec
112523475453697872,347.5454875286726,3.77299619356289
