objID,ra,dec
105723477328674219,347.73295349104677,-1.896941196732218
