objID,ra,dec
110923472309583512,347.23097395240046,2.435883295579096
