objID,ra,dec
96463476873005054,347.68734395361645,-9.612823503325586
