objID,ra,dec
108913471056571581,347.1056897568346,0.7592712149524604
