objID,ra,dec
105643470925796313,347.0926051655182,-1.9617142504850154
