objID,ra,dec
107033474974911449,347.49746104704064,-0.8074559316133013
