objID,ra,dec
97283475915660822,347.5916362593716,-8.933010647642037
