objID,ra,dec
113133479685368264,347.96862687252394,4.281575069715048
