objID,ra,dec
107173476066392833,347.60664869993116,-0.6897216733561083
