objID,ra,dec
107233477362810693,347.7362108187815,-0.6413562336274373
107233477360920954,347.73621797973834,-0.6413284951793402
