objID,ra,dec
112383479614295655,347.96147229423616,3.654330800857206
