objID,ra,dec
109163472211758032,347.2212029863658,0.9730092156294621
