objID,ra,dec
96823476271008134,347.62714435149155,-9.310222925500018
