objID,ra,dec
97513473552062342,347.355179,-8.739822
97513473550242901,347.3550674185597,-8.73958941261903
