objID,ra,dec
110213474066546879,347.4066164160993,1.847103940412169
