objID,ra,dec
109083477663226297,347.766349165493,0.904883326289295
