objID,ra,dec
95813472572258499,347.2572251191999,-10.151597281001267
