objID,ra,dec
108183472829103068,347.28296069818464,0.15219436842273
