objID,ra,dec
95073475078302906,347.50785727057,-10.77299259823961
