objID,ra,dec
107793473296491954,347.3296222179936,-0.17375765614801245
