objID,ra,dec
106203472850053472,347.28507846,-1.49746584
