objID,ra,dec
104033477906921461,347.7907941884142,-3.3074378391994856
