objID,ra,dec
110313475601427691,347.560108805242,1.9310526042412393
