objID,ra,dec
103883479518879371,347.95191557674127,-3.4258658351211344
