objID,ra,dec
96713474938848092,347.4939320716923,-9.401907825903432
