objID,ra,dec
97683478059310808,347.80592204488545,-8.599692911017787
