objID,ra,dec
108083474653217830,347.465311677505,0.07272920583611697
