objID,ra,dec
107663471790585207,347.17905801988326,-0.2793789046657365
