objID,ra,dec
108953475822462442,347.58226106749174,0.7933201007545925
