objID,ra,dec
107753477923880371,347.7923652605356,-0.20834195125890312
