objID,ra,dec
112813471502889648,347.1503988771198,4.016056704620932
