objID,ra,dec
105843478536855539,347.85361281239983,-1.7957917548148061
