objID,ra,dec
109273472091763738,347.2092147190017,1.0611072682391847
