objID,ra,dec
108323479696525929,347.9696530988111,0.27126650294150845
