objID,ra,dec
108493475173677931,347.51738936669807,0.41460576983922176
