objID,ra,dec
109513478653960974,347.865429309543,1.2587920697078527
