objID,ra,dec
112313472490907552,347.24911577877907,3.5976024224187344
