objID,ra,dec
108153473496261406,347.34959323332356,0.1258423585405888
