objID,ra,dec
112903475480159530,347.5479918508933,4.0908658547104055
