objID,ra,dec
96933475842323567,347.5842666243073,-9.222361223246393
