objID,ra,dec
112983475874360553,347.58744010531086,4.150107447554421
