objID,ra,dec
108483476695562209,347.66955256218773,0.4014481772842525
