objID,ra,dec
107043478550217809,347.8550423546099,-0.7938315297113013
