objID,ra,dec
106863470785828331,347.0784645722948,-0.943362206937232
