objID,ra,dec
106903474899105637,347.48989702,-0.91234652
106903474898355984,347.48984349810456,-0.9121122320486862
