objID,ra,dec
112263474483649579,347.44835302836077,3.557579892279276
