objID,ra,dec
112553473454285078,347.3454489957643,3.7955234744207336
