objID,ra,dec
110703472663830584,347.2664201450403,2.250115280298848
