objID,ra,dec
112703474191327438,347.4191362267043,3.9224838234843773
