objID,ra,dec
109433474272148516,347.4272379294794,1.1983289856149062
109433474269988060,347.42708968,1.19808677
