objID,ra,dec
105873474714859218,347.47154243,-1.76772579
105873474715558852,347.47157286158154,-1.7679536556324518
