objID,ra,dec
105813477713955990,347.7713534718113,-1.8203827862033495
