objID,ra,dec
106413472610892626,347.26108997662556,-1.323195457318913
