objID,ra,dec
106173472711456382,347.27129221113137,-1.5200615880085016
