objID,ra,dec
112813472121994101,347.21223934923466,4.011396078217338
