objID,ra,dec
109873475338529265,347.5339048159031,1.565664013460206
