objID,ra,dec
96503471346977610,347.1347847023542,-9.577340815814592
