objID,ra,dec
109703479464081531,347.94640073671746,1.4175739874584161
