objID,ra,dec
108483477014382520,347.70140684,0.40186766
108483477014162930,347.7014294585492,0.40207241365549534
