objID,ra,dec
107933474708215000,347.4707913995904,-0.054574517962344214
