objID,ra,dec
106483478648447849,347.86481880917603,-1.2604859804856074
