objID,ra,dec
108743474481200652,347.4482429412066,0.6166494411115127
