objID,ra,dec
107253477728425397,347.7728114658382,-0.6208901833761912
