objID,ra,dec
107543478832284780,347.88327743338607,-0.3798534163850777
107543478833884470,347.88344007888963,-0.37997644496038185
