objID,ra,dec
109833475553027037,347.555447232846,1.5304203275884314
