objID,ra,dec
107883478098675620,347.80984951960977,-0.09571051562142127
