objID,ra,dec
108833479035432821,347.9035853465557,0.6936709505121071
