objID,ra,dec
108003479890156958,347.9889608175549,0.005514844675758451
