objID,ra,dec
111123472182313012,347.21825852204904,2.6021201321337113
