objID,ra,dec
109493478490048029,347.8490839585772,1.2477643161176668
109493478489887644,347.8490860296437,1.247722842672804
