objID,ra,dec
104223472999471850,347.30007175,-3.14862341
104223472999332354,347.29997370458665,-3.1484002135845017
