objID,ra,dec
106603470043737779,347.00444026279024,-1.1605042512167352
