objID,ra,dec
106063473985767375,347.39866377785404,-1.610912656233986
