objID,ra,dec
107703476787180323,347.6786986691884,-0.2501347543938949
