objID,ra,dec
112883474805317490,347.48048846787526,4.072496522510473
