objID,ra,dec
109403476691751720,347.66921424257646,1.1677636047042432
