objID,ra,dec
104053470629903508,347.06299944752266,-3.289136791597683
