objID,ra,dec
109793477242606373,347.7242930063079,1.4966060272270654
