objID,ra,dec
107663475209622343,347.52092683900753,-0.281741612990026
