objID,ra,dec
107243473167494675,347.3168038330521,-0.6298020050641938
