objID,ra,dec
109143475755882819,347.5753907613655,0.9519506335841783
109143475753453067,347.57535967927174,0.9520150975802917
