objID,ra,dec
106753477536125800,347.75351573667723,-1.037194483465597
