objID,ra,dec
107603479346753625,347.93465158469996,-0.33075105876040506
