objID,ra,dec
97433478616855106,347.86170028107256,-8.804450073040252
