objID,ra,dec
113003476376838755,347.63773690864554,4.17364057074014
