objID,ra,dec
97573477575029454,347.7575265964119,-8.684183074710768
