objID,ra,dec
108533472926936589,347.2927191673128,0.446765739569973
