objID,ra,dec
107583471729757414,347.17314258706847,-0.3441947610230851
