objID,ra,dec
107613473039507137,347.3040329693331,-0.31935576630391
