objID,ra,dec
97243472753866567,347.2753993607207,-8.961569471792066
