objID,ra,dec
109523476053603675,347.60540598,1.26935045
109523476054903977,347.6054149089658,1.2695247744507414
