objID,ra,dec
111703477552748737,347.755264467861,3.0902546693047173
