objID,ra,dec
107223479498564451,347.94990596,-0.64654762
107223479496844843,347.9497778392163,-0.6463500212830956
