objID,ra,dec
105783474554273389,347.4555110191188,-1.8475446987395328
