objID,ra,dec
105073475838915283,347.58390651938373,-2.4377079739884957
105073475838084943,347.58392149,-2.43781623
