objID,ra,dec
107553479385678194,347.9385747016506,-0.36861677537038745
