objID,ra,dec
95563471763409344,347.1763845365154,-10.359243441994261
