objID,ra,dec
107943470667114811,347.06671324380244,-0.04631873159334052
