objID,ra,dec
108533474667428890,347.46671206,0.44862155
108533474664378718,347.4667062697976,0.4485179230303486
