objID,ra,dec
112303479459291078,347.9459368672986,3.5838539536232568
