objID,ra,dec
108943471187419473,347.1186668697341,0.7909253381732579
