objID,ra,dec
106663473995956036,347.39963381396296,-1.1120643043305622
