objID,ra,dec
109983477799166517,347.77992102,1.65504423
109983477796046485,347.7796861666826,1.655028739327187
