objID,ra,dec
105223475958394268,347.5957907638657,-2.3136215723424365
105223475955844083,347.5957581427132,-2.3136246882314384
