objID,ra,dec
103893473235528770,347.3235591701182,-3.4180576122099278
103893473234108469,347.32344521,-3.41825337
