objID,ra,dec
109213477105425112,347.71059769701645,1.012229427825805
