objID,ra,dec
104603478573078041,347.8573849096338,-2.8270220372577337
