objID,ra,dec
96923472401445363,347.24012823337625,-9.2292463649584
