objID,ra,dec
107753471659329376,347.16600092,-0.20088299
107753471656669483,347.16582515434226,-0.20081544294786685
