objID,ra,dec
108143471974409102,347.19745020979383,0.12384137079323042
