objID,ra,dec
110013470975469552,347.09756385392876,1.6825653821672573
110013470973629833,347.09747591,1.68272444
