objID,ra,dec
112903479100448826,347.90999270703355,4.090378955715555
