objID,ra,dec
105083474907080281,347.49075238903674,-2.4334331010929855
