objID,ra,dec
108893478840758698,347.8841275694051,0.7486245908756987
