objID,ra,dec
97993479935218529,347.99355037849443,-8.33489664307689
