objID,ra,dec
106613478724246339,347.87243565148333,-1.1535140795276735
