objID,ra,dec
111523478165283381,347.8165711240911,2.935699586787057
