objID,ra,dec
107753479351483193,347.93512679363874,-0.20603432535511396
