objID,ra,dec
108703472040535712,347.2041080304679,0.5876269255443161
