objID,ra,dec
110233478116945124,347.81173612,1.86217712
