objID,ra,dec
111913473201290410,347.32016703246194,3.2583112019641187
