objID,ra,dec
106043475904971725,347.5904834457329,-1.632209889891254
