objID,ra,dec
112143479556890123,347.95560134199303,3.4496985201221646
