objID,ra,dec
108883474246038299,347.42457498954263,0.7399159940650951
