objID,ra,dec
96153477805931379,347.7806626019671,-9.874164632644023
