objID,ra,dec
107263473186035473,347.3186582750082,-0.6125007615386171
