objID,ra,dec
96413473979384006,347.3979710770519,-9.655327663863593
