objID,ra,dec
108043470055190664,347.00547467217183,0.033515326358230166
