objID,ra,dec
110683475574956034,347.55752695,2.23798572
110683475574566372,347.5574747657681,2.2382421138105957
