objID,ra,dec
110393474038933024,347.4038882116667,1.9938376766430006
