objID,ra,dec
104913472259329574,347.2260736322346,-2.5673948474050934
