objID,ra,dec
107343472117280034,347.2118860993556,-0.5503519522011702
