objID,ra,dec
96813477836907399,347.7837617092086,-9.319200048878164
