objID,ra,dec
107013479980838659,347.9981576464249,-0.8180935058112476
