objID,ra,dec
105903478729825447,347.8729871868361,-1.7457999681656269
