objID,ra,dec
107043475414079203,347.54138769262755,-0.7927434979029058
107043475417419234,347.54165865,-0.79262097
