objID,ra,dec
111443473170987059,347.31704273587576,2.8721676493464585
