objID,ra,dec
112923478972533401,347.8971916289762,4.1024140398160736
112923478970253044,347.8971277292421,4.102220283824478
