objID,ra,dec
107673478007847407,347.8008203027771,-0.26918522295308567
