objID,ra,dec
108423470965383284,347.0965411424595,0.35235672779140825
