objID,ra,dec
109073474481334566,347.44813376311987,0.8950809523850164
