objID,ra,dec
108423474722496555,347.47215312969496,0.35509194603976657
108423474719506503,347.472000742574,0.3550918873937759
