objID,ra,dec
107393477388607077,347.7388907724194,-0.5027886312600586
107393477392157241,347.7389697316556,-0.5027682340267557
