objID,ra,dec
107273477096073539,347.70969912187786,-0.6058198557940229
