objID,ra,dec
108123478856542607,347.88563031378396,0.10190016123976692
