objID,ra,dec
106173471596447159,347.1597445483522,-1.5194359614400785
