objID,ra,dec
108363472038243962,347.20387492419763,0.30290629405221164
