objID,ra,dec
106443478548790289,347.85489466591804,-1.3001119471107596
