objID,ra,dec
109043470774575277,347.0774981115616,0.8706491858891959
