objID,ra,dec
109113472015296374,347.201643616157,0.9299566812172217
