objID,ra,dec
107683476906178909,347.69060347,-0.25957887
107683476907189230,347.6907400112953,-0.2593765002552615
