objID,ra,dec
97303471012491346,347.1012453635911,-8.915893298222707
