objID,ra,dec
107123476465666487,347.64650509569367,-0.728274547484395
