objID,ra,dec
110123474276211403,347.42764771799483,1.7674861329146478
