objID,ra,dec
105763471281325000,347.1282159665918,-1.8628959255169824
