objID,ra,dec
96073479033646780,347.9033968768508,-9.936378073045088
