objID,ra,dec
110883471153499255,347.1152718239729,2.407323359469693
