objID,ra,dec
111663479601817916,347.9601110462333,3.0561280063886818
111663479599567699,347.96010382284726,3.0561086295012183
