objID,ra,dec
105743475150881313,347.5151729336089,-1.882598114722294
