objID,ra,dec
104853474672394112,347.46730424545655,-2.6219296259110108
