objID,ra,dec
111253477074105082,347.7073672829536,2.7121404185988176
