objID,ra,dec
110053477908012230,347.7907817874551,1.7098098669997523
