objID,ra,dec
105723478221724331,347.82213421731706,-1.89668237897357
