objID,ra,dec
109873476177497446,347.61777171,1.56413062
