objID,ra,dec
107953478643938025,347.86437636636265,-0.03530058875042206
