objID,ra,dec
106233478123693897,347.8123775325022,-1.4721179088966236
