objID,ra,dec
104493479454592110,347.9455079625468,-2.923564980810389
