objID,ra,dec
105613474844238494,347.48442187538546,-1.9849744320132992
105613474841148435,347.48441936,-1.9849571
