objID,ra,dec
110583479496987499,347.949678566692,2.1558457598440395
