objID,ra,dec
111623474543624769,347.4544350569806,3.020211856010555
