objID,ra,dec
96113479913316478,347.99119264,-9.90333567
96113479910756316,347.9910782264202,-9.90338237671035
