objID,ra,dec
104713477995142785,347.79963228215234,-2.739685004848503
