objID,ra,dec
110333472825573455,347.28249480969924,1.9443012689655144
110333472822753776,347.2824436922033,1.9443370586962787
