objID,ra,dec
105803477728459946,347.77284645,-1.82534224
