objID,ra,dec
107123470997277584,347.0998020436677,-0.7274246759352875
