objID,ra,dec
106943476411710149,347.64114576,-0.8835656
