objID,ra,dec
108613479208878504,347.92089599332496,0.5150600699088621
