objID,ra,dec
106643471442621781,347.14423553874985,-1.1322063659753772
