objID,ra,dec
108063474464441792,347.44641961,0.05109298
