objID,ra,dec
105393477931530980,347.793180358914,-2.17459034771733
