objID,ra,dec
109983473992481380,347.39926863722,1.6507621952459923
