objID,ra,dec
109393473733740857,347.3734871966495,1.1587095834415444
