objID,ra,dec
112773475245228651,347.52450984226425,3.981880625532546
