objID,ra,dec
110143479819445349,347.9820261262494,1.7874372622280863
