objID,ra,dec
106373473591325080,347.35893558,-1.35455017
106373473590984708,347.35907057,-1.35469995
106373473588185121,347.35887644,-1.35445706
