objID,ra,dec
108973478916462637,347.89174472,0.81015506
