objID,ra,dec
106063473443874410,347.34434507,-1.61332127
106063473441464634,347.34421836171435,-1.6131821516465128
