objID,ra,dec
104003472907112736,347.2907619675828,-3.3314878738762403
