objID,ra,dec
107833478354411021,347.83539647834755,-0.14109597442183897
107833478351831149,347.835281315446,-0.14101560779037042
