objID,ra,dec
108583479703539958,347.97028637333295,0.4911223979060378
