objID,ra,dec
107343472538820126,347.2539470906125,-0.5502921795543266
