objID,ra,dec
108883475336605670,347.5336022775174,0.7376093667935296
