objID,ra,dec
108893471723522777,347.17240789734115,0.7435662289899554
