objID,ra,dec
107813478311850688,347.8312038097763,-0.15820349068777356
