objID,ra,dec
107843477189673532,347.7190894065772,-0.13095496476624172
