objID,ra,dec
106903470463261684,347.0463984889745,-0.9156368322297868
