objID,ra,dec
109983473735011048,347.37356444937757,1.6504513245314731
109983473737651157,347.37373058,1.65059254
