objID,ra,dec
106973478988702384,347.8990212068946,-0.8567148414047514
