objID,ra,dec
108193472914961067,347.2914838650491,0.15887818173163096
