objID,ra,dec
110393478201557153,347.82019380363374,1.9971818207923224
