objID,ra,dec
105653473405449561,347.34056892,-1.95070179
