objID,ra,dec
111163471001119275,347.10006599,2.64065779
111163470999688905,347.1000166396848,2.64034361274508
