objID,ra,dec
106173474094144702,347.40944984,-1.52156459
