objID,ra,dec
106823477397300475,347.739700080006,-0.9832935075296224
106823477394320565,347.73946322,-0.98325416
