objID,ra,dec
107393474397291195,347.4397277580691,-0.5077404136962752
