objID,ra,dec
111023473361893207,347.3362080063889,2.518931560532586
