objID,ra,dec
108433475923133973,347.59240970067117,0.3612912289626598
