objID,ra,dec
107993472349549715,347.23494701674184,-0.0005895671517051911
