objID,ra,dec
108303477912624057,347.79131523493453,0.25296480547684563
