objID,ra,dec
109953479054880608,347.9055321228429,1.6251767432126096
