objID,ra,dec
105703474537478059,347.45377046231306,-1.910369670283971
