objID,ra,dec
108613473168998239,347.3169238547577,0.5147797810091492
