objID,ra,dec
112823472758460096,347.2758099488122,4.016401849693479
112813472759749783,347.27585347,4.01610999
