objID,ra,dec
111593477268597642,347.7268905948732,2.997580098805854
