objID,ra,dec
106323476370331838,347.63701459,-1.39883795
