objID,ra,dec
111803479262953036,347.92632638521013,3.16879558890153
