objID,ra,dec
108073479117843334,347.9117656775722,0.06077076930498199
