objID,ra,dec
107993473834609900,347.3835454651228,-0.0006123077627040796
107993473836239527,347.38354476832177,-0.0006324532508019172
