objID,ra,dec
108683476671564470,347.6671997287102,0.5700067134308284
