objID,ra,dec
107323476792970097,347.67927965197026,-0.5668581387469215
