objID,ra,dec
112183471897867931,347.1897451863597,3.4896460536052
