objID,ra,dec
112933476101235944,347.6101788518367,4.113000244238257
