objID,ra,dec
107343478487698308,347.8487768197379,-0.5434640989260621
