objID,ra,dec
110893477460114288,347.7461736781957,2.4114904455567663
