objID,ra,dec
107153477554723741,347.755443940494,-0.7056058701625314
