objID,ra,dec
111433479321734692,347.93219637453916,2.8618467477426965
