objID,ra,dec
112633479076921816,347.90769926345223,3.8594319692403993
