objID,ra,dec
104143475427572263,347.5428239603449,-3.2151901975363706
