objID,ra,dec
96923479090006132,347.90901136271793,-9.228558718570856
