objID,ra,dec
106003472732078785,347.27330803313896,-1.6596944528950857
