objID,ra,dec
110993470124211975,347.01255023052204,2.4929213316620427
