objID,ra,dec
106663473410023373,347.3409755836942,-1.1142536235724856
