objID,ra,dec
107863470079875925,347.00786632,-0.11212317
107863470078495574,347.0078538851536,-0.11239647921726954
