objID,ra,dec
107393473290512877,347.32903131,-0.50637637
