objID,ra,dec
105473478928683602,347.89280658812015,-2.105712892969662
