objID,ra,dec
107963471420859090,347.14213867289305,-0.026080532438895784
