objID,ra,dec
104383478410771300,347.84116559224856,-3.0159425472341534
