objID,ra,dec
110483474997846424,347.4998004746481,2.071622580065009
