objID,ra,dec
107793473226374515,347.32261620787534,-0.1716175819950864
