objID,ra,dec
107563474197896519,347.4198095344021,-0.3616025081074895
