objID,ra,dec
108953470172281297,347.0172168523904,0.7923140137680419
108953470172070946,347.01728431,0.79211949
108953470169101258,347.01721115685723,0.7923128241432167
