objID,ra,dec
106283475772556512,347.5773006521985,-1.4283099975844133
