objID,ra,dec
107063473320844208,347.33210325351513,-0.7802173835897621
