objID,ra,dec
110083476030582576,347.60306860395514,1.7351673027924355
