objID,ra,dec
108073475176486853,347.5176162351769,0.0636074509985782
108073475176086475,347.5176970979523,0.06340368563566653
