objID,ra,dec
108503471537510080,347.15380680019064,0.41632288665477646
