objID,ra,dec
106283471546284854,347.154605401025,-1.429628005927093
