objID,ra,dec
107423476204881205,347.62043182386736,-0.4827057538893232
