objID,ra,dec
112333473788407417,347.37876947786776,3.614159408019392
