objID,ra,dec
108413478872835056,347.8874570278525,0.3455265331885863
