objID,ra,dec
112043473709447004,347.37090254558086,3.372121864222421
