objID,ra,dec
110333477686445293,347.7686634627138,1.945522528093831
