objID,ra,dec
110353477123042758,347.71225342286016,1.960241548856713
