objID,ra,dec
108943473278818994,347.3278968434564,0.7904910551730787
