objID,ra,dec
110493474312027715,347.43120986063917,2.081156883498771
