objID,ra,dec
104093476646746369,347.66463807192474,-3.2534938038093637
