objID,ra,dec
109913474742102502,347.47419481124837,1.593293976257407
