objID,ra,dec
107163477648125696,347.76486656690764,-0.6956128272454343
