objID,ra,dec
109703476553433404,347.6552969016234,1.419116871179957
