objID,ra,dec
107953477559165496,347.75584873,-0.03730626
107953477556835994,347.7556907757269,-0.03700757147186323
