objID,ra,dec
107503470479819466,347.048010232426,-0.4091952312065191
