objID,ra,dec
113053478709603225,347.870972128788,4.2106216326444645
