objID,ra,dec
97973471991181165,347.19917580262825,-8.357636557989537
