objID,ra,dec
107403470495909225,347.04963607089036,-0.49270685558749294
