objID,ra,dec
111813477420379171,347.742094122263,3.1822799297871134
