objID,ra,dec
105753471676090226,347.1674274882937,-1.8752102588410953
105753471673120488,347.16734292,-1.8750049
