objID,ra,dec
106943475132311235,347.5131930452907,-0.882701614409104
