objID,ra,dec
107293479972671507,347.9973320835756,-0.590785576563963
