objID,ra,dec
105863473703169556,347.3703475659282,-1.775928006082019
105863473702389108,347.3703424382412,-1.7759313517405182
