objID,ra,dec
108863479660545848,347.9660836943956,0.7211733407581501
