objID,ra,dec
108943475045276731,347.5045045,0.78854437
108943475043086474,347.50430849989766,0.7883406443946495
