objID,ra,dec
109263473737128161,347.3737102740823,1.0564135971945168
