objID,ra,dec
107713478740091350,347.87401335907913,-0.24088441755639947
