objID,ra,dec
106653478432453245,347.84328356,-1.12266602
