objID,ra,dec
109383476270630570,347.62715900635976,1.1501058547453304
