objID,ra,dec
108783479620932579,347.96211233786823,0.6517779283484326
