objID,ra,dec
104773470466277445,347.04666995342893,-2.6858046034663223
