objID,ra,dec
104003477190620896,347.71905979,-3.33292747
104003477187891000,347.71878413654355,-3.332915718730171
