objID,ra,dec
107553473199983253,347.3198779381017,-0.3726606721750503
