objID,ra,dec
105983470385093969,347.0384656531137,-1.6804471589797225
