objID,ra,dec
107593478404979895,347.8404898777741,-0.3337735809635618
