objID,ra,dec
109113472180773216,347.2181462611444,0.9272611250030484
