objID,ra,dec
108953470401620415,347.0401812081912,0.791630225045503
