objID,ra,dec
108573470119239298,347.01198167457017,0.48237209666421016
108573470119928952,347.01195639501873,0.48231173559227314
