objID,ra,dec
106763470560306865,347.0560449856488,-1.0281255024929117
