objID,ra,dec
112063475386609824,347.53863992954285,3.391123620792163
