objID,ra,dec
107293479348531771,347.9348962140607,-0.590558429011625
