objID,ra,dec
111983478784955401,347.8785307312363,3.320787707006281
