objID,ra,dec
110383473295168782,347.32948861391276,1.9903064680910023
