objID,ra,dec
96393478289625905,347.8289934150144,-9.670462838395109
