objID,ra,dec
109583471783434669,347.17840907371954,1.3202047075144188
