objID,ra,dec
96303479205299407,347.920543410938,-9.74250033896774
