objID,ra,dec
110093476507667692,347.6508020280643,1.7476949905321126
