objID,ra,dec
106633473475290396,347.347584245611,-1.1416979768620028
