objID,ra,dec
106653470092472001,347.00922135984257,-1.1235796738314108
106653470087981993,347.00901932,-1.12363134
