objID,ra,dec
108813472643163238,347.2643724106319,0.6773000455248095
