objID,ra,dec
107323475031468388,347.5031420800515,-0.5600300621340749
