objID,ra,dec
95633477603778114,347.76031022180416,-10.301909097790265
95633477600807911,347.76024735,-10.30194779
