objID,ra,dec
112373478688929756,347.8689330729888,3.649420919890807
