objID,ra,dec
107603471888706682,347.1889945221745,-0.3280469811778867
