objID,ra,dec
108883475346966495,347.5347007940707,0.7383628770953904
