objID,ra,dec
107103472502773085,347.2503467127946,-0.7477860513264449
