objID,ra,dec
109323473357362385,347.3357659044444,1.1016379543643648
