objID,ra,dec
112293472295177809,347.22954158546327,3.5811407731417364
