objID,ra,dec
107553472857542990,347.2857541331063,-0.37281418333295246
