objID,ra,dec
96273476777138779,347.67774513039313,-9.768033108084452
