objID,ra,dec
97433471585572994,347.1585762339541,-8.806168867830392
