objID,ra,dec
108883471431376147,347.14319444607366,0.7380744520875662
