objID,ra,dec
111593478444448808,347.84465035304396,2.9986941281976884
