objID,ra,dec
109423476053794937,347.60529377146173,1.1870485502080583
109423476050634842,347.60521994283965,1.1870573553201207
