objID,ra,dec
107093470417114128,347.04177436281407,-0.7553006866859089
