objID,ra,dec
105533476498798035,347.6498315051306,-2.0521092071947376
105533476497757634,347.64981151,-2.05235006
