objID,ra,dec
104123477488540490,347.7488625678251,-3.23321870434457
104123477486980893,347.7487408,-3.23299005
