objID,ra,dec
105353470826061104,347.08264631127884,-2.2078691866693907
