objID,ra,dec
106393476615744984,347.66169195580306,-1.3379419526044134
