objID,ra,dec
96273470720192887,347.0720475862478,-9.772914695948094
