objID,ra,dec
108833475942195391,347.59422988,0.69574716
108833475940755809,347.5940734463608,0.6961099110244633
