objID,ra,dec
108403479738622794,347.97365550168325,0.33535663666678683
108403479736573059,347.97362062963754,0.335393225507802
108403479734313305,347.9735655098695,0.33548140943081606
