objID,ra,dec
95913479951381248,347.99516078229647,-10.074276756790901
