objID,ra,dec
112953475534022469,347.5534294578703,4.1266656356084015
