objID,ra,dec
110993482763149858,348.2763570202172,2.4994819111785618
