objID,ra,dec
111493488092033814,348.8092149892635,2.911131912595563
