objID,ra,dec
108563489645924591,348.9646566387681,0.47013284046386533
