objID,ra,dec
106343485962319924,348.5962600937711,-1.375431568118196
