objID,ra,dec
109353481104463667,348.11044469958176,1.1276370355865917
