objID,ra,dec
111833487745387060,348.77453811508923,3.1971435556894114
