objID,ra,dec
107803485243694665,348.52441862153614,-0.16315886413833944
