objID,ra,dec
104633483024342236,348.30243884,-2.80682227
104633483021372338,348.3021823081035,-2.806842968240053
