objID,ra,dec
112043485769279794,348.57692599485506,3.374441786006104
