objID,ra,dec
106103485364535664,348.53646728486956,-1.579093225822303
