objID,ra,dec
110143489842535624,348.98426292591927,1.7876714415910677
