objID,ra,dec
106203481087905692,348.10882337133995,-1.4956105689927124
