objID,ra,dec
105303488581269155,348.85815764732314,-2.2426809171139115
