objID,ra,dec
112313482332978881,348.23331190312496,3.598666126887503
