objID,ra,dec
108773487357019410,348.7357258058024,0.6491308741095371
