objID,ra,dec
106283481881305945,348.1881583235834,-1.428757141207956
