objID,ra,dec
108003487289920779,348.72895847107765,0.00027722122799534436
