objID,ra,dec
107353486101529893,348.61025006,-0.53359963
107363486101760392,348.61021105395935,-0.5335616679022772
