objID,ra,dec
109133486267160161,348.62674171171136,0.9415076087968768
109133486265600457,348.62665502,0.94161463
