objID,ra,dec
109173487142521679,348.7143205720274,0.9760106840410149
