objID,ra,dec
108283482048357330,348.2048725076381,0.2390434221458962
