objID,ra,dec
108683485012251622,348.501217842481,0.567680103554159
