objID,ra,dec
103863489345012546,348.93459702533664,-3.4482587893954744
