objID,ra,dec
111263484125558146,348.412603104049,2.7230835156109823
