objID,ra,dec
109303489882339316,348.9881400816677,1.090725773769233
109303489879999502,348.98805212308804,1.0908125181068975
