objID,ra,dec
107893483099190632,348.3099193094919,-0.09151389119846959
