objID,ra,dec
106513481377995970,348.13778715332666,-1.2371012014980591
