objID,ra,dec
108663481950982230,348.1951250382092,0.551469674388881
