objID,ra,dec
108273489631337925,348.96316434239105,0.23121015828432007
