objID,ra,dec
109043482724481557,348.27246696384293,0.8675868209896145
