objID,ra,dec
107303484732207885,348.47325443136947,-0.5770761174953687
