objID,ra,dec
110283483367331462,348.33655150881157,1.900839338972664
110283483364541557,348.33642010813776,1.9008493920814515
110283483363331234,348.3365019209441,1.9008226476578445
