objID,ra,dec
108193484209656293,348.42100439,0.16321698
108193484209116634,348.42101555131063,0.16341689874098547
