objID,ra,dec
107043482909297808,348.29093557458333,-0.7939124638143971
