objID,ra,dec
107993481394268382,348.13937489,-0.00179076
107993481391138266,348.13912479972333,-0.0018483648780575801
