objID,ra,dec
107233483978916781,348.3979038280928,-0.6364466034874741
