objID,ra,dec
111323487380385064,348.73805430371635,2.7704978816217376
