objID,ra,dec
113053489831640388,348.98316256238195,4.208233001088071
