objID,ra,dec
108613485909628812,348.59089377567307,0.5152788565692106
