objID,ra,dec
107843481390892834,348.139130735858,-0.1313169009281211
