objID,ra,dec
109963482058361953,348.2058708732015,1.6345597367032707
