objID,ra,dec
109273487875144523,348.7875923961594,1.0616236378260626
