objID,ra,dec
107283485352829068,348.53529650668764,-0.5928196220695536
