objID,ra,dec
106463484077386619,348.40774753003876,-1.2781985031009353
