objID,ra,dec
112763486082800159,348.6082953,3.96643255
112763486083400564,348.60837514264665,3.966641842580006
