objID,ra,dec
107093483527004442,348.35274716024537,-0.7548894246682006
