objID,ra,dec
97203484165956249,348.4166434835632,-8.995148610698187
