objID,ra,dec
110443485711485599,348.57110541080374,2.037684284767533
