objID,ra,dec
95733480050082395,348.00503829859525,-10.223337624504653
