objID,ra,dec
113053484134735324,348.4134933152691,4.212400373809564
