objID,ra,dec
107363484016102461,348.4016391,-0.53166261
107363484016101895,348.401695137486,-0.5320545955340993
