objID,ra,dec
110503486002748059,348.6002965038532,2.0896449492879
