objID,ra,dec
112893481906454071,348.19064843321314,4.078059003155176
