objID,ra,dec
107323489923651699,348.9924163677321,-0.5656610971149857
