objID,ra,dec
110203484435479697,348.4434805728595,1.841098344111106
