objID,ra,dec
109463487283649812,348.7284270989827,1.2244907706184753
