objID,ra,dec
107033483751572598,348.3751536586623,-0.8065531667311381
