objID,ra,dec
104193485566339873,348.5566293619918,-3.1670799294275485
