objID,ra,dec
105123482615375430,348.26161813218926,-2.3957485743571634
105123482613895966,348.2615572650998,-2.395606753155633
