objID,ra,dec
96043488800454892,348.880136136783,-9.962928480199901
