objID,ra,dec
112183480121049971,348.0121208299886,3.4912647634081657
