objID,ra,dec
113133484614064313,348.4614871210696,4.278193377037674
