objID,ra,dec
107163483464806571,348.3464767230533,-0.6949175643118811
