objID,ra,dec
111213486402362388,348.6403831271342,2.6765358898349905
111213486405062230,348.64037388220027,2.676525413427802
