objID,ra,dec
106903488624552327,348.8623895670662,-0.9150850334518232
