objID,ra,dec
106913480003887358,348.0004549082713,-0.9025804031699443
