objID,ra,dec
106783487887215389,348.7887586216857,-1.0125578109719988
