objID,ra,dec
108563487129942856,348.71299693340006,0.46865992515888427
108563487131252538,348.7130293813502,0.4686163272180533
