objID,ra,dec
107963483917370723,348.39163019462455,-0.033063806004818196
107963483915010906,348.39161609692616,-0.03306197836525013
