objID,ra,dec
106403480904461361,348.090454204423,-1.332535421442537
