objID,ra,dec
107893480988136063,348.09883796527436,-0.08698755485063345
