objID,ra,dec
107233482498538284,348.2498208052591,-0.6351064261732459
