objID,ra,dec
107153486364099990,348.6363743163482,-0.7003565893591296
