objID,ra,dec
107673489817008423,348.9816893786052,-0.26839251243989865
