objID,ra,dec
109823481642071415,348.16425526,1.51739492
109823481643611103,348.16431019649156,1.517236408617555
