objID,ra,dec
106433484787210541,348.4787550366409,-1.3082555207378772
106433484785600849,348.47882559,-1.30801504
