objID,ra,dec
107803483302390511,348.33016786,-0.16661331
107803483298910304,348.3300672407625,-0.1667169105150274
