objID,ra,dec
104423483944791440,348.3944079593997,-2.982591899366325
104423483941851240,348.3943946778562,-2.9825940556246637
