objID,ra,dec
111163489190439093,348.9190548518458,2.6405165510021837
