objID,ra,dec
107123489912125329,348.9912106019654,-0.7292937436307669
