objID,ra,dec
104633486511011518,348.6509907933428,-2.807340363898218
