objID,ra,dec
108303484065772537,348.40656760528725,0.2517789663539928
