objID,ra,dec
105753484240506351,348.4240602183314,-1.8700809191094507
