objID,ra,dec
108023481366506063,348.1365892131281,0.02132388265893825
