objID,ra,dec
112973484905860554,348.4905929507045,4.141738956962879
