objID,ra,dec
107633489213569097,348.9213426613972,-0.3010860858970773
107633489213519453,348.9214527365315,-0.30100943913420575
