objID,ra,dec
109353485266304949,348.5267683284202,1.1287968945749298
