objID,ra,dec
111723485638619650,348.5638528170036,3.1076436613038894
