objID,ra,dec
95983485483744380,348.54836818055253,-10.013326409472286
