objID,ra,dec
110843488980203728,348.8979916383665,2.369315105386364
