objID,ra,dec
112003485485084712,348.54849179579486,3.3368468347871456
