objID,ra,dec
108523488595110933,348.85952755,0.43375693
108523488592101095,348.8593130301632,0.43389783697439377
