objID,ra,dec
107393482673614719,348.2673214,-0.50486994
