objID,ra,dec
107103480406051055,348.0406443535049,-0.7494602246935953
