objID,ra,dec
112943486665753808,348.66656537842744,4.119486973488808
