objID,ra,dec
106873488536289040,348.85361896908535,-0.9345233153082794
