objID,ra,dec
106933484913282958,348.49145496,-0.88959922
