objID,ra,dec
109393489204905874,348.9206406659868,1.1628988138050678
