objID,ra,dec
110273484382612353,348.4383079390838,1.8932092836385734
