objID,ra,dec
105853481675831645,348.16761666076013,-1.790705869789434
