objID,ra,dec
109983489016879721,348.9017122585755,1.6577322464356403
