objID,ra,dec
105623485564623732,348.5563409282116,-1.9805924593967246
105623485561643960,348.55630885375274,-1.9806122935012742
