objID,ra,dec
108423480016241980,348.0016360477831,0.3512677023708563
