objID,ra,dec
110103481639513974,348.16400828129184,1.753020173160574
110103481639284310,348.16397625721106,1.7530636919597884
