objID,ra,dec
109413489670791464,348.9670621175069,1.1758668115191344
