objID,ra,dec
104563489373203859,348.93734186912434,-2.8638430711696374
