objID,ra,dec
112843489359877717,348.9360216780186,4.039314301970063
