objID,ra,dec
107793487693722806,348.76951243547774,-0.1730175239476297
