objID,ra,dec
112813480972449928,348.09727769649464,4.016205247906376
