objID,ra,dec
96673486629853929,348.6630260368537,-9.438892036775316
