objID,ra,dec
108223483633359896,348.36336744363314,0.1912048086570885
