objID,ra,dec
108713488760356779,348.87602459392843,0.5969594385461012
