objID,ra,dec
109053480657882854,348.06583814,0.87696869
