objID,ra,dec
108603480410661826,348.0409932837727,0.501094343007078
