objID,ra,dec
110013487948567221,348.7948909,1.6805651
110013487947286894,348.79483474771934,1.6803733941657575
