objID,ra,dec
109393487864484242,348.78648514969717,1.1615421829979897
