objID,ra,dec
107753480695256846,348.06955651253713,-0.2030283847859022
