objID,ra,dec
106693481444444405,348.14451608,-1.08838179
