objID,ra,dec
108483486145775333,348.6145229373874,0.40405340114420857
