objID,ra,dec
106733485613599107,348.5612662201866,-1.0510201101411705
