objID,ra,dec
112033489930650146,348.99308993771524,3.3580585047492915
