objID,ra,dec
108053484698409020,348.4698316526515,0.048971369782637185
