objID,ra,dec
110993482847667942,348.2846725595858,2.4978900687670644
110993482845017618,348.2845913988802,2.497800327789095
110993482844287964,348.28460715773906,2.497850943145818
