objID,ra,dec
96693486845333680,348.684545,-9.42224
96693486845154042,348.68455401530946,-9.422039180889174
