objID,ra,dec
107713486343209162,348.6343323979172,-0.23434250529938563
