objID,ra,dec
109343487674474406,348.76746851479766,1.1199838048723023
