objID,ra,dec
108313484873724494,348.4874041904313,0.26177526656588324
