objID,ra,dec
109093481933797678,348.19340028532,0.9143525410407215
