objID,ra,dec
107393480256555083,348.02571532,-0.50448296
107393480253835002,348.0254653977364,-0.5045069545115424
