objID,ra,dec
107793482261977535,348.2262174,-0.1690927
