objID,ra,dec
108123489058889986,348.9059374916491,0.10796300267350202
