objID,ra,dec
104093482306456835,348.2308492104654,-3.2529452097849783
