objID,ra,dec
110253481568961908,348.1569343921479,1.8761619287468247
