objID,ra,dec
113073482338296332,348.2338760382022,4.229839743590022
