objID,ra,dec
110023485242207934,348.52427963782935,1.6895478646521642
