objID,ra,dec
104843488880249905,348.8881350372825,-2.6255116937625553
104843488882759753,348.88819020880436,-2.625551961881595
