objID,ra,dec
112763488122292358,348.8122459346931,3.968185776215811
