objID,ra,dec
112843488255368619,348.82553361488027,4.040114468547216
