objID,ra,dec
108953488967304458,348.89669928,0.79490107
