objID,ra,dec
107563488642191248,348.86423892090306,-0.3660223310363175
