objID,ra,dec
108223481094663479,348.10942145606924,0.18582683449598048
