objID,ra,dec
105103488201444674,348.8201833890217,-2.4129618476906662
105103488201085041,348.820161861982,-2.4129274183364635
