objID,ra,dec
110873482875534627,348.2874608002564,2.394909253735952
110873482872844514,348.2874621435753,2.3949390681816047
