objID,ra,dec
113263482990148748,348.2990373967681,4.390217795182562
