objID,ra,dec
108743487614954406,348.7615192185127,0.6199419945837391
