objID,ra,dec
104153486495621726,348.6496287015824,-3.2072639131497445
