objID,ra,dec
104963482878852448,348.28794207950796,-2.531709988573185
