objID,ra,dec
108813486202510554,348.62029536,0.67508164
