objID,ra,dec
105453488610132728,348.86102609043184,-2.12311059624055
