objID,ra,dec
106533486888566004,348.6888728924182,-1.2203370644900065
