objID,ra,dec
110033485213255726,348.5213411735833,1.696075944746002
