objID,ra,dec
106983482563469176,348.25636568,-0.84275258
106983482564348798,348.2564968,-0.84283312
