objID,ra,dec
108763481299808283,348.1299667193028,0.6398295732984267
