objID,ra,dec
106773487291358183,348.7291744978067,-1.0186192190547991
