objID,ra,dec
110033485401498319,348.54027380239273,1.6980430099348094
