objID,ra,dec
108963487759111018,348.7759417483394,0.8004678742894612
