objID,ra,dec
109383482475881672,348.24763795961127,1.1509655333617637
