objID,ra,dec
108093486497281980,348.6497223321583,0.07629372194233974
