objID,ra,dec
110573482526475321,348.2525850331059,2.145851493956669
