objID,ra,dec
106873480936116610,348.09375968,-0.93657882
