objID,ra,dec
113113482166376366,348.2166758797227,4.2632645462573056
