objID,ra,dec
107543487435549854,348.74359642671305,-0.3754876519679764
