objID,ra,dec
96943485762498515,348.57626314797795,-9.209958776160882
