objID,ra,dec
112693480250108042,348.02504888683967,3.9146175572953723
