objID,ra,dec
109843489921365661,348.99221278460186,1.5376805426573095
