objID,ra,dec
108623485128576033,348.51287774,0.5213243
