objID,ra,dec
105713482679978152,348.26811995721266,-1.901948201893334
