objID,ra,dec
107383489689504044,348.96898533525655,-0.5136935095445315
