objID,ra,dec
108343483177070128,348.3177469290307,0.28310411282320597
