objID,ra,dec
113343488535470539,348.8534923973109,4.450017349343668
