objID,ra,dec
106543489091814981,348.90921516595733,-1.2129211423846682
