objID,ra,dec
104003480787282126,348.0787376644799,-3.331986706738968
