objID,ra,dec
110853484103336904,348.41038553465955,2.380397891638646
