objID,ra,dec
105763481399858673,348.1400924776028,-1.8599494004830412
