objID,ra,dec
107663484216892807,348.4217314540773,-0.2813711618984729
