objID,ra,dec
106903489910713085,348.99107288860165,-0.9144972422903468
106903489907563035,348.99107004257485,-0.9145026462986445
