objID,ra,dec
111033481288386145,348.12877900604883,2.529745381581967
