objID,ra,dec
108633483833765173,348.38339414142945,0.5288977541051006
