objID,ra,dec
106723486819293099,348.6819458324318,-1.0644131377130017
