objID,ra,dec
103983485422216283,348.54220296770336,-3.3449642687449153
103983485420816588,348.54214434,-3.34493598
103983485418726895,348.5419859157093,-3.3447342951552375
