objID,ra,dec
107823487709226659,348.7709303298159,-0.1448192074001662
