objID,ra,dec
107473487782249063,348.7782360839878,-0.4344487783650164
107473487784959212,348.77833875,-0.43424934
