objID,ra,dec
104223484492474768,348.4492795680204,-3.146485450520737
104223484489874634,348.4489759,-3.14650555
