objID,ra,dec
112653484144648932,348.4144661805649,3.8820675483917517
