objID,ra,dec
105713481555678200,348.15568222999235,-1.901910792960695
