objID,ra,dec
107393484641752208,348.4641463739955,-0.5068330434706568
