objID,ra,dec
109353489474371855,348.9474552306646,1.1261739359125056
