objID,ra,dec
106413482645208725,348.26459249664526,-1.3180697767541765
