objID,ra,dec
110723484722365805,348.4722161784951,2.2711377680939004
