objID,ra,dec
107163486520194978,348.65199849776815,-0.6962356182696076
