objID,ra,dec
113153483020333666,348.3020458148364,4.294455931452836
