objID,ra,dec
108563480368884776,348.03684147,0.47026337
