objID,ra,dec
109963487572761434,348.75725039124984,1.6342077025607245
