objID,ra,dec
112693480467390295,348.04676323412843,3.9082005439230687
