objID,ra,dec
103903481423493482,348.1424518635455,-3.4142305505178085
