objID,ra,dec
107493487190605381,348.7190792260223,-0.4209148184400876
