objID,ra,dec
104273481490284756,348.14907333378324,-3.10471327030267
