objID,ra,dec
110383487632605859,348.7632963637142,1.9877665008308603
