objID,ra,dec
108433480766553611,348.0766655635692,0.3609610422370196
