objID,ra,dec
106653485897439510,348.589762703056,-1.1175564596242138
