objID,ra,dec
112183488556600116,348.8557277066578,3.4830756961105322
