objID,ra,dec
110303487072736794,348.7070940821119,1.921840485245639
110303487069096911,348.7070591275359,1.9218530413853754
