objID,ra,dec
109813488766859306,348.87673378,1.51570303
109813488766269636,348.8766062683306,1.5159319640979403
