objID,ra,dec
106813483735665987,348.3736031507703,-0.9870571200602012
