objID,ra,dec
108143485685734955,348.56854139523045,0.12047317410524919
