objID,ra,dec
112453488253521171,348.8252611383963,3.7089082171501992
