objID,ra,dec
109013487106192942,348.71061921,0.8437551
109013487104262992,348.71041800382255,0.8439255770632501
