objID,ra,dec
105613487861550555,348.7860848265746,-1.9915722161156686
