objID,ra,dec
108613480610261082,348.06101751737936,0.5088500387517898
