objID,ra,dec
109873483741244433,348.3742255300905,1.561632317642758
