objID,ra,dec
108993487508143098,348.750857473744,0.8271906796304895
