objID,ra,dec
96443480795567949,348.0795783160281,-9.627061921832217
