objID,ra,dec
109003489840601961,348.9841286954698,0.8346137648190075
