objID,ra,dec
110123483224410257,348.32236794852565,1.766617774329728
