objID,ra,dec
107063488614491239,348.8614893865483,-0.7827087947190373
