objID,ra,dec
107443480442269437,348.044237332515,-0.45919933026197557
