objID,ra,dec
97563482278287926,348.2278434782951,-8.693703423634341
