objID,ra,dec
113223485374257975,348.5374267887229,4.356193912708871
