objID,ra,dec
108053480844900956,348.0844983873898,0.04204518588035971
