objID,ra,dec
111423487928192176,348.7926854793578,2.8513684850471908
