objID,ra,dec
107263488569089483,348.85691677708917,-0.6092077904057522
