objID,ra,dec
108213485810199805,348.5810489028052,0.18279327520283883
