objID,ra,dec
105513481807164974,348.18067809645885,-2.0712738353930655
