objID,ra,dec
108343486176983754,348.6176996,0.28610089
