objID,ra,dec
104563486249649331,348.6251386300294,-2.8591974469543584
