objID,ra,dec
109033480172321374,348.01729859,0.85899604
