objID,ra,dec
111963489470447359,348.9470649578443,3.3057331771352803
