objID,ra,dec
111153480241204189,348.0241216324145,2.628029655236771
