objID,ra,dec
106003483340665060,348.33409467133515,-1.6628168482480634
