objID,ra,dec
105743481524027094,348.15246682,-1.87785807
105743481522337393,348.15229484,-1.87760772
