objID,ra,dec
107223481544015133,348.1544701223933,-0.6460999172971181
