objID,ra,dec
111033487480807188,348.7481503293551,2.530549466778967
