objID,ra,dec
111673486931173946,348.69313943622905,3.0612421562477388
