objID,ra,dec
109713484004821154,348.4004726991168,1.4255919752999104
