objID,ra,dec
109323482839475769,348.284005187331,1.1044228741958344
