objID,ra,dec
109943481401178826,348.14018356862675,1.6235697683885748
