objID,ra,dec
109903484528203292,348.45282026,1.58571218
