objID,ra,dec
108403487324971829,348.73248440356303,0.33441921039408146
