objID,ra,dec
108813485299943604,348.52998716865284,0.6776475644939685
