objID,ra,dec
109873483840077188,348.38407047331407,1.5639199860416217
