objID,ra,dec
110403489486090012,348.9486108178045,1.9996748787187306
