objID,ra,dec
113213485537558179,348.5537029287442,4.348113774455391
