objID,ra,dec
107293485752561414,348.57525896,-0.59084233
107293485752382132,348.57522508,-0.59052051
107293485751321785,348.5752124364881,-0.5905766910514585
