objID,ra,dec
106583488063855561,348.8063893568487,-1.1790067411163203
