objID,ra,dec
106883483029517432,348.30288525,-0.9274999
106883483028627795,348.30277243734076,-0.9273232124640721
