objID,ra,dec
107573487348342872,348.73494343288417,-0.35634592652870983
