objID,ra,dec
108733481935301761,348.1935870832768,0.6093312674941473
