objID,ra,dec
106033485824123787,348.58245734521466,-1.6387712736866553
