objID,ra,dec
107143483178736223,348.3179012544972,-0.7118605486093925
