objID,ra,dec
111163489981386714,348.99814149375334,2.638528093983609
