objID,ra,dec
106393488059434620,348.8060704460498,-1.3382308732205743
