objID,ra,dec
108743480558113112,348.05574339312045,0.61886861555648
