objID,ra,dec
106743482904193976,348.29039792050753,-1.0471494753428616
