objID,ra,dec
97883481560685659,348.1560980369248,-8.428953254735
97883481558035535,348.15581851,-8.42905237
