objID,ra,dec
110313485366737447,348.53668082179274,1.9308419525773284
