objID,ra,dec
105823481977284979,348.19787315158834,-1.812890172441876
105823481980265088,348.19793270211545,-1.8129074180268907
