objID,ra,dec
109063485074818938,348.5074844271977,0.8904659052963031
