objID,ra,dec
108653481306235299,348.130616,0.54567161
108653481302505101,348.13029379382453,0.5455981138345266
