objID,ra,dec
109163480814429102,348.0813517018532,0.9737830928037187
