objID,ra,dec
107033488568767035,348.8568844510126,-0.8028663230439902
