objID,ra,dec
107353486819198822,348.681910093329,-0.5346941692258902
