objID,ra,dec
108443482820489722,348.2820719062689,0.37439174520610463
