objID,ra,dec
110763480372051538,348.03718938093084,2.3008655297320786
