objID,ra,dec
109343487985679499,348.7986302916177,1.1242162952901984
