objID,ra,dec
111543483295727769,348.32958807765556,2.9560668968911554
