objID,ra,dec
105833481770439788,348.17719013,-1.80058303
105833481774509856,348.1774890252692,-1.800531311272243
