objID,ra,dec
109353482642600585,348.2643123291807,1.1251209376947078
109353482641580928,348.2641294263442,1.125305902845811
