objID,ra,dec
97663480913702105,348.0913668985896,-8.615260907209224
