objID,ra,dec
112623487872511372,348.78725841326445,3.850749344502384
