objID,ra,dec
106103484486563066,348.44860833585386,-1.5811255537959927
