objID,ra,dec
108743486749262076,348.67507096497985,0.6179546339531051
