objID,ra,dec
106803487924956903,348.79247455735117,-0.9947326652357654
