objID,ra,dec
109233489403983729,348.9404201235656,1.0277201589482368
