objID,ra,dec
109133480784718696,348.07847409,0.94850457
109133480786588386,348.078647611332,0.9483000210995831
