objID,ra,dec
108773485817279579,348.5817462528562,0.6491897432808357
