objID,ra,dec
109823482836452047,348.2836781171634,1.5179763054381024
