objID,ra,dec
106913481984742989,348.19840415984993,-0.906414382968637
106913481983052667,348.19834421327613,-0.9064506401391247
