objID,ra,dec
105943487194228052,348.71945505,-1.7103676
