objID,ra,dec
108593484966934831,348.4966882422977,0.49528955396042207
