objID,ra,dec
105633487245498725,348.72455172,-1.96808123
