objID,ra,dec
110223483753443171,348.3753679789462,1.8522897588837253
