objID,ra,dec
108183484863195937,348.4863667181896,0.15464533401360447
