objID,ra,dec
108933483511916667,348.35114136028136,0.780102580766785
