objID,ra,dec
95163480538683893,348.05384339,-10.69707752
95163480535754146,348.0536005823247,-10.696910256821434
