objID,ra,dec
106903484404143532,348.44039949984466,-0.9141155320100021
