objID,ra,dec
107433488870801725,348.88712720126625,-0.4739642277477075
