objID,ra,dec
106683487783396992,348.7782165976949,-1.0945710154007608
