objID,ra,dec
111343485970290129,348.597042194627,2.783053298887389
