objID,ra,dec
106683487804876558,348.78053643941075,-1.0949511044234719
