objID,ra,dec
106193481251053642,348.1251499595941,-1.5056846768173398
