objID,ra,dec
108773484462025138,348.44619411838977,0.6455764585460096
