objID,ra,dec
111183480836292212,348.08361560739377,2.6513341147860796
