objID,ra,dec
107473486196058322,348.6196130862275,-0.4351325198993972
