objID,ra,dec
107293482291248905,348.22915370161786,-0.5846046718694848
