objID,ra,dec
109743485138475224,348.51381872248413,1.454026242636409
