objID,ra,dec
112223484423967535,348.44237353680546,3.5225100532415947
