objID,ra,dec
96253483565037296,348.35657095225594,-9.785891938711426
