objID,ra,dec
105263488812735581,348.88136254989195,-2.2790520715230946
