objID,ra,dec
109923485920676591,348.59196125065404,1.6051634147809275
109923485917896745,348.591883180965,1.6052298940161793
109923485915156857,348.59172726,1.60522062
