objID,ra,dec
107353484167067119,348.4168500542463,-0.5359586296793567
