objID,ra,dec
106373489036721210,348.9036491754079,-1.3575854800679044
106373489035871618,348.90365779084357,-1.357562421813866
