objID,ra,dec
109953483213825836,348.3214733206542,1.629412544776223
