objID,ra,dec
112633480824835587,348.08243557055937,3.862603807762306
