objID,ra,dec
110173484845383936,348.48455734477295,1.8112559186607018
