objID,ra,dec
112343484453902157,348.44523152524283,3.617936229134539
112343484451611939,348.4452289170165,3.617951825934325
