objID,ra,dec
107933489136496105,348.91368001416504,-0.05362713095102644
