objID,ra,dec
111373485769470539,348.5768950628339,2.8084375087036424
