objID,ra,dec
112963488804901706,348.88049083172984,4.134338937600745
