objID,ra,dec
107093489027560112,348.90280147586867,-0.7586441284807788
