objID,ra,dec
107143485903363961,348.5903430333837,-0.7137734332791923
