objID,ra,dec
110893485116802174,348.5115831807409,2.4097539586384786
110893485113522438,348.51141324,2.40990574
110893485113312076,348.51160227,2.40975096
