objID,ra,dec
104673485439650343,348.54404772523174,-2.775144445771958
