objID,ra,dec
109443486829439416,348.6830281160042,1.2074827801498451
