objID,ra,dec
113193482679010492,348.26792534667044,4.3250660061826975
