objID,ra,dec
110813480228301525,348.0230071498031,2.3424776297632266
