objID,ra,dec
112893481397935462,348.13979573072726,4.0791756003481145
