objID,ra,dec
105583482437066755,348.2437774609436,-2.011422872439057
