objID,ra,dec
110063480854985608,348.08559412460045,1.7209184589346238
