objID,ra,dec
107083484698713575,348.4699533401274,-0.7642109211094104
107083484701093250,348.4700745720112,-0.7642732709248353
