objID,ra,dec
105683480155154959,348.0156330296308,-1.9295285088406593
105683480155765362,348.0156115,-1.92925298
