objID,ra,dec
103943485224011270,348.52251163675584,-3.382684771118059
