objID,ra,dec
111103486329602660,348.63298266824097,2.585123645767824
