objID,ra,dec
108553481512380937,348.15114049293624,0.45871611818739305
108553481510881293,348.15113467,0.45880757
