objID,ra,dec
104103481351172415,348.1351977209851,-3.2484894623096134
