objID,ra,dec
107573485937578446,348.59368414389814,-0.3517037559398351
