objID,ra,dec
105733489485903425,348.94855275155163,-1.8891705013872035
