objID,ra,dec
111073482823126518,348.28222774470106,2.563385082280828
111073482820296419,348.28220773849404,2.5633997472153567
