objID,ra,dec
110313484277539740,348.42779776937937,1.9327752666052975
