objID,ra,dec
109883482706786399,348.2707484645831,1.571574808067589
