objID,ra,dec
109833482635565440,348.2635800955424,1.5290913237214865
