objID,ra,dec
111103481588689887,348.1588826668329,2.591171312523194
