objID,ra,dec
105403486966740072,348.69679440695427,-2.167027790401199
