objID,ra,dec
105673487732041615,348.7731166759657,-1.940682031182743
