objID,ra,dec
105203483948848218,348.39495658358203,-2.326845905008114
