objID,ra,dec
107053482437195128,348.24375532714794,-0.7877872865130032
