objID,ra,dec
97553485099084412,348.50990063682605,-8.704987885065664
