objID,ra,dec
106193480589651872,348.05904609923385,-1.5072772176677471
106193480590221536,348.0590485775644,-1.5073935755500518
