objID,ra,dec
110753486075127705,348.6074167948067,2.29764850843159
