objID,ra,dec
111443483094776229,348.30947939973834,2.871462338136376
