objID,ra,dec
111893488802685811,348.88028825988647,3.2461020360885597
