objID,ra,dec
104153499027677972,349.90274714152235,-3.2020217996240152
104153499024508013,349.90248244,-3.20203954
