objID,ra,dec
97683497971476809,349.7971906477172,-8.594699245451013
