objID,ra,dec
106493499285585262,349.92857200207465,-1.2544335319445732
