objID,ra,dec
110153490722574386,349.07225428114316,1.794874987318715
110153490725234230,349.07251628,1.79482179
