objID,ra,dec
112393492935316148,349.29347354723075,3.662990210365337
