objID,ra,dec
107563493272276125,349.32728323,-0.36193698
