objID,ra,dec
97843498069594762,349.80697126,-8.46303892
97843498067765043,349.8068120576132,-8.46282571176122
