objID,ra,dec
106813497055681388,349.7056045974698,-0.990878600725176
