objID,ra,dec
106793491111025247,349.1110987882227,-1.0043240745628974
