objID,ra,dec
105753493696657667,349.36965934,-1.86906083
105753493697277341,349.36966959247246,-1.8692159075549506
