objID,ra,dec
110243497601787374,349.76017059418655,1.8723627936583231
