objID,ra,dec
108563494109948357,349.4110403133355,0.47334996732457074
