objID,ra,dec
110233497301612907,349.7301816955528,1.86040467949575
