objID,ra,dec
95053490940823599,349.09410293441266,-10.788969058488668
