objID,ra,dec
108013496092213764,349.60929123,0.01104269
