objID,ra,dec
110233497070879084,349.7071175639985,1.8655566705447506
