objID,ra,dec
106113496775300037,349.6775410483686,-1.5754050554738397
