objID,ra,dec
110543490504574537,349.05048070010105,2.1201316609594594
