objID,ra,dec
105963492628318577,349.26283186228034,-1.6932214002596546
