objID,ra,dec
113353491688894028,349.1688658805051,4.461185725363278
