objID,ra,dec
108503493484992473,349.34850868354346,0.41833013172431865
