objID,ra,dec
97563492118322016,349.2118741778801,-8.698667651010616
