objID,ra,dec
107373492482923390,349.2483591350335,-0.5224211136327985
