objID,ra,dec
107933490472938720,349.04741488,-0.05150933
107933490475758664,349.04758215918525,-0.051626576286607155
107933490476088234,349.04757728136326,-0.05165643663935626
107933490478608698,349.0477305934701,-0.051526002849707646
