objID,ra,dec
111593494096470470,349.4096760590216,2.9917281915128453
