objID,ra,dec
108623497845150968,349.78456684624,0.5170894075122578
