objID,ra,dec
108363490578919553,349.0579209437919,0.3076190021504087
