objID,ra,dec
112463492350024331,349.23502563198406,3.7199342189599065
