objID,ra,dec
109383491876390426,349.1877267492905,1.1500068566530026
