objID,ra,dec
108793496517033094,349.6516971488495,0.6605083423480603
