objID,ra,dec
109493491638269255,349.1638350554491,1.248949275997485
