objID,ra,dec
104723490579826783,349.0579655229427,-2.7280400730131857
