objID,ra,dec
106323496708808125,349.6707770904265,-1.3937782300300194
106323496705037874,349.6706898943149,-1.3938318612714502
106323496704307553,349.6706120338855,-1.393895826299211
