objID,ra,dec
107253492361652051,349.23611412650985,-0.6235059247062432
