objID,ra,dec
111833494508575324,349.45091119532043,3.1958231543599926
