objID,ra,dec
108153496169038804,349.61689892,0.1319284
108153496171568971,349.6170782931111,0.13202005707676467
