objID,ra,dec
106413492387487928,349.2387246762102,-1.3187806015939427
