objID,ra,dec
107993497254896839,349.7255016234481,-0.002953738063001841
