objID,ra,dec
108143494058886573,349.40586400160794,0.12177169338519032
