objID,ra,dec
108413497754249649,349.77543380968376,0.3492737030830358
