objID,ra,dec
107533495350871873,349.53497433990583,-0.39047622779309477
