objID,ra,dec
106363498549661058,349.8549976363881,-1.3661576297971358
