objID,ra,dec
112773499945292093,349.9946429393294,3.97635256915867
