objID,ra,dec
109423499868720854,349.98700688076195,1.1835606821950155
