objID,ra,dec
106833499145913691,349.91462479131206,-0.9722633191112752
