objID,ra,dec
106813491457576473,349.14584978382624,-0.9866767239188542
