objID,ra,dec
105703491047999739,349.1049456881049,-1.9089493090796485
105703491050529562,349.104960014534,-1.9089537921380355
