objID,ra,dec
108653490396784664,349.03976252,0.54518514
108653490400774792,349.04011004427804,0.5452504948474678
