objID,ra,dec
105663491624127476,349.1624334015497,-1.9441067350871006
