objID,ra,dec
106403499628436236,349.9628469952399,-1.3285732609503689
