objID,ra,dec
110323494028565525,349.40275597220136,1.9375540316555826
