objID,ra,dec
108623498993403688,349.8993963,0.51937852
