objID,ra,dec
112843498942731703,349.89429593651136,4.034428659972703
