objID,ra,dec
112163497542694679,349.75428848878767,3.4701603191985386
