objID,ra,dec
108313490666887017,349.06675224,0.26379209
