objID,ra,dec
111063499014929444,349.9014536728228,2.557519103023239
