objID,ra,dec
110223496738217295,349.673863335994,1.8556978031053524
