objID,ra,dec
111353493070149956,349.30693017,2.79955809
111353493066759879,349.3067180978604,2.79953553412964
