objID,ra,dec
106683495286795331,349.5288632784616,-1.0959536811297579
106683495290125230,349.5289830280794,-1.0960133676271466
