objID,ra,dec
112303492762426344,349.27624604595826,3.588245818323466
