objID,ra,dec
104003494710378599,349.4710587104805,-3.326671727886846
