objID,ra,dec
107043498459198808,349.84597520703124,-0.7931389953645658
