objID,ra,dec
113183492932869444,349.2932902855522,4.324123865604909
