objID,ra,dec
110333492977454792,349.29775477,1.94528048
110333492973614819,349.2974326121998,1.9453414724182028
