objID,ra,dec
109143494776387932,349.4775914945042,0.9561522074520252
109143494772817939,349.47749922,0.95632511
