objID,ra,dec
107763498866566993,349.8867717054466,-0.1946502006080701
