objID,ra,dec
107763493362474897,349.3362745256028,-0.19634138604863036
