objID,ra,dec
112883497457556573,349.7456624689555,4.0716822305003495
