objID,ra,dec
105843499979382457,349.9979927752081,-1.7982326518644558
