objID,ra,dec
111903497893696970,349.7894128713892,3.2554072433843424
