objID,ra,dec
106073490311581263,349.03122361341985,-1.607689422686369
