objID,ra,dec
112763492224107572,349.2224142822764,3.9725544154134305
