objID,ra,dec
109323493605753611,349.36058982964937,1.1027336448133602
109323493605973944,349.36068505,1.10286663
