objID,ra,dec
112923498889564042,349.88895439034775,4.102995094471971
