objID,ra,dec
112963498502349818,349.8501940161501,4.141226284765965
112973498501270212,349.8501641981928,4.141312572340525
