objID,ra,dec
105293493573623227,349.3571559500551,-2.256014071205627
