objID,ra,dec
112423491177477808,349.1177370413032,3.689471225687458
