objID,ra,dec
107623496629491125,349.6628465927233,-0.31607286196707146
107623496626821258,349.66283050406656,-0.3160797641407293
