objID,ra,dec
108153492959352499,349.29597274631215,0.1266750666144446
