objID,ra,dec
110963499714968381,349.97151078318916,2.473323448684609
