objID,ra,dec
112423491266823086,349.12667398208015,3.685530588268877
