objID,ra,dec
104243498743228965,349.87435770527037,-3.126241706317421
