objID,ra,dec
97113490813855263,349.0814110603364,-9.070947744840549
