objID,ra,dec
109163497702782721,349.77030863653744,0.968603803645752
