objID,ra,dec
107883494260632382,349.42607955366793,-0.09847304630393595
