objID,ra,dec
109003496135479698,349.6135820565038,0.8410335495527483
