objID,ra,dec
108033497169445588,349.71688565931953,0.029261419311411463
