objID,ra,dec
105823496736395036,349.6736461,-1.81283897
105823496739235087,349.6737401,-1.81283331
