objID,ra,dec
109373498584054875,349.8582956733096,1.1453080633354802
109373498581874513,349.85818698,1.14505559
109373498579754821,349.8581438576621,1.1453102477932917
