objID,ra,dec
108933492528407881,349.2528862471535,0.781178215868015
