objID,ra,dec
109823499149666674,349.9150331642144,1.5218930232100283
109823499150816978,349.9150973677481,1.521934710796538
109823499152536687,349.9150362547926,1.521889277834121
