objID,ra,dec
113163492534516042,349.2534595730126,4.304585786717968
