objID,ra,dec
108983490206709961,349.02069748478436,0.8246120065842449
