objID,ra,dec
109233491209422620,349.12101446557773,1.0268227195165458
