objID,ra,dec
107983492855529288,349.2855406533832,-0.009350881778570137
