objID,ra,dec
108573499325665046,349.93262938749336,0.4787588066926931
