objID,ra,dec
106973493733329036,349.37334966576316,-0.8510818936789704
