objID,ra,dec
108323499334230097,349.93329536771716,0.26642506261788296
