objID,ra,dec
106903498852881061,349.88532691537125,-0.9161778766301768
