objID,ra,dec
104883494226976877,349.4227475912987,-2.5946196889551363
