objID,ra,dec
105823497644478678,349.76444992,-1.80979034
