objID,ra,dec
105563490814153154,349.0815485039872,-2.030981389324392
