objID,ra,dec
108343490237215909,349.0237634726021,0.28787060760432576
