objID,ra,dec
107553496277492717,349.6277174266917,-0.37309361085249504
