objID,ra,dec
105493493748848859,349.37487739588454,-2.0847046595230543
