objID,ra,dec
107283490774236547,349.07743788769835,-0.5949003817091261
