objID,ra,dec
109583493267737038,349.32688029529675,1.3221660078592021
