objID,ra,dec
109293494150979997,349.4151997974351,1.0828984856378565
