objID,ra,dec
95663498582368515,349.8582709133533,-10.276543428749298
