objID,ra,dec
108513493736675742,349.37377394,0.429651
108513493737116074,349.3737632268691,0.42968264952027974
