objID,ra,dec
109073491270954785,349.1271110199203,0.8953323541588523
