objID,ra,dec
107503494259198044,349.426083193511,-0.4104980994305851
107503494261497785,349.42606070459647,-0.41050916920283903
