objID,ra,dec
96873493579192596,349.3579821787697,-9.273219746135522
