objID,ra,dec
112563498263262726,349.82628339682134,3.8018604165669307
112563498259302855,349.82603218,3.80185443
