objID,ra,dec
105913493919717119,349.39195659228085,-1.7361088664225943
