objID,ra,dec
97113492081947350,349.20823614610543,-9.069239485416366
