objID,ra,dec
107943498492824362,349.84936682985625,-0.0466377519896171
