objID,ra,dec
113263496012071800,349.60110244464346,4.384474216876772
