objID,ra,dec
108133496183077646,349.61828356227613,0.11432572964681921
