objID,ra,dec
108223493966341888,349.39664840440196,0.184474268539454
