objID,ra,dec
107123490838851277,349.08390354265515,-0.732616240289692
