objID,ra,dec
110873492604533933,349.26051964170506,2.3945578051342165
