objID,ra,dec
107023496881707078,349.6882159844702,-0.8111123627581952
