objID,ra,dec
107473493529395742,349.35299228446627,-0.4371517740380927
