objID,ra,dec
106953493988015924,349.3988661077004,-0.8704294939962195
