objID,ra,dec
106573499737761029,349.97373641,-1.19115889
106573499734781203,349.97361012671155,-1.191064170232164
