objID,ra,dec
104613490551916891,349.05507523658787,-2.8196610024530773
