objID,ra,dec
105543494370945234,349.43709666934427,-2.046021206841616
