objID,ra,dec
95963496426541355,349.64263550658546,-10.03260797945096
