objID,ra,dec
109763495733428059,349.5735306994352,1.4730612147639728
