objID,ra,dec
108683498684124133,349.86842384,0.5697362
