objID,ra,dec
110533497390984183,349.739136116647,2.111298223888461
