objID,ra,dec
108393493150039063,349.3151077019379,0.3321618704406753
