objID,ra,dec
94893499177238495,349.91777348170143,-10.918229951855366
