objID,ra,dec
108653493301450195,349.33004145447666,0.5413647164849914
108653493298760001,349.3300236085433,0.5413383583328085
