objID,ra,dec
107423492079260553,349.20793129,-0.48322113
