objID,ra,dec
110173491331315231,349.13312083078563,1.8123355678103787
