objID,ra,dec
107873494946744654,349.4945301588696,-0.10467710138562182
107873494944584898,349.49448861126336,-0.10465644763796589
