objID,ra,dec
107203493487426757,349.34877434,-0.66143013
