objID,ra,dec
104123496068827654,349.60688981059906,-3.227352718649657
