objID,ra,dec
106333498730262217,349.87311645875735,-1.3902272143191932
