objID,ra,dec
109383499748545299,349.97491600369636,1.154054561793658
