objID,ra,dec
106853498972393657,349.8970367,-0.95569073
106853498969963481,349.89706314355624,-0.955991560994021
