objID,ra,dec
95733499381148750,349.93812862550425,-10.2180222944208
