objID,ra,dec
109523493729840902,349.3729984142157,1.2669623823759262
109523493729170447,349.37294762,1.26664268
