objID,ra,dec
110963494278696885,349.4279442613404,2.4720886568627685
