objID,ra,dec
107603497711257171,349.7711563110568,-0.3276039777251739
107603497712937476,349.7713487430326,-0.3275386126393222
