objID,ra,dec
107883491200551775,349.12006445003726,-0.09891415523999739
