objID,ra,dec
108903495121992833,349.51221143096,0.7519464241391554
