objID,ra,dec
106803492096219887,349.20968267,-0.99211017
