objID,ra,dec
106433499123501331,349.91235818510734,-1.3074806490509394
