objID,ra,dec
109163493673040260,349.36737537719745,0.9665037142745984
