objID,ra,dec
113013492964259555,349.2964875747841,4.1825694201115065
