objID,ra,dec
109243499638503250,349.9638732936375,1.0356269814772954
