objID,ra,dec
96203491157716127,349.11573271466875,-9.828596626449112
