objID,ra,dec
109063490776909466,349.07782614388896,0.8910115545500094
