objID,ra,dec
97173490339064139,349.03394699998483,-9.0218875507625
