objID,ra,dec
110343490426029166,349.04270074888706,1.9574390300712783
