objID,ra,dec
107463496378131823,349.63782497799355,-0.44883218410025316
