objID,ra,dec
107823491265272245,349.12654337245124,-0.14852061386102247
