objID,ra,dec
105533491759924953,349.17595218143475,-2.0544771616869513
105533491758455354,349.17585527,-2.05421794
