objID,ra,dec
97273492647077831,349.26474113859825,-8.935487714040013
