objID,ra,dec
104053498599258675,349.8599833041476,-3.2847262247192512
