objID,ra,dec
109393497965970783,349.7966447087157,1.1585953590962152
