objID,ra,dec
105113491783732416,349.17850578725086,-2.406732327814671
