objID,ra,dec
108503499658618508,349.96586474,0.42339995
