objID,ra,dec
109713495602326128,349.5601495223023,1.4298262321904793
