objID,ra,dec
109923495062486399,349.50628544992,1.6049598053609242
