objID,ra,dec
108313495652803855,349.56530045373603,0.26116872803008967
