objID,ra,dec
109823499615521399,349.96154985320214,1.517441148981109
