objID,ra,dec
105583497555944140,349.7556303570212,-2.013652641051939
