objID,ra,dec
108203494251842082,349.42523982336013,0.16803295812072092
