objID,ra,dec
108383497588320190,349.7588177534231,0.3164234279705956
