objID,ra,dec
109323498196515177,349.8196891608101,1.1039417012631914
