objID,ra,dec
108153498442105515,349.84425361849173,0.12926099301870198
