objID,ra,dec
106983490133877253,349.0135009037969,-0.8443108532964602
