objID,ra,dec
108963499724567599,349.9724454230883,0.8059607622476268
