objID,ra,dec
110033491927566449,349.19271924055175,1.696632167034501
