objID,ra,dec
107673497480540402,349.74806472,-0.27504947
