objID,ra,dec
113413495562349593,349.556235063023,4.515952740152671
