objID,ra,dec
109803492980889682,349.29811408264254,1.5075890297506154
