objID,ra,dec
106703490138670448,349.01384486384705,-1.083316776989029
