objID,ra,dec
108123495617658033,349.5617180794806,0.10624966364199362
