objID,ra,dec
108043495928977925,349.59275715,0.0395944
108043495926808244,349.59261716,0.03978529
