objID,ra,dec
96043491178529062,349.1178563839592,-9.959471383276984
