objID,ra,dec
95393498596527578,349.8596813659505,-10.502332133828387
