objID,ra,dec
106973495252357852,349.5252625,-0.85215163
106973495255247780,349.525477323177,-0.8521721725614222
