objID,ra,dec
107933491656206889,349.1656359547021,-0.05309975640368985
