objID,ra,dec
107503496267856718,349.6267718333624,-0.4114175098998536
