objID,ra,dec
106683491361309475,349.136117990951,-1.0924799888775314
