objID,ra,dec
110093492882676645,349.28822022059745,1.7468139885972362
