objID,ra,dec
107963495178503078,349.5178519020396,-0.031079478319598466
