objID,ra,dec
105713497654459427,349.7653887628554,-1.9009199356590654
