objID,ra,dec
111793495383966349,349.53844800627024,3.163285319880997
