objID,ra,dec
109113495541236794,349.5541550279196,0.9302068562866231
