objID,ra,dec
112463497264078775,349.72637199131833,3.723637742148972
