objID,ra,dec
106543499746493366,349.9747008529834,-1.214154042327261
