objID,ra,dec
112093498371063998,349.83715591431076,3.4112799237032942
