objID,ra,dec
95873496102176852,349.61024831499446,-10.103134443511163
95873496101476509,349.6102491066491,-10.103132637728248
