objID,ra,dec
111613498146934799,349.8146266599804,3.011966686300279
