objID,ra,dec
104763497628191612,349.7627515880592,-2.6990615625453787
104763497625381578,349.76272137101574,-2.6990572580119263
