objID,ra,dec
113213494492765327,349.44930626341807,4.345621363485443
