objID,ra,dec
109913494476087433,349.44765806274313,1.5975174533170124
