objID,ra,dec
110073498045101526,349.8045534672646,1.7259206603709902
