objID,ra,dec
106603497458954762,349.7459659715613,-1.1631281432450862
