objID,ra,dec
106393499323729426,349.9323432790703,-1.3341692234806428
