objID,ra,dec
104883497072058510,349.707254654715,-2.593266924438536
