objID,ra,dec
108743494921400697,349.49217423184115,0.6168303718135356
