objID,ra,dec
109193494910206973,349.4910767282858,0.9971993159133972
109193494911187366,349.49106699,0.99723645
