objID,ra,dec
107973494659045963,349.4659994034303,-0.020509081675504207
