objID,ra,dec
106453498565945702,349.85669041900996,-1.2870778326053296
