objID,ra,dec
108463499123202755,349.9122690359647,0.38530146270072113
108463499121253022,349.9122331156414,0.38531438865791234
