objID,ra,dec
108883490125985211,349.01259125,0.73731359
