objID,ra,dec
105733490693859128,349.06932411467454,-1.8844791939408214
