objID,ra,dec
106553496757404957,349.6758236043829,-1.2046621042424692
