objID,ra,dec
94903498086546545,349.8086859454165,-10.91146164631595
