objID,ra,dec
108323493113315751,349.3114078690828,0.2711735803669344
