objID,ra,dec
106513497733908243,349.77339623765016,-1.2351401567735985
