objID,ra,dec
108263490882832723,349.0882461217663,0.2185516194438862
