objID,ra,dec
107193495135306751,349.51346064080565,-0.6697854332854742
