objID,ra,dec
105513490496485134,349.0497214219608,-2.0710487667530164
