objID,ra,dec
106713493362682506,349.33631669887404,-1.0732952562038531
106713493364992319,349.3363019497365,-1.0733714287126388
