objID,ra,dec
111133496630599485,349.6630468659553,2.61578164567703
