objID,ra,dec
113173494260442325,349.4260291276352,4.309896401122547
