objID,ra,dec
108923494590655127,349.4591242345514,0.7704974195535093
