objID,ra,dec
110243496523761724,349.652469782725,1.867726717185936
