objID,ra,dec
108533496997817116,349.69983008804513,0.4471124382579852
