objID,ra,dec
108503499660667639,349.96609783700956,0.4226705578060849
