objID,ra,dec
106533490466242373,349.04665311789296,-1.2234787820852029
