objID,ra,dec
107243492647033220,349.2647939942022,-0.630949099100103
