objID,ra,dec
111963490123874096,349.01240318406025,3.3030048033917687
