objID,ra,dec
108683493321723570,349.33209541,0.56913738
108683493323893251,349.3324099825715,0.5690268116628024
