objID,ra,dec
106643498191772889,349.819136799799,-1.1313706302649766
