objID,ra,dec
111403495874529954,349.58752848556503,2.8411868260173434
