objID,ra,dec
108043495718027156,349.5717902276992,0.03888737901177913
