objID,ra,dec
112553490219061527,349.0219528850298,3.7924349270357465
