objID,ra,dec
107113490247320167,349.0247723053713,-0.7421259412594404
107103490249689824,349.0248424002182,-0.7421600335918939
