objID,ra,dec
109043495947762203,349.59474080380755,0.8680912242557555
