objID,ra,dec
110043492772557011,349.27722253,1.70545701
