objID,ra,dec
108303493121870206,349.31222403131983,0.24974674298065805
