objID,ra,dec
107533493365413411,349.33658079,-0.38919277
107533493367493731,349.3368172838184,-0.38904907553075535
