objID,ra,dec
104113495982139636,349.5981984241639,-3.2340471078298454
104113495982009252,349.5981949,-3.2343145
