objID,ra,dec
108873492955772578,349.29561407334256,0.7267295835532974
