objID,ra,dec
112783492922555089,349.2922677609463,3.987325353880745
