objID,ra,dec
111203490626795434,349.0626716205731,2.670907028360096
