objID,ra,dec
106533494356917381,349.4357412287982,-1.2192484359566371
106533494353627595,349.43556784632506,-1.2191638308216828
