objID,ra,dec
104023490360512011,349.0361341613552,-3.3153654925943217
