objID,ra,dec
106313498143703648,349.8144383988122,-1.4056788989114337
