objID,ra,dec
106933493193324693,349.31939234131397,-0.8881320966029441
