objID,ra,dec
112703493234801228,349.3234457134273,3.917357619915396
112703493233231569,349.32345618630967,3.9173561361789755
