objID,ra,dec
108263496489105101,349.64891723177186,0.2206416101159244
