objID,ra,dec
106963491422194831,349.1422747371421,-0.8629909933078489
