objID,ra,dec
109323491512927690,349.15129262,1.10603943
