objID,ra,dec
112453493920116058,349.39202174341426,3.7130112868954455
