objID,ra,dec
96173493370246150,349.33709553015154,-9.853505571593729
