objID,ra,dec
110543495487881784,349.54880405609543,2.1178204784896044
