objID,ra,dec
106473499700131486,349.97014243462434,-1.2741149740828939
