objID,ra,dec
106433495722570080,349.57223014289343,-1.308644928422267
