objID,ra,dec
106603493857176637,349.3857458123379,-1.16147300166527
106603493854396766,349.38547177,-1.16141432
