objID,ra,dec
109903496587437946,349.6587873362595,1.589576301532589
