objID,ra,dec
106313492516198040,349.2515976563179,-1.4020561671256495
