objID,ra,dec
107863495852319047,349.5852639519199,-0.1095066866340241
