objID,ra,dec
111283492070781064,349.2070645939647,2.733882928421711
