objID,ra,dec
111213495208393403,349.5208662366081,2.677467861709756
