objID,ra,dec
109933492612777938,349.26122150052527,1.6144586301228936
