objID,ra,dec
111473494332002031,349.4332510747913,2.8929357538422
