objID,ra,dec
108773499350095382,349.9350196855481,0.6457598767696122
