objID,ra,dec
107283492998051811,349.29981758850556,-0.5988562657438066
