objID,ra,dec
107943499592921407,349.95933094991307,-0.04920627202120784
