objID,ra,dec
107303499635722499,349.96342218,-0.5818021
