objID,ra,dec
109003496100758956,349.6100792885281,0.8404174964516273
