objID,ra,dec
107473494388005407,349.43897433070487,-0.4376630098097953
107473494392095051,349.439135563937,-0.4377666051619846
