objID,ra,dec
108633497348069760,349.7348424740826,0.5327141152070626
