objID,ra,dec
110183491777968430,349.1779129905787,1.8233898363221117
