objID,ra,dec
96933491269915986,349.1269751773078,-9.220326012257807
