objID,ra,dec
109503495823181460,349.5823599786448,1.2508779857843733
