objID,ra,dec
95993496794051317,349.6794767009697,-10.007595731948692
