objID,ra,dec
106443499586791549,349.95870938,-1.29910979
106443499584121696,349.9585194823886,-1.2989977850516832
