objID,ra,dec
95853492752673373,349.2753113408302,-10.122482638665778
