objID,ra,dec
109393499752904630,349.9752066089016,1.1618696801921067
