objID,ra,dec
110093499559904528,349.95615226087693,1.7449856085652005
