objID,ra,dec
109403492221668539,349.22216488083023,1.1734279325040546
