objID,ra,dec
107023496502686884,349.65041674202774,-0.8113299791373668
107023496504626610,349.6505500839377,-0.8114745492501502
