objID,ra,dec
108933498412562022,349.84121085,0.77629371
108933498409031971,349.8409535788475,0.776256638566805
