objID,ra,dec
109433494759321095,349.475937705464,1.1922868024522566
