objID,ra,dec
108743496576349120,349.65772319048637,0.6238518196685117
