objID,ra,dec
106423491686512259,349.16872279307904,-1.3151985077125699
