objID,ra,dec
108913495612159491,349.5613249669102,0.7658405114390205
