objID,ra,dec
107373495353499235,349.5352883030464,-0.5176909091918503
