objID,ra,dec
97173492300070209,349.2300283510114,-9.025176665200984
