objID,ra,dec
110923490579448242,349.0579509106226,2.4398386839692425
