objID,ra,dec
111763498165269053,349.8165426824563,3.140501837846207
