objID,ra,dec
109513498069036202,349.80688125,1.26314235
