objID,ra,dec
109273493288829634,349.3288871132025,1.0659606989866288
