objID,ra,dec
105893492122301876,349.2121834776832,-1.757055864263831
