objID,ra,dec
106673499534469286,349.9534758604415,-1.1009269575310443
