objID,ra,dec
108283495071883211,349.50736011885897,0.23571371724758292
108283495074333372,349.50739905699265,0.23570854169838354
