objID,ra,dec
108703498013446577,349.8013870682113,0.5884795993422465
