objID,ra,dec
107573496580266408,349.6580988233574,-0.3533712696097208
