objID,ra,dec
104573496621795068,349.66219014593753,-2.854519573511798
