objID,ra,dec
107703495618076514,349.5618693712923,-0.24495254531451238
