objID,ra,dec
105803497526860417,349.75270362429285,-1.8333574586632964
105803497527480085,349.7527197200037,-1.8334859419862932
