objID,ra,dec
95913496673555698,349.66738051826314,-10.070618350619915
