objID,ra,dec
105823491024239755,349.1024154106538,-1.808887706273964
