objID,ra,dec
107063491475146740,349.1475605883257,-0.7780974744639128
