objID,ra,dec
108903497141469714,349.7141839495268,0.7577620827833264
