objID,ra,dec
108473493993570070,349.3993786562728,0.3913819249222894
