objID,ra,dec
107043490604013630,349.0605136489623,-0.7973204597831538
