objID,ra,dec
106823490256644663,349.0256729,-0.97987219
