objID,ra,dec
109333490272328518,349.02726728836143,1.1150434515814993
