objID,ra,dec
106583493401236947,349.3402137086387,-1.1778735547193393
