objID,ra,dec
108083495808356512,349.580939403059,0.07157940064348918
108083495812066402,349.5811281957067,0.07154023323898517
