objID,ra,dec
113303493548287954,349.3548221609874,4.422990059506089
