objID,ra,dec
106923497415772874,349.7416050569591,-0.8979514178686565
