objID,ra,dec
107233497174511154,349.71748577393566,-0.6410683226321267
