objID,ra,dec
110383490197179666,349.0197487872311,1.9910653741312014
110383490194549962,349.01962169,1.99131626
