objID,ra,dec
107993496690202138,349.66898386641213,-0.006991710824105247
