objID,ra,dec
110173490600153724,349.0599068170034,1.811062282075616
