objID,ra,dec
109053492116202318,349.211736259998,0.8765041541241192
109053492115471972,349.2116641374774,0.8763985007123486
