objID,ra,dec
108753506271447559,350.62714155215366,0.630909545781395
