objID,ra,dec
107073504574679235,350.457412353903,-0.7676880318733816
