objID,ra,dec
107903505819986508,350.5820326682669,-0.07828172038811515
