objID,ra,dec
108793506051746621,350.60513186679447,0.6635250068072377
