objID,ra,dec
107563509186430346,350.9186453651396,-0.3667334213765258
