objID,ra,dec
107523506345099051,350.6345779860599,-0.39278036527048676
