objID,ra,dec
109543504670121700,350.4669975742949,1.2843784648796825
