objID,ra,dec
109353503121256967,350.31222719,1.13038469
109353503125207057,350.31247317,1.13048
