objID,ra,dec
109013506086133991,350.60867623983637,0.8445663257692329
