objID,ra,dec
110863508797235040,350.8797621811805,2.3871862337546754
