objID,ra,dec
109253509176302989,350.91764328589034,1.0437619093200827
