objID,ra,dec
106123509682889330,350.9683400486836,-1.559203971728825
