objID,ra,dec
107953506805551401,350.6806506730073,-0.04087941816230841
