objID,ra,dec
109633508645130196,350.86450076514694,1.3581266383591952
