objID,ra,dec
105153500836663355,350.08360828217207,-2.3725987935118504
