objID,ra,dec
111463504746959395,350.4747408015278,2.890783412206829
