objID,ra,dec
108293509548516645,350.954871802642,0.24682591200481363
