objID,ra,dec
111573509666624334,350.9666850845208,2.978146893618198
