objID,ra,dec
107893504939499454,350.49401075839916,-0.08420213026308573
