objID,ra,dec
109303507800841018,350.7800740574797,1.0838074701693063
