objID,ra,dec
106413502295496959,350.2295752573619,-1.3196188903428772
