objID,ra,dec
108993507692289350,350.76926628129706,0.8323963603699813
