objID,ra,dec
111983501238011698,350.1238342351455,3.3177080473378324
