objID,ra,dec
107933505339553806,350.53397894871506,-0.055552699047962666
