objID,ra,dec
108913502924819753,350.2926866170959,0.766008679688553
