objID,ra,dec
109873505174422824,350.5174370265803,1.5603377571582706
