objID,ra,dec
105533507625274573,350.76257861355094,-2.0549116815023893
