objID,ra,dec
109483502983293828,350.29834814059905,1.2361493516712792
