objID,ra,dec
113673501511610037,350.1511760608787,4.724648295491719
