objID,ra,dec
108823508495124670,350.84947552,0.68688069
