objID,ra,dec
108593502666919801,350.2667273702991,0.49944364624570103
