objID,ra,dec
108333500360057908,350.0359615197855,0.2812460182205224
