objID,ra,dec
106703500324013480,350.0323760508117,-1.0806825341415032
106703500323643903,350.03234982273636,-1.0805706523644933
106703500320633731,350.03227105163296,-1.0805683334778728
