objID,ra,dec
105993501683086477,350.16837602836813,-1.669958641945343
