objID,ra,dec
106783506068003564,350.6067975681988,-1.0141312892995467
