objID,ra,dec
107773501716688981,350.1717374698512,-0.18466070071944463
