objID,ra,dec
106373508133106352,350.8133484627151,-1.3534314518009776
