objID,ra,dec
108233509892471102,350.98931401340224,0.19219187485312667
