objID,ra,dec
107913508039072487,350.8039809925509,-0.07328596627137005
