objID,ra,dec
107763505349725780,350.5349931466245,-0.195584383458747
