objID,ra,dec
107513502907573383,350.2907882441469,-0.40588269816030376
