objID,ra,dec
107143508308325784,350.83079521322435,-0.7122720887305795
