objID,ra,dec
109953504252614538,350.4252345601423,1.628240979217676
