objID,ra,dec
110733504389170579,350.43894525939254,2.275119343317187
