objID,ra,dec
104543503733319863,350.37342486203517,-2.87550130733372
