objID,ra,dec
107623506285831017,350.6286273685145,-0.3162805090251187
