objID,ra,dec
106803504321823004,350.4321946,-0.9979351
