objID,ra,dec
112973505099780839,350.5099707727456,4.141970755149899
