objID,ra,dec
109803509040874431,350.9042223696349,1.5033905749088552
109803509041824767,350.90420507303025,1.5034249462243092
