objID,ra,dec
108513509907798219,350.99090235,0.43155955
