objID,ra,dec
96093505643973557,350.5644661855562,-9.922355379095857
