objID,ra,dec
111983505871022446,350.5871911263177,3.3182077991375127
