objID,ra,dec
94963502412982827,350.2412562165613,-10.864664689768189
