objID,ra,dec
106873506271580368,350.6270016542578,-0.941777012345579
106873506267990260,350.6270035393867,-0.9417727987806168
