objID,ra,dec
107263509387061364,350.9386217652288,-0.6159522555479836
