objID,ra,dec
108373500419873757,350.04198706,0.31111583
