objID,ra,dec
107433503954336143,350.39545556149494,-0.47025862856844186
