objID,ra,dec
106373500314562055,350.0315031594331,-1.3570271784248211
