objID,ra,dec
107603504952398886,350.49528568,-0.32632672
107603504953968505,350.49543896009783,-0.3266327110305876
107603504955818759,350.495561770353,-0.32648211379810366
