objID,ra,dec
108943504312199957,350.43121715,0.79119225
