objID,ra,dec
112633503181507670,350.31815938199423,3.8642902944035047
