objID,ra,dec
104153503379104409,350.33796726278115,-3.2049865241377953
