objID,ra,dec
109433507890320191,350.7889937892178,1.1915482100961574
