objID,ra,dec
108293503654042849,350.3654050945479,0.24367214627228892
