objID,ra,dec
107433505106391022,350.5106106890381,-0.47455176530034765
