objID,ra,dec
107533502229819984,350.2230435482945,-0.38376753686798176
