objID,ra,dec
104983506409584521,350.6409185154364,-2.513313194026222
