objID,ra,dec
106953506508380833,350.65100156768517,-0.8747287069915491
