objID,ra,dec
96403504075281780,350.40755390606233,-9.665494363537634
96403504073931301,350.40762289,-9.66577691
