objID,ra,dec
107583508372694539,350.8374010352126,-0.3465807241001372
107583508375564433,350.8374125762506,-0.34657474022027746
