objID,ra,dec
106083508021131566,350.8021319894136,-1.5991475414127143
