objID,ra,dec
107803503807770633,350.3808551287323,-0.1666231452935085
