objID,ra,dec
111003503581396033,350.3581080347156,2.5044217326504032
111003503582535674,350.3582347934259,2.5043420743260687
