objID,ra,dec
109513506885185402,350.6885653368201,1.2623691469146123
