objID,ra,dec
110303501905081287,350.19050906224646,1.9172826821644102
110303501903950963,350.1905245832263,1.917115980216257
