objID,ra,dec
107933500185303728,350.01851319751654,-0.05560232126647813
