objID,ra,dec
106893500761897916,350.07638556,-0.9186159
106893500765188210,350.07655573,-0.91853421
