objID,ra,dec
108353503769225363,350.3769803074097,0.2957907457568916
