objID,ra,dec
106653505539782501,350.5539608971963,-1.1233469582331304
