objID,ra,dec
106683500831696253,350.08326866798274,-1.0951330167431157
106683500832676574,350.08338219063984,-1.0949921973308019
