objID,ra,dec
113483507064103016,350.7064402598489,4.568796143187966
