objID,ra,dec
95893503118501513,350.31170026927373,-10.09079265133485
95893503115231473,350.311656717058,-10.090785149153113
