objID,ra,dec
96533505806250503,350.58066622177626,-9.558198523095774
