objID,ra,dec
113133509132628663,350.91325398199484,4.281818697131375
