objID,ra,dec
108533506293962099,350.6293735725322,0.44301927792662743
