objID,ra,dec
105063508294192065,350.8294799327228,-2.4486653379916605
