objID,ra,dec
109183506004764169,350.60052287053173,0.9864080047176884
