objID,ra,dec
96553503944204176,350.3944337925869,-9.538509429983375
