objID,ra,dec
111863501346299233,350.13456529,3.22405413
111863501345729647,350.13458395038657,3.224319817325393
