objID,ra,dec
107903501826268811,350.18260717852166,-0.07640996966660543
