objID,ra,dec
107603508282411281,350.82827912447317,-0.3326186224692626
107603508280041096,350.82806238,-0.33273397
