objID,ra,dec
110843506686951126,350.66869974978755,2.367215586661538
