objID,ra,dec
109603504581525274,350.4582752586746,1.337295390372427
