objID,ra,dec
110493509623330118,350.9623460748735,2.074701540506151
