objID,ra,dec
107673500427175454,350.04271755,-0.27081244
