objID,ra,dec
110243508022599772,350.8024043010321,1.8744542504778152
