objID,ra,dec
109203508069418821,350.8069624809178,1.006976927663894
