objID,ra,dec
107593508302370676,350.83028561716844,-0.34144927930239916
107593508305660692,350.8304714,-0.34138017
