objID,ra,dec
106533505988950889,350.59900077695636,-1.2246275815906809
