objID,ra,dec
104603501816783693,350.18174431244597,-2.8306312992281835
