objID,ra,dec
108553502783531297,350.27849508362027,0.4589257938305827
108553502785941002,350.2785007921253,0.4589010746187883
