objID,ra,dec
113553505218975529,350.5219194225518,4.629234936226279
