objID,ra,dec
111533503460929544,350.34610312755393,2.9492853189430397
111533503463679445,350.3463642,2.94916946
