objID,ra,dec
108573508093560407,350.8092326059353,0.47502499280716587
