objID,ra,dec
109433507240668742,350.72409199790894,1.1984323336111762
