objID,ra,dec
106193504645599371,350.4645265875795,-1.5008821274194293
