objID,ra,dec
109363508384709159,350.8385063264838,1.1405857624944629
109363508387199375,350.8385769517753,1.1407048648054674
