objID,ra,dec
109373508768448676,350.876899306909,1.14843078152381
