objID,ra,dec
108513504455325509,350.445530796513,0.42925547308515194
