objID,ra,dec
106103503356944610,350.33571558086504,-1.5798351585348087
