objID,ra,dec
109303505613412939,350.56134669,1.08538246
