objID,ra,dec
109013509826094398,350.98260277,0.84497179
