objID,ra,dec
107583503911735990,350.3913459604415,-0.3454730741141614
107583503915115849,350.39140686,-0.3455494
