objID,ra,dec
109073502199523968,350.21993790047867,0.8946136875212956
