objID,ra,dec
109353506453492629,350.64535469,1.12683345
109353506454572979,350.6454960695104,1.1270377708479158
