objID,ra,dec
105963501523056076,350.1523470578044,-1.6953030317281
