objID,ra,dec
96253506488819092,350.6488437359625,-9.784503482050647
