objID,ra,dec
108953507569801850,350.7570380173026,0.7928483366229381
