objID,ra,dec
104403500718725457,350.07191281353704,-2.9958153573798536
