objID,ra,dec
108483507014488185,350.70147508424327,0.40639237553403357
