objID,ra,dec
108933504953782267,350.49552958092283,0.776459104977147
