objID,ra,dec
109963508218488183,350.82189952421317,1.6398129655775917
