objID,ra,dec
105733501555699915,350.1557045648201,-1.8838029609042035
