objID,ra,dec
108773506938721103,350.6937987597043,0.6421597636592687
