objID,ra,dec
107663508699324745,350.8699360430268,-0.2797564246985955
