objID,ra,dec
107443507305601355,350.7306071349774,-0.46591970702951196
