objID,ra,dec
110543503616208732,350.3616971981656,2.1236054428606423
