objID,ra,dec
96863501954960050,350.19547046282713,-9.283565626816921
