objID,ra,dec
106243504656242287,350.46565065636145,-1.4651415953753177
