objID,ra,dec
111673509271104394,350.9270491593217,3.0615678813770226
111673509267913949,350.92687567,3.06137761
