objID,ra,dec
108753500007012738,350.00073689692954,0.6268652553612407
