objID,ra,dec
105183502556198214,350.25563339,-2.34356287
105183502553128161,350.25541621,-2.34360832
