objID,ra,dec
113353502347920702,350.23477831,4.45855598
113353502346200969,350.2346500108516,4.458690880577565
