objID,ra,dec
108103508957504169,350.8959019559767,0.08636800881380716
