objID,ra,dec
109103508167234878,350.81681601,0.92045143
109103508170434949,350.8170666970112,0.9204178501290434
