objID,ra,dec
105713504097902783,350.4097657744605,-1.9064552568785542
