objID,ra,dec
105993507521882917,350.75208091844456,-1.673042080135838
105993507520392571,350.7520467904097,-1.6730510821274476
105993507519563117,350.75198548,-1.67279969
105993507516822679,350.75188623,-1.67312122
