objID,ra,dec
108703509878229377,350.9878117340729,0.590783486258257
