objID,ra,dec
110003500936205885,350.093620867459,1.6712462448407428
