objID,ra,dec
112803502644146434,350.26435304142245,4.004928011025107
112803502642726132,350.26429853,4.00475761
