objID,ra,dec
97483500322246620,350.0321820095526,-8.76144990266854
