objID,ra,dec
113333508745504969,350.8746387924906,4.445400022994825
