objID,ra,dec
96083505951765770,350.5951684878389,-9.928835900336384
