objID,ra,dec
107973501990608428,350.19908419214744,-0.018423343069409747
107973501990388011,350.19902049,-0.01872192
