objID,ra,dec
112793504838712656,350.48397962887265,3.993550300686934
