objID,ra,dec
107253507188538750,350.7188068413474,-0.6181380325649068
