objID,ra,dec
107713504985728576,350.49866848944697,-0.23493123948829273
