objID,ra,dec
103883508795162346,350.87952456854947,-3.431728567995828
