objID,ra,dec
113263508790877258,350.8791402537602,4.388881687115297
