objID,ra,dec
106603500686848974,350.0686302090854,-1.1595549224767823
106603500684368778,350.0686578652865,-1.1595578537027325
