objID,ra,dec
113643508361182715,350.83616656917593,4.701870569537626
