objID,ra,dec
109443505030000156,350.50315337349866,1.1997020046567528
