objID,ra,dec
113033501109758399,350.1110772352793,4.1983417897667445
