objID,ra,dec
109583507976869406,350.79790972897695,1.3240412005228528
