objID,ra,dec
109863507209545836,350.72101938302444,1.5544759297008095
