objID,ra,dec
104723506304952439,350.6305319049134,-2.731517426227421
