objID,ra,dec
113493504764162205,350.47643335100867,4.576441381841483
