objID,ra,dec
109373506240606446,350.6241013652061,1.1467509708676735
