objID,ra,dec
109973501302099090,350.13019058935953,1.6489221896002733
