objID,ra,dec
105273500455792255,350.04561695228045,-2.2734700634948153
