objID,ra,dec
107713509537357946,350.9538141288255,-0.23534589231514763
