objID,ra,dec
106043502166248472,350.2167030353153,-1.6266431069648812
