objID,ra,dec
97533509310763787,350.9311118538461,-8.722212191986886
