objID,ra,dec
113313505126976988,350.5127645457259,4.430477982153553
