objID,ra,dec
111233505523620963,350.55241858381095,2.692098263500223
