objID,ra,dec
106703509428296113,350.94279904504316,-1.0786152634079502
