objID,ra,dec
107513506763651267,350.6764036075579,-0.4077630900695562
