objID,ra,dec
109313505254746869,350.5253888796484,1.0970863603755867
