objID,ra,dec
104973501540795775,350.15402056693426,-2.520407702964087
104973501540496125,350.15403085508353,-2.5203767006023834
