objID,ra,dec
109753500059877420,350.00610424021215,1.4640901786858018
