objID,ra,dec
107723500354502816,350.03547195613316,-0.23141533291185246
