objID,ra,dec
109453502466349398,350.24666809,1.21588752
109453502466349809,350.2466441335623,1.2161051281770539
