objID,ra,dec
112883506389766616,350.6389908575821,4.071818913446113
