objID,ra,dec
107203505449964238,350.54497396,-0.66356559
