objID,ra,dec
111333504692694592,350.46932757469483,2.7785269535146755
