objID,ra,dec
108003509282789571,350.92829346517726,0.007642382789579005
