objID,ra,dec
109153505966732006,350.59670932483453,0.9595968983264683
