objID,ra,dec
111343509140020150,350.91408235846217,2.7831150353484664
