objID,ra,dec
107033500850245168,350.085059733983,-0.8044689006807743
