objID,ra,dec
105273501669254527,350.16700507388776,-2.2715845602197122
105273501669144863,350.16693293,-2.27149238
