objID,ra,dec
108313500547186273,350.05471819,0.26323532
