objID,ra,dec
95593503159592675,350.31601442171683,-10.33968020664001
95593503158973041,350.31600417,-10.33962541
