objID,ra,dec
105923504692636594,350.4694001095597,-1.7282044111421813
