objID,ra,dec
106503507519562532,350.75198282616645,-1.2481830556353692
