objID,ra,dec
108513507583654016,350.7583955819492,0.42800272407280066
