objID,ra,dec
109273501087047160,350.10872633281224,1.0639137948758708
