objID,ra,dec
104793507102984467,350.7103287788761,-2.671623503419036
