objID,ra,dec
107313501489272079,350.1489915183138,-0.5736974723317606
