objID,ra,dec
111013507458190083,350.74581577011594,2.508073963092636
