objID,ra,dec
105473501721117368,350.1721181630564,-2.1025556343176173
