objID,ra,dec
97753502608242255,350.26069476084314,-8.540282739743594
97753502605582057,350.26066819998243,-8.540295833572683
