objID,ra,dec
106593500596945510,350.0597481099692,-1.1707871177407583
