objID,ra,dec
108063500478533331,350.0478567792204,0.052391945581844665
