objID,ra,dec
104713507240079229,350.7239907942177,-2.734329618324168
