objID,ra,dec
108973500275058204,350.02737894962115,0.8148329468133013
