objID,ra,dec
113153500207000219,350.02069797882876,4.2914564975581
