objID,ra,dec
110213502443527041,350.2444073381538,1.8471436635924567
