objID,ra,dec
107963503970366999,350.39706831,-0.02789328
107963503968617356,350.39684026268446,-0.02767709771130121
