objID,ra,dec
111373502504644177,350.2504561378965,2.811397505393225
