objID,ra,dec
106993508494976059,350.84947556454745,-0.837027848074809
