objID,ra,dec
111443504414226897,350.44155581,2.87209332
111443504416387273,350.44167665440915,2.8723441531103657
