objID,ra,dec
110693500159288515,350.0159523811622,2.2483905911186133
