objID,ra,dec
105703504537014387,350.45375129993914,-1.9133845489543435
