objID,ra,dec
106083509202317061,350.9202922288565,-1.5944958816674444
