objID,ra,dec
105623500584459307,350.05850685,-1.97605694
