objID,ra,dec
109713502028961537,350.2029627303934,1.4259375549750721
