objID,ra,dec
107823502885530768,350.2887614817243,-0.14969970846305053
107823502888880861,350.2888252206914,-0.14971302577521498
