objID,ra,dec
111763509981900040,350.9982362368585,3.132977456431663
