objID,ra,dec
107203502988448139,350.2988880632434,-0.6602159765792049
