objID,ra,dec
96063501979621063,350.19777238,-9.94951346
96063501974470797,350.1976198659266,-9.94957838052673
