objID,ra,dec
109003502597547080,350.2598040845744,0.8389146011414329
