objID,ra,dec
107173505067875452,350.506773653105,-0.687636989856234
107173505067015116,350.50673756605215,-0.6877041358089202
