objID,ra,dec
110873505474800151,350.54742492,2.39142658
110873505473120455,350.54735558250104,2.391653080480182
