objID,ra,dec
104033509988032511,350.99873180634995,-3.3066770665621457
