objID,ra,dec
108333503175484082,350.3175976569324,0.2781410606138333
