objID,ra,dec
107673508098912078,350.8099355727602,-0.27360521204991844
107673508095742257,350.8097441225725,-0.2735016604099556
