objID,ra,dec
113113504292686826,350.4292532627743,4.263678569912315
