objID,ra,dec
111063503450498615,350.3451174119219,2.556784269942729
111063503453418544,350.34522991643684,2.5567340194650368
