objID,ra,dec
110183507701928910,350.77021783666976,1.823714443285632
110183507702779278,350.77035422,1.82376151
