objID,ra,dec
97013501888804456,350.1888891803999,-9.154962425551037
