objID,ra,dec
106483506348824668,350.63491117,-1.2631418
106483506348465067,350.6350027708427,-1.2628702951839774
