objID,ra,dec
105353508537063424,350.8538079675544,-2.205750214754839
