objID,ra,dec
107413506211088892,350.6211924,-0.48465061
