objID,ra,dec
111463505589414900,350.55899210120623,2.8870034546279553
