objID,ra,dec
96483500834190885,350.0832558702867,-9.59968860652825
96483500831340906,350.0832585757231,-9.599687397618082
