objID,ra,dec
109973502658577731,350.2659010194262,1.6476034549312748
