objID,ra,dec
105153504187194108,350.4187714324775,-2.3718211056652203
105153504186504440,350.4187845864626,-2.3718037401605083
