objID,ra,dec
108113505273710338,350.52734951,0.09155314
