objID,ra,dec
107263502859120973,350.28573654495966,-0.6162308414134942
