objID,ra,dec
112633505800318342,350.5800535352722,3.86488219045655
