objID,ra,dec
108413503076011928,350.3075221779517,0.3429581251655141
