objID,ra,dec
109963502088983065,350.20880499187564,1.6355281852584205
