objID,ra,dec
107033508224998488,350.8225391260614,-0.801696137463531
