objID,ra,dec
107183509244434283,350.9243525814931,-0.6802268842226358
