objID,ra,dec
111903500427043325,350.0427513916171,3.2523736868991273
