objID,ra,dec
104903500128665050,350.01285943,-2.57947347
104903500126835368,350.01280218868,-2.579283180405401
