objID,ra,dec
108793507328402525,350.73299358,0.65998928
108793507327862194,350.73283947,0.6597901
