objID,ra,dec
112113502610411715,350.26089953934564,3.4261002820145454
112113502606491785,350.2606577,3.42607293
