objID,ra,dec
110013505641690966,350.56429930513605,1.6755593325810323
