objID,ra,dec
107123509012437215,350.9012918137162,-0.7277432063429147
