objID,ra,dec
109713500930532623,350.09293667376727,1.4268741008128751
109713500928292967,350.09284715,1.42694356
