objID,ra,dec
107793505292158549,350.52923307,-0.16830655
