objID,ra,dec
110033504089966347,350.4090616103173,1.6965327482326442
