objID,ra,dec
110503500902023138,350.09030820732033,2.0856332264738757
110503500904702869,350.09043622,2.08544529
