objID,ra,dec
105693505604694933,350.56053402803934,-1.9212408593464734
