objID,ra,dec
107553509178381804,350.91787621610376,-0.37388072919288046
