objID,ra,dec
109213507406108554,350.74068043185196,1.015064115831628
