objID,ra,dec
106163505243172948,350.5243276781389,-1.5312453384664035
