objID,ra,dec
105943505427089645,350.54273918859235,-1.7090139771499355
