objID,ra,dec
110173500413136666,350.0413107708107,1.8135426691190852
