objID,ra,dec
111863506085998067,350.6086210861002,3.2229516162759877
