objID,ra,dec
106923507297788783,350.7297775094468,-0.8930320967178182
