objID,ra,dec
110993508608877630,350.8609887121741,2.497675718420025
