objID,ra,dec
107763507185441124,350.7186341682851,-0.19951728788766054
