objID,ra,dec
105883506796259710,350.6795908033192,-1.7590652477732485
