objID,ra,dec
112903502070984596,350.2071160216597,4.086734981480461
