objID,ra,dec
109723501172251228,350.1171712708714,1.4339523667169982
