objID,ra,dec
108873509312693048,350.93130507287157,0.7272269423885829
