objID,ra,dec
108593507897166683,350.7897368884136,0.4969234143200483
