objID,ra,dec
109903502642568742,350.2644066978422,1.590255051621408
