objID,ra,dec
106203501411357232,350.14124985803386,-1.4943679813265902
