objID,ra,dec
112173504017820435,350.40180677317215,3.474967960894413
