objID,ra,dec
107493504339928674,350.43387132565505,-0.4181549802437617
