objID,ra,dec
110183505491732093,350.5490585969314,1.8179821906088192
110183505490621773,350.54906138,1.81777595
