objID,ra,dec
109183507752685475,350.7753330425111,0.987525818496073
