objID,ra,dec
111493509312474249,350.9313570825365,2.9116548359470364
