objID,ra,dec
111643509267791018,350.9268319281872,3.033793209296338
111643509268771383,350.92685538,3.03397884
