objID,ra,dec
107523505662554437,350.5662868944398,-0.3966573067500185
