objID,ra,dec
107283508892363442,350.8892832859111,-0.597428078029919
