objID,ra,dec
107363502154240456,350.2154725844017,-0.5333668471769772
