objID,ra,dec
105103509755700332,350.97550389106465,-2.416729246627702
