objID,ra,dec
106543508219977843,350.82201943811026,-1.2105144160338297
106543508224147881,350.82211500509993,-1.2105108178397055
