objID,ra,dec
109443505433859173,350.5433955088485,1.2072744442164827
