objID,ra,dec
107553508697667443,350.86981965016014,-0.3691638932393287
107553508700827380,350.8700161,-0.36921873
