objID,ra,dec
106533506068547919,350.6069083418084,-1.2187523072953292
