objID,ra,dec
107143504136664768,350.41361630465315,-0.7131073665722293
107143504133724835,350.41342975,-0.71305504
