objID,ra,dec
112733501987239126,350.19877472975514,3.9487694448412745
