objID,ra,dec
107463506514728574,350.65167886808825,-0.4431305777957651
