objID,ra,dec
107963507063515306,350.70648711158606,-0.02924470315973757
