objID,ra,dec
112673500978256212,350.0978711368897,3.896442441564629
