objID,ra,dec
109123501678868978,350.1679465954843,0.9404332345725098
