objID,ra,dec
106743507618306049,350.76188164380426,-1.045320645258639
