objID,ra,dec
108563508331359323,350.8331308526101,0.474108811366441
