objID,ra,dec
104553509752453048,350.97523549614493,-2.872865082399139
