objID,ra,dec
109423500229540982,350.0230170680868,1.1836321615963954
