objID,ra,dec
111643502846680888,350.2846937316035,3.0336884344043424
