objID,ra,dec
108593507749948426,350.775007294126,0.49834987113967605
