objID,ra,dec
113523509556181599,350.9557160821035,4.600997245875413
