objID,ra,dec
113643502675098752,350.26755423529755,4.70689053538875
