objID,ra,dec
109123500844695653,350.08454816202305,0.9377245954119003
