objID,ra,dec
107283508857132315,350.8857309756252,-0.5984549784962665
