objID,ra,dec
108553505649146837,350.564880371573,0.4635256088171076
