objID,ra,dec
108873508847170114,350.88476661781823,0.7247424549718142
