objID,ra,dec
106143507054202191,350.70538938743783,-1.548463517902924
