objID,ra,dec
106433506822764735,350.68227767315517,-1.3047890262310387
