objID,ra,dec
104103502653392635,350.26537189855514,-3.2481430743818374
