objID,ra,dec
112093504715214586,350.4715860779563,3.4117911728452417
