objID,ra,dec
110683509512338038,350.95121169901637,2.239703959752386
