objID,ra,dec
107553506612642815,350.6612120236302,-0.3729908922042122
