objID,ra,dec
107813500939253931,350.09395249435863,-0.15550810647540914
