objID,ra,dec
106083504745730294,350.47460480647266,-1.6000520294664773
