objID,ra,dec
108143502644959576,350.264502919096,0.12424757622413539
