objID,ra,dec
107353500499354647,350.0498090745895,-0.5379714365784152
107353500495854994,350.04973846008306,-0.5379939912545489
