objID,ra,dec
107553501596503096,350.15972376,-0.37275306
