objID,ra,dec
95823519873350612,351.98730901317674,-10.149902986860452
