objID,ra,dec
110863510525325791,351.0525668592134,2.3878002163195746
