objID,ra,dec
113433516799468619,351.6798634560457,4.531877516735028
