objID,ra,dec
107943519899507411,351.9899590070286,-0.04424409854321553
