objID,ra,dec
110543515651230722,351.565100959047,2.116941484559068
