objID,ra,dec
108573515260566537,351.5261245763255,0.4802138865978759
108573515259246862,351.52602024,0.48028312
