objID,ra,dec
96063516174725948,351.61751049102605,-9.945360432924172
