objID,ra,dec
108123518618619308,351.86189191411074,0.10748461024338125
