objID,ra,dec
105123512168324935,351.2167805827419,-2.3962248906944055
