objID,ra,dec
107513518475717642,351.84762154315,-0.4023991200805891
