objID,ra,dec
111223513638642624,351.3639406626332,2.6851350202362343
