objID,ra,dec
113893512246887336,351.22479869265516,4.914056790338127
