objID,ra,dec
108533517403729537,351.74045547701246,0.44923309719604326
