objID,ra,dec
109143519347497790,351.9346254367514,0.9560978024112398
