objID,ra,dec
108873518044208863,351.8043949196511,0.7321129240221866
