objID,ra,dec
104713513634360544,351.3634652151946,-2.7416512063198293
104713513634200199,351.3634632684937,-2.741690951093387
