objID,ra,dec
109093515478371447,351.54780734410735,0.9092370775429692
