objID,ra,dec
110013512271678028,351.22722069674165,1.6812768656756256
