objID,ra,dec
110583518580637035,351.85808361,2.15545605
110583518583347166,351.8582916399648,2.1554946149330236
110583518585666723,351.85833571,2.15547606
