objID,ra,dec
105913518581342715,351.85815563688953,-1.7397628888660497
