objID,ra,dec
94893512787648084,351.2788493811829,-10.918580164624172
