objID,ra,dec
109483514385575210,351.43847756561155,1.237224121027944
