objID,ra,dec
110163514124735008,351.4124983316723,1.8037552279741433
