objID,ra,dec
106253514804931949,351.48043998,-1.45709289
