objID,ra,dec
108763511799672264,351.17995461,0.63486115
108763511797772657,351.1798530861666,0.6351122129767816
