objID,ra,dec
113483519739294743,351.973971607665,4.570270107419525
