objID,ra,dec
108163518028885708,351.80287675,0.13776733
