objID,ra,dec
111133510203932321,351.02042404275954,2.609889708469966
