objID,ra,dec
106653518277193413,351.82778308127683,-1.122507221533953
