objID,ra,dec
111433511736475039,351.1736753009426,2.86223686510187
