objID,ra,dec
113813518494139807,351.8494520918006,4.849450019214505
