objID,ra,dec
113123511932239881,351.19320107916457,4.2745526537527345
