objID,ra,dec
113513518546368998,351.8546608176212,4.598795681144183
