objID,ra,dec
106533517811474106,351.7811856969436,-1.2219517738203158
