objID,ra,dec
109083514452048773,351.4452863691755,0.9068643749317957
