objID,ra,dec
108963515057245972,351.50569477139936,0.8045946979802835
