objID,ra,dec
109343516272409813,351.62738021358786,1.1244423967954256
