objID,ra,dec
107593518228704821,351.82300494,-0.33801671
