objID,ra,dec
112933514595420964,351.4595466111049,4.108754437361832
