objID,ra,dec
107413516464187665,351.6464558794824,-0.4856243707165717
