objID,ra,dec
109713517746367089,351.7746399084027,1.4305179538908195
