objID,ra,dec
107723516971501957,351.6971884,-0.23200719
