objID,ra,dec
113093511515715550,351.1515602257423,4.245894888439619
