objID,ra,dec
95443514773708699,351.4773815513295,-10.459732608997676
