objID,ra,dec
104653510525686845,351.05262099201167,-2.7863362033237555
