objID,ra,dec
108513519120251046,351.91197288131235,0.42546018132759195
