objID,ra,dec
111483516728462561,351.67287672632665,2.901667254548618
