objID,ra,dec
106733513895265979,351.389528396178,-1.0536926472103711
