objID,ra,dec
107653514946182768,351.49458694357196,-0.289707324274881
