objID,ra,dec
110213515541033146,351.5542176510125,1.843919364528561
