objID,ra,dec
113873514599620952,351.46010949682903,4.89184262403998
113873514601550677,351.46011205779337,4.891827744669714
