objID,ra,dec
112793515450119696,351.54502873317705,3.9993008410688184
