objID,ra,dec
109513511129280307,351.112883827721,1.2581951564313631
