objID,ra,dec
112953513623507045,351.3623757200486,4.130586453321811
