objID,ra,dec
104963516524991090,351.652553360051,-2.532640144623191
