objID,ra,dec
109833516221313253,351.62214596656565,1.5273153776261468
