objID,ra,dec
110913511060814494,351.1061201513328,2.4283939049822596
