objID,ra,dec
111133518962190619,351.896258124738,2.608564387627974
