objID,ra,dec
107783517830242864,351.7830161605246,-0.1812744651162039
