objID,ra,dec
112253514089288445,351.4089364780772,3.5483505883744546
