objID,ra,dec
106833510947874757,351.0947798807542,-0.971415904805938
