objID,ra,dec
106573512187171144,351.2187785,-1.19081966
106573512187841469,351.2188097954897,-1.1907516199627801
