objID,ra,dec
111363516368182448,351.63685996894486,2.8014923085879357
111363516368422042,351.6368738044919,2.801437450975838
