objID,ra,dec
108403515890510794,351.5890769388943,0.33360270316308516
