objID,ra,dec
106793518481236220,351.8481628474984,-1.0035675361504666
