objID,ra,dec
105293513994301307,351.3994735171922,-2.257583005076191
