objID,ra,dec
105963518225464741,351.8225595950384,-1.6964257726960914
