objID,ra,dec
111213515977495617,351.5978346612362,2.679296971889052
