objID,ra,dec
108133515561147990,351.5561165672829,0.11459121492501904
