objID,ra,dec
107363514932276479,351.49319910568687,-0.5282484541920338
