objID,ra,dec
109033512521071545,351.2520940826494,0.8592627191644047
