objID,ra,dec
109213515026139852,351.5024779685201,1.0162760692711306
