objID,ra,dec
96023514796211843,351.4796542748308,-9.982175424965869
96023514792281692,351.47936833573567,-9.982235874590135
