objID,ra,dec
105093517114711909,351.71159218668447,-2.4236706723898034
