objID,ra,dec
113433518438086979,351.8438834071002,4.530414347530746
