objID,ra,dec
107023513435165452,351.34349212355596,-0.8125674256539107
