objID,ra,dec
111423512845140070,351.28466459012105,2.849680427859722
