objID,ra,dec
103893511281472798,351.12812592125795,-3.4230988708803753
