objID,ra,dec
106383513744209389,351.3743601893834,-1.3425078876347454
