objID,ra,dec
104133510946751329,351.0947014334608,-3.2242510595182545
