objID,ra,dec
112523519271214239,351.92712811,3.76984317
112523519269064474,351.92700978162657,3.7700407921176975
