objID,ra,dec
107743511587992408,351.15882038996466,-0.21504771029815245
