objID,ra,dec
108853515641407298,351.56418487,0.71404098
