objID,ra,dec
107393516990639535,351.69918197,-0.50066643
