objID,ra,dec
96403514333833549,351.4334151777365,-9.664074496100195
