objID,ra,dec
108493517815087862,351.78163362086786,0.41455112308674535
