objID,ra,dec
105823519757896561,351.97577270099583,-1.8114831988398372
