objID,ra,dec
108353512306220608,351.230567737322,0.29176411652283235
