objID,ra,dec
109563511668864859,351.1669441672446,1.3037834684923175
109563511669515301,351.16694451,1.30396824
109563511671365035,351.1670071363615,1.30382948722195
