objID,ra,dec
96253511262707134,351.1262572595221,-9.786042365908324
