objID,ra,dec
109033512672528292,351.26725222,0.86487637
