objID,ra,dec
109783513102850006,351.3103192055554,1.4829488015832837
