objID,ra,dec
96543519253028491,351.9253223692039,-9.543243740582625
