objID,ra,dec
97303513500398618,351.35000207916335,-8.909827051757608
