objID,ra,dec
110323515414213120,351.5414924951249,1.9355186613171258
