objID,ra,dec
113123516101477248,351.61017524,4.27226799
113123516099647543,351.61000816039325,4.272609353990588
