objID,ra,dec
106963512510163052,351.25101705584655,-0.8645201012715686
