objID,ra,dec
109113515344459257,351.5345083760408,0.9323559827027649
