objID,ra,dec
103873516655351305,351.6655663858966,-3.4409838182056394
