objID,ra,dec
110293518966178916,351.8966763389207,1.915445407042118
