objID,ra,dec
104723514654255281,351.4654401222463,-2.729251628258076
