objID,ra,dec
108243510252978984,351.02531139,0.20706613
