objID,ra,dec
108583514915211319,351.4914964167664,0.4840244987541071
