objID,ra,dec
105383515520103609,351.5520919056272,-2.1806607486229987
