objID,ra,dec
109233518025649549,351.80251232775504,1.0325591062806438
