objID,ra,dec
108293514456023598,351.44568494687945,0.2442204880119736
