objID,ra,dec
112173517323377799,351.73232046180556,3.4811513876698617
