objID,ra,dec
109223510553819988,351.0553947169501,1.0246089836944194
