objID,ra,dec
109063516049104062,351.60488025026604,0.8863369302370339
