objID,ra,dec
107023511183038835,351.11829700070473,-0.8096538954263438
