objID,ra,dec
107053519485066966,351.948532346789,-0.7862253082537322
