objID,ra,dec
111573513666867614,351.366681828291,2.9810614974743874
