objID,ra,dec
109003516839814590,351.68394436455185,0.8365941643472882
109003516836494897,351.6836897,0.83675115
