objID,ra,dec
107823514847687658,351.4848670837168,-0.14380249371977882
