objID,ra,dec
109163512083481144,351.20834983078413,0.9672669199849777
