objID,ra,dec
104523519657791646,351.96581735626546,-2.8989633598088966
