objID,ra,dec
105123514101753258,351.4101900066235,-2.3975818875882426
