objID,ra,dec
106823513904421527,351.39045109974757,-0.9823677457652574
