objID,ra,dec
113703518282643847,351.8282984553016,4.7528044235421945
