objID,ra,dec
104973516590810784,351.6591564989816,-2.5247341185034906
