objID,ra,dec
108133515877095207,351.5876581060727,0.11234282501634045
