objID,ra,dec
96883519912375234,351.99122743415603,-9.262639802367948
