objID,ra,dec
105163514442292436,351.4443703938656,-2.3649443563170367
