objID,ra,dec
110753511813904373,351.1813991829746,2.2949686325836534
