objID,ra,dec
107683517049415273,351.7049962223917,-0.2626004085433531
