objID,ra,dec
111973519554130369,351.95540198217844,3.3082486167471337
