objID,ra,dec
95093510991470329,351.09918048806696,-10.758405817121659
