objID,ra,dec
107463514323279188,351.4323004134318,-0.4427215003113635
