objID,ra,dec
104353510474257849,351.04746182324675,-3.0355317098836263
