objID,ra,dec
97103515906841610,351.5906535437932,-9.082340378814301
