objID,ra,dec
108973510084269042,351.00845583,0.8155612
108973510084659348,351.00846911028344,0.8157859521806535
