objID,ra,dec
109533518215750471,351.82164472971056,1.2750200136294478
