objID,ra,dec
109543515192519236,351.5192325100535,1.2906825974433305
