objID,ra,dec
110943515662937061,351.5663800015686,2.45550656599138
