objID,ra,dec
107953510215542031,351.02161095485025,-0.04036681347364731
