objID,ra,dec
105493510026213980,351.0026571468955,-2.0886952185970755
