objID,ra,dec
113993518788346683,351.878869900239,4.996840177833644
