objID,ra,dec
112923515511185190,351.5511689115297,4.103939349659184
