objID,ra,dec
107583515623581387,351.56227368667606,-0.3493309108971676
