objID,ra,dec
107193518848263743,351.8848516622681,-0.6722816899899264
