objID,ra,dec
109163514141377428,351.4141037040681,0.9725065973349472
