objID,ra,dec
105973513440528259,351.34399222706537,-1.6850873661654742
