objID,ra,dec
104163514610803716,351.4609716627974,-3.1972153046485916
