objID,ra,dec
108673517217069909,351.7217930568113,0.5662555598943081
