objID,ra,dec
108633512471404623,351.2472053351583,0.5283311343623819
108633512470754250,351.24710446,0.52816174
