objID,ra,dec
107483519444383557,351.9445207066148,-0.43071806913458727
