objID,ra,dec
107603519159105840,351.9159762150044,-0.32879485443968487
