objID,ra,dec
107853519564968978,351.95646525452463,-0.1180148042244555
