objID,ra,dec
110293510696992426,351.0696736892448,1.9099169805023066
