objID,ra,dec
104793516123682006,351.6123934167311,-2.6736742855880093
