objID,ra,dec
113953515228773970,351.52298724259714,4.961378659630013
