objID,ra,dec
107963516584511646,351.6585817957261,-0.03222807121709473
