objID,ra,dec
109443515841346763,351.5841251458169,1.2052660172238527
