objID,ra,dec
107423513733841702,351.3732322624105,-0.48218505388651967
