objID,ra,dec
107603513399118093,351.33996103346004,-0.32696759329661257
