objID,ra,dec
110633513388875340,351.3389089511258,2.195720653491966
