objID,ra,dec
105353517674438325,351.7674895699633,-2.20157706768498
