objID,ra,dec
107103516512296451,351.6512478404841,-0.7449845702124996
