objID,ra,dec
113513519114275026,351.9115518496824,4.595499340735655
