objID,ra,dec
111673512754010576,351.2754236561683,3.058441757837355
