objID,ra,dec
109083513211779956,351.32116603,0.90802866
109093513209140183,351.32092598352074,0.9079476257591654
