objID,ra,dec
111303516587527589,351.6587957106514,2.755925547704017
