objID,ra,dec
103813516870294187,351.6870473144463,-3.488464137951895
