objID,ra,dec
111323512032171651,351.2033486549368,2.76768296950736
