objID,ra,dec
113753513602663587,351.3603002274002,4.794286035739968
