objID,ra,dec
96733518116796031,351.81168129652025,-9.386984297314159
