objID,ra,dec
107593512920064703,351.2920055213577,-0.33805907095040477
