objID,ra,dec
108843514526817009,351.452671684798,0.7055281190229303
