objID,ra,dec
108853517631759305,351.76324194887405,0.7157876717634648
