objID,ra,dec
111143516007008102,351.6007520368119,2.623068937480543
