objID,ra,dec
111053514295727998,351.42961215314955,2.5478550059108067
111053514296717611,351.42964459,2.54782871
