objID,ra,dec
106293514987492387,351.4987967001265,-1.423450566514845
