objID,ra,dec
113583513691523697,351.3692265102662,4.652672329881051
