objID,ra,dec
106993512777753901,351.27779705088,-0.8387733839905551
