objID,ra,dec
106333515892439697,351.5892355411008,-1.38391719430112
