objID,ra,dec
104653516902062527,351.69000850192003,-2.7899654935465352
104653516899022183,351.68989677,-2.79019305
104653516898722599,351.68998727071664,-2.7899729022702155
