objID,ra,dec
104573516175732568,351.61759431624955,-2.856561194747358
