objID,ra,dec
109073513986581398,351.3985992264684,0.8924819017607726
