objID,ra,dec
109223517478391522,351.74775437617353,1.0175773800801704
