objID,ra,dec
105203517339207113,351.73399000119394,-2.3275773213040556
