objID,ra,dec
107483512335268913,351.23354975042434,-0.4263210496945549
