objID,ra,dec
108683510864056716,351.08643440736654,0.5718994061975947
