objID,ra,dec
95533517257391595,351.7257617154809,-10.390691044866458
