objID,ra,dec
111373517050749627,351.7050244848488,2.8159988583141984
