objID,ra,dec
113713519923293335,351.99236635056445,4.760715215947987
