objID,ra,dec
109363516803461413,351.6803537685504,1.1342196467318413
