objID,ra,dec
94903519283272402,351.92832718417645,-10.914991689394284
