objID,ra,dec
107503517992958184,351.79934480676195,-0.41024955885372333
