objID,ra,dec
107493517644256670,351.76447220489035,-0.41968902213445297
