objID,ra,dec
113283516357462402,351.6357665888294,4.401584775357736
