objID,ra,dec
112943515410651448,351.54110080153225,4.117445976481674
