objID,ra,dec
96053518179162688,351.81792374693015,-9.956430617665626
