objID,ra,dec
110613517801792426,351.78013948094406,2.176571225219675
