objID,ra,dec
105733513821319239,351.3821426318191,-1.884432092035868
