objID,ra,dec
113183513520382816,351.35203074113906,4.318538493197042
