objID,ra,dec
111643517308879282,351.7308384091165,3.040527463914701
111643517309378882,351.73084644872915,3.0404879278435484
