objID,ra,dec
104613516104030033,351.6104649548083,-2.825413352055882
