objID,ra,dec
96433510413787379,351.0414016926279,-9.635871986294765
