objID,ra,dec
107793511772594056,351.17733194536663,-0.1719737947412748
