objID,ra,dec
109903517782588376,351.77827556,1.58993457
109903517779878642,351.7780838910568,1.5900537829658656
