objID,ra,dec
109103519676230581,351.9676395947391,0.9167941949523747
