objID,ra,dec
106753512331839675,351.23313813111906,-1.034000417892199
