objID,ra,dec
111713516754291838,351.6755593267762,3.0928164162201095
