objID,ra,dec
106773511756787949,351.1758093323993,-1.0187722666095544
