objID,ra,dec
109043518817048845,351.881728128338,0.8736768542123823
