objID,ra,dec
107523517774820387,351.7775262719272,-0.40000065196878754
