objID,ra,dec
107063516463938365,351.64637326156003,-0.7766279264754355
