objID,ra,dec
108733512106216466,351.21064061521406,0.6133422640622717
