objID,ra,dec
108393511331252626,351.1331762534425,0.3268097753729689
