objID,ra,dec
110303519240040151,351.92395649130145,1.9165488662164385
110303519239960488,351.9239751405257,1.9165860943373012
