objID,ra,dec
105803518852415759,351.8851637705582,-1.828752097288471
