objID,ra,dec
107113516849568324,351.6849896945159,-0.7350833378941496
107113516852718315,351.68506049,-0.73501835
