objID,ra,dec
108273510360960326,351.036237870424,0.2249632839556103
