objID,ra,dec
105473517312058623,351.73123991231944,-2.101374337401675
