objID,ra,dec
112533518345497659,351.83458331093357,3.7809511144413994
