objID,ra,dec
113083517854179057,351.7853716070081,4.240454472721842
