objID,ra,dec
107423516474064807,351.6475799979619,-0.4796797091817163
107423516477484826,351.6476683706302,-0.4797034610909928
