objID,ra,dec
108683517900499776,351.7901104158375,0.5744796767385352
