objID,ra,dec
113223519385179865,351.938671578617,4.357771179368731
