objID,ra,dec
105963516769884684,351.6769762544073,-1.6963120473572786
