objID,ra,dec
106363517607989558,351.7608550940169,-1.3590258523241618
