objID,ra,dec
105093517380223479,351.7380456980033,-2.4224129410168835
