objID,ra,dec
108653514695574027,351.469486193622,0.5446291408469471
