objID,ra,dec
103993517778990884,351.77794962246975,-3.3413002578649182
