objID,ra,dec
107573517885576436,351.78863037727996,-0.3532252992157249
