objID,ra,dec
106793516771425465,351.6771752580559,-1.0041141395173028
106793516774385442,351.67735708,-1.00408382
