objID,ra,dec
108483515572929693,351.5572903525368,0.4076696023988464
