objID,ra,dec
110773514035642197,351.40355939,2.30975942
110773514036691876,351.4036435198062,2.309523998750801
