objID,ra,dec
106333517088005470,351.70884918667286,-1.3875197556319876
