objID,ra,dec
110713510104816865,351.01046049293296,2.2637125726338465
