objID,ra,dec
111023510237195308,351.02379727180517,2.5207256565556455
111023510237384971,351.0237706202994,2.520598294069114
