objID,ra,dec
108543519564799906,351.95653385328797,0.4578866892810161
