objID,ra,dec
109553514197648225,351.4199131599798,1.2980376857661284
