objID,ra,dec
104093517855899531,351.78563066010264,-3.25068925609129
