objID,ra,dec
103983514911751303,351.49112926759966,-3.3492496005755945
