objID,ra,dec
111973519448978921,351.944932259263,3.3154051718420843
