objID,ra,dec
106673516194629269,351.6194535957448,-1.1009320653650427
