objID,ra,dec
97063516846225278,351.6845917135552,-9.11262137649866
