objID,ra,dec
111693515887507158,351.5887634739866,3.080573753026543
