objID,ra,dec
96793516941733043,351.69416163169655,-9.339419714185228
