objID,ra,dec
107783511965254157,351.19660466137583,-0.1802489566545015
