objID,ra,dec
106723511094851622,351.10942885542204,-1.0656906351823365
