objID,ra,dec
108223519531449607,351.9532273766004,0.19092493606488442
