objID,ra,dec
109333514159412639,351.41594958281746,1.1102447688407961
