objID,ra,dec
110323511504171976,351.15043495966967,1.9345997570969604
