objID,ra,dec
106353510051616607,351.0050827214203,-1.369846486157513
