objID,ra,dec
112373516918234028,351.6918203061905,3.6446461173143136
