objID,ra,dec
107603516844296699,351.6844312298294,-0.32820594669211
