objID,ra,dec
105683513418600952,351.34191865030954,-1.932888260443825
