objID,ra,dec
107643517045191623,351.7046138906812,-0.29891351863302845
