objID,ra,dec
107203512623990081,351.26242978,-0.66695589
