objID,ra,dec
104063511027799430,351.1027880663124,-3.275855845095783
