objID,ra,dec
110463513603065098,351.36031874,2.05374541
110463513603274666,351.36030718975576,2.053500861575615
