objID,ra,dec
113923515914734886,351.59146412328954,4.936951995502637
