objID,ra,dec
106013516742447762,351.67425555438484,-1.6521831008831458
