objID,ra,dec
108843519594432391,351.95947256500483,0.7016011551596977
