objID,ra,dec
106773517247948285,351.72490155121955,-1.0185148417397933
