objID,ra,dec
104753514198452388,351.4198528366888,-2.706665176997585
