objID,ra,dec
107003518264555829,351.82652911488003,-0.8287783856568582
107003518266926152,351.82655569350237,-0.8287543288493233
