objID,ra,dec
110323518360997481,351.83608989722273,1.9391514972519173
