objID,ra,dec
110763511377534204,351.1377779170225,2.3031447954079374
