objID,ra,dec
108573517693452213,351.7693836675938,0.47648385161507406
