objID,ra,dec
111333510446411756,351.044716265738,2.776143524043714
