objID,ra,dec
111503516856213831,351.68566569829454,2.919475536478802
