objID,ra,dec
97213515118216597,351.51175713457326,-8.986527132021916
