objID,ra,dec
103923510023422648,351.00237970428384,-3.3982592841988066
