objID,ra,dec
109433513658766398,351.3658520044736,1.196677215820082
