objID,ra,dec
107573515638763866,351.56387965174633,-0.3556088053870411
