objID,ra,dec
106173512019779083,351.2019818600291,-1.517860190632222
