objID,ra,dec
107013519392681808,351.9393713816236,-0.8239408582413359
