objID,ra,dec
113643519525924248,351.95264318749395,4.703142847691214
