objID,ra,dec
108003512575980189,351.2576756902306,-0.0003098439186699286
