objID,ra,dec
104153510541330512,351.0541609541519,-3.2084072296694712
