objID,ra,dec
108383510921104719,351.0921938591996,0.320257562253948
