objID,ra,dec
110203510617514982,351.06176298687075,1.8370827381120602
