objID,ra,dec
96903515761122662,351.57604843949434,-9.248091605936867
