objID,ra,dec
113423516463915894,351.6464404129527,4.521129327242975
