objID,ra,dec
95183516882943299,351.6882625499243,-10.680959183988003
