objID,ra,dec
107903514193779551,351.41932597,-0.07576201
