objID,ra,dec
112863514622006487,351.4622921984985,4.0548735242635345
