objID,ra,dec
111513514969372236,351.4969289770879,2.9264365030923254
