objID,ra,dec
109313517282500082,351.72826496073174,1.0913472487524596
