objID,ra,dec
106603518886102306,351.88868728,-1.16511138
106603518886282656,351.88870632,-1.16492041
106603518888812378,351.88887574900167,-1.1650827173913851
