objID,ra,dec
103843511403225381,351.1403363100236,-3.462555546408791
