objID,ra,dec
108983514015777962,351.40156224424817,0.8228034957846239
108983514013127779,351.40144085878694,0.8227017028532068
