objID,ra,dec
108613519817733376,351.9817963574791,0.5107686862594423
