objID,ra,dec
111743519379758544,351.9379479977045,3.1235407798984562
