objID,ra,dec
95853510360336173,351.0359772273014,-10.12005729281573
