objID,ra,dec
105393519758906651,351.9759580678673,-2.169735122348441
