objID,ra,dec
110173517284478310,351.72845110502396,1.8148813351118773
