objID,ra,dec
113223510949101427,351.0949528657206,4.350863213192615
113223510945881103,351.09487892,4.35074848
