objID,ra,dec
107163518854041040,351.8853283800391,-0.6996065404122646
107163518850951057,351.88522118151633,-0.699561454220798
