objID,ra,dec
111483514760815990,351.47616633846644,2.904499151279851
