objID,ra,dec
104503511903338457,351.190316318992,-2.9099762010600174
