objID,ra,dec
110033513910537800,351.3909438772204,1.6976259150118502
