objID,ra,dec
105463516336284678,351.63357658696367,-2.1131130891108345
