objID,ra,dec
111443515766248989,351.5766869519759,2.873795916339265
111443515768489195,351.57668366,2.87378737
