objID,ra,dec
104243510115504851,351.01143682855445,-3.129721398244164
104243510112794703,351.01140216205886,-3.1297111632377215
