objID,ra,dec
106193511653693114,351.165420345634,-1.5062819243629215
106193511651612754,351.16523443,-1.5063688
