objID,ra,dec
106713512251041981,351.2252584308129,-1.0736554382980557
