objID,ra,dec
112883513022657132,351.3022265027581,4.072305230917662
