objID,ra,dec
111713514335584224,351.43354548885145,3.0949007619666373
