objID,ra,dec
105833513236061921,351.32355622094025,-1.8071167203833867
