objID,ra,dec
104813510979111768,351.09800339289893,-2.657063908104814
104813510981782132,351.09809508,-2.65699691
