objID,ra,dec
109313519644145076,351.96438530425576,1.0955725896802524
