objID,ra,dec
110363510725198640,351.0725423995624,1.9734910018149123
