objID,ra,dec
112333516472175274,351.64729911688124,3.6123674574833804
