objID,ra,dec
106663515103075151,351.51033374025167,-1.1127507109686412
