objID,ra,dec
112693515090915518,351.5090591491571,3.9124972815437875
