objID,ra,dec
109163519105140120,351.91057980392713,0.966423937249648
