objID,ra,dec
95363516804438802,351.6804536026889,-10.526361053193035
