objID,ra,dec
105803518140599166,351.8141432014206,-1.8259633487162028
