objID,ra,dec
106393519961297721,351.9961290266395,-1.3356168253234775
