objID,ra,dec
104383518128185057,351.8128270581238,-3.0129299601314035
104383518130894983,351.81310556,-3.01292817
