objID,ra,dec
108873514058640106,351.4057346667325,0.7247402518227526
