objID,ra,dec
97593513699363780,351.36993034904054,-8.672204971725822
