objID,ra,dec
107663517325157091,351.7325785933426,-0.27771575045279356
