objID,ra,dec
109043519349822615,351.9350084531594,0.8685073087748327
