objID,ra,dec
109053518022889848,351.8024897009115,0.8829939295549248
