objID,ra,dec
96913518089796312,351.8089099,-9.23670617
96913518088456678,351.808824996941,-9.23644363999283
