objID,ra,dec
109303519194359740,351.9194663,1.09102804
109303519194799308,351.9194799,1.09072591
