objID,ra,dec
113773512751083443,351.27506902192306,4.8107390560780345
