objID,ra,dec
107473514201258719,351.4201678489691,-0.4347873389854882
