objID,ra,dec
112013519274528062,351.9274868553464,3.348007203426527
