objID,ra,dec
108453511923914486,351.1923910610243,0.3783968871069079
