objID,ra,dec
104763512561400780,351.25612914922095,-2.699598239498271
