objID,ra,dec
106843510013257699,351.0013086136938,-0.9605270821406066
