objID,ra,dec
107113511099063285,351.10989403700586,-0.7392634522151202
