objID,ra,dec
103983513608721776,351.3608840277927,-3.3488842234694687
