objID,ra,dec
105933511188104181,351.11883703567304,-1.7218855198880232
