objID,ra,dec
107203511753067333,351.1752906359577,-0.6609525444710336
