objID,ra,dec
95373517553424153,351.7553456816117,-10.521888488930301
