objID,ra,dec
96633529040735241,352.9041173069765,-9.471008074216753
