objID,ra,dec
109743527472724766,352.74713243411503,1.4536468710992696
