objID,ra,dec
106783525728749271,352.57287236874816,-1.0093115824762278
