objID,ra,dec
105053523322356408,352.3322532108801,-2.4533806128006397
