objID,ra,dec
113003521793825108,352.17939589658346,4.1705329092320795
