objID,ra,dec
106843520869649050,352.08707448,-0.95953771
106843520872109249,352.0872099703158,-0.9593467712398147
106843520872718887,352.08727423,-0.9596023
