objID,ra,dec
106263523149526795,352.31500344378435,-1.4447491948841664
106263523149286396,352.31501166854883,-1.4450134888103114
