objID,ra,dec
113363520474218356,352.0474190337294,4.4732245288610075
