objID,ra,dec
95433520955515034,352.09544081640036,-10.471160038626383
