objID,ra,dec
109943521151284844,352.1152322240488,1.6202649701123202
