objID,ra,dec
113473529980536714,352.9981075815993,4.5634921946378935
