objID,ra,dec
107653526120880953,352.61217708924545,-0.29125003469193966
