objID,ra,dec
96343524623955692,352.462402,-9.712172
96343524623846035,352.46238337683207,-9.71202282292728
