objID,ra,dec
105513524579260192,352.4578838118666,-2.0752050024514177
