objID,ra,dec
107013523303739249,352.33039215684266,-0.8177375452517436
