objID,ra,dec
113313527870207839,352.78703835830953,4.431130165669822
