objID,ra,dec
106053528350743629,352.83505131,-1.6223406
