objID,ra,dec
103903524409852107,352.44092898055004,-3.4153009940654324
103903524406612119,352.44073806341356,-3.41526086621198
