objID,ra,dec
105913522286929620,352.22879240940694,-1.7339972577412235
