objID,ra,dec
105893522546442190,352.25465995991635,-1.7568985452783041
