objID,ra,dec
113913525466223321,352.5467174768123,4.92743057933868
