objID,ra,dec
106083520285559935,352.02849519546857,-1.5920956361828036
