objID,ra,dec
108813525122631434,352.51228344,0.67583801
108813525123261831,352.51232465637884,0.676105919497559
