objID,ra,dec
110003522771552879,352.2771821188883,1.6686855330107284
