objID,ra,dec
111803520051733316,352.0052193635455,3.169058999771008
