objID,ra,dec
108193521927430100,352.1928567968626,0.15800336536442053
