objID,ra,dec
106393529049755467,352.90495965,-1.33748851
106393529052815635,352.90520353053546,-1.3373731745445578
