objID,ra,dec
114023526232542379,352.62325818085077,5.01830083300643
