objID,ra,dec
109973522377515760,352.23777131045006,1.6461170503732265
