objID,ra,dec
106893529875168082,352.98745203629295,-0.9186177133942437
