objID,ra,dec
111203526075741502,352.607652427931,2.667502212148267
