objID,ra,dec
109243529112920849,352.9113053291032,1.0336303401777978
