objID,ra,dec
113793524213965326,352.42131237038365,4.828940157380213
