objID,ra,dec
107983527225950669,352.7225837446401,-0.016502857500120285
