objID,ra,dec
108503526717814353,352.67181968205193,0.4198675726551413
