objID,ra,dec
108143525230218469,352.52291223611235,0.12328955967002717
