objID,ra,dec
105033524774509294,352.47743589100844,-2.467598906130521
