objID,ra,dec
113363521015721557,352.10170626,4.46740517
113363521018391186,352.1018987217175,4.467279086881644
