objID,ra,dec
109643527428934380,352.7429322828676,1.3699429651930481
