objID,ra,dec
111763520466295016,352.0466475456657,3.1370819724450536
