objID,ra,dec
108673528011026218,352.80115599477864,0.5630824471721613
