objID,ra,dec
106893526782240629,352.6781807148583,-0.9248246782252012
