objID,ra,dec
109163521830165653,352.1830769,0.97110474
109163521832975632,352.1833632918669,0.9709990370366632
