objID,ra,dec
107473525052794539,352.5052136026748,-0.4381964579998418
