objID,ra,dec
109993527196348286,352.7194258357397,1.6647284510005411
109993527195678504,352.71942261695494,1.6648470731929441
109993527191778034,352.7192877443252,1.664727871495853
