objID,ra,dec
104783527831890430,352.7831858748314,-2.68329033205555
