objID,ra,dec
109663527125686652,352.71261947094484,1.3884866125343645
