objID,ra,dec
109383523416407093,352.34167670196393,1.155503810483459
