objID,ra,dec
112133525596117546,352.5596000029099,3.4476861239942016
