objID,ra,dec
111363520658716679,352.0658312317648,2.805400862617689
111363520657877003,352.0658603747126,2.8054319421632057
