objID,ra,dec
109013529165263601,352.9164747066484,0.8442803702959785
