objID,ra,dec
112523526161364165,352.6161736620953,3.769758806236914
