objID,ra,dec
95173528191042776,352.81912358006844,-10.689714996705618
