objID,ra,dec
111693523967945454,352.39672819549844,3.079335067261263
