objID,ra,dec
111263520954676668,352.0954332950145,2.721739964545615
