objID,ra,dec
107963524621311131,352.4621439113581,-0.03284286496334572
