objID,ra,dec
106523520513652736,352.05137057835793,-1.2314854171545464
