objID,ra,dec
112573527089211744,352.7088001652697,3.8094023109781885
