objID,ra,dec
110883521571468075,352.15706503733134,2.406301586606126
