objID,ra,dec
113373528903715759,352.89040758331754,4.479454092322704
