objID,ra,dec
112733527434185581,352.7434369839672,3.9459606862574317
