objID,ra,dec
106893527526542221,352.7526002402861,-0.9235534240487748
