objID,ra,dec
112563525931565683,352.593196919654,3.804375435117003
