objID,ra,dec
104313522774264177,352.27747220460583,-3.0719059561539694
