objID,ra,dec
107453526581495997,352.6581373830644,-0.453785483622664
