objID,ra,dec
109313528585571572,352.8586186808008,1.0925769193674764
