objID,ra,dec
105453526228643212,352.62291110668605,-2.122700789495067
