objID,ra,dec
112843522011738126,352.20120273615413,4.039756515307962
112843522009568043,352.20095651,4.03966012
