objID,ra,dec
95173525541852811,352.55423181528903,-10.689690290896003
