objID,ra,dec
97193527210158566,352.72105040929154,-9.001552853770248
