objID,ra,dec
104573524094464852,352.4094525,-2.85469034
104573524092604585,352.40927120424243,-2.8549058245624597
