objID,ra,dec
107153525525782991,352.55255813302017,-0.7062516743083102
