objID,ra,dec
106123524756417401,352.4756645924985,-1.561002692417722
