objID,ra,dec
104123529707925210,352.97078692516254,-3.229373981329597
