objID,ra,dec
109983523342982880,352.33440325936135,1.6520968301104373
109983523342723214,352.3343631266323,1.6521560287934876
