objID,ra,dec
110063525991194658,352.59914761,1.72014993
