objID,ra,dec
109993527177288446,352.7177765053335,1.6650207810316155
