objID,ra,dec
106893523647296055,352.3647687330558,-0.9203586625557268
