objID,ra,dec
110133527728291828,352.77296748012594,1.7760388220980028
