objID,ra,dec
109383523270982781,352.32712445145677,1.151914635714112
