objID,ra,dec
109863528442778763,352.84428750643815,1.5569164865148093
