objID,ra,dec
97473525826168401,352.5826786088906,-8.76838546606805
