objID,ra,dec
107623522100173934,352.2100619621378,-0.31381378705161583
