objID,ra,dec
106953529262368348,352.92616748399826,-0.8684227733560435
