objID,ra,dec
104353524806810393,352.4806531657374,-3.041723539694231
