objID,ra,dec
109003525140336977,352.51414210432296,0.8388387491121921
