objID,ra,dec
103963524774991389,352.4775110980001,-3.365854870007362
