objID,ra,dec
106793522834767256,352.2835437319039,-1.0026623227972624
