objID,ra,dec
106333528804997412,352.8805350668243,-1.385864251106512
