objID,ra,dec
107753525343640428,352.5344112224397,-0.20842899447249022
