objID,ra,dec
107663524164952556,352.41650357,-0.2815706
