objID,ra,dec
106503524786628907,352.47860037477915,-1.2428121224399016
106503524786189271,352.4786213596154,-1.2427933507018574
