objID,ra,dec
106793528681783783,352.86823291668554,-1.0055527607030328
