objID,ra,dec
108063524693810094,352.46934510480037,0.0497211649076719
108053524691329915,352.469190827036,0.049613256089483644
