objID,ra,dec
109373522153567887,352.2154600341278,1.1477968674628765
