objID,ra,dec
107113522250717798,352.22513317822745,-0.7355352952003098
