objID,ra,dec
105933520489359092,352.04891816993256,-1.717769711036277
