objID,ra,dec
111063525041514418,352.50417453634196,2.553246393764752
111063525038904037,352.5040865,2.55319373
