objID,ra,dec
104333523068680948,352.3069073792641,-3.0579677741322135
