objID,ra,dec
112493525544720342,352.55458324388604,3.7415822914393795
