objID,ra,dec
106513527490224969,352.74894680504156,-1.2379880764147397
106513527490694628,352.74900379,-1.23808277
