objID,ra,dec
109233520247752032,352.02491201995053,1.0264019828653057
109233520250762093,352.0250442987301,1.0264130943671326
