objID,ra,dec
106333529647372945,352.9647232882486,-1.3896520495184257
