objID,ra,dec
106533524854074764,352.48550761636426,-1.2213824068809653
