objID,ra,dec
108643528239093106,352.8238343921354,0.5355253067092016
