objID,ra,dec
107623527649899235,352.76502775430106,-0.3093437529619628
