objID,ra,dec
107443523484148192,352.34843789032004,-0.4602228557048422
107443523485647876,352.34860778,-0.4603968
