objID,ra,dec
104573520099216445,352.00989396444305,-2.853389512647129
104573520096556238,352.00972025,-2.85349462
