objID,ra,dec
107563527666881932,352.7667114160618,-0.36547089683217804
