objID,ra,dec
111383526278920728,352.62787736,2.81686971
111383526279910370,352.62806014164414,2.8166747150578577
