objID,ra,dec
111233529191126926,352.9191330545876,2.6970549305941867
