objID,ra,dec
108403526081130575,352.6081190626007,0.33338432913087823
