objID,ra,dec
107743528322407004,352.83226001121204,-0.2112395082609309
