objID,ra,dec
108463526695696809,352.66968270951725,0.3886816503821399
