objID,ra,dec
96043524739888714,352.47400951189195,-9.959729166513151
