objID,ra,dec
109873524970578479,352.49712121680074,1.5648917622125136
