objID,ra,dec
110873522712990135,352.27115431933436,2.39141047067708
110873522710070126,352.27108832975125,2.3913889967914606
