objID,ra,dec
107183524140425541,352.4140242489207,-0.6791414823585368
107183524140595136,352.41399806,-0.67922028
