objID,ra,dec
105433527856045980,352.7858516699563,-2.1369560755222885
105433527858496150,352.7858606092775,-2.1369431076216983
