objID,ra,dec
109103528386964472,352.83870256145343,0.9200208075878299
