objID,ra,dec
109233521407779503,352.14085386949296,1.032704091660704
109233521409199870,352.14085067999997,1.0327548993068603
