objID,ra,dec
106783528146335677,352.81462396183105,-1.0123364038278573
