objID,ra,dec
111263529490371910,352.9490385196931,2.7178389824768887
