objID,ra,dec
104053527682533478,352.76817051422825,-3.2892115560663475
104053527680123137,352.7680347876731,-3.289270460411133
