objID,ra,dec
112033529179817401,352.9180295267313,3.364117182876667
