objID,ra,dec
96303520753248745,352.0753065752239,-9.74307605643524
