objID,ra,dec
111683521733380305,352.1733702823161,3.0665524178352386
