objID,ra,dec
109973525806838993,352.5806573652794,1.6488788315883816
