objID,ra,dec
109183523636048578,352.3636861938221,0.990014551342924
109183523637588898,352.36372398,0.99026235
