objID,ra,dec
108073529427306951,352.94277925214027,0.06375600658421364
