objID,ra,dec
109113521386284093,352.1386452346378,0.9280183137280064
