objID,ra,dec
112243521310339334,352.1310122787448,3.540648139534952
112243521307959123,352.13091368175634,3.5406104102511575
