objID,ra,dec
109123527103461037,352.7103243207897,0.9337529172506365
