objID,ra,dec
109583520725859705,352.07261964720055,1.3243750083186268
