objID,ra,dec
112333529352603626,352.935283086608,3.611015640350929
