objID,ra,dec
107973526925633848,352.69265082072707,-0.02208179038491094
