objID,ra,dec
105203526674438423,352.66745306091616,-2.3265593132278006
