objID,ra,dec
106353528776297814,352.87763701820734,-1.3688669629933765
