objID,ra,dec
107243529362971377,352.9362739839868,-0.6325578387069574
