objID,ra,dec
96523520577724009,352.0577795655745,-9.563684696343929
