objID,ra,dec
108013526479545150,352.6481311999955,0.012208735301868261
