objID,ra,dec
109263523193763016,352.3194272010333,1.0522151605502215
