objID,ra,dec
106403529194852171,352.9194561044374,-1.331925549446994
