objID,ra,dec
111343529822733180,352.98231878760237,2.785620446449593
