objID,ra,dec
113483522017018244,352.2017785648555,4.573157335551797
