objID,ra,dec
106723525232973465,352.52329363,-1.06413339
106723525230043599,352.52307270671554,-1.0640133268472332
