objID,ra,dec
107253522013800715,352.2015485478369,-0.62478199166465
