objID,ra,dec
107113528648010122,352.86474343805594,-0.741965872945355
