objID,ra,dec
109253525369352120,352.5370164879688,1.0429853035551844
