objID,ra,dec
103993527772202271,352.777253428839,-3.34010769406559
