objID,ra,dec
112553528209903011,352.82095667095234,3.7938686675208175
