objID,ra,dec
113513520830841680,352.0830029721849,4.592717637527651
