objID,ra,dec
108113522238792714,352.22392896854495,0.09355793225955295
