objID,ra,dec
112313520846709305,352.0847645380326,3.5990934984127194
