objID,ra,dec
111183522512213441,352.25118209493957,2.652410388426023
