objID,ra,dec
109313523176345735,352.31767844482965,1.095973650945794
