objID,ra,dec
105963523219254339,352.3219122195229,-1.6967779818919309
