objID,ra,dec
107023529279755338,352.9278939037401,-0.8125766850311091
