objID,ra,dec
109793528502459698,352.85027929858757,1.4993887313204524
