objID,ra,dec
105783529459601469,352.9459186896825,-1.8491190512159845
