objID,ra,dec
104583520574492387,352.05741477991756,-2.8484288262179396
104583520573641924,352.05736646,-2.8487249
