objID,ra,dec
110723528277158866,352.8278437529263,2.273663836746309
