objID,ra,dec
110313520751903020,352.0752220670304,1.9270880019860082
