objID,ra,dec
109313528691927168,352.86927230847175,1.0972784288956066
109313528692737528,352.86930354,1.09750986
