objID,ra,dec
108183521240633245,352.12412994,0.15235997
