objID,ra,dec
105803525364407339,352.5364579885963,-1.8275331107008703
