objID,ra,dec
108153524057435813,352.40571530450114,0.1294681314384523
