objID,ra,dec
105103523681168536,352.3680128310523,-2.4100131430233542
