objID,ra,dec
113313527865230672,352.7865161196196,4.4251810980335895
