objID,ra,dec
106473521833554495,352.183360197539,-1.2716178247090983
