objID,ra,dec
108273523628905285,352.36285252,0.22900738
108273523626625089,352.36262273108986,0.22880754853645266
