objID,ra,dec
105513521943330266,352.19436163768785,-2.07515924181883
