objID,ra,dec
108113528481702451,352.84822576,0.09330086
108113528483872177,352.84844757,0.09307308
