objID,ra,dec
107243524409851965,352.4410289349229,-0.6321033918852426
