objID,ra,dec
109133528802828302,352.880317670363,0.9481725793941846
