objID,ra,dec
111893521711662566,352.1710341966799,3.243373085342826
