objID,ra,dec
110473520886160464,352.08880270780867,2.0583378148051863
110473520889420557,352.08881655499215,2.058351582987373
