objID,ra,dec
104593523943631431,352.39436004417973,-2.8408908579532928
