objID,ra,dec
112063528534103202,352.85345263460914,3.385591094407016
