objID,ra,dec
106663522239460824,352.2239330123766,-1.1163704289424687
