objID,ra,dec
112043525614007789,352.5614817065263,3.37272562248307
