objID,ra,dec
114153529989991548,352.99895933283807,5.125896155695952
