objID,ra,dec
108463520958228705,352.09587090610097,0.39024250911403857
