objID,ra,dec
109163523877022338,352.3877040762454,0.9682490911386711
109163523875602659,352.38771416419746,0.9682515980923403
