objID,ra,dec
110893527926465202,352.792665183891,2.4122814971929127
