objID,ra,dec
107343528501594306,352.8501735875634,-0.5468330334790421
