objID,ra,dec
109613529205961017,352.92078546698224,1.3422956728130762
109613529208761393,352.92088743881834,1.342428679722877
