objID,ra,dec
106413525635465040,352.56359554931475,-1.3211988258069467
