objID,ra,dec
108923524061427459,352.4061842015638,0.7724842258939685
