objID,ra,dec
96163526857172052,352.68576441908937,-9.865298119847594
