objID,ra,dec
108193528695344973,352.8696341248866,0.16215357134894498
