objID,ra,dec
104003522290036866,352.22884688046776,-3.3279941111508147
