objID,ra,dec
106883520982948605,352.09835203436324,-0.9265117947778216
