objID,ra,dec
109053529605277401,352.96061455269665,0.8807637913671453
