objID,ra,dec
108843526302282457,352.6302740108909,0.7016647360955545
