objID,ra,dec
111793520360397798,352.03609762521745,3.1644411860239394
