objID,ra,dec
108313529400852678,352.9401116543764,0.260184008079278
