objID,ra,dec
105473528295134923,352.82945223056,-2.1046350811608567
105473528292374646,352.82926336,-2.10481019
