objID,ra,dec
108473522402560322,352.24043125395144,0.39155800875730556
