objID,ra,dec
110413523859693287,352.38596584798086,2.010656088993859
