objID,ra,dec
107713526958038995,352.6957572908013,-0.2345703331513471
