objID,ra,dec
96553523222714909,352.3222774486125,-9.537921856833913
