objID,ra,dec
112803525027201949,352.5027364597848,4.001237022959469
