objID,ra,dec
108713520161853628,352.016272692778,0.594199155698896
