objID,ra,dec
104923524907273726,352.4907032375361,-2.563854204532309
