objID,ra,dec
104133528690689405,352.8690726057386,-3.217511525125408
