objID,ra,dec
112473521273137551,352.12728109401195,3.730891044302158
