objID,ra,dec
108473524994203437,352.49939281,0.39404717
