objID,ra,dec
113933524157137361,352.41580020284107,4.947506258641
