objID,ra,dec
110613528960205001,352.8960385577899,2.178724211087543
