objID,ra,dec
105633524168776151,352.41686513860896,-1.9702288667807009
105633524166675943,352.41669831,-1.97022438
