objID,ra,dec
108963522403809084,352.24035567888984,0.8071241635403785
