objID,ra,dec
108313527982111492,352.79828103590563,0.2591446970268207
