objID,ra,dec
107183525149683195,352.5149717626434,-0.6810693692060619
