objID,ra,dec
104003520722060908,352.0723632469383,-3.3329151594710322
104003520724671080,352.0723826275179,-3.332885936592554
