objID,ra,dec
109243523988220114,352.39886562274467,1.0329413874806095
109233523986549804,352.39869361,1.03275442
