objID,ra,dec
106373520724611671,352.07248437228304,-1.3574184289779436
