objID,ra,dec
109403521912359870,352.1913021291333,1.174523235860141
