objID,ra,dec
94993524994094923,352.4994264832491,-10.837903595443848
