objID,ra,dec
104123526434130325,352.6432939363608,-3.2336299485407816
104123526431280059,352.643264357977,-3.2336130123747306
