objID,ra,dec
109473522675531870,352.2675987050886,1.2262310875460738
