objID,ra,dec
108713521365689704,352.13673514979956,0.5994143635814172
