objID,ra,dec
113063527010339715,352.70101989161805,4.224336082242711
