objID,ra,dec
105213522171613502,352.217200758517,-2.3222663295351516
