objID,ra,dec
97433528086442560,352.8086811363933,-8.806568534322711
