objID,ra,dec
108763521561329861,352.1560251676692,0.641109392572082
