objID,ra,dec
96343523038522365,352.30395884,-9.71500729
96343523041612541,352.3041545774445,-9.714900272383796
