objID,ra,dec
112273520418384869,352.0418515791647,3.5619655319278634
