objID,ra,dec
109863525252992136,352.5253154672345,1.5513973305365811
