objID,ra,dec
110213526737630825,352.6737797011373,1.841993571102291
