objID,ra,dec
105193523006492165,352.3006581073451,-2.3400322301772962
105193523006262564,352.3006473747537,-2.3400084084190924
