objID,ra,dec
108233521044605896,352.10453104804077,0.19610828446684342
