objID,ra,dec
108213526511568612,352.65124440152135,0.18181384648733057
