objID,ra,dec
107823522192557037,352.219364303137,-0.1445565794502308
