objID,ra,dec
109413521605790283,352.16062783180894,1.1747685566127142
