objID,ra,dec
109633524599028115,352.4599337598142,1.3647526304492978
