objID,ra,dec
110083523887495889,352.38877943234706,1.737830603403457
