objID,ra,dec
108633521377447053,352.13772731,0.53048032
