objID,ra,dec
108733528670998589,352.86710019565095,0.6151030587485331
