objID,ra,dec
109993529682994929,352.9683344933811,1.6620620326023778
