objID,ra,dec
108283527546427374,352.75486405443587,0.23906706289869167
