objID,ra,dec
109723526089908019,352.60908058115274,1.4396121944007192
