objID,ra,dec
107443522673462377,352.2673081832793,-0.46522216401920513
