objID,ra,dec
108363529335610815,352.9337072682384,0.3002811828272882
