objID,ra,dec
105803526142679033,352.6143061177654,-1.826132985760209
