objID,ra,dec
97073522102236599,352.21026842024463,-9.103167530064434
