objID,ra,dec
111023529181837018,352.91819770098147,2.5221927229689274
