objID,ra,dec
108643523985474657,352.39860802788365,0.536849025675424
