objID,ra,dec
108293520054350605,352.00547989732314,0.24176466401219326
