objID,ra,dec
96083525288410189,352.52886267744776,-9.933541243337046
