objID,ra,dec
107683520297292565,352.02979861,-0.26493335
