objID,ra,dec
109833523750913558,352.37527738397273,1.5276207201370877
