objID,ra,dec
105983524526874184,352.45263585057893,-1.6801879362810626
