objID,ra,dec
106593529405094333,352.940546426845,-1.171779324549767
