objID,ra,dec
108853525285528801,352.52875529,0.71533775
108853525288878683,352.5288405859003,0.7153468649556672
