objID,ra,dec
111233522479112518,352.24786193899405,2.6933776767002464
