objID,ra,dec
109043527501713525,352.7502002364452,0.8692169677453189
