objID,ra,dec
108293529926302906,352.9927238390443,0.24371512017373112
108293529929553027,352.99295876,0.24384529
