objID,ra,dec
113363523763373653,352.3763437112085,4.469315089619301
