objID,ra,dec
107783527195483341,352.71965626380666,-0.1808966270278301
