objID,ra,dec
109413525278205589,352.52791624,1.17930332
109413525279525884,352.5279443744797,1.1795296605100798
