objID,ra,dec
107573520160442784,352.0160890373544,-0.35640136620083296
