objID,ra,dec
105033528509434585,352.85084798255576,-2.4714508417573127
