objID,ra,dec
111553527075519638,352.70755762471595,2.966019621946546
