objID,ra,dec
105763521076303313,352.1076417975138,-1.8642644973931115
