objID,ra,dec
112763521361377618,352.1360483738515,3.9725039792131986
112763521359487617,352.1360146484058,3.972494326516423
112763521359277712,352.13592706,3.97271776
