objID,ra,dec
108883528770472072,352.8770597204166,0.7346658027047219
