objID,ra,dec
108073523589604456,352.35894688276915,0.06171551420896106
