objID,ra,dec
104063529345815929,352.9346138902428,-3.278698629975295
