objID,ra,dec
107483527341513583,352.73418029169653,-0.43065420378251157
