objID,ra,dec
106583528819548430,352.88195368169505,-1.176684612780043
