objID,ra,dec
108953524637166119,352.4637298298984,0.7964333379148235
