objID,ra,dec
105373525658340660,352.56587871540233,-2.191476231568919
