objID,ra,dec
107103525555090080,352.5554573029378,-0.7502593162360902
