objID,ra,dec
107603526588663900,352.65899454737405,-0.3302684141195832
107603526589524297,352.6590098718602,-0.3301945847896076
