objID,ra,dec
106883522174935182,352.2175137615419,-0.9294093200177405
