objID,ra,dec
108373524430719724,352.44293385261165,0.3160679555603552
108373524427799775,352.44291446677295,0.3160626241668179
