objID,ra,dec
106113521766208564,352.1766611376002,-1.5682928913099485
