objID,ra,dec
112163521936800887,352.1937111805013,3.4670477866685427
112163521933011036,352.19347686,3.46708686
