objID,ra,dec
105653520771781176,352.07708647,-1.95781372
