objID,ra,dec
110583527838094418,352.7838400624833,2.1532170335565888
