objID,ra,dec
109513526060846494,352.60606066672864,1.2633674938077248
