objID,ra,dec
97693527827752996,352.7827890627375,-8.589526185295679
