objID,ra,dec
105003522731467281,352.2731173755138,-2.4941896714157354
