objID,ra,dec
105213526068151027,352.60682112417766,-2.324559515287501
