objID,ra,dec
112083525051096756,352.5051865127632,3.405056050193933
112083525051266300,352.5050804668537,3.4048315961437376
