objID,ra,dec
95953520955805266,352.0955835227918,-10.037644561252666
