objID,ra,dec
105133525525584750,352.5525322304557,-2.388074977434227
