objID,ra,dec
106123526709516723,352.670965887873,-1.5614276099797213
