objID,ra,dec
105953524922259095,352.4921322261316,-1.7011457598393716
