objID,ra,dec
111463523862129230,352.38618710974043,2.8906759071221018
