objID,ra,dec
107563520161628241,352.01624538204436,-0.3601826613278842
