objID,ra,dec
109033524308113062,352.43092045788364,0.8604875647770258
