objID,ra,dec
111083522661811099,352.2661508497285,2.5672130977238004
