objID,ra,dec
107613528536835272,352.85364953523685,-0.3210306596339631
