objID,ra,dec
105893520407311899,352.0407405128898,-1.7570552680267133
