objID,ra,dec
106293526202585414,352.620257691563,-1.4208832958931261
