objID,ra,dec
109393522332581478,352.2333319599765,1.1591589093128225
