objID,ra,dec
108283529057594711,352.9058192993972,0.23693109638598306
