objID,ra,dec
108573524394043420,352.43947357215114,0.4774235886955958
