objID,ra,dec
104373523218442277,352.32174763653705,-3.0236046108542363
