objID,ra,dec
111353529255310056,352.9255760624482,2.7913949214711398
