objID,ra,dec
106523528923204472,352.8921770611469,-1.2299877924958953
106523528920174376,352.89196624111247,-1.230065408925591
106523528918734698,352.89193551932163,-1.2299625518134025
106523528915474223,352.8919237638993,-1.2300533820992696
