objID,ra,dec
107873523344074499,352.33447285703704,-0.10492416989492884
