objID,ra,dec
107083520750695491,352.075111223288,-0.7623509897700553
