objID,ra,dec
106833525923264341,352.5923222696509,-0.971748412037379
