objID,ra,dec
109533523809079692,352.380954666362,1.2825410715419252
109533523809649362,352.38095566813263,1.2825240916810012
