objID,ra,dec
104243521368540947,352.13689250236564,-3.1329404369456983
