objID,ra,dec
107393524890626809,352.4889723596142,-0.5030971427418625
