objID,ra,dec
108093526118878829,352.6119353573042,0.08197328243702248
