objID,ra,dec
109173527606371509,352.7605977761055,0.9759171103385716
