objID,ra,dec
107743527340888814,352.7341376034892,-0.20969484256537982
