objID,ra,dec
95773525146117588,352.51463079225334,-10.185693752535055
