objID,ra,dec
108813529393720006,352.93943182919503,0.6746185718428956
