objID,ra,dec
108083526586080427,352.6587125175591,0.06660256072002904
