objID,ra,dec
108543524339901918,352.43395313529794,0.4512828552767513
