objID,ra,dec
108293523581592320,352.3579662493054,0.24322602362732515
108293523578742340,352.3579359822866,0.24326572807136243
