objID,ra,dec
107293525635170139,352.5634958353795,-0.59193994002542
107293525633000369,352.5634791066971,-0.5919367491260461
