objID,ra,dec
109283520247149553,352.0248863263076,1.07435373599035
109283520249999669,352.02487959623903,1.0743701615958896
