objID,ra,dec
108463522106037347,352.21084817,0.38906276
108463522109327450,352.21095582907253,0.3891709050014195
