objID,ra,dec
108763525486390617,352.54870424267034,0.6334816215533922
