objID,ra,dec
106963522717937881,352.27188582661216,-0.8603812467257045
106963522718508209,352.27195452050773,-0.8602361562374586
