objID,ra,dec
110683522121942188,352.21228587555345,2.2347375555057236
