objID,ra,dec
107443524832187179,352.4832267791036,-0.4610624736032383
