objID,ra,dec
106083537712202308,353.77125533426357,-1.5983671662345578
