objID,ra,dec
106023530812448462,353.0811445909745,-1.6434059468498057
