objID,ra,dec
109083534986496302,353.4986838439622,0.9048021918410507
