objID,ra,dec
108133533497949082,353.3498190778062,0.11546018107812787
108133533495098944,353.34954054,0.11539635
