objID,ra,dec
104103537707668120,353.77083787096973,-3.2437019696203
