objID,ra,dec
97413538216547289,353.82166311145863,-8.81925627928622
