objID,ra,dec
112963535828632331,353.5828609532357,4.134938530786504
