objID,ra,dec
105203532946905702,353.29462286,-2.32887752
105203532943915903,353.2943537340102,-2.3288164317542996
