objID,ra,dec
108343533920675340,353.39220241,0.28743015
