objID,ra,dec
108023533115693638,353.3115594283474,0.0193230168585981
