objID,ra,dec
109093531046274077,353.104677594643,0.9113752093209633
