objID,ra,dec
106533533039093680,353.3039147170093,-1.2222924463615241
