objID,ra,dec
107693537958658606,353.7957899,-0.25152032
