objID,ra,dec
108133530792122519,353.07924525374494,0.11016371488289955
