objID,ra,dec
96283536160610094,353.6162102687701,-9.767127518528019
96273536158879715,353.6160460370527,-9.767235667841257
