objID,ra,dec
107903532714934461,353.27156719223325,-0.08003467396647684
