objID,ra,dec
111553533808475734,353.38084478371184,2.9627295574038377
