objID,ra,dec
106593534535943078,353.4536000752085,-1.1727644098443333
