objID,ra,dec
107603533458655847,353.3459447908286,-0.32885145427826
