objID,ra,dec
113033534231888263,353.42323968160713,4.1981462492137425
