objID,ra,dec
106953530708533997,353.0708691218519,-0.8721486531583865
