objID,ra,dec
105183539974997725,353.9975316915944,-2.343922180924503
