objID,ra,dec
111173534596074105,353.45963799596825,2.644663083434188
