objID,ra,dec
109753532850846323,353.2851199029853,1.4632276593683957
