objID,ra,dec
107233532275877328,353.2276314366927,-0.635940248979379
