objID,ra,dec
108223533709083479,353.3709593744243,0.18583921728630634
