objID,ra,dec
110223535377364576,353.5377780378488,1.8534147048044076
