objID,ra,dec
109223535935617856,353.5935730177234,1.0228388125532897
