objID,ra,dec
104333531653848900,353.16543120891464,-3.051261526267863
