objID,ra,dec
107423534699013112,353.46987931639404,-0.48124585022171884
