objID,ra,dec
106733538449123211,353.8449214740232,-1.0559789334546035
106733538452053172,353.84495264,-1.05606079
