objID,ra,dec
106333532376581382,353.2376554688146,-1.3908727407081682
