objID,ra,dec
112983531793828448,353.1794121318007,4.156669982072338
