objID,ra,dec
108453536242357731,353.624228421749,0.38111477937762755
