objID,ra,dec
109263538557732329,353.85581895554,1.051552964047544
