objID,ra,dec
112203537569898528,353.75713504032757,3.506777385699598
