objID,ra,dec
110093537753401846,353.77523986338923,1.7428213293514094
