objID,ra,dec
110853538051900524,353.8052434323759,2.375013228744239
