objID,ra,dec
106543536256218313,353.625835855416,-1.2099733103460397
106543536259798632,353.6259750797125,-1.2099495570077177
