objID,ra,dec
111073539729562215,353.97284924255604,2.559839262946231
