objID,ra,dec
105923536447151917,353.6447114607064,-1.7320572539081034
