objID,ra,dec
110143531775610124,353.17767709055533,1.7831382560748648
