objID,ra,dec
107163538491624723,353.84917817614155,-0.6965102429126022
