objID,ra,dec
108833533807637368,353.38081078418884,0.697497018132522
