objID,ra,dec
106583532230579727,353.22303079353804,-1.1755143632860894
