objID,ra,dec
107363538786553082,353.8786665807146,-0.5311546325431943
