objID,ra,dec
107663532548531671,353.254829168501,-0.28238060221640093
