objID,ra,dec
114063533059598208,353.30592775372025,5.056397400556487
