objID,ra,dec
95063537420643625,353.74214983202586,-10.780651266560849
