objID,ra,dec
107033537418567632,353.74182651929664,-0.8023522857621499
