objID,ra,dec
107063535111762107,353.51117629,-0.78193204
