objID,ra,dec
107503532578522072,353.25787012707934,-0.4153243546256043
