objID,ra,dec
106883534350977800,353.43514026167674,-0.9271887214827317
