objID,ra,dec
95393535575954776,353.5576509924279,-10.504697656518447
