objID,ra,dec
107253533852597584,353.38511561,-0.61924309
107253533850707309,353.3851058334008,-0.6192591304436754
