objID,ra,dec
107153534749622292,353.4748829589729,-0.7068185059269325
