objID,ra,dec
109013537215551660,353.72163005,0.84280486
109013537219311622,353.72187414454487,0.8426069592144326
