objID,ra,dec
105333539307246929,353.93072456830174,-2.21960517286658
105333539310086984,353.9310046,-2.21954706
