objID,ra,dec
108733539928236182,353.9928830501818,0.6131032155909948
