objID,ra,dec
109353535236151168,353.5236610248716,1.1255908452386798
