objID,ra,dec
111193536731466961,353.67322105960795,2.66362793832904
