objID,ra,dec
108843531222945100,353.1223844781631,0.7038725928642899
