objID,ra,dec
107753532234083279,353.2233888093252,-0.20583854819409403
