objID,ra,dec
108513538009179294,353.80092327971835,0.4323754576008674
