objID,ra,dec
109483532062883245,353.20632067622813,1.2356229099452927
