objID,ra,dec
96773532034891536,353.2034892389533,-9.357414732676279
