objID,ra,dec
106293531505313444,353.1505348906312,-1.4224664885062794
