objID,ra,dec
107943537987257707,353.79875513012604,-0.0439543787532524
