objID,ra,dec
111043531614083080,353.16138417711295,2.535525169201269
