objID,ra,dec
110573537640617039,353.76414502890196,2.1471298470066285
110573537640957564,353.76409289,2.14737589
