objID,ra,dec
111723530220773837,353.0221393890609,3.102819953646706
