objID,ra,dec
106343532279906722,353.2279011419366,-1.3781690110667355
