objID,ra,dec
111233537849124439,353.7848969048534,2.694952417544454
