objID,ra,dec
111003534486308071,353.4486876957022,2.506370027416298
