objID,ra,dec
108223536647302503,353.66484250454783,0.18498384277250926
