objID,ra,dec
106753536084026041,353.6084015603881,-1.0370483151124876
