objID,ra,dec
110573530217587629,353.0217426408736,2.1476242709240756
110573530214037637,353.02170136258695,2.147603610707059
