objID,ra,dec
108623534311908993,353.43120551835386,0.5238967880345153
