objID,ra,dec
105163539943255258,353.9942856925546,-2.3625872263849916
