objID,ra,dec
107683536991707968,353.6991719838402,-0.2604309020439819
