objID,ra,dec
105943536600980515,353.6601336157108,-1.716538851918822
