objID,ra,dec
109513536843020730,353.68431849913435,1.258508910871556
