objID,ra,dec
110543530111686374,353.0111699720634,2.121559155836554
