objID,ra,dec
105893530239059937,353.02391288819473,-1.7503748735863671
