objID,ra,dec
106923533707025712,353.37072925605924,-0.8956147147596746
