objID,ra,dec
110023530719942563,353.0719865888732,1.685070056313243
