objID,ra,dec
109313538315913818,353.8316136162502,1.0944961501266417
