objID,ra,dec
107343537448891165,353.7450431028736,-0.5494796162421182
