objID,ra,dec
105943534829027080,353.4829815093093,-1.7111583477812378
