objID,ra,dec
108253536054895238,353.60551317822836,0.2123322644566306
