objID,ra,dec
105593537860161693,353.7859842806179,-2.0073105421188497
