objID,ra,dec
108743530712587407,353.0712526276942,0.6224786396617549
