objID,ra,dec
108813530575425362,353.05767078150893,0.6791704521618678
