objID,ra,dec
105803533312850698,353.33132829015176,-1.8331698790475777
