objID,ra,dec
105923538785403943,353.87858253,-1.7304272
