objID,ra,dec
110523530843706219,353.0843535250454,2.1048020919460253
