objID,ra,dec
107523537501892496,353.75023834735424,-0.39837438022217847
