objID,ra,dec
97443531514424179,353.15144467333175,-8.796879815718846
