objID,ra,dec
107533532631200133,353.2631706660717,-0.39201143078913314
