objID,ra,dec
96203537015703405,353.70163267846067,-9.830845051881374
