objID,ra,dec
113013539679445157,353.96800804526333,4.178796955408982
