objID,ra,dec
111523535723284655,353.5723932324103,2.9367812903973007
