objID,ra,dec
110313537025545085,353.70260800577,1.9288181957176052
