objID,ra,dec
110663538090713825,353.8090930068345,2.219431854472032
