objID,ra,dec
109133533012879188,353.30133885382304,0.9489462694202739
