objID,ra,dec
107423531118111785,353.11181726576825,-0.48220048887482747
