objID,ra,dec
109063531546270615,353.1546042301894,0.8835547977374851
