objID,ra,dec
107283535332903940,353.53328914042834,-0.5971002696732222
