objID,ra,dec
109473530189600237,353.0190476491274,1.2247940196761598
