objID,ra,dec
108183533012495041,353.3012770678555,0.15379085375644305
108183533013154663,353.30130132,0.15351148
