objID,ra,dec
110123531530533378,353.1530661526355,1.7690463139838983
