objID,ra,dec
107193534661696365,353.46601146,-0.67018017
