objID,ra,dec
106563539659795281,353.9659910756115,-1.1959581824613223
