objID,ra,dec
105463539154554276,353.9154463644787,-2.1134513090190614
