objID,ra,dec
104993536674902095,353.66748363,-2.50693598
104993536673781729,353.66743455185775,-2.50714662578968
104993536673691720,353.66743821913855,-2.5071785820195105
