objID,ra,dec
112493531503515852,353.1503361902188,3.746166485161487
