objID,ra,dec
114093536811364053,353.6811398932306,5.0779860315329115
