objID,ra,dec
107583531935889100,353.1936044781957,-0.3427592710419741
