objID,ra,dec
106263538484210430,353.84838283124515,-1.4499952694404346
