objID,ra,dec
110753539027134093,353.9027613156994,2.2947222711496336
