objID,ra,dec
110553532322801756,353.2323575172587,2.1260570531684366
