objID,ra,dec
109633537235358653,353.7235623433487,1.3651424841975899
