objID,ra,dec
109163536611011273,353.6611026267614,0.9673109973938653
