objID,ra,dec
109933533357459053,353.3357846783948,1.6155358519909881
