objID,ra,dec
107383532009224479,353.2009688014463,-0.5132734825050992
