objID,ra,dec
106373538107329810,353.8107633821617,-1.350489087197043
