objID,ra,dec
113733532164918311,353.2164650211396,4.781495095273822
