objID,ra,dec
105663532424974327,353.24247422,-1.94674276
