objID,ra,dec
108643538496971720,353.84971693,0.53444097
108643538500141716,353.8500114801177,0.5344133700405727
