objID,ra,dec
112833532435421662,353.2435407577503,4.026036347889452
112833532437431899,353.24357352,4.02613192
