objID,ra,dec
108503534791707769,353.47920717987444,0.4227863205220168
