objID,ra,dec
112683532254564128,353.2254356133726,3.9030493880125237
