objID,ra,dec
113113536919366179,353.69195398146144,4.2631596554476054
