objID,ra,dec
108893539718180937,353.9718279,0.74202298
108893539719000616,353.9719556948259,0.7418837154348105
108893539721670869,353.97201354180953,0.7418838679443487
