objID,ra,dec
111503536624370452,353.6624883991077,2.9165590274391766
