objID,ra,dec
107923534203620432,353.42027191049465,-0.06676376758919052
