objID,ra,dec
114253539788066753,353.97880422999145,5.213595197369362
