objID,ra,dec
108763531643043775,353.16420340221924,0.6361029565142529
