objID,ra,dec
107113534633321443,353.4633975671954,-0.740776704718222
