objID,ra,dec
107323531701964551,353.17021977959695,-0.5632558078126456
