objID,ra,dec
105733538187689164,353.8187680208135,-1.8843042592028074
