objID,ra,dec
109033537868891187,353.7868477055849,0.8591077359281519
109033537870461549,353.7869271347602,0.8591636463956627
