objID,ra,dec
104753532450555080,353.2450726058562,-2.704443069452777
