objID,ra,dec
110093534429560286,353.4429864929624,1.7415799149097688
