objID,ra,dec
106653533606599081,353.3606975319388,-1.1177887325904738
