objID,ra,dec
106963533319767241,353.33222657,-0.86090926
106963533320127626,353.33203373,-0.86070509
