objID,ra,dec
113323531254799708,353.12544058,4.44122349
113333531252790029,353.12518735941086,4.441266658207432
