objID,ra,dec
109253538796081192,353.8795987895636,1.0424455613652903
