objID,ra,dec
113683536869604354,353.68692787436055,4.736646486467905
