objID,ra,dec
107163530430332270,353.0429995,-0.69848261
