objID,ra,dec
106553532896299713,353.2896358184615,-1.2005702146092296
