objID,ra,dec
113893532866472964,353.2866810577955,4.9104976022841615
