objID,ra,dec
112903536021730526,353.6021921231317,4.083364135232362
112903536020090247,353.60199112,4.08316163
