objID,ra,dec
107633538283584171,353.82838446284126,-0.3053442225602617
107633538284333830,353.8284127192554,-0.3054556598201125
