objID,ra,dec
104183532245282266,353.2245673455191,-3.1818099966956535
