objID,ra,dec
107773539299820173,353.93007454044096,-0.1919522911250533
