objID,ra,dec
113023534025573720,353.4025890577516,4.185989774627207
