objID,ra,dec
111873532338871215,353.2338900782418,3.2256033128082437
