objID,ra,dec
106653538157451295,353.8157377470937,-1.1242928303373252
