objID,ra,dec
97593535369665172,353.53704100233176,-8.671073874854887
