objID,ra,dec
112163531490480306,353.149017877367,3.466539620907838
112163531489810660,353.14895825,3.46683515
