objID,ra,dec
106823539581641168,353.95818450018567,-0.9827150204822181
