objID,ra,dec
106603532440167417,353.24400707287066,-1.160833448713891
