objID,ra,dec
108493531513633370,353.1514113723491,0.4106808740208733
