objID,ra,dec
97023536153260004,353.6153360643798,-9.150309103124188
