objID,ra,dec
109993530073539271,353.00733524537947,1.665656291536783
109993530072508865,353.00721666,1.66567569
109993530070879372,353.00729115581163,1.6656836926609437
