objID,ra,dec
105793538918699100,353.89185818961096,-1.8343090651714982
