objID,ra,dec
96653536286548889,353.62870795442205,-9.451275120625446
