objID,ra,dec
97303537652383172,353.7651672899931,-8.914110165998359
97303537649933677,353.76513923,-8.91411877
