objID,ra,dec
113523531919031060,353.1919485009906,4.60051568161
