objID,ra,dec
105863532023752121,353.20235803263415,-1.7819990282123126
