objID,ra,dec
106643539630268877,353.9630338519742,-1.1263669610333105
