objID,ra,dec
113643539060831643,353.90609058561944,4.700911068706291
