objID,ra,dec
106883539404169628,353.9404544936665,-0.9256317320956571
