objID,ra,dec
107273536077207943,353.6077325452574,-0.6020863359080785
