objID,ra,dec
106813535367241170,353.53691559513595,-0.9910747119661342
