objID,ra,dec
107503532896665107,353.2896951070579,-0.41276589029628824
