objID,ra,dec
112893534131914912,353.41326045779965,4.078552682865732
112893534134384739,353.4133241994322,4.078524397493555
