objID,ra,dec
110843535365659324,353.53662032544537,2.374047608647266
