objID,ra,dec
95083536156055320,353.61559799043795,-10.762609569648001
