objID,ra,dec
107803539876858677,353.9877108287839,-0.15980294047891844
