objID,ra,dec
111713530203935175,353.02044577132125,3.095560635180488
