objID,ra,dec
113023539341276053,353.9340703818526,4.187909994991552
