objID,ra,dec
108613536348082295,353.63487095708786,0.5099686444661645
