objID,ra,dec
107453537918023357,353.7917728626454,-0.45590159798752256
