objID,ra,dec
105123532067079679,353.20669196697526,-2.392189511884379
