objID,ra,dec
106843537613367453,353.76122968387534,-0.960880013037682
