objID,ra,dec
107573534075021615,353.4075344473789,-0.35734457207513626
