objID,ra,dec
113383539721565087,353.97211233935917,4.487167503686599
