objID,ra,dec
106063535001047510,353.50013800692864,-1.610779922451086
