objID,ra,dec
104373531609330317,353.1609339112146,-3.0250779645844674
