objID,ra,dec
104753533680520434,353.36801258,-2.70829693
104753533677620672,353.36778318737265,-2.708114228162869
