objID,ra,dec
104503536277882184,353.6277331862605,-2.9152218861484642
