objID,ra,dec
112573537967579311,353.7967565706961,3.8157283831221265
