objID,ra,dec
112063535142172247,353.51418194793314,3.3848101309407017
