objID,ra,dec
110133532926484188,353.29271905393483,1.7780824271459958
110133532928743955,353.29279997203673,1.7780346902499884
