objID,ra,dec
104613536924024218,353.6924273739526,-2.8217748684390616
