objID,ra,dec
108023536766865015,353.6767800675505,0.02072317912441137
108023536768115404,353.6767866785858,0.020756773329278697
