objID,ra,dec
109623532007302788,353.20077058423436,1.3519671534726843
