objID,ra,dec
105193534697617522,353.4697972674299,-2.3357253052990674
