objID,ra,dec
107423539224565370,353.9225258414423,-0.4793043482659275
