objID,ra,dec
109233533439866022,353.343988993938,1.0298034006340713
