objID,ra,dec
106703531114005971,353.1114361057749,-1.0787085336488667
