objID,ra,dec
109233531406054345,353.1406359829968,1.0282435916806196
