objID,ra,dec
107173536235002949,353.6234956410126,-0.6896209178659215
