objID,ra,dec
112463539234514767,353.92351165,3.72031848
112463539237374798,353.9237173573309,3.7202490162370374
