objID,ra,dec
106143538846600656,353.8847093369351,-1.5497813573073798
