objID,ra,dec
97263531685283498,353.16849288965494,-8.947411548357518
