objID,ra,dec
106163538212593882,353.8211894889009,-1.5303525070546615
