objID,ra,dec
112713532552705546,353.25526549398927,3.929224768076212
