objID,ra,dec
113893533221172493,353.3220638306511,4.91000457015591
113893533218942877,353.32191004,4.91030781
