objID,ra,dec
110303532279766522,353.22801405503304,1.9217642150170255
