objID,ra,dec
106693537679631558,353.76796698,-1.09074435
