objID,ra,dec
96563531139602945,353.11395527857104,-9.53123243589331
