objID,ra,dec
108333535764943731,353.5763310893854,0.2777645723259892
