objID,ra,dec
96663539969079956,353.9969033069506,-9.442038652811423
