objID,ra,dec
112463534771162280,353.4771796125523,3.718112914432287
