objID,ra,dec
106183539837024182,353.9837166458424,-1.5135407526347413
