objID,ra,dec
106743537164190497,353.716453462175,-1.049920387636128
