objID,ra,dec
108513532544044831,353.2544518722966,0.4285204744833542
