objID,ra,dec
106613539919064997,353.9919608861176,-1.1545892842824153
