objID,ra,dec
108973532134002864,353.2133711995372,0.8103488955269981
