objID,ra,dec
109363537496066679,353.7495157301212,1.1384494446924573
109363537492686685,353.74933812684503,1.1385680417809818
