objID,ra,dec
106623536064645596,353.6065372001772,-1.1456039165989784
106623536066785833,353.60660631,-1.14560933
