objID,ra,dec
107243536671107282,353.6671059865048,-0.6276522664448355
