objID,ra,dec
107183532987887771,353.29879879016465,-0.6772336315484984
