objID,ra,dec
96433534648416241,353.4645817433326,-9.636738488446959
96433534645276278,353.46460396505444,-9.63674191665956
