objID,ra,dec
106573536474572281,353.64731694890594,-1.190087910111966
