objID,ra,dec
108593533307623565,353.3307168732415,0.4942929534146002
