objID,ra,dec
108883534634430852,353.4634939829941,0.7336727538745603
