objID,ra,dec
109513531796694558,353.1796883618321,1.261782306858079
