objID,ra,dec
108823532727282646,353.2727119817556,0.6851955344887899
