objID,ra,dec
106113530438928361,353.04388980897073,-1.5684048782753062
