objID,ra,dec
108753538838812623,353.8839004612707,0.6267734772903988
