objID,ra,dec
106093537410293454,353.7411129247585,-1.589273935943764
