objID,ra,dec
107273531094621171,353.10950739750194,-0.6077926733861013
