objID,ra,dec
109453533090524577,353.3092524359037,1.211807026353874
109453533088664920,353.30911979,1.21194714
