objID,ra,dec
95853537481496746,353.7481431862384,-10.119727525548761
