objID,ra,dec
108143539208020846,353.92085466,0.11698315
