objID,ra,dec
96103532818197403,353.2818645434535,-9.910809669883156
