objID,ra,dec
106613538802786326,353.88031073,-1.15344657
