objID,ra,dec
106293530768656076,353.0769577669301,-1.4203353030524475
