objID,ra,dec
107913530900658247,353.0901391194663,-0.06842863353262708
