objID,ra,dec
107273539895201314,353.98952393679997,-0.6076883112321576
