objID,ra,dec
113583536234540478,353.62346206277806,4.6499509534699035
