objID,ra,dec
108753530647046958,353.0647819093652,0.6303924249811319
