objID,ra,dec
112533532707300133,353.27081391005487,3.7746943279045193
