objID,ra,dec
112663535818440050,353.58188239062343,3.882951551986544
