objID,ra,dec
110543530133790187,353.01339561967075,2.1164233662359186
