objID,ra,dec
109233535562786633,353.55628307780694,1.0301340619880073
