objID,ra,dec
109173532452415554,353.2453843991781,0.9792766737806272
