objID,ra,dec
107363533421767521,353.34217117341905,-0.5274426855300628
