objID,ra,dec
108013533212704385,353.3212275477127,0.011576250716772119
