objID,ra,dec
113883535067240111,353.5068080559443,4.899832134927583
