objID,ra,dec
107213530860787644,353.0860601135197,-0.6523342275471687
