objID,ra,dec
106253539347055441,353.93489379534583,-1.4542676491817432
106253539349695290,353.9348942790547,-1.4542810117989486
