objID,ra,dec
106763539823695355,353.9823830223964,-1.0292840369855305
