objID,ra,dec
106323539039911409,353.90385986316284,-1.39917189568105
