objID,ra,dec
106853533581996592,353.3583298757302,-0.953184502309131
