objID,ra,dec
104543539307219422,353.9308029229078,-2.8758374049816897
