objID,ra,dec
107273535466840079,353.5466603171876,-0.6086685638844247
