objID,ra,dec
110303537137811663,353.7137940771742,1.917659184480177
