objID,ra,dec
113973536096088515,353.60960263983515,4.981816405572472
