objID,ra,dec
105783536765046872,353.6765475569398,-1.8446434825330364
