objID,ra,dec
109163538636606724,353.8636866540561,0.9718744781349264
