objID,ra,dec
106983534237748874,353.42377085381025,-0.8430103636653405
