objID,ra,dec
109923530007448127,353.00078365526963,1.6063820703538167
