objID,ra,dec
106823537379542021,353.7379271851862,-0.9820121590705951
