objID,ra,dec
106663533469975776,353.34697954,-1.11221427
106663533469446131,353.3469706488689,-1.1119231272732288
