objID,ra,dec
106403537893644886,353.7893816109476,-1.3296655537667956
