objID,ra,dec
96903536936486078,353.69363132914805,-9.245255076802591
