objID,ra,dec
109033539465506735,353.94648969114945,0.8635057726756515
