objID,ra,dec
106693534900517504,353.48993534265594,-1.0857941609878201
