objID,ra,dec
106513537872633850,353.78723977657813,-1.2388417057843548
