objID,ra,dec
105633531141523706,353.11414727117636,-1.972320376529404
