objID,ra,dec
104293533721975030,353.37221185222796,-3.08777547999908
