objID,ra,dec
111593530502775416,353.0503098281852,2.995768379225285
