objID,ra,dec
108233532838837973,353.28393161919087,0.19790711535719507
