objID,ra,dec
112953536481783917,353.6481599756528,4.127861494208471
