objID,ra,dec
106383535226500007,353.522626804414,-1.3503884755808973
