objID,ra,dec
108393536955967780,353.6955730566243,0.3311115000903132
