objID,ra,dec
112473533714920441,353.37153729259467,3.725097445264566
