objID,ra,dec
96413536925197511,353.69257519530254,-9.65240582386747
