objID,ra,dec
113273535302026014,353.5301494944037,4.396233875066933
113273535298416122,353.52993655,4.39628282
