objID,ra,dec
111473533257475882,353.3257626617436,2.896225729859401
