objID,ra,dec
109143532496869641,353.2497686525933,0.9576600922425239
