objID,ra,dec
110603537348392595,353.734974855081,2.168497038979607
110603537350722810,353.7349981249752,2.168511071871738
