objID,ra,dec
109853539955724922,353.99557256,1.54539846
