objID,ra,dec
108263534789201001,353.47904605047324,0.21715070516710933
