objID,ra,dec
108973538446831839,353.8447175100123,0.8094693376852503
