objID,ra,dec
106223535581354400,353.55822345162903,-1.4799970785295942
