objID,ra,dec
95213538452687874,353.8452484932938,-10.652157863881863
