objID,ra,dec
104463533536426927,353.35369256377004,-2.9445886746247263
