objID,ra,dec
107823532682798830,353.26828024,-0.14300958
107823532679538912,353.2680460277276,-0.1429768384616949
