objID,ra,dec
107373536681851997,353.66819989165066,-0.5237725865481878
