objID,ra,dec
107533533638394045,353.3639877188603,-0.38866603467132993
