objID,ra,dec
109113539936865399,353.9936927191993,0.9291289757822848
