objID,ra,dec
106353535349371678,353.53511201888574,-1.3739150163866363
