objID,ra,dec
106993534233385959,353.42333816,-0.83704891
106993534230186130,353.4231605706887,-0.8368931352458259
