objID,ra,dec
107393535150344978,353.5150367306288,-0.504628040641429
