objID,ra,dec
108373531115809358,353.1115013,0.31569909
108373531114799013,353.1114965894019,0.3154605606536823
