objID,ra,dec
106963530236904765,353.023648608043,-0.8630520177689943
