objID,ra,dec
109733530064986892,353.0065329777938,1.4470242584522253
