objID,ra,dec
113583535400448016,353.5400265377824,4.656265089820196
