objID,ra,dec
107573539611142842,353.9610896237671,-0.35635230104819215
