objID,ra,dec
108783539361429823,353.93618890713503,0.657859523181982
