objID,ra,dec
107253536924731205,353.69243985336453,-0.6243583978401434
