objID,ra,dec
108293534936095869,353.49365244,0.24620171
108293534935026194,353.4935432875089,0.2463879287561519
