objID,ra,dec
109883533871646994,353.38720416852544,1.5720840507535427
