objID,ra,dec
108643536622240007,353.66217314367947,0.5329553837505425
