objID,ra,dec
106353534460283438,353.4459932699399,-1.3724418035136718
