objID,ra,dec
113043530155032361,353.015508025698,4.201595329337358
