objID,ra,dec
114153537203939927,353.7204127483723,5.132831969919709
