objID,ra,dec
113463532206262866,353.2205636174626,4.551858411840118
113463532203392817,353.2205348234173,4.551905735752719
