objID,ra,dec
106043532313706248,353.2313955998309,-1.6285302022146904
