objID,ra,dec
96033538654235651,353.86539717307147,-9.97061851694335
