objID,ra,dec
107123532242685586,353.22424751791124,-0.7290529770945089
