objID,ra,dec
113793536965310325,353.6965543257209,4.8249290981363
