objID,ra,dec
96763537630761181,353.7630951927065,-9.365993402068401
