objID,ra,dec
96953537608134349,353.7607971935716,-9.205032707692608
