objID,ra,dec
110493535302689308,353.53031714301534,2.0822912193103194
