objID,ra,dec
109313538357655717,353.8357955650563,1.0960548114671886
