objID,ra,dec
108923533985026066,353.3985425586659,0.7712732556113859
