objID,ra,dec
108603531541575050,353.154141601542,0.5038251841780654
