objID,ra,dec
104183535981487398,353.5981816557283,-3.1776007176061087
