objID,ra,dec
107733539513923798,353.9515160570653,-0.22218777568769407
