objID,ra,dec
97053532295648080,353.2295256489346,-9.118601873800829
