objID,ra,dec
112203537924160083,353.79244754,3.4996801
112193537922829737,353.7923065370539,3.499418905859524
