objID,ra,dec
107433534119301899,353.41198845227325,-0.4737815771421622
