objID,ra,dec
112223533798481828,353.3798911696184,3.5178117074695963
