objID,ra,dec
108973534096474502,353.4097119733721,0.8116945501771367
