objID,ra,dec
112183533840540990,353.3840246824169,3.483917771119552
