objID,ra,dec
106633533899888982,353.39004817584026,-1.1344878694976357
