objID,ra,dec
112063530196806350,353.01970473420243,3.3883057319110037
