objID,ra,dec
107963539192825542,353.91936636420735,-0.029223385910620063
