objID,ra,dec
96953538711412820,353.8711150205369,-9.206329332878544
