objID,ra,dec
107673535229518955,353.52297402471333,-0.2679479221906991
