objID,ra,dec
113973533133023374,353.31329815,4.97738108
113973533131343712,353.3131655368167,4.977650173435744
