objID,ra,dec
111133534513024973,353.45142842578355,2.6121287319918807
