objID,ra,dec
110763531048101768,353.1048436324483,2.301075387595141
