objID,ra,dec
108413539097833921,353.909615,0.344549
108413539094373930,353.9094739707248,0.3445746332630393
