objID,ra,dec
108633536559000091,353.6559137841927,0.5247127368991851
