objID,ra,dec
105923535581684618,353.5583425007568,-1.7299024650938488
105923535584784881,353.55851508,-1.72965354
