objID,ra,dec
105703532279057159,353.2279114580379,-1.911067310424233
