objID,ra,dec
107003539068162303,353.9068529182237,-0.8317478562768301
