objID,ra,dec
113223539814888496,353.9814988874621,4.356662522776604
