objID,ra,dec
107263539168464981,353.9168343397198,-0.6128956159032264
