objID,ra,dec
96433539084454705,353.90843514696775,-9.63810451916089
