objID,ra,dec
108593537869090945,353.78693748,0.49194229
108593537871890770,353.7871032189053,0.4918900763959518
