objID,ra,dec
108523537092657960,353.70930213,0.43962196
