objID,ra,dec
113353531446910812,353.1446718966527,4.458726926267199
