objID,ra,dec
105513536432342824,353.6432092572145,-2.073013901621448
