objID,ra,dec
109303533905912489,353.39070531,1.0847416
109303533906612107,353.3906973499332,1.0847099105692046
