objID,ra,dec
107023533148554296,353.31489588693086,-0.8134118150466796
