objID,ra,dec
109203532095879447,353.20983664,1.00760541
109203532098559636,353.2098279542251,1.0076299985218078
