objID,ra,dec
105243535233286520,353.5233612191431,-2.2949010939962804
