objID,ra,dec
106843539431746547,353.94317493,-0.96156655
106843539428436697,353.94289627,-0.9615392
