objID,ra,dec
113663530926967512,353.09267784639337,4.72255097907587
