objID,ra,dec
106873533783030587,353.3782840549766,-0.9415228185764991
