objID,ra,dec
106933531885271604,353.18854913096214,-0.8907633230292966
106933531883111335,353.18836571763467,-0.8909114451717712
