objID,ra,dec
111583532627405140,353.26278944627705,2.98734026177191
111583532629095492,353.26287531123114,2.987503640456482
