objID,ra,dec
107733537982965168,353.7983022811795,-0.22108040070650264
