objID,ra,dec
108493536001341116,353.6001493339659,0.40884999491216856
