objID,ra,dec
106583537745961245,353.77484413132936,-1.1826908735248314
106583537749651181,353.7748599767012,-1.182683997357441
