objID,ra,dec
105123536579872322,353.6579293987429,-2.398290436178725
