objID,ra,dec
108703530563208816,353.05638963,0.59021565
108703530564318414,353.05647588436227,0.5899499236242944
