objID,ra,dec
97583535990810445,353.59914169672885,-8.683305191392854
