objID,ra,dec
107463530608206986,353.0608909437955,-0.44454746956691277
