objID,ra,dec
107463534603131127,353.46032738980153,-0.4493849599657124
