objID,ra,dec
106723538084308638,353.80843306657056,-1.059823564738634
