objID,ra,dec
106853539968911169,353.9968233374464,-0.9577289080769072
