objID,ra,dec
95823536640313754,353.6640318842687,-10.147187679045205
