objID,ra,dec
106203533718547717,353.37178314854566,-1.4937321069440463
106203533716817990,353.3717789528018,-1.4937161192358481
