objID,ra,dec
109493538429807718,353.8430276506862,1.2477314690819399
