objID,ra,dec
103803530073574302,353.00732499574275,-3.496809563688219
