objID,ra,dec
106933538799033847,353.8799097256885,-0.88882658719828
