objID,ra,dec
107503531469673914,353.1470081327929,-0.41375452401698143
