objID,ra,dec
95503546803662947,354.68043699558973,-10.414546241841888
