objID,ra,dec
107713540022924302,354.0022452473239,-0.23843752349941294
