objID,ra,dec
111843546044081314,354.60445528277774,3.2006950047134937
