objID,ra,dec
113913545463416245,354.5464229546951,4.929962251456547
