objID,ra,dec
106743542191447871,354.21921311752004,-1.0438073555761054
