objID,ra,dec
107633542428642691,354.24293597502236,-0.30643872334249533
