objID,ra,dec
107973544030425322,354.4031061206468,-0.020958471411795278
