objID,ra,dec
107623547036661037,354.7037654219485,-0.31616246361293576
