objID,ra,dec
95083541655784816,354.16551476,-10.76302113
95083541653794535,354.16539058397836,-10.76320292259428
