objID,ra,dec
114033544975014356,354.4975389129163,5.0282443044946525
