objID,ra,dec
111673547329985898,354.73304776492756,3.0629146661968805
