objID,ra,dec
114233542400283194,354.2400283205951,5.193842588430721
