objID,ra,dec
106833543101231091,354.31008815397826,-0.974449823070773
