objID,ra,dec
110093549699590134,354.9698929562147,1.7413706709014685
