objID,ra,dec
95873547726646189,354.77271671979315,-10.103456100514098
