objID,ra,dec
107913542137383111,354.21383397,-0.07278392
107913542140293250,354.21419675196466,-0.07269536538905738
