objID,ra,dec
95823543348535345,354.33488860810417,-10.145837290142666
