objID,ra,dec
106213545453072843,354.5453192926945,-1.4897364835862112
