objID,ra,dec
106253541190091083,354.1190079957364,-1.457772360550967
