objID,ra,dec
113473540733508673,354.0732491589151,4.565280426939877
113473540730278718,354.0732017630149,4.565300571518887
