objID,ra,dec
106983547495961918,354.7496499783521,-0.8487852724745492
