objID,ra,dec
107203543111906712,354.31121409380563,-0.6614522078633701
