objID,ra,dec
113253544928994043,354.492962853395,4.378078870548272
