objID,ra,dec
107413545772736374,354.57724056,-0.48652897
107413545771546678,354.5772180434878,-0.48651645942708727
