objID,ra,dec
107843540835745618,354.0836016340926,-0.12902921844094845
