objID,ra,dec
111743541603711344,354.1603630337931,3.117362597078525
