objID,ra,dec
108643547381700405,354.7382236273446,0.5333281288662116
