objID,ra,dec
97333541443682483,354.1444269045338,-8.889941234759354
