objID,ra,dec
108853545981418295,354.59822745886856,0.7148450007348242
