objID,ra,dec
107233543118561796,354.31185195950627,-0.6404874439141556
