objID,ra,dec
111973541487850372,354.148849954521,3.308228191775586
