objID,ra,dec
106603540520611103,354.05205139962806,-1.1661299581022757
