objID,ra,dec
111733543170245472,354.31703351914,3.1124869213765307
