objID,ra,dec
106053541798098476,354.1797606428613,-1.6183177980772878
106053541795168298,354.17952704,-1.61843926
