objID,ra,dec
110923542173756213,354.21739073664355,2.4381154651909123
