objID,ra,dec
106953549433308420,354.94332767918615,-0.8683477551874822
