objID,ra,dec
106113548463904149,354.84642211,-1.57189165
