objID,ra,dec
112043540858862585,354.0859206211524,3.368388968051666
