objID,ra,dec
112153540977377764,354.09775018626476,3.4643876746018396
