objID,ra,dec
96113540293875475,354.0294014332994,-9.904096899328334
