objID,ra,dec
104673549088598445,354.908792104813,-2.768357457551999
