objID,ra,dec
104273542444557817,354.2444915334443,-3.1021766952842644
