objID,ra,dec
108713546917683110,354.69176035236615,0.593892738414301
