objID,ra,dec
104423546845545910,354.6845609135619,-2.9787324030629083
