objID,ra,dec
107993545007709935,354.50096183716664,-0.00039918364602774394
