objID,ra,dec
108303541991395232,354.1991402097351,0.2539403688059869
