objID,ra,dec
106563549427951879,354.94280606516736,-1.1988275538528865
