objID,ra,dec
106813546639402278,354.6639880216931,-0.9900750157251482
