objID,ra,dec
104103549396860012,354.93969094104756,-3.2503660125668152
