objID,ra,dec
107473547759925434,354.77600420562624,-0.43752514622794203
