objID,ra,dec
114133543406207166,354.3405484684217,5.113809140844862
114133543404706857,354.3404657577684,5.113750121387347
