objID,ra,dec
106593547478817580,354.747928781355,-1.1690344686225393
106593547484167438,354.7480433,-1.16917918
