objID,ra,dec
108913544123780801,354.41236810216344,0.7586115558992348
