objID,ra,dec
109253544974261553,354.49743012,1.04260566
109253544977201724,354.49765797497315,1.0426879673855003
