objID,ra,dec
108023549206755094,354.9207793454308,0.020582413364257854
