objID,ra,dec
107343546439596391,354.644032966019,-0.5450730774654234
