objID,ra,dec
107813543771905820,354.3773152187223,-0.15382051944097022
107813543773085462,354.3774031402371,-0.15396018355621702
