objID,ra,dec
108073544828955802,354.4828538005355,0.06278018926622601
