objID,ra,dec
107393542592203426,354.25923103229127,-0.5059402513713868
