objID,ra,dec
107053543546366741,354.35466669593035,-0.7863896204597394
