objID,ra,dec
105803541279024362,354.1278703702111,-1.8299793973070055
