objID,ra,dec
105733543631892869,354.3632081305349,-1.8896114257883814
