objID,ra,dec
96433549842769226,354.9842963690327,-9.63429772636303
