objID,ra,dec
112783546523900223,354.65240274833405,3.983110654001947
