objID,ra,dec
105853543718536153,354.37164141,-1.78699772
