objID,ra,dec
106783540865095618,354.0864641019084,-1.0122560948397155
