objID,ra,dec
113873549576587083,354.9576117752114,4.897173204514876
