objID,ra,dec
107183546318837784,354.6319006548456,-0.6772367467079161
