objID,ra,dec
106613540991451097,354.09917978293737,-1.157832756276707
