objID,ra,dec
112603545648735070,354.56488043725153,3.8371156939759867
