objID,ra,dec
104743547583224719,354.7582455965442,-2.7131219809669305
