objID,ra,dec
109043543696978722,354.3696998689177,0.8736153947500362
