objID,ra,dec
111313543471258806,354.3472266,2.76519214
111313543472708388,354.34720450542164,2.764984594848404
