objID,ra,dec
108693544821806471,354.4822207544038,0.580031679305828
