objID,ra,dec
109153543313775127,354.33144307517824,0.9623463160708889
109153543314975463,354.3314485269395,0.9623469018288451
