objID,ra,dec
105143549848670167,354.98468056,-2.38349643
105143549846200625,354.9846163001163,-2.383328447293688
105143549845820218,354.98463140408336,-2.3833564254666855
