objID,ra,dec
112483541353581832,354.13529219183755,3.7344937325541405
