objID,ra,dec
108203545429544816,354.5430172128922,0.17029417091096394
108203545432124680,354.54323318,0.17017345
