objID,ra,dec
108143544351926591,354.4352839303199,0.1218229683328234
