objID,ra,dec
107773549045923779,354.90460227310723,-0.18893264924556927
