objID,ra,dec
110343543275135667,354.32756979368554,1.9543515220958363
