objID,ra,dec
113093540465057230,354.04660627636633,4.247190126841074
