objID,ra,dec
106943544703504714,354.4703617571092,-0.8797548998532178
