objID,ra,dec
106543543619202202,354.36178355014414,-1.215171922038204
106543543615552141,354.36168460575783,-1.215214006997682
