objID,ra,dec
108783540563096388,354.05643763736214,0.6548762252140138
