objID,ra,dec
111803546688015175,354.6688079741347,3.1705826713027934
