objID,ra,dec
108313544165572099,354.41663146259987,0.2597366686005225
