objID,ra,dec
112853547624722051,354.7624971746538,4.043016952109139
