objID,ra,dec
108063544112170432,354.41126946437305,0.05001169521088342
