objID,ra,dec
114113544915602848,354.4915649928193,5.093648742483566
