objID,ra,dec
107763549081676092,354.9081713913518,-0.1954055120576451
