objID,ra,dec
107613546649565986,354.6649978856315,-0.32039826764538365
