objID,ra,dec
107513549061677628,354.9061664214567,-0.4023846951400534
