objID,ra,dec
108383545936729286,354.5937418102384,0.3239852248856493
