objID,ra,dec
105963544861852961,354.486183937991,-1.698027456265529
