objID,ra,dec
111793546594719857,354.65950219764704,3.1661658467625298
