objID,ra,dec
109563545985536098,354.5985827175656,1.304617744051335
