objID,ra,dec
108683542531279328,354.25297705,0.57418166
