objID,ra,dec
111503541966615497,354.1965552400203,2.9208843732985343
