objID,ra,dec
108613546742674623,354.6742826371668,0.5118226565457391
