objID,ra,dec
97263540460224894,354.0460197765753,-8.946258067509548
