objID,ra,dec
113863540607097103,354.0606945232185,4.888886413087527
