objID,ra,dec
106913547267894428,354.7268273371885,-0.9049935171674264
