objID,ra,dec
108953547100258112,354.71016146,0.79810482
108953547101478496,354.71025465,0.79827475
108953547104128140,354.71031910869493,0.7981450202140349
