objID,ra,dec
106063543484410868,354.348481522494,-1.6162972098051782
