objID,ra,dec
109273542218901126,354.2219130331186,1.0588814474414887
