objID,ra,dec
106973547021218330,354.70217750045134,-0.8517416298591576
