objID,ra,dec
111713540725891466,354.0725347884489,3.0925421081810143
