objID,ra,dec
107493547262606742,354.72618804702694,-0.4197138377140946
