objID,ra,dec
109013542528351987,354.25270611,0.84296165
