objID,ra,dec
108723542566257523,354.25658941,0.60584741
