objID,ra,dec
112293546774110388,354.67734595179843,3.574901059972301
