objID,ra,dec
108383549389380570,354.93899691803847,0.31677472527753836
