objID,ra,dec
107493546790926002,354.67917639769144,-0.42048498091899644
