objID,ra,dec
107673540224586241,354.02242774529685,-0.2701536148984978
