objID,ra,dec
106873543651617286,354.3652072367948,-0.9359552769156362
