objID,ra,dec
107163548460918139,354.8460829666278,-0.6935391009407502
