objID,ra,dec
109103544574460610,354.45745297358104,0.9167718905323992
109103544576730251,354.45751995,0.91661525
