objID,ra,dec
107733542482657601,354.2483285962921,-0.21897046189467803
