objID,ra,dec
106063546593770118,354.65942421,-1.61683253
