objID,ra,dec
106193542842029976,354.284196522677,-1.5003429252302811
