objID,ra,dec
105953542626820932,354.26266891866203,-1.7078551761850282
