objID,ra,dec
104633549743201786,354.9743092499919,-2.8071535531417764
