objID,ra,dec
97713542383251577,354.23828493,-8.57409586
97713542381831201,354.2382206373148,-8.574335675778249
97713542381800801,354.23813713833937,-8.57460180215068
