objID,ra,dec
95093540805339582,354.08051153068317,-10.75090749846216
95093540802699399,354.0804928208716,-10.750901811431834
