objID,ra,dec
104193543511438638,354.35109269676786,-3.168206990079795
