objID,ra,dec
107153548784974400,354.87829266,-0.70502625
107153548782194474,354.87809219,-0.70499662
