objID,ra,dec
114283548551342572,354.855145074619,5.2350242775052935
