objID,ra,dec
109473542500947158,354.25008389,1.23060955
109473542501397512,354.25015947492767,1.230841924559075
