objID,ra,dec
106943548733779563,354.8733750366669,-0.8757548792516512
