objID,ra,dec
107203544078757470,354.40799311827584,-0.660798268818047
