objID,ra,dec
106483546015942791,354.6016331388323,-1.2645921327463394
