objID,ra,dec
108723544547443181,354.45476548996186,0.6022756675127787
