objID,ra,dec
105433544446118832,354.4446366523952,-2.134611930715742
