objID,ra,dec
109043542659116533,354.26615678,0.87157841
109043542662236322,354.2661756539775,0.8715499536364791
