objID,ra,dec
107513548281355695,354.82814618,-0.40394719
