objID,ra,dec
111583545010129534,354.5011874504157,2.9907745993831827
111583545012799362,354.50125278447604,2.9907583586156763
