objID,ra,dec
108093545395074713,354.53954728032306,0.07856926948421247
