objID,ra,dec
107683548608531721,354.860854386301,-0.2656954364482032
