objID,ra,dec
112103549861671547,354.9861649,3.41758711
112103549859241815,354.98608934354917,3.4178301433189215
