objID,ra,dec
111793546079569391,354.60822464,3.16573477
111793546082579351,354.6083123582052,3.165714062272584
