objID,ra,dec
108643546759273700,354.67590147561697,0.5361024450557248
