objID,ra,dec
108133541105974043,354.11054425062633,0.11132080611912856
