objID,ra,dec
107863549102510998,354.9102439046032,-0.11625170986814762
107863549099311178,354.90998297,-0.11609058
