objID,ra,dec
113833545192023926,354.51922036035614,4.861171872853557
