objID,ra,dec
106213546565359483,354.65658166435395,-1.4840072581320067
