objID,ra,dec
108853548818819300,354.88195287555766,0.7157781488258349
