objID,ra,dec
108653548407362969,354.8406382167628,0.5437655401013172
