objID,ra,dec
108483543803656193,354.38048023478115,0.40473417350501406
