objID,ra,dec
108243544282904623,354.42838574077643,0.20346319525259243
