objID,ra,dec
111323549651200175,354.96513288409216,2.766385608426746
