objID,ra,dec
109323547956458642,354.795642703583,1.1068048722144628
