objID,ra,dec
108483544696977625,354.46973154654484,0.40596102924869654
