objID,ra,dec
95883543054336273,354.3054837161011,-10.095073505388582
