objID,ra,dec
109203548043112262,354.80431867265366,1.0014925467623106
