objID,ra,dec
96573548977549577,354.89784930566003,-9.51768827459384
96573548977508953,354.8978445073583,-9.517750150061355
