objID,ra,dec
109283544162627535,354.41629064723287,1.0726119440435038
