objID,ra,dec
107583544747832261,354.47481912,-0.34855843
