objID,ra,dec
109753544298007541,354.42979662204664,1.4642609569542209
