objID,ra,dec
111923543716354403,354.37180570748666,3.270092776082181
