objID,ra,dec
109943549300293133,354.9300180829053,1.6189355198971371
