objID,ra,dec
111163545625284780,354.5626141064821,2.636900301844432
111163545627884588,354.56268467,2.63689465
