objID,ra,dec
106003542159218318,354.21590791146537,-1.6600879595339297
