objID,ra,dec
107733541757239413,354.17587048704723,-0.2174804635139238
