objID,ra,dec
109453541074954475,354.10751736530403,1.2116664603577298
109453541075874145,354.10760469,1.21151522
