objID,ra,dec
108913546535392240,354.6535379488075,0.7598305215940285
