objID,ra,dec
107463540683727539,354.06837725117384,-0.44413521661741723
