objID,ra,dec
110283546773899332,354.67747707,1.90734373
110283546775219013,354.67753831806925,1.9071094272434177
