objID,ra,dec
108793545369394201,354.53694008302523,0.6614537908939614
