objID,ra,dec
107053541499713885,354.14992779,-0.78883338
