objID,ra,dec
113683541956018288,354.1955962074659,4.740076340428385
113683541955518675,354.1956109578199,4.740091411668222
