objID,ra,dec
108283544503997444,354.4504500277959,0.23916103490094667
