objID,ra,dec
108183548157105938,354.81577441289994,0.15452098109884105
