objID,ra,dec
112303544468788364,354.4467989691548,3.5898533484805797
