objID,ra,dec
95493548156161214,354.81549056551995,-10.42427886146372
95493548153031196,354.81546272817144,-10.424289155893655
