objID,ra,dec
108333546414567583,354.6414724331125,0.2809294720880375
