objID,ra,dec
105473544185406111,354.41854625224687,-2.1035344862950085
