objID,ra,dec
107073545131839546,354.5131857465407,-0.7674128184149915
