objID,ra,dec
111543540823615603,354.0823500993172,2.9542790224195934
