objID,ra,dec
110303549025349843,354.9024325042546,1.9244062386530627
