objID,ra,dec
111863541816347180,354.1816605985726,3.222242315396305
