objID,ra,dec
109363541526589580,354.1526456991647,1.1409484496582196
