objID,ra,dec
106253541721322544,354.1721267677071,-1.4565881335141257
