objID,ra,dec
105573540480956437,354.04811115821775,-2.0199743936721455
