objID,ra,dec
96123545446464878,354.544653037653,-9.896262150530049
96123545443574682,354.5444558433266,-9.896269209663329
