objID,ra,dec
112453545655755962,354.5655909612155,3.712887249184189
