objID,ra,dec
110233542723679360,354.27229017,1.86571982
