objID,ra,dec
113293546547934657,354.65478292271484,4.411820612924982
