objID,ra,dec
109473543647116472,354.3647635528885,1.2299732914696866
