objID,ra,dec
105193544026154211,354.40263304349895,-2.3383844822854516
