objID,ra,dec
107283549670162081,354.9669396862964,-0.5986864274758978
