objID,ra,dec
106773542882428856,354.2882014046979,-1.0180035525501847
