objID,ra,dec
108943540890099341,354.0890461039127,0.7907231849423285
