objID,ra,dec
106693540370989112,354.03694272172834,-1.0844656699299045
