objID,ra,dec
96243548102591203,354.8103005058735,-9.799327245581855
