objID,ra,dec
105843545886548370,354.5886655281923,-1.7933326827111609
