objID,ra,dec
112003547462822282,354.74629689561476,3.3348419735140222
