objID,ra,dec
108803541225095931,354.1225090975979,0.671100743606361
108803541223895616,354.1224971406088,0.6710551484539646
