objID,ra,dec
95653545406301745,354.5406786818881,-10.290506468218073
