objID,ra,dec
108823543590422861,354.35899963600514,0.6852130030530272
