objID,ra,dec
111783546735496460,354.6735553054862,3.1549976761478016
