objID,ra,dec
97003543487549179,354.3487695287386,-9.159322410421124
