objID,ra,dec
97393542062542550,354.2063036641494,-8.839868912396382
