objID,ra,dec
106083540763064275,354.0763274910557,-1.5968170971773625
