objID,ra,dec
107723541582796956,354.1583443329254,-0.2278834367862211
