objID,ra,dec
108783547110446259,354.71103264207017,0.654955169249675
