objID,ra,dec
96453545261451144,354.5261654,-9.62438767
96453545261221498,354.5261655990955,-9.624170575840711
