objID,ra,dec
95363543960522823,354.39607467711977,-10.531298755373033
