objID,ra,dec
108133544069411513,354.40697452545123,0.10920296392952977
