objID,ra,dec
104303544456215296,354.44570295990945,-3.0792964194933266
