objID,ra,dec
106853543741659523,354.3741970755928,-0.9507099466506972
