objID,ra,dec
97363545845197397,354.58450638274064,-8.86087152547373
