objID,ra,dec
109023542955297215,354.29555827800976,0.8555897555780477
