objID,ra,dec
109253544211490929,354.42116672317894,1.0420467597055443
