objID,ra,dec
108043547980451902,354.7980763777277,0.03449316339434181
108043547977672162,354.79787475,0.03462172
