objID,ra,dec
109063540087345877,354.00875833,0.88780505
