objID,ra,dec
110073549056297013,354.9055051224775,1.7303191373058593
