objID,ra,dec
113473545626620010,354.56263085268125,4.557883825245934
