objID,ra,dec
107383540587551618,354.05867510961826,-0.5157380683684196
