objID,ra,dec
111453543808672158,354.38076764854367,2.8764536322207577
