objID,ra,dec
108493547662096951,354.7662283055522,0.4137486379683353
