objID,ra,dec
107853546643459273,354.66435704486906,-0.11764965933072294
