objID,ra,dec
106793542329270004,354.232790303937,-1.0087009031204768
106783542327829669,354.23278443,-1.0089628
