objID,ra,dec
108553542615806778,354.2617072296131,0.46357752614031306
