objID,ra,dec
106573543015734792,354.30157315,-1.18802931
