objID,ra,dec
111923545521144300,354.5521808019775,3.269866211767774
