objID,ra,dec
107273545879021425,354.58796806082745,-0.6075423082852246
