objID,ra,dec
109103545427130656,354.5427061653995,0.9168079214003486
