objID,ra,dec
105123545714804788,354.5715327610801,-2.3963879849394694
