objID,ra,dec
113703548569030272,354.8569338504749,4.749758521295793
