objID,ra,dec
105953543024259201,354.30221919893785,-1.7010794183856142
