objID,ra,dec
108563540501026997,354.0501027,0.47207373
