objID,ra,dec
106853546088285312,354.6088585825555,-0.9542009650104021
