objID,ra,dec
113553547575929973,354.75758334,4.63293643
113563547577400295,354.7577644474465,4.633173466161324
