objID,ra,dec
106053547579159926,354.757943339548,-1.6171097122224387
