objID,ra,dec
107833542806236619,354.2807799201173,-0.13648078840659544
