objID,ra,dec
109503545582889383,354.5583235344492,1.2574250492168415
