objID,ra,dec
105943545411296735,354.5411283791827,-1.711470952679529
