objID,ra,dec
107013540462543354,354.04626199,-0.82256957
107013540465303169,354.0464951880209,-0.8227192594971793
