objID,ra,dec
108093543698665050,354.36998847474945,0.07879012103359666
108093543700795270,354.37006169,0.07900666
108093543701834915,354.36994141,0.07879432
108093543718634969,354.36996939,0.07882783
