objID,ra,dec
113603549312778734,354.9313187718883,4.673587881435792
