objID,ra,dec
97423547792048313,354.7792262730553,-8.810109812032264
