objID,ra,dec
110083549334178292,354.9332973517331,1.739991052820921
110083549332088534,354.9332888139077,1.7400045710763636
