objID,ra,dec
105433544152519634,354.41523640656334,-2.133993651009645
