objID,ra,dec
105173547648371259,354.76485702322867,-2.3576342655821754
