objID,ra,dec
97383545589432941,354.5589507795148,-8.847936753091208
