objID,ra,dec
113953549877774894,354.9877842869101,4.962165140423188
113953549877325256,354.9877825549522,4.962183622279618
