objID,ra,dec
107913542621698416,354.2622211086048,-0.0682569723583018
