objID,ra,dec
103813549499411359,354.9499511488183,-3.4908760306111635
