objID,ra,dec
108723544779551935,354.47800672,0.60113119
