objID,ra,dec
109503546650664759,354.66509363149646,1.2535983517359062
