objID,ra,dec
108523545652421484,354.5651980833332,0.43421387849651694
