objID,ra,dec
107253548090213039,354.8089538664922,-0.6229565504909372
107253548089192664,354.808905969789,-0.6231628301343799
