objID,ra,dec
107723546423817001,354.64243796073123,-0.22787340002631723
