objID,ra,dec
105123547465801471,354.74664780255875,-2.399177440760931
