objID,ra,dec
112943545677168015,354.5676602228368,4.1228127390529385
