objID,ra,dec
107193548855259898,354.88544244425333,-0.667184473322244
