objID,ra,dec
95773545392088043,354.53918632867715,-10.185293802963185
