objID,ra,dec
105323540849657295,354.0849894012384,-2.227623747261066
