objID,ra,dec
107753540623063559,354.06235537608495,-0.20570808873875662
