objID,ra,dec
97203541318301790,354.1318510640291,-8.998845516149435
