objID,ra,dec
109613542931685201,354.29330136,1.34539745
109613542933354933,354.29332606,1.34540628
