objID,ra,dec
108583544618314674,354.4618242557119,0.4868067871141173
108583544615204597,354.4615565083038,0.4868141572392037
