objID,ra,dec
106203547224817522,354.7225060396656,-1.4938943789566212
