objID,ra,dec
110513542199791031,354.2200024334141,2.092057826286939
