objID,ra,dec
107393548199289372,354.81990998,-0.50092796
