objID,ra,dec
104033544137925860,354.41383620358425,-3.303819222741874
