objID,ra,dec
106703541047472064,354.1048420471829,-1.0820436941785867
