objID,ra,dec
112693546084598171,354.6084598557752,3.914716381950111
