objID,ra,dec
105683541352748371,354.13533125981036,-1.9265357596898702
