objID,ra,dec
109333548016344866,354.8016075398236,1.1119382367238198
