objID,ra,dec
113663541056130917,354.10561660200267,4.717081802407213
