objID,ra,dec
108693546156389135,354.6156498949364,0.5822334258824673
