objID,ra,dec
104493541487218750,354.14865541570356,-2.9179766008756665
