objID,ra,dec
109433544802295204,354.48030864466295,1.1957160553936441
