objID,ra,dec
108353541468657348,354.146887093058,0.29747491186748576
