objID,ra,dec
114293547385198151,354.7385675834592,5.248060886727277
114293547388168139,354.73883355,5.24807385
