objID,ra,dec
110263541597664039,354.1598223445046,1.8863771898271413
