objID,ra,dec
105493541836381826,354.18367369208227,-2.090438180892151
