objID,ra,dec
105883548258121953,354.8256386417001,-1.765421328359778
105883548255082142,354.8256023700007,-1.7653533087607545
