objID,ra,dec
109413544737678449,354.4738618060131,1.1815763695151669
