objID,ra,dec
112953548097649512,354.8098033924899,4.132511878886564
