objID,ra,dec
110233547488732296,354.74888976,1.85990553
