objID,ra,dec
110163540337840802,354.0337838148065,1.8003703922836778
