objID,ra,dec
107153542230120033,354.22301108,-0.70863634
