objID,ra,dec
104883549971206176,354.9972231012042,-2.595277194667459
104883549974156095,354.9974135007791,-2.595238086869253
