objID,ra,dec
109163546029908500,354.60303807465993,0.9732549948686132
109163546031738240,354.6031195952795,0.9731989381356061
