objID,ra,dec
104593543162954505,354.3162631093357,-2.8382294829641417
104593543160914758,354.31616351988004,-2.838097786966344
