objID,ra,dec
110823541401691319,354.14021552953295,2.3506691067531436
