objID,ra,dec
107973541913934676,354.1914328868826,-0.02144727171803516
