objID,ra,dec
110083543571175891,354.35709706397597,1.7377968952767553
