objID,ra,dec
106983541012758475,354.1012391128226,-0.8433163595241124
