objID,ra,dec
114163549441089119,354.9441533176916,5.140465454397493
