objID,ra,dec
113413547479940913,354.74808510975237,4.508720146395894
