objID,ra,dec
105843541249185959,354.1249406212196,-1.7953964155580722
