objID,ra,dec
113653545628093177,354.5628800070918,4.710660087891586
