objID,ra,dec
106373543851088374,354.38514938905774,-1.3516529099646257
