objID,ra,dec
107163543783048268,354.37816644,-0.69356592
107163543780588028,354.3780689324761,-0.693687075184594
107163543779467714,354.3780674201686,-0.6937033069721646
