objID,ra,dec
107163547995837697,354.7995710407677,-0.6939251417518786
