objID,ra,dec
105923548576508356,354.8576602717863,-1.7267664319156757
