objID,ra,dec
108583540854082472,354.08544251612705,0.4849555051907782
