objID,ra,dec
107103549743273149,354.97431033622445,-0.74778239789453
