objID,ra,dec
106633549365328870,354.93660486243306,-1.1347379817655026
