objID,ra,dec
106573540182649063,354.018244584063,-1.1845091112803623
