objID,ra,dec
109053549395579918,354.93952563098446,0.8829123755156464
