objID,ra,dec
108923542494472169,354.2494533219744,0.7680422226886462
