objID,ra,dec
107893547814892868,354.781446329739,-0.0895417376987487
107893547812133170,354.78138874,-0.08947882
