objID,ra,dec
108313547978277125,354.7978174190183,0.2638312104201506
