objID,ra,dec
105973540812924110,354.0814040566457,-1.6885100051186244
