objID,ra,dec
108033549456765465,354.9457120616007,0.029050647614605823
