objID,ra,dec
112723542544473028,354.2544526125279,3.935476977559209
