objID,ra,dec
107453543215266567,354.32152591331345,-0.4532135270991449
