objID,ra,dec
95303544187618514,354.4188418305338,-10.576573584537474
