objID,ra,dec
109213546818375246,354.6818675709177,1.0123065445502233
