objID,ra,dec
105333546844628199,354.6844482698111,-2.218599357398298
105333546842357970,354.68425526,-2.21873276
