objID,ra,dec
113623541087832443,354.10877246430556,4.685016253998283
