objID,ra,dec
108783540290264742,354.02903712715994,0.6535188006576983
