objID,ra,dec
111823546155050670,354.61551803313796,3.1835312719414253
