objID,ra,dec
110663547866889839,354.78669070892255,2.224476963233025
