objID,ra,dec
97093548882401924,354.88826958143085,-9.090383914353854
