objID,ra,dec
104423549092311892,354.90923470115814,-2.9821645322470904
