objID,ra,dec
107773548854537046,354.8854405003707,-0.1861785963959201
