objID,ra,dec
106493546029816761,354.60304178455044,-1.2529995145980086
