objID,ra,dec
105733542102769518,354.2102869008078,-1.8840567464981772
