objID,ra,dec
108573543601469241,354.3601850129204,0.4823718381609279
