objID,ra,dec
104083546754107357,354.67546205481597,-3.260749751993189
104083546754877771,354.675445858655,-3.260705165886595
