objID,ra,dec
113803540755565801,354.07559161588546,4.837775020150041
