objID,ra,dec
105733544152016598,354.41523892,-1.88664761
105733544155546433,354.41549524287376,-1.8867118628977753
