objID,ra,dec
107493546747627854,354.6747594381797,-0.4188987314958688
