objID,ra,dec
108063541373586607,354.13742121,0.05519204
