objID,ra,dec
108773545653772270,354.56549844,0.64323477
108773545654552625,354.56551408419335,0.6434173132134764
