objID,ra,dec
108103543166286121,354.31669749632204,0.08810818293203627
