objID,ra,dec
106593541996093281,354.1995958895948,-1.1727937647435591
106593541997022957,354.19963205107297,-1.1728868763761082
