objID,ra,dec
105953540994298897,354.0994844968943,-1.7013223503286246
