objID,ra,dec
107833545417331988,354.54173941920607,-0.14044777956031088
