objID,ra,dec
105883545458350486,354.5458913462506,-1.7665140524355525
105883545458700855,354.5458607058304,-1.766461039487934
