objID,ra,dec
109253547955937169,354.79560589,1.0472146
109253547955146733,354.79550739,1.04711944
109253547952867249,354.79539897338475,1.0474113865119488
