objID,ra,dec
106463549838151379,354.98385213,-1.28257013
