objID,ra,dec
106833545993711624,354.5994288444206,-0.9740695674750374
