objID,ra,dec
105633543777368888,354.3777532462426,-1.9677719585202793
105633543776479288,354.37766016,-1.9675941
