objID,ra,dec
106273541413137679,354.1413253549876,-1.4356225104753753
