objID,ra,dec
105803543988661480,354.3988471652777,-1.8324417549902112
