objID,ra,dec
112813549090824854,354.9090987700392,4.0119508361183875
