objID,ra,dec
108033544599836344,354.46003290908874,0.030047131960427808
