objID,ra,dec
113013542359034666,354.2358739007133,4.178551302826003
