objID,ra,dec
109663543425471656,354.34255008715076,1.3843330816320336
