objID,ra,dec
105423547216159578,354.7216331241456,-2.1424321758002884
