objID,ra,dec
107533545947706410,354.5948004966846,-0.3867622687952629
