objID,ra,dec
114213542892591304,354.28932134445506,5.175649408065361
