objID,ra,dec
108553547860286645,354.78602209072415,0.4634614024757748
