objID,ra,dec
111093548780322501,354.8780393429736,2.576648474889303
