objID,ra,dec
112143545170038533,354.51700954357614,3.456727879525952
