objID,ra,dec
108703541499883163,354.15005452803456,0.5855763505828153
