objID,ra,dec
106873543213979530,354.3213616851317,-0.9340652459909812
