objID,ra,dec
113703541784035616,354.1784023156839,4.754277198829533
