objID,ra,dec
106693542161670722,354.2160146582038,-1.0914593719083034
