objID,ra,dec
107053548471705391,354.8471486580079,-0.7876763213010745
