objID,ra,dec
104463540573932840,354.0573827045425,-2.94801660420394
