objID,ra,dec
107863543353613779,354.33543553639805,-0.1138563530965246
