objID,ra,dec
110593547189658153,354.7190002190043,2.1648855395298603
