objID,ra,dec
107273541031424193,354.1031403088104,-0.6054765362632087
