objID,ra,dec
105333540722346471,354.0722722934921,-2.2200291361132485
