objID,ra,dec
108803549281081511,354.9280777918972,0.6675393952204144
