objID,ra,dec
104553544212858812,354.4213106937639,-2.8679833935759533
