objID,ra,dec
107123545946290485,354.59463960448124,-0.7332896415338203
