objID,ra,dec
114273541550446187,354.15498186237727,5.229728368017462
114273541545686139,354.15470978382814,5.229742831061824
