objID,ra,dec
95473545100511159,354.50999393,-10.44083286
95473545099761490,354.5100181195774,-10.44082312197843
