objID,ra,dec
110913546448762287,354.64492786998926,2.426496796204384
