objID,ra,dec
95953546363812539,354.63638952045835,-10.039861559257163
