objID,ra,dec
107123545951861917,354.59522764565776,-0.7320911925447057
