objID,ra,dec
96293540299569467,354.0299621147066,-9.750745504037349
