objID,ra,dec
106083547410980391,354.74110524318365,-1.6000308609609684
