objID,ra,dec
106683545216471946,354.5217123,-1.09874488
106683545219221593,354.52195759,-1.09905271
