objID,ra,dec
107533544682029206,354.4682911403231,-0.38449362965252915
