objID,ra,dec
111833543032042175,354.30309621559564,3.1930056896127588
