objID,ra,dec
108793542723837988,354.27239251727906,0.6645298605099442
