objID,ra,dec
104213543943826587,354.3944116016242,-3.153209134278264
