objID,ra,dec
114053548573128209,354.85732704554766,5.048158098297565
