objID,ra,dec
114073543604361293,354.3604618282524,5.059000714970806
