objID,ra,dec
108193551293063324,355.1293414291599,0.1607429584313677
108193551297853251,355.129565811176,0.16072696856020516
