objID,ra,dec
108813554827894125,355.48277977457855,0.6780343069085077
