objID,ra,dec
112343552896947070,355.2897249473331,3.6221464219361534
112343552893867042,355.2895147538435,3.622121328200113
