objID,ra,dec
107573554428744730,355.44288565,-0.35479955
