objID,ra,dec
114153550849568448,355.084976411276,5.131755562039378
