objID,ra,dec
112373552888225141,355.28880896793163,3.645632736043555
