objID,ra,dec
111703554207499183,355.42075842393444,3.0905613108357968
