objID,ra,dec
106253555023504883,355.502411613879,-1.4545839369528324
106253555023024826,355.50223955329574,-1.4546602548805692
106253555020214863,355.50204086,-1.4546622
