objID,ra,dec
96413551032948862,355.1033070676186,-9.651300558843854
