objID,ra,dec
109053551664791290,355.16655078,0.87568732
