objID,ra,dec
113233556676058876,355.667617701564,4.3654049281531595
