objID,ra,dec
106193553553328811,355.35531377,-1.50134455
