objID,ra,dec
105123552969660995,355.296979285143,-2.3995783379388325
