objID,ra,dec
107433551714046449,355.17148757377333,-0.47008862719815897
