objID,ra,dec
110583550545452231,355.0546857589302,2.151612732491827
