objID,ra,dec
108833553425922782,355.3426602806431,0.693748751630851
108833553426443157,355.34267418942085,0.6937999059505889
