objID,ra,dec
106223552742476537,355.27424461792805,-1.4782648668362606
