objID,ra,dec
108653556162559871,355.61624073719145,0.5494591318065697
