objID,ra,dec
113843551970346444,355.1970304764883,4.871658053022039
