objID,ra,dec
112433551644297344,355.1644524336527,3.6975026037895042
