objID,ra,dec
114433552990475691,355.2990245493902,5.36269176095473
