objID,ra,dec
104423552183867567,355.2184087612847,-2.977397478254182
