objID,ra,dec
108343554270323046,355.4269617567171,0.2855860663898714
