objID,ra,dec
108723555603836337,355.5605178771512,0.6047578709866275
108723555606306137,355.56058445,0.6047501
