objID,ra,dec
107533554714299904,355.47149471065717,-0.3837864812159831
