objID,ra,dec
111333551609821996,355.1609612232823,2.776183210378609
