objID,ra,dec
110663559135636794,355.9136135320102,2.221978584228416
