objID,ra,dec
111483557896048027,355.789556214196,2.906305142902736
