objID,ra,dec
97533554186486507,355.41867860309173,-8.719911421221012
