objID,ra,dec
96013554865854364,355.4866275343605,-9.988330029973348
96013554862064425,355.48662283111844,-9.988331165551275
