objID,ra,dec
113363554979049377,355.4980337618494,4.474058001430534
