objID,ra,dec
96243558072427198,355.80723152,-9.79432391
96243558071247580,355.8071887641319,-9.794073841843518
