objID,ra,dec
108323552372649408,355.23726552999295,0.2741368575913851
