objID,ra,dec
111133552782474525,355.2782360982673,2.6116667866702423
