objID,ra,dec
107923559838785631,355.98365598,-0.06223558
107923559836285818,355.9836072088924,-0.06224338532015247
