objID,ra,dec
108313552496003731,355.249688128912,0.26113656237371896
