objID,ra,dec
106713556275501163,355.62757940924945,-1.074402526513939
