objID,ra,dec
106823554935506474,355.4935582890585,-0.9783260487198173
