objID,ra,dec
111803550898636953,355.0899021853887,3.172102296853071
