objID,ra,dec
108363553163727887,355.31633533596363,0.306218376313747
