objID,ra,dec
106273556980911032,355.69815845035333,-1.4411540902621232
