objID,ra,dec
108953556553709947,355.6554402816204,0.7995552002407731
