objID,ra,dec
113183554409380765,355.44107876264655,4.316921487222103
