objID,ra,dec
110413559760849816,355.97619027151,2.0160435114017297
