objID,ra,dec
108303556347205661,355.6347094825997,0.2543932120866578
