objID,ra,dec
109163551837996991,355.1837896901208,0.9722882284828727
