objID,ra,dec
107943554925490292,355.4925845986317,-0.05013660943996844
