objID,ra,dec
108793556380002520,355.6379784639121,0.6600746417150684
