objID,ra,dec
107223556417076043,355.6417538495382,-0.6453456670497645
