objID,ra,dec
112273553002875973,355.30022835,3.56293599
112273552999965759,355.3000333245139,3.5628018469906695
