objID,ra,dec
109273553754396986,355.37545648,1.06377488
109273553757447247,355.3755998022142,1.0639966343231393
