objID,ra,dec
106033554990535752,355.49906097569595,-1.6372954395937984
