objID,ra,dec
97043556244095476,355.6244196790795,-9.129077655940772
