objID,ra,dec
113873553335228032,355.333581003367,4.897960103172809
