objID,ra,dec
106603556509839188,355.65107334415075,-1.1593783941441622
