objID,ra,dec
109643552044366083,355.20457958861573,1.3712995144591535
109643552047666063,355.20458887458597,1.3713177405710937
