objID,ra,dec
107263555997651163,355.59967080293035,-0.6158646368415046
107263555997091659,355.59967536874694,-0.6158368615527011
