objID,ra,dec
109973551661228592,355.16617651634795,1.64839809815756
109973551663638414,355.16637854,1.64833013
