objID,ra,dec
111563554224606294,355.4224749017691,2.9714755775604518
