objID,ra,dec
108113555917426698,355.59159087,0.09705202
108113555915277072,355.5915544149877,0.09715752699419478
