objID,ra,dec
105333557413547331,355.7413481289444,-2.2192648388678813
