objID,ra,dec
109573552936910180,355.2937275260678,1.30808843364901
