objID,ra,dec
107623554018873720,355.4017922745504,-0.31387208672700423
107623554016093827,355.40175946447533,-0.313875886905786
