objID,ra,dec
111283554976418860,355.49779188761744,2.740272857519212
111283554979538895,355.4978337005187,2.740263538561115
