objID,ra,dec
107573558245976190,355.82470368915926,-0.3535985801155592
