objID,ra,dec
104343551655380060,355.1655635907326,-3.0503185219576134
