objID,ra,dec
106453555896028392,355.58963549486526,-1.2851006408197505
