objID,ra,dec
113153554467505246,355.44676302403366,4.295601843086023
