objID,ra,dec
107723553054884573,355.30548245338167,-0.22996671893233167
