objID,ra,dec
109013553990706476,355.3990262385677,0.8466693536323752
