objID,ra,dec
112673555427286339,355.54274104598466,3.8965624888148733
