objID,ra,dec
113993555232600363,355.52327207087455,4.991556578540665
113993555231360664,355.5232515028831,4.9917005136040205
