objID,ra,dec
110573552906428075,355.29061564867106,2.147919191824483
