objID,ra,dec
113253553921164874,355.39216707147915,4.378719147969188
