objID,ra,dec
104573556518071572,355.6517411664714,-2.857207618383189
104573556515721855,355.65173004938026,-2.8571951143532384
