objID,ra,dec
114183553384733871,355.3385449455737,5.152893676358841
