objID,ra,dec
110023550886507491,355.08865279346895,1.6891394806979856
110023550883817212,355.0885215883099,1.6889800518950322
