objID,ra,dec
110523559487761216,355.94885487194125,2.1004621754482478
110523559489030902,355.948865369736,2.1004533279595763
