objID,ra,dec
97103553583553802,355.3584180629622,-9.080468256450757
