objID,ra,dec
95143553476881478,355.34769551781807,-10.715771386338083
