objID,ra,dec
104413550286205801,355.0286057885442,-2.9872301602328193
