objID,ra,dec
108023554370514258,355.4371645676178,0.019840492164079498
