objID,ra,dec
111443554753801110,355.4754533708104,2.867144024449479
