objID,ra,dec
104673559117072744,355.91167617518676,-2.7730853469756074
104673559116162425,355.91169673,-2.77312414
