objID,ra,dec
108403557019980239,355.7020989748065,0.333075004650094
