objID,ra,dec
109403556822023322,355.682170940575,1.1690779461934793
