objID,ra,dec
106143558772537335,355.87723714292116,-1.5442741168465905
