objID,ra,dec
108773554806563308,355.4806065885779,0.6440966788937871
