objID,ra,dec
108103556162525056,355.6162855375528,0.08714174491785394
