objID,ra,dec
108803559065999787,355.9067727808035,0.6743890111621982
