objID,ra,dec
105373550536155434,355.0534729229082,-2.187548776139401
105373550534425170,355.05345117199363,-2.187568197322963
