objID,ra,dec
95353556140369649,355.6140323103643,-10.533937390289214
