objID,ra,dec
113463556286293623,355.6286625383602,4.552632690660173
