objID,ra,dec
106263558311493894,355.831163838974,-1.4470974952887146
