objID,ra,dec
108943552150171185,355.21500934077727,0.7840069434143888
