objID,ra,dec
110973557353764685,355.73541805,2.47855708
110973557354745023,355.7354777675694,2.4787563824540593
