objID,ra,dec
107063553424864145,355.3425767141086,-0.7802751300448658
