objID,ra,dec
113883555851322930,355.5851650801054,4.902053653931308
