objID,ra,dec
108213550890390278,355.0890043454418,0.17493129117788428
