objID,ra,dec
108413559181968375,355.91822286677075,0.3482372631206978
