objID,ra,dec
110923555559134291,355.55587522245963,2.4364589344749485
