objID,ra,dec
96483555109394551,355.5110048152488,-9.596587465246781
