objID,ra,dec
95643551798985558,355.17995804387795,-10.295663985713142
