objID,ra,dec
108263556927201882,355.69269275,0.21783319
