objID,ra,dec
106913558361249364,355.8362536238119,-0.900797699952905
