objID,ra,dec
105193559745766046,355.97453736829544,-2.3370491284878687
