objID,ra,dec
108933555694968990,355.56942242235607,0.7820766264643928
