objID,ra,dec
106213559559141632,355.955996396992,-1.4906893051647205
