objID,ra,dec
108693557113948449,355.71158538,0.5815801
108693557115978339,355.71166558576056,0.5814304886946293
