objID,ra,dec
109503558112700589,355.8113401294549,1.2501580330589608
