objID,ra,dec
95333558421698428,355.84219030260675,-10.551653412191273
