objID,ra,dec
110073558351893473,355.83521863,1.7275452
110073558353743868,355.8353281405143,1.7277634213399402
