objID,ra,dec
111313558629318911,355.8629033694811,2.765315199573325
