objID,ra,dec
107393552743709902,355.2744098524849,-0.5004851459375032
