objID,ra,dec
107883559104542916,355.9104245776339,-0.09791066634763519
