objID,ra,dec
111853558826697077,355.88273217594394,3.2138377750119864
