objID,ra,dec
106303555227449567,355.52276726154156,-1.409102960976954
