objID,ra,dec
94823551288599765,355.12887136804625,-10.975494204099206
