objID,ra,dec
113323551788818357,355.1789494584384,4.43999929725465
