objID,ra,dec
112973556242054324,355.62417158880214,4.144810604563804
112973556240024567,355.62403708,4.14509436
