objID,ra,dec
106423550280340585,355.0281345117913,-1.316654752202564
