objID,ra,dec
104753557288166053,355.728908551349,-2.7035553531336465
104753557288416407,355.728946868685,-2.703472988217664
