objID,ra,dec
109013552873302657,355.28748778263764,0.8436066490199717
109013552873573024,355.2875014965095,0.8436594914036568
109013552876102747,355.2874860779051,0.8436643091050658
