objID,ra,dec
108753556121499748,355.6121592411271,0.6327387497465613
