objID,ra,dec
107993555486636967,355.54874487998893,-0.002909641074622197
