objID,ra,dec
114153554670663883,355.4671089848469,5.127762476887237
