objID,ra,dec
107143555461526395,355.54620272797945,-0.7117430685493606
