objID,ra,dec
108293552659588192,355.26594709,0.24811216
108293552660147850,355.2660066366498,0.2478881645453233
