objID,ra,dec
111613554699805277,355.4698956006221,3.012201470407456
