objID,ra,dec
105933554545621986,355.4546397601795,-1.7236582549155914
