objID,ra,dec
104013551578045533,355.1578524515846,-3.32077667766605
104013551581185469,355.1578763093553,-3.3207878886546154
