objID,ra,dec
107783557398692493,355.7399669369248,-0.18167365796290177
