objID,ra,dec
113333557586575851,355.75864291954383,4.446089525587681
