objID,ra,dec
108963551139284213,355.11391784811815,0.8031845472433934
