objID,ra,dec
109293555137371259,355.5136990994737,1.0756980995976995
