objID,ra,dec
114103550299111413,355.02997829572774,5.084061355334256
