objID,ra,dec
105383557953335351,355.79532209381756,-2.1792441893504293
