objID,ra,dec
107423556539897837,355.65403709487583,-0.4771324806636402
