objID,ra,dec
105443557367964214,355.7368910225761,-2.1301614242185556
