objID,ra,dec
110753557460931798,355.74608619564196,2.292893952947765
