objID,ra,dec
105733550118327326,355.0118034352683,-1.886008034632637
