objID,ra,dec
106893554307264234,355.43076186130486,-0.9218459340462756
