objID,ra,dec
108403553424970466,355.34253480142837,0.33328832967561883
