objID,ra,dec
110123551526854259,355.15268072,1.76985802
110123551523974014,355.15251363147905,1.7696269450687259
