objID,ra,dec
109163556624541332,355.6624957196883,0.9673694827268197
