objID,ra,dec
107713557327668063,355.73281687682106,-0.23537004389964433
