objID,ra,dec
113703554924178214,355.49244056815104,4.756386596618047
