objID,ra,dec
108053551336582032,355.1336649,0.04300009
108053551333831961,355.1334119723815,0.04291686900174557
