objID,ra,dec
108203554512897825,355.45129331,0.17278826
108203554515697789,355.4514741,0.17267527
