objID,ra,dec
108313550895968014,355.08971013793166,0.26463790229455836
