objID,ra,dec
107463550536678208,355.05388909,-0.4437002
107463550537607654,355.053777458821,-0.4438782158004935
