objID,ra,dec
107883551020208952,355.1020423900371,-0.09298836196908021
