objID,ra,dec
107943558360706368,355.8361005607409,-0.04501150117086322
