objID,ra,dec
114033550662378437,355.0661995028809,5.0316466592640445
