objID,ra,dec
108063551038520874,355.1039495461407,0.050364261307377235
