objID,ra,dec
108093552478577824,355.247948464839,0.0811623044268501
