objID,ra,dec
107543555570683874,355.55720178201886,-0.3803876072179928
