objID,ra,dec
110893557991864105,355.79924843505796,2.411364155853545
