objID,ra,dec
97663550955003561,355.09554178188307,-8.614023173339685
