objID,ra,dec
113593554142106979,355.4142724297406,4.663755527078366
