objID,ra,dec
104453550274200237,355.0274105518424,-2.958515831467203
