objID,ra,dec
109263553298173099,355.3298557702323,1.0522103949198096
