objID,ra,dec
112923554103796692,355.4104109922738,4.105161001063848
