objID,ra,dec
107463556512252803,355.65122575,-0.44801943
