objID,ra,dec
108883551808871075,355.1808926670149,0.7338595593620971
