objID,ra,dec
111653553282908219,355.32826328412506,3.0481032459876083
