objID,ra,dec
96653554767347216,355.4767039821485,-9.452624685354381
