objID,ra,dec
95053550009818078,355.0011741639819,-10.785347221351916
