objID,ra,dec
95043551932039463,355.193245215138,-10.79241723349156
