objID,ra,dec
106283555723659306,355.57235724,-1.42593186
106283555721429094,355.57212423758136,-1.426050493608036
