objID,ra,dec
106763559903210009,355.9903832648058,-1.0336403937920726
