objID,ra,dec
105803553966822088,355.3967619543328,-1.831958878908726
