objID,ra,dec
114033555802172001,355.5802795568495,5.026281206723497
