objID,ra,dec
95723553023005294,355.3023234132901,-10.22924215976552
