objID,ra,dec
107353552245740978,355.224722,-0.541132
107353552246381367,355.22466811083035,-0.5409667479752631
