objID,ra,dec
108393557317635325,355.73175974664,0.32902621129443954
