objID,ra,dec
96423558326781415,355.8327013222063,-9.649165916539308
