objID,ra,dec
104283551218173302,355.1218289940354,-3.0976202193793108
