objID,ra,dec
109663555615706398,355.5615582053265,1.3882546595283825
109663555618486259,355.56167775,1.38821958
