objID,ra,dec
109293552129820676,355.21302543617554,1.075214113634719
