objID,ra,dec
106563559566592316,355.9566886533006,-1.1984299810241323
106563559563622291,355.95640391,-1.19845615
