objID,ra,dec
108463550564281135,355.0564856847434,0.38379667804410306
108463550565090695,355.05652758203126,0.3837133805957862
108463550567351274,355.05665166,0.38387144
