objID,ra,dec
96073553036109605,355.30365724728847,-9.934006401772999
