objID,ra,dec
111773555193713784,355.51939164578266,3.1444312109463985
111773555192474119,355.519306,3.144645
