objID,ra,dec
109223552663909312,355.2663655163815,1.0240634547314622
