objID,ra,dec
108623557617656831,355.76189908287296,0.5221446472222129
108623557619437241,355.76190611914274,0.5221350072176557
