objID,ra,dec
106043552623634261,355.26233822635896,-1.630119230366686
106043552624584720,355.26247804,-1.62977567
