objID,ra,dec
110063557907689836,355.79078542422957,1.724439889764831
