objID,ra,dec
108213559689246238,355.9689315176883,0.17980087856986837
