objID,ra,dec
112573557080719744,355.70802643720714,3.8161033590928137
