objID,ra,dec
94813553054820379,355.30556132566556,-10.991681708434637
