objID,ra,dec
103923558602600633,355.86023675421757,-3.3998132760690623
