objID,ra,dec
94723550854533150,355.08545631062316,-11.064349419322713
