objID,ra,dec
110703550171635340,355.01715915018127,2.254067327645464
