objID,ra,dec
105083559834421581,355.9834279212668,-2.432379691498884
