objID,ra,dec
104203558250328729,355.82511579521207,-3.159696195876431
