objID,ra,dec
107763553079113746,355.30795061838427,-0.19729387326941555
