objID,ra,dec
113913556987453107,355.6988363292985,4.9271849787512165
