objID,ra,dec
107623556900985473,355.69020889808667,-0.3124746279068567
107623556903985388,355.69042432,-0.31252828
