objID,ra,dec
106553555027540645,355.50274991575543,-1.2081668933144016
106553555025560987,355.5026083,-1.20790869
