objID,ra,dec
107683556367351719,355.63677489122944,-0.2655879079503197
