objID,ra,dec
110773550500195759,355.0499571680125,2.312732367553748
