objID,ra,dec
109283553084103517,355.30834620648045,1.0691664387523727
