objID,ra,dec
109013554657456889,355.4657704060512,0.8469674609896877
