objID,ra,dec
108033555260358223,355.52600881,0.03145372
