objID,ra,dec
107843553493420507,355.34963044,-0.13317281
107843553495690897,355.34971149580986,-0.13317775786726155
107843553498300385,355.349709531841,-0.13320422924527253
