objID,ra,dec
103983555344332961,355.5344384965518,-3.347981275544935
