objID,ra,dec
113833558027394855,355.80281183872455,4.861933121373016
