objID,ra,dec
105013556975265607,355.69756484866866,-2.4873381484026593
