objID,ra,dec
105493556182756128,355.6182476029491,-2.086803213479354
