objID,ra,dec
109463556282818419,355.6283599683814,1.2233520451346152
109463556285058674,355.6284672264737,1.2234166114551053
