objID,ra,dec
105863557266102635,355.7266832389058,-1.7815446720715646
