objID,ra,dec
110053558949997927,355.8952104495216,1.714545434971639
