objID,ra,dec
106013552222798809,355.22231334,-1.65136291
106013552220578502,355.22220291430517,-1.6516671301056145
