objID,ra,dec
108093552499926598,355.2500931941422,0.0801716232886653
