objID,ra,dec
109163559453631962,355.94537044300836,0.9679215935668516
