objID,ra,dec
105773556400911324,355.64012432,-1.85757943
105773556403171020,355.64018646,-1.85783024
