objID,ra,dec
113683554956458846,355.4956871541549,4.740348852418459
