objID,ra,dec
114413551381796604,355.1381439264448,5.3468082972823225
