objID,ra,dec
114103551579368265,355.15786483995026,5.089839809388447
