objID,ra,dec
106923555149023823,355.5148437156897,-0.8972858952665106
