objID,ra,dec
107203552280490690,355.2281147690541,-0.6664333914189791
