objID,ra,dec
107653558137011668,355.8137893,-0.2906741
