objID,ra,dec
103853557322335700,355.73219228,-3.45397043
103853557320005503,355.73200754558354,-3.454152677762066
