objID,ra,dec
107663554293962360,355.42945191,-0.28172257
