objID,ra,dec
108283559932837050,355.99328754,0.23884707
108283559932077378,355.993246400203,0.23907137489568966
