objID,ra,dec
111543551922495836,355.19229963857947,2.954430009733836
