objID,ra,dec
114073554515652279,355.45157409920455,5.059773269704703
114073554512412066,355.45137,5.05967315
