objID,ra,dec
112103551960186381,355.1959746485973,3.4217145562456714
