objID,ra,dec
113553550172041817,355.0172612997721,4.6261412571556315
