objID,ra,dec
111263556475467971,355.6476305901719,2.7228291415234445
