objID,ra,dec
107953552637144516,355.263741997826,-0.03822645322148247
