objID,ra,dec
95073555704430084,355.57039824385896,-10.775323115470494
