objID,ra,dec
109703551819131008,355.181939554711,1.4171204632895025
