objID,ra,dec
114123553161256072,355.3160802421039,5.104657467361285
