objID,ra,dec
112943556789057207,355.6789097154968,4.1222906529887675
