objID,ra,dec
113323553197414543,355.31975161733544,4.436778281417757
