objID,ra,dec
109453558803999067,355.8805133333371,1.2155340260470873
