objID,ra,dec
108413558670057876,355.86697807438173,0.34779671034806436
