objID,ra,dec
108183551514037563,355.15143018172836,0.15593019378583237
