objID,ra,dec
104173559811887548,355.9812534994089,-3.18568508728245
