objID,ra,dec
110443550436382191,355.0437745837434,2.0345737947320472
110443550438411884,355.0437740966121,2.03457755067049
