objID,ra,dec
95893551052928135,355.10533942417175,-10.085206573640487
