objID,ra,dec
110893553902197440,355.3902524902931,2.414111728774563
