objID,ra,dec
106733554029256879,355.4030736879132,-1.0530045615479313
