objID,ra,dec
107493552574940419,355.25751302560997,-0.42494187820883716
