objID,ra,dec
109193551671701888,355.16720223070035,0.992878824587855
