objID,ra,dec
109353557758829673,355.7758817307121,1.1325477671142068
