objID,ra,dec
110293550166591053,355.0165748854103,1.9088452306857304
