objID,ra,dec
113933555778321723,355.5779138725385,4.9427136777280625
