objID,ra,dec
108763559974907685,355.9974515840686,0.6393704366013911
