objID,ra,dec
112783551089005980,355.10891955160116,3.9879159056666262
