objID,ra,dec
107383553656096856,355.36572501221184,-0.5113634698704478
