objID,ra,dec
111273553323360808,355.332270084001,2.7254102018182125
