objID,ra,dec
108543559333589654,355.93346993092035,0.45760750661285704
108543559337149679,355.93368616,0.45770344
