objID,ra,dec
109453555890505704,355.58905505858337,1.212643329066811
