objID,ra,dec
109453557792978998,355.77947833,1.21563068
109453557794569276,355.7794764411355,1.2156327658625476
