objID,ra,dec
108573558928721068,355.8929433726754,0.4755016654411954
