objID,ra,dec
108913553405736931,355.3405313217165,0.7637691652686899
