objID,ra,dec
107503555404643481,355.5406549088935,-0.41419685383725074
107503555407513448,355.5406608186675,-0.4141922604284667
