objID,ra,dec
109883555399206305,355.5400771588964,1.5714892175271644
