objID,ra,dec
109943552081393679,355.20819260464975,1.6193571786643082
