objID,ra,dec
105893557502512000,355.75025568534517,-1.7570154585420468
