objID,ra,dec
107953553991809424,355.3992608221948,-0.03416857341966896
