objID,ra,dec
105213555688213411,355.56891790122864,-2.3224668071513888
