objID,ra,dec
107703556612873957,355.66129723424916,-0.24715200531746045
