objID,ra,dec
109853557225365259,355.722447962055,1.5456476734353064
