objID,ra,dec
106633557416562833,355.74184067,-1.13976547
