objID,ra,dec
106993558925171494,355.8925321229601,-0.8407719629343507
