objID,ra,dec
107643557487068544,355.7488915,-0.29329574
