objID,ra,dec
107023557863524333,355.78648818108957,-0.813622458224304
