objID,ra,dec
106203555103680187,355.51034615571234,-1.4998648067477762
106203555101990697,355.5103361148214,-1.4998609081514025
