objID,ra,dec
114283552120299497,355.211983753938,5.240811611261378
