objID,ra,dec
113563554576157752,355.45767954968517,4.639477038043708
