objID,ra,dec
112153559100782822,355.9100908745722,3.4603508867941484
