objID,ra,dec
103823559193985173,355.9193917717281,-3.4793796790338014
