objID,ra,dec
106993558324918757,355.83251975,-0.83469787
