objID,ra,dec
95743551727510025,355.17281058047575,-10.216962678066881
