objID,ra,dec
106453555532432978,355.55328801837226,-1.2895657806785878
