objID,ra,dec
113203557643181127,355.76431669359073,4.333824592064077
