objID,ra,dec
108403556309521490,355.63102068,0.33422769
108403556312211577,355.63124047,0.33425579
