objID,ra,dec
108593551020479360,355.1021483979609,0.4992113132874503
