objID,ra,dec
106923557708429009,355.77091729183127,-0.8928858579659337
