objID,ra,dec
106563551333520699,355.1333193800151,-1.1997577076308346
