objID,ra,dec
106723553145228964,355.3145568827211,-1.0595434513389046
