objID,ra,dec
107023552537143396,355.2537279404429,-0.8142408442936934
