objID,ra,dec
108403556810470902,355.68107507,0.3336906
108403556810970445,355.68112399,0.33331448
