objID,ra,dec
112353553807486125,355.38074594263,3.6296759432195125
