objID,ra,dec
107243555651915136,355.56520333664446,-0.6294433602774289
