objID,ra,dec
103893557282754860,355.72829514776777,-3.4213082886344406
103893557280585106,355.72816417,-3.42110875
