objID,ra,dec
94763552109254138,355.210881428742,-11.030293761485074
94763552105764034,355.2106398779844,-11.030240788650834
