objID,ra,dec
96873556025963643,355.60262733047875,-9.272288143534835
