objID,ra,dec
108113554901655442,355.4900646076775,0.09579319937207433
