objID,ra,dec
107853553659841650,355.3660423282585,-0.12399321305906758
