objID,ra,dec
105893556008815807,355.6008726948463,-1.7537478692057031
