objID,ra,dec
113893555005742593,355.5006249058694,4.910132248650166
