objID,ra,dec
111983559194033515,355.9193242135062,3.319257197003329
