objID,ra,dec
107533550357301894,355.03577678096724,-0.39047575815010543
