objID,ra,dec
108723555890056207,355.5890621399975,0.6048530370603606
