objID,ra,dec
106163554540454338,355.4541017572913,-1.530177842718088
