objID,ra,dec
106643553820986945,355.3821358532342,-1.1279535362274926
