objID,ra,dec
108163552225833059,355.22267587721626,0.13555956697488217
