objID,ra,dec
109483554475155964,355.447497011724,1.2379099310979367
