objID,ra,dec
108763554654822034,355.46534933719215,0.6347184296561393
