objID,ra,dec
108933551905205706,355.19047883228706,0.7794275736843144
