objID,ra,dec
110623552070241012,355.2070495508467,2.1837927467241323
