objID,ra,dec
108033551781836409,355.17821833,0.0299676
