objID,ra,dec
111543553967833076,355.3967746136993,2.9521619975412836
