objID,ra,dec
107653553242042859,355.32431223,-0.28961087
107653553237862910,355.32385951,-0.2895728
