objID,ra,dec
107473557436843192,355.74359297183815,-0.43940565464690473
107473557433573164,355.7435764114924,-0.43937588734969846
