objID,ra,dec
107973554108021349,355.4108236357232,-0.02421149366403957
