objID,ra,dec
113713559918844185,355.9918880701488,4.761410312045218
