objID,ra,dec
111993555778746535,355.5778679900782,3.3300688964600407
