objID,ra,dec
105143555936746006,355.5936266352109,-2.378677179792024
