objID,ra,dec
109033557981539735,355.7981737022193,0.8660544326104882
