objID,ra,dec
108793551353592428,355.1354337686044,0.6600458512014893
