objID,ra,dec
107363553301881179,355.3302607398908,-0.5327712945218092
