objID,ra,dec
108673552292159151,355.22923492,0.56554985
108673552293438806,355.229345788469,0.5653191043253818
