objID,ra,dec
108313558475704056,355.8476425243975,0.26136681602899026
