objID,ra,dec
108193555594997740,355.55950936,0.16440393
108193555593197421,355.5594144890155,0.16418032718170913
