objID,ra,dec
97603552468996672,355.2469246139518,-8.66143374279989
