objID,ra,dec
106463555060137424,355.50607065057665,-1.277574271582292
