objID,ra,dec
107363553345164579,355.3345713409225,-0.5299147136860511
