objID,ra,dec
106753558009204417,355.80105237756123,-1.0383116918920594
