objID,ra,dec
107963551418337410,355.1418606811992,-0.027486768606363624
