objID,ra,dec
104203553261374816,355.3261511108712,-3.1629722862579173
