objID,ra,dec
104393559490009269,355.94902034788254,-3.000925441614348
