objID,ra,dec
108573559117251363,355.9119367523449,0.4757547509070973
