objID,ra,dec
107893552009418387,355.2010313403545,-0.08514647859589135
