objID,ra,dec
105523556446353790,355.64461923,-2.06385381
105523556443183682,355.64437279857833,-2.0639003123360973
105523556440563824,355.64417756,-2.06377569
