objID,ra,dec
111213553263806020,355.32623030728297,2.6796416704785413
