objID,ra,dec
108473556414522837,355.64147093285976,0.39365644220110885
