objID,ra,dec
105093559262730487,355.92629438,-2.4249677
105093559260010192,355.9261080461035,-2.4251683268778454
