objID,ra,dec
108533554072227380,355.40731882310786,0.4474962988506274
108533554073937693,355.4073356921837,0.44751110420070256
