objID,ra,dec
108513550718867912,355.07192367,0.43121332
