objID,ra,dec
109233555436109264,355.54356870927904,1.0322066547700175
109233555436908902,355.54358952493715,1.0321980536121322
