objID,ra,dec
113763554913759165,355.49134568,4.80723605
113763554911588880,355.4911919527731,4.8069886311265515
