objID,ra,dec
109393559270467431,355.9270766955313,1.1641076068613423
