objID,ra,dec
110633553414488459,355.3413289136159,2.1982428466669175
