objID,ra,dec
114283554111352020,355.411146211462,5.2345880029538865
