objID,ra,dec
106623554375345011,355.43757634611285,-1.1461355325508027
