objID,ra,dec
106143554546577274,355.45452224232764,-1.5443280512923157
106143554543827092,355.45446865,-1.54436493
106143554542747410,355.45427274,-1.5442305
