objID,ra,dec
109613552113062874,355.21126583033777,1.3437631530392449
