objID,ra,dec
112923554292351281,355.4292487046425,4.100678304848869
112923554290251535,355.42903373,4.1008782
