objID,ra,dec
107053551384928587,355.13849203,-0.7848453
107053551386169056,355.1385813008721,-0.7844113418468439
