objID,ra,dec
104553553780972867,355.37810515151097,-2.872833109619643
