objID,ra,dec
97433550959558417,355.0959818057566,-8.801656333658187
