objID,ra,dec
113333557123942832,355.71242815294653,4.4436314248556315
