objID,ra,dec
105743556918998815,355.69188721,-1.87633057
