objID,ra,dec
110563554628964820,355.46287795636823,2.1369322502190786
