objID,ra,dec
104243550446642204,355.0446803395968,-3.1319134161877016
