objID,ra,dec
105643552622938953,355.26229036,-1.95967003
