objID,ra,dec
112673554442652187,355.444270359845,3.8931125988529725
