objID,ra,dec
104513551043288611,355.1044135010789,-2.901604743280644
