objID,ra,dec
112623552195423105,355.2195722570915,3.8522069099078107
