objID,ra,dec
97113555125871743,355.5125853328619,-9.073876823286174
