objID,ra,dec
113493553515133296,355.35153741229686,4.5774236524403555
