objID,ra,dec
113443551664179316,355.16638295305387,4.54073318609792
113443551666349602,355.16642767,4.54087802
