objID,ra,dec
112003555966610354,355.59662321653246,3.333214408603294
