objID,ra,dec
108933558021080013,355.8021109038279,0.7746133897726959
