objID,ra,dec
112553554351239735,355.43513095468245,3.799322068558925
