objID,ra,dec
111093555846744652,355.5848654601321,2.5784653301778446
