objID,ra,dec
109193553665020534,355.3664840703817,0.9917720192161493
