objID,ra,dec
113093559558778488,355.9559028768163,4.2483322334403635
