objID,ra,dec
105943550230694861,355.023031435749,-1.7130116973273646
