objID,ra,dec
108053551389798081,355.1390065382027,0.04801444379864609
