objID,ra,dec
106393557522764159,355.7523305113279,-1.3385336737061913
