objID,ra,dec
106673567063331115,356.7063559051803,-1.1078622688754414
