objID,ra,dec
109413566584832711,356.6585077885643,1.1768895169813747
