objID,ra,dec
107913563983404231,356.3981854529412,-0.07187007466228357
107913563979614184,356.39791578,-0.07191794
