objID,ra,dec
110883564179369533,356.4179418154305,2.407362004204911
110883564179749200,356.41794336553414,2.4073455857496975
