objID,ra,dec
108363564614467999,356.4613672271306,0.3062129831699864
