objID,ra,dec
114273569300883110,356.930108234415,5.227176976121551
