objID,ra,dec
109423561862212899,356.18631813947883,1.1853246592699505
