objID,ra,dec
109263569490985225,356.94908460398716,1.0539522510608303
