objID,ra,dec
105163566022177713,356.6023149110601,-2.3605757981105158
