objID,ra,dec
112393561861817156,356.1861774297532,3.663938917477739
