objID,ra,dec
94753564414110753,356.441362139354,-11.041355606517493
