objID,ra,dec
105313567733790127,356.7733492084326,-2.241824812713767
105313567730670437,356.7732238229768,-2.2417510683917206
