objID,ra,dec
109173566277720379,356.627757003286,0.9749550124331237
