objID,ra,dec
109173563463634454,356.3463857978536,0.9782959987994834
