objID,ra,dec
110103566556507788,356.65563409,1.75608809
110103566555557456,356.6556780236403,1.7557523987780068
