objID,ra,dec
113423565437323727,356.5437377155833,4.519378628092344
