objID,ra,dec
105923562667627096,356.2666605724234,-1.7277105648439295
