objID,ra,dec
106613564405911874,356.4406607963355,-1.157133605026354
