objID,ra,dec
95223564915886807,356.49165003162653,-10.644659576895034
