objID,ra,dec
108533566324619180,356.6324188670765,0.44884872391727004
