objID,ra,dec
114153568361279252,356.83616311883486,5.132356523225432
114153568360078876,356.83614544,5.13219228
