objID,ra,dec
107563568319000487,356.8318222613913,-0.36660813870781783
