objID,ra,dec
110623566509521380,356.6511061824909,2.1840512748228877
