objID,ra,dec
106483569659904386,356.9660340785402,-1.263404528892846
