objID,ra,dec
109133560646736074,356.06471518577894,0.9463501515609978
