objID,ra,dec
106643566534247905,356.6533950517055,-1.1271311511378745
