objID,ra,dec
111743562860508803,356.28608642389463,3.1235922102385043
