objID,ra,dec
103943563861029398,356.3858110385962,-3.3757046487979374
103943563860029782,356.38579775602807,-3.375676441485048
103943563856209413,356.3857699567947,-3.3756972159034317
