objID,ra,dec
106413562153379033,356.2154193083155,-1.3179251929009255
