objID,ra,dec
108883564094804415,356.4094436150873,0.73654370261697
