objID,ra,dec
107403565859472510,356.58599617720785,-0.4984604118879791
107403565856742243,356.5859645509294,-0.49849817067779834
