objID,ra,dec
107473568783825006,356.87836082,-0.43789399
107473568785125336,356.8784916366001,-0.4376676690252627
