objID,ra,dec
108603569530593806,356.9530629175861,0.5027675702474711
