objID,ra,dec
109213565126812477,356.51274491513436,1.0100005458696517
