objID,ra,dec
105753569889282008,356.9889866050893,-1.8737561805117053
