objID,ra,dec
108743564796510001,356.4796500789188,0.61626666005181
