objID,ra,dec
96343564552248225,356.45526608859376,-9.7101450160048
