objID,ra,dec
105503562076763783,356.207702155338,-2.0805837252573434
