objID,ra,dec
96403560700548752,356.07004928,-9.65969171
96403560697438673,356.06975437818807,-9.659732174406198
