objID,ra,dec
107013562589093586,356.2589152413642,-0.8224695289494826
