objID,ra,dec
107243564682574003,356.4683056123245,-0.6303543373603514
