objID,ra,dec
114473565669233141,356.56692626466827,5.393890336703244
