objID,ra,dec
105123562952341516,356.29525638683214,-2.399081503339846
