objID,ra,dec
110873562391032341,356.23914579416044,2.3933487886567564
