objID,ra,dec
109183563686915077,356.3687483892077,0.9871836167239832
