objID,ra,dec
111293569545964690,356.95464071364574,2.7451657671570566
