objID,ra,dec
111043565989433075,356.5989453855934,2.5355565680479057
