objID,ra,dec
114023561699857348,356.1699933184231,5.022412148741924
