objID,ra,dec
109833562469239637,356.2469068251397,1.532637926490139
