objID,ra,dec
108503561405517251,356.1405758574925,0.42214226563580637
108503561406736900,356.14058631232035,0.4221349170610984
