objID,ra,dec
112733562799252037,356.27989091753335,3.9428728224313843
112733562797041832,356.27983180855335,3.9428475242180463
