objID,ra,dec
108823569051753987,356.90527399029617,0.6862841880635792
108823569053684312,356.9053123,0.68641584
108823569055113997,356.90550763,0.68630251
