objID,ra,dec
109953562353872140,356.23533434572795,1.626344133880465
109953562354501767,356.23543874,1.62621923
