objID,ra,dec
109333569568561628,356.9568423201894,1.1094068941380097
