objID,ra,dec
111293562368076553,356.236815065272,2.746776013674629
