objID,ra,dec
95273564691102104,356.4691432079134,-10.60690102895985
