objID,ra,dec
96883566563092189,356.65635699630485,-9.26515250707128
