objID,ra,dec
113203568971475391,356.89719852130276,4.337439925340841
