objID,ra,dec
107853568114729017,356.8114714456992,-0.11791796839093534
