objID,ra,dec
108853564392508018,356.4392158007885,0.7146458023812171
