objID,ra,dec
108073562722612082,356.2723050267558,0.05962873914002634
