objID,ra,dec
105163565617871317,356.56173869,-2.36586566
105163565615321575,356.5615043731665,-2.365814337992878
