objID,ra,dec
110483564969819885,356.4970268471296,2.074356052899995
110483564972739666,356.49718756,2.07432632
