objID,ra,dec
107753565187316549,356.5187872601049,-0.2032251111969354
