objID,ra,dec
109113564493444326,356.4494185465309,0.9280748120401074
