objID,ra,dec
110273560939265078,356.09397183429667,1.8954969276559082
