objID,ra,dec
111183561709761865,356.17098746,2.65121303
111183561706541853,356.1706859451985,2.651179847695579
