objID,ra,dec
110303569139481888,356.91414218085646,1.9178814794691406
