objID,ra,dec
106123562232149347,356.22321644,-1.5592553
