objID,ra,dec
112353568621441198,356.86216047839815,3.6256255485259836
