objID,ra,dec
108283563014960541,356.301541050713,0.23351632194025035
