objID,ra,dec
95953563367641353,356.3367924077331,-10.04084457101296
