objID,ra,dec
107573569447354216,356.94467554956805,-0.3551992940885225
