objID,ra,dec
107703569090719337,356.9090455943456,-0.24259946660950474
107703569092299640,356.90913447,-0.24241501
