objID,ra,dec
109283568029780306,356.8029689828788,1.066558066612397
