objID,ra,dec
109513568750580869,356.8751016840948,1.2587072792347114
109513568749770771,356.87510498181757,1.258705951343124
