objID,ra,dec
114343562565918970,356.2566902646666,5.290275134718277
114343562567258650,356.25672019876686,5.290189536113704
