objID,ra,dec
107753567340491251,356.7340493546966,-0.20765193969157225
