objID,ra,dec
108603562108136188,356.21083682935364,0.5048384551427376
