objID,ra,dec
107443565615443651,356.56159914284723,-0.46404344238163225
