objID,ra,dec
108223560485512166,356.04850717971516,0.1845623985265689
