objID,ra,dec
109363563400032481,356.3400910730801,1.1350303834786306
