objID,ra,dec
108993560550564256,356.0550985677018,0.8281916065501539
