objID,ra,dec
108573563314161491,356.33144984744393,0.4757886878279373
