objID,ra,dec
109223568368107566,356.8369320807123,1.0225511707116317
109223568371477334,356.8371489,1.0223967
