objID,ra,dec
113673566131805280,356.6130533131712,4.728963524177839
113673566129865525,356.61301152,4.72921426
