objID,ra,dec
109003563968248346,356.39682611971125,0.8398929278110048
