objID,ra,dec
113493565413890555,356.54139124194904,4.575079690974187
