objID,ra,dec
114183564602844382,356.46030863717033,5.153337445448299
