objID,ra,dec
111303564103131664,356.41009753749364,2.751022803111777
