objID,ra,dec
106693569195820145,356.9196359183114,-1.0918420988564947
