objID,ra,dec
110283566118679845,356.61202377976485,1.9077560757688936
110283566121549829,356.612075834871,1.9077373064714587
