objID,ra,dec
109353567947313355,356.7947768778011,1.1273851059986695
