objID,ra,dec
106503568634879995,356.86360885071116,-1.2420080355993006
