objID,ra,dec
114053569884751899,356.9884900409071,5.042779227264329
114053569883331594,356.9883704757428,5.0426043202623845
