objID,ra,dec
95083565593873652,356.5593961925815,-10.763951387071767
