objID,ra,dec
110163566663529823,356.66649790680856,1.8076775364822852
110163566664649406,356.66652121,1.80743129
