objID,ra,dec
106183564834060156,356.48341948159765,-1.516903764874268
