objID,ra,dec
108623568896317212,356.88974655731226,0.5223021208936337
