objID,ra,dec
105603567339950986,356.7339782467445,-1.9995535079949398
