objID,ra,dec
97403560611376092,356.06116665,-8.82847559
97403560610046471,356.06104275118497,-8.828239490892965
