objID,ra,dec
112873567915702959,356.79156381312634,4.060413612393201
