objID,ra,dec
105603565804812361,356.5804615978789,-1.9984420497977347
