objID,ra,dec
111003568674437117,356.86754226073896,2.50554603429321
111003568676016810,356.86761215,2.50531292
