objID,ra,dec
109563567709008965,356.7709193885232,1.3071976171222663
