objID,ra,dec
107403564007340219,356.40075179403,-0.5001824268539453
