objID,ra,dec
104333569309825973,356.93101406911273,-3.053669843920807
