objID,ra,dec
109103560336297304,356.03362391008966,0.9223341331621255
