objID,ra,dec
110193565726662162,356.5727609018486,1.8263840429717113
