objID,ra,dec
106123566431655273,356.64317281,-1.56264941
