objID,ra,dec
106303569787566468,356.97876067049003,-1.411620352806594
