objID,ra,dec
105953565744186691,356.5744618925353,-1.703303094694293
