objID,ra,dec
105203564197322982,356.41967150051835,-2.331173259665633
