objID,ra,dec
113793564833941392,356.48342654853786,4.825777723897754
