objID,ra,dec
107723567662932776,356.76633114,-0.23150079
