objID,ra,dec
109223566835838476,356.6835735879526,1.023362502556077
