objID,ra,dec
113413561125553348,356.11257649109683,4.510758773524274
