objID,ra,dec
111203569465149503,356.9466077065805,2.674180174577312
