objID,ra,dec
109303562803212093,356.28045175478906,1.0846419851205351
