objID,ra,dec
110373560502681318,356.05031973935587,1.9756286403229115
