objID,ra,dec
104413562698492005,356.2698037874291,-2.99039056035077
