objID,ra,dec
111883565449714639,356.54497444,3.23683867
111883565448895000,356.54493120888935,3.2371064598479324
