objID,ra,dec
109983569955989714,356.9956181918999,1.6576516049540382
