objID,ra,dec
112993565161889059,356.51620687261953,4.165561839134608
