objID,ra,dec
108693561548436113,356.15491121160403,0.5796934378433364
