objID,ra,dec
107983564447290389,356.4447024034649,-0.01671881616331663
