objID,ra,dec
113863563035601588,356.30354540526395,4.8843003852942335
