objID,ra,dec
113183567934510507,356.79340100342506,4.316560969979981
