objID,ra,dec
107103569720595221,356.972174031081,-0.7459928958656223
