objID,ra,dec
109053565429591353,356.5431207784714,0.8757536028934252
