objID,ra,dec
106523563783834705,356.3784232226984,-1.2298262553846908
