objID,ra,dec
109143568578450282,356.85785384395456,0.9498559601736063
