objID,ra,dec
108403568430359710,356.84302522752307,0.34102440461504996
108403568433669532,356.84325528,0.34107242
