objID,ra,dec
105643560957985642,356.09583992434113,-1.9622441559617068
105643560956455924,356.0958169458051,-1.9621271211248763
