objID,ra,dec
105803560127460218,356.01276157,-1.83350471
105793560125309995,356.01262940914,-1.8337230573907966
