objID,ra,dec
109183562662302028,356.266287366708,0.9846791866638367
