objID,ra,dec
106543560256595807,356.0256539,-1.21218809
106543560253715981,356.0254634435043,-1.2120548928579802
