objID,ra,dec
112463562466841838,356.246616665478,3.717735283946723
