objID,ra,dec
113953560717027229,356.07172813755284,4.964019769232505
