objID,ra,dec
108533563283196818,356.328289671662,0.4469190185086957
