objID,ra,dec
96323561917561495,356.19174264547775,-9.73238302202576
