objID,ra,dec
106363564252195187,356.42515523,-1.36286582
106363564249045197,356.4249537468611,-1.3627289492313936
