objID,ra,dec
112093563805856617,356.38069829453775,3.4133207405606787
