objID,ra,dec
113383563836464162,356.38376908664964,4.4863749969635744
