objID,ra,dec
108053560243551908,356.024334203067,0.042823718611516605
108053560245461625,356.0243527713309,0.042794881877972805
