objID,ra,dec
105413567844938712,356.7844223081835,-2.151484323418593
