objID,ra,dec
106673566641126476,356.6641459,-1.10332641
