objID,ra,dec
109893569447354122,356.94473074469704,1.5779735871430918
