objID,ra,dec
109073568404511407,356.8405340091056,0.8925006941105765
