objID,ra,dec
113553562736550781,356.2735272365904,4.6251921728918814
113553562733860992,356.27344333,4.62542359
