objID,ra,dec
110433566438349633,356.6438505053817,2.0325913161858473
