objID,ra,dec
107983563327837928,356.33278309372815,-0.010395776427001584
