objID,ra,dec
107123564818833441,356.4819015142855,-0.7308917029491333
