objID,ra,dec
112103562122142580,356.21224910570703,3.418435312431869
