objID,ra,dec
110293560181313629,356.01804100828804,1.910875805937053
