objID,ra,dec
108273562248413786,356.2248985083324,0.22774675843219572
108273562250673528,356.22508308,0.22755266
