objID,ra,dec
103933562092437008,356.2092594798421,-3.3862158066610877
