objID,ra,dec
112333560004938182,356.00045442846715,3.614797599050913
