objID,ra,dec
108913566358461092,356.635851185543,0.7589070350111954
