objID,ra,dec
105823561510714245,356.15105958,-1.81351091
105823561508404050,356.15091098661105,-1.8136490320585728
