objID,ra,dec
97613561202886405,356.1202907232219,-8.653388175849644
