objID,ra,dec
107723561715552687,356.17168477558425,-0.23154807548919684
