objID,ra,dec
111733562338524030,356.2338569095381,3.111307258589061
