objID,ra,dec
97043566677022387,356.6677274657573,-9.131719884961617
