objID,ra,dec
107163566298031098,356.62991667736054,-0.6994768688081032
