objID,ra,dec
109633563767996694,356.37687231,1.36344444
109633563770946856,356.3770972951081,1.3635252855769757
