objID,ra,dec
95063568479823253,356.84797245191334,-10.78096478085764
