objID,ra,dec
106513568842231219,356.8841843754118,-1.2410187039242224
