objID,ra,dec
104073560226272232,356.0226268159991,-3.273485493588927
