objID,ra,dec
108343563929502371,356.3928139652041,0.2849174749403642
