objID,ra,dec
108403566265253177,356.6265576722666,0.33559696314706383
