objID,ra,dec
108093563470540691,356.34688197932684,0.07506768574568243
