objID,ra,dec
109773567633786861,356.76340955282393,1.480384133020566
