objID,ra,dec
109053563634118796,356.3633546383193,0.8819433275629128
