objID,ra,dec
109063562395684883,356.2395823559733,0.8869398494935584
