objID,ra,dec
106553564063887442,356.40644856633446,-1.2024965627974156
