objID,ra,dec
106593563289533657,356.3287582077585,-1.1725392487752362
106593563287063442,356.32876309710804,-1.17254682456767
