objID,ra,dec
108083568947677299,356.89455817429916,0.07233481339125511
108083568944927024,356.8945477689052,0.07232033487870426
