objID,ra,dec
106643564595222426,356.45961906545386,-1.1317597894900333
