objID,ra,dec
112673562571724430,356.25699285,3.89498249
112673562569304241,356.2569864379134,3.8948024958583534
