objID,ra,dec
107613563736532259,356.3736251646558,-0.32349429635365196
