objID,ra,dec
105843560343175550,356.03434788,-1.79575278
105843560339595564,356.03407338199946,-1.7957178438432786
