objID,ra,dec
108463569877145336,356.98774297,0.38740895
