objID,ra,dec
105943562083701741,356.20834915076193,-1.7156025038816969
