objID,ra,dec
112003568715117510,356.87154017403446,3.339201027940031
