objID,ra,dec
110393564886208723,356.4887134217649,1.9985004516943956
