objID,ra,dec
107243561913221325,356.19137397072876,-0.6326186650800828
