objID,ra,dec
108293566547721438,356.65484428863556,0.24250529911435023
