objID,ra,dec
106873560128234897,356.01288237426814,-0.9379142986612724
