objID,ra,dec
106653564366718251,356.43682159490885,-1.1185756317810214
