objID,ra,dec
111743560601673589,356.06016740905886,3.1193011292096844
