objID,ra,dec
109903562646874479,356.26469914399604,1.5866644539607662
