objID,ra,dec
108363567054235276,356.7053756144476,0.3040226369588836
