objID,ra,dec
111713561869154107,356.18693978108655,3.094718877455656
