objID,ra,dec
107553561022532699,356.10246316895564,-0.3732252258171585
