objID,ra,dec
109703563752259821,356.37518216154183,1.424344041846612
