objID,ra,dec
108233569902882186,356.99025185397795,0.19305136561293115
