objID,ra,dec
109243567670433179,356.76701276494583,1.0357602282797784
109243567670563584,356.76700478487817,1.0358411394435103
