objID,ra,dec
107513563741519994,356.37412608739976,-0.40038887089429714
