objID,ra,dec
113753561469356375,356.14697738585744,4.796607132422944
