objID,ra,dec
111903564564609740,356.45648312860993,3.2577287311632857
