objID,ra,dec
95953567946777305,356.7947257396773,-10.035888045742965
