objID,ra,dec
114413564308951928,356.43092516339317,5.342925570881292
