objID,ra,dec
109813561106840969,356.1106936426702,1.5087350876054768
