objID,ra,dec
109623568381320046,356.83820718848267,1.3497914356445069
109623568382820423,356.8382188078009,1.3499229239139152
