objID,ra,dec
104983564279346177,356.4279049949483,-2.5118341422470647
