objID,ra,dec
106523561506019289,356.15063275489166,-1.2259621849000104
