objID,ra,dec
107263566757560384,356.6758190688656,-0.616725655107917
