objID,ra,dec
110053563076356263,356.3077128085377,1.7131547635860902
110053563078996069,356.30793205861005,1.7130908971823586
