objID,ra,dec
108013561002764584,356.10027461357726,0.011757130533153614
