objID,ra,dec
108783565858713882,356.5860136404226,0.6528946606077553
