objID,ra,dec
104913567557810657,356.7558660421091,-2.5747971854197287
