objID,ra,dec
107543562519737242,356.2520074489241,-0.3776752153476161
