objID,ra,dec
108533561261165835,356.1261534599523,0.4461635159938785
