objID,ra,dec
113583569471910801,356.94726496227827,4.6502484482751
