objID,ra,dec
108533563844315793,356.3843427336718,0.4460249072025446
