objID,ra,dec
112373564478426870,356.4478841428454,3.6470332762581044
