objID,ra,dec
109713563937509747,356.393748883023,1.4327126821999245
