objID,ra,dec
104213564780756018,356.47812449168555,-3.153730946621011
