objID,ra,dec
109373568920143544,356.89193182888295,1.1443105530558042
