objID,ra,dec
107973564477167030,356.447658768905,-0.0195177204643947
