objID,ra,dec
111363565723905287,356.57249322170475,2.803995953047532
