objID,ra,dec
97163560892783940,356.0893130365162,-9.030401460369568
