objID,ra,dec
107933560897019163,356.08953165664394,-0.05096935873509201
107933560893299412,356.0895010923193,-0.050856986717961884
