objID,ra,dec
113763565642175456,356.56426070062014,4.804138583286128
