objID,ra,dec
106323560875994015,356.0877424481146,-1.3969713932533936
