objID,ra,dec
112653563179817297,356.31802417430487,3.8806613184409717
