objID,ra,dec
110923567356843619,356.7357459151688,2.4359595767403537
