objID,ra,dec
95013569387593853,356.93877737473434,-10.822105101364476
