objID,ra,dec
108453565909621570,356.59118434433606,0.3757884758614985
108453565910561190,356.5911484202671,0.3757717609978312
108453565913631320,356.591212194256,0.37582136115824444
