objID,ra,dec
104213567597049938,356.7596880689395,-3.1504765335932947
