objID,ra,dec
113843567596176076,356.75952646,4.87122354
113843567593356051,356.7594124232247,4.8712954725892885
