objID,ra,dec
108643564419887130,356.44198658237855,0.5388446982113536
