objID,ra,dec
107303567771418803,356.7772162308764,-0.57632599147731
