objID,ra,dec
109193564318466647,356.43184732591936,0.9968373538389533
