objID,ra,dec
108433569633232918,356.9633572742942,0.36040460022075194
