objID,ra,dec
107573569483340451,356.94826744194506,-0.35838270302612407
