objID,ra,dec
107273566659565184,356.66601219726226,-0.6044009563242323
