objID,ra,dec
104413566806822293,356.68067437668014,-2.990129036642466
