objID,ra,dec
106003561995720495,356.1994270870932,-1.6666692189390817
106003561992650253,356.1992492,-1.66681276
