objID,ra,dec
105363563803636495,356.3803419442485,-2.1950466066390395
