objID,ra,dec
108433565193524318,356.51932895386204,0.3615164291267959
