objID,ra,dec
104743560935713772,356.0935914819581,-2.7138794464244844
