objID,ra,dec
107313565048670875,356.5049144009131,-0.5745706288133688
