objID,ra,dec
109673567917594844,356.79184155480783,1.3953643355478413
109673567917765298,356.7918732924101,1.3956446578804103
109673567920185106,356.79190561561813,1.395622726707883
