objID,ra,dec
110343565535182651,356.5536483356813,1.9517958825181119
