objID,ra,dec
109133561751111240,356.175103261358,0.9423966650010085
