objID,ra,dec
94813564402509310,356.4402489767341,-10.984227539663198
