objID,ra,dec
95883566813789875,356.6814449433906,-10.09208285541167
