objID,ra,dec
111683560905899217,356.0905717259713,3.0739807882273875
