objID,ra,dec
108433568145639427,356.81451549914505,0.36582374545052365
