objID,ra,dec
113133569531106940,356.9531361550723,4.28041194667837
