objID,ra,dec
106573563235200454,356.3235300104892,-1.1916788980697177
