objID,ra,dec
107273569529721204,356.9530009206436,-0.6077164996929019
