objID,ra,dec
109463566420521931,356.6420534975645,1.2178361587047561
