objID,ra,dec
108573567783941271,356.7783863355543,0.47569111776348727
