objID,ra,dec
95233562662399815,356.2662503261368,-10.633841022674256
