objID,ra,dec
109323561106860396,356.1107378308239,1.099925472961997
