objID,ra,dec
109653564807958859,356.48084698,1.38202502
