objID,ra,dec
107473562246553454,356.22469468810306,-0.4391657282373538
