objID,ra,dec
106653568785857119,356.8786411176695,-1.1193854246137824
