objID,ra,dec
108903567169876226,356.71701196168715,0.7548413076307428
