objID,ra,dec
104483560124615876,356.01245710691273,-2.9287789626508354
