objID,ra,dec
111103563166997202,356.3168793482735,2.5889461932323785
111103563169467037,356.31688984786985,2.5889568765684716
