objID,ra,dec
108993566703893680,356.67035885349696,0.8277417780797048
