objID,ra,dec
106603569537545350,356.9538549963452,-1.1625576592070685
