objID,ra,dec
106923569045503362,356.90460857103704,-0.8975949094132034
