objID,ra,dec
105933560801443926,356.0801151723314,-1.722263531053866
