objID,ra,dec
108763569935753211,356.9935437370912,0.6355964951875798
