objID,ra,dec
105253569048260916,356.90477697,-2.29132742
105253569045520629,356.9046016739182,-2.2914460789883573
