objID,ra,dec
95183565066969462,356.50672934394055,-10.675806062391736
