objID,ra,dec
109173568865484742,356.8866913362412,0.9784360469315003
109173568866884337,356.886695198713,0.978402544549105
