objID,ra,dec
105053569220598314,356.92203118280804,-2.451709292834469
