objID,ra,dec
96323567382270752,356.73828308968604,-9.73306452708504
