objID,ra,dec
109513568072770482,356.80743831,1.25818271
109513568075880473,356.80756838518005,1.2583719848725563
