objID,ra,dec
106863567770597443,356.7770735753904,-0.9440422904230484
