objID,ra,dec
111143568842577420,356.8843235428651,2.6224347045150296
