objID,ra,dec
108783568238947414,356.8239237397413,0.6557819132852585
