objID,ra,dec
95833565248429991,356.52490241800336,-10.133674152169503
