objID,ra,dec
105453564058820845,356.4059574921424,-2.1246553028464468
