objID,ra,dec
106023560777071103,356.077839784605,-1.6494767697156618
