objID,ra,dec
109133567972348159,356.7971851290946,0.9480625982833294
