objID,ra,dec
107193563286908597,356.32866761568556,-0.6682383577830383
