objID,ra,dec
111353564631364265,356.4631009524489,2.7949235098186254
