objID,ra,dec
108793568161054891,356.8161345947731,0.6620359731994734
