objID,ra,dec
112093564314301667,356.43146391,3.40935555
112093564314202003,356.431406745083,3.409555003321445
