objID,ra,dec
109233567600377632,356.76011127695375,1.0309709636473428
