objID,ra,dec
108863564628357419,356.46278588775033,0.722467331166822
