objID,ra,dec
111733560974381524,356.09741828784087,3.109226408322034
