objID,ra,dec
114013563165681605,356.316469834737,5.00934654166064
