objID,ra,dec
109293566815832265,356.6815887730692,1.0764338623407053
