objID,ra,dec
109653561809443888,356.1811715046538,1.377843594965639
