objID,ra,dec
113473566202159442,356.620270132226,4.56581102567414
