objID,ra,dec
97503564669309917,356.46694907729085,-8.742090332003857
