objID,ra,dec
107803561154591390,356.1154841682289,-0.1659120703791823
107803561153941028,356.11540985,-0.16617419
