objID,ra,dec
104273567362729270,356.7362498595807,-3.1009467820738768
