objID,ra,dec
110243568115266725,356.81159510739695,1.8719204193200218
