objID,ra,dec
110683565930384779,356.59305043695423,2.2369038757792423
