objID,ra,dec
108343567458489378,356.745909927245,0.29084176727899813
