objID,ra,dec
113413566679657781,356.66787369760254,4.514317068553493
