objID,ra,dec
104033563836471325,356.38366596449094,-3.3075740259937185
