objID,ra,dec
107933564581273421,356.458077436007,-0.05584812981262548
