objID,ra,dec
108823566910267405,356.6911831047119,0.6892444061488838
108823566913147447,356.6912102100281,0.6892516087701067
