objID,ra,dec
106123567738095332,356.77379191938485,-1.5626232601157242
