objID,ra,dec
105073563706894616,356.37070447065565,-2.438205767873165
