objID,ra,dec
108903566067328032,356.6067503392505,0.7563756539242447
