objID,ra,dec
114453562008304234,356.20085245267,5.378147526279955
