objID,ra,dec
95933565322913749,356.532356553178,-10.055532062896784
