objID,ra,dec
112653567545781870,356.7546328160261,3.876163108301138
