objID,ra,dec
105393565400574763,356.53991863767294,-2.171420651732108
105393565397954473,356.53984028794775,-2.1716039957794013
