objID,ra,dec
106423567298651858,356.7298943344047,-1.3155239929660194
