objID,ra,dec
107803564688115675,356.4687921307247,-0.16230374517973195
