objID,ra,dec
114063566605999984,356.6606146977936,5.057934179313785
