objID,ra,dec
110143567572031845,356.7572274766822,1.7845972040667037
