objID,ra,dec
105843560802061704,356.0801971261411,-1.7989658167260556
