objID,ra,dec
106893561541987606,356.15422837442316,-0.9189568869698026
