objID,ra,dec
104253567201918372,356.72014373,-3.11846585
