objID,ra,dec
109333563651508235,356.3651857134146,1.1147632175386541
