objID,ra,dec
110163569113356717,356.9114191037385,1.8052748393909421
110163569113797048,356.91141488921807,1.8052834229415686
