objID,ra,dec
109913569436835450,356.94370006,1.59584182
