objID,ra,dec
106843567706946288,356.77070838241497,-0.9617505243303559
106843567703766566,356.7705414,-0.96158866
