objID,ra,dec
112983563699843939,356.37001616354905,4.152899451381042
