objID,ra,dec
94863561119979076,356.1120632480188,-10.942790610009332
