objID,ra,dec
112363565387675070,356.53884601646007,3.637202463646453
