objID,ra,dec
109323561903021885,356.1902915816706,1.1011693447960489
