objID,ra,dec
107813560892072713,356.08922695486183,-0.1564417430453084
