objID,ra,dec
108113566405314685,356.64061770934586,0.09498819747331783
108113566407314369,356.6406360235701,0.09496999467831257
