objID,ra,dec
105383569309137222,356.93094092456556,-2.1776146617989465
