objID,ra,dec
105243561310270654,356.1310807377034,-2.2998259322158865
