objID,ra,dec
108863565250723064,356.5251172872212,0.7188337173248605
