objID,ra,dec
106163568845259002,356.8844729977691,-1.5263422643134061
