objID,ra,dec
113703566392809785,356.6392633640112,4.757776305267407
