objID,ra,dec
107613561898660468,356.18990664987086,-0.32495099612300005
