objID,ra,dec
94913562367905102,356.2368125439218,-10.904377475449701
