objID,ra,dec
113983568631313693,356.86325197274124,4.986069387823789
