objID,ra,dec
110643565654617590,356.56540318990903,2.205866421771204
