objID,ra,dec
96883566055831151,356.60562050321147,-9.26601152668667
