objID,ra,dec
110343566812816827,356.68131665,1.95548699
110343566813377380,356.6813275032135,1.955646788755555
