objID,ra,dec
108703564989685060,356.49896357,0.58720107
108703564991855366,356.4991566411244,0.5873048504934177
