objID,ra,dec
111433565229858640,356.5230455865225,2.8651438954508492
