objID,ra,dec
113273560959316342,356.095970545584,4.396594535413508
