objID,ra,dec
108243569577177619,356.95774152262675,0.20593704699374094
