objID,ra,dec
96513569904237147,356.9904571101777,-9.569407577540495
