objID,ra,dec
107003568406129647,356.8407000791265,-0.8257477438240218
107003568408239388,356.8407661451315,-0.8257824318286994
