objID,ra,dec
112403564144628936,356.4144817806934,3.6736213760398773
