objID,ra,dec
107973561402659642,356.1402230845706,-0.017351899054580792
