objID,ra,dec
107873562255796904,356.2256022456584,-0.10299402768448022
