objID,ra,dec
104953560957470294,356.09576880768867,-2.541760481540343
