objID,ra,dec
109073565996422702,356.59967475,0.89354337
109073565999362427,356.59997573,0.89331605
