objID,ra,dec
109313563499777792,356.3499836015381,1.0978414159631318
