objID,ra,dec
104783562812292236,356.2811620031629,-2.681832927714012
104783562808741962,356.2811360609748,-2.681825585254887
