objID,ra,dec
105833560540242985,356.0540424302716,-1.8062257361634788
