objID,ra,dec
109983567505539725,356.7504325893584,1.6578081247477354
