objID,ra,dec
108343561899939829,356.19023802,0.29115801
108343561904329989,356.1902903782232,0.29119116924681665
