objID,ra,dec
107323563123374155,356.3123675587555,-0.5636106340805725
