objID,ra,dec
109343561610882759,356.16117022706163,1.1185668593192504
