objID,ra,dec
109283568388853840,356.8389025527513,1.0694735654700147
