objID,ra,dec
107753569510941853,356.95111605,-0.20723634
107753569509821520,356.9510614571569,-0.20739817602768293
