objID,ra,dec
107233565454506493,356.54550546,-0.63664005
107233565451956690,356.5453248247983,-0.6365000595945874
