objID,ra,dec
104543560116982156,356.0116916355341,-2.8819639142700253
