objID,ra,dec
113213567356399126,356.7356520555718,4.348877968188806
