objID,ra,dec
110193563149990520,356.31498934906017,1.8249422848494368
