objID,ra,dec
105003562236465261,356.2236908134666,-2.496011476841058
