objID,ra,dec
109923564648616883,356.4650194888592,1.6053078179326539
