objID,ra,dec
105843561973063483,356.19739525750305,-1.7974789479805338
