objID,ra,dec
103923561836559499,356.1836475873375,-3.3924620029107
