objID,ra,dec
108023560692298348,356.06925677254293,0.023200310191731504
