objID,ra,dec
105853562371631777,356.237219420937,-1.7905642771319432
