objID,ra,dec
108153564609411771,356.46101894,0.12598385
