objID,ra,dec
109783561628814943,356.16298044899503,1.487248781843759
109783561631155375,356.16299912270995,1.4872897492441894
109783561631894894,356.16309197,1.48717984
