objID,ra,dec
111663560907147328,356.0906984985711,3.055729967983822
