objID,ra,dec
109243561612579920,356.1611291517073,1.0412325724271039
109253561609440091,356.16104780947575,1.0413344015932764
