objID,ra,dec
113203560641074610,356.06415817908845,4.336990448790058
113203560642734944,356.0643216097698,4.337039707225891
