objID,ra,dec
105013561289831358,356.12898563600936,-2.490869557753129
