objID,ra,dec
107193567254283911,356.72547689,-0.67212695
