objID,ra,dec
107403563010956137,356.3010893051925,-0.49527620113722776
