objID,ra,dec
109743565549741564,356.5550358239755,1.4509818734035311
