objID,ra,dec
108883569009095570,356.90087277480666,0.7375592926038638
