objID,ra,dec
106513561091350853,356.10928214875946,-1.2413562042977357
