objID,ra,dec
106483568720181982,356.87204277125403,-1.2654413909093312
