objID,ra,dec
108833565965753481,356.5966721858547,0.694220137785921
