objID,ra,dec
97043569119382881,356.91200413578315,-9.131299140181817
