objID,ra,dec
112993562429427937,356.2430474228793,4.16448744106291
