objID,ra,dec
106573562482781334,356.24843332255836,-1.1908390734633298
