objID,ra,dec
112893568202947553,356.8203813330862,4.0808083988443835
