objID,ra,dec
108743566342319835,356.63439114494736,0.6246793256239841
108753566344870227,356.6345090688594,0.6248093736948772
