objID,ra,dec
94763568507934879,356.8506223036946,-11.029518305976087
94763568505795188,356.8505997115994,-11.029490697045603
