objID,ra,dec
108013561085459593,356.1085742736286,0.015955140089382473
