objID,ra,dec
108823564426218091,356.44262887546193,0.6897445483192369
