objID,ra,dec
114203561055985541,356.1056260965582,5.170902783216371
