objID,ra,dec
107563562278958981,356.2278958026162,-0.359594975816906
