objID,ra,dec
114003568139820972,356.81408130758285,5.00040424295574
