objID,ra,dec
110293565415621201,356.54167603,1.9089781
110293565419061261,356.5419279446507,1.9089446337489153
