objID,ra,dec
111523567638351903,356.7638350597398,2.9345370075137045
