objID,ra,dec
107393562821187387,356.28215909798894,-0.502612895749758
