objID,ra,dec
112293561566935926,356.1567297708041,3.5795640896475818
