objID,ra,dec
108993567443133124,356.7442511222732,0.8272530565503138
