objID,ra,dec
104083566128490337,356.6127754067755,-3.266704021031843
