objID,ra,dec
109283569821069981,356.9822719,1.07452818
109283569822449642,356.98227001565505,1.0743319597053544
