objID,ra,dec
113003577873855388,357.78736572314307,4.170727656492542
