objID,ra,dec
107893571089232202,357.1087674013975,-0.09018687004055974
107893571086452028,357.1087622699051,-0.09019271888934799
