objID,ra,dec
106193572501787155,357.2501071537814,-1.5027042434611053
