objID,ra,dec
97033572374982731,357.2375528613873,-9.1397302005991
