objID,ra,dec
112993578596027001,357.85951539918494,4.164003019849843
