objID,ra,dec
109293579071420782,357.90718175581185,1.0753171468639071
