objID,ra,dec
108373572440214049,357.24403466481454,0.3113491806373733
