objID,ra,dec
114183570883285347,357.08835093987204,5.154082105136979
