objID,ra,dec
107593574422886417,357.44235668,-0.33671535
