objID,ra,dec
106923572151677609,357.21517726114405,-0.8940264464345796
