objID,ra,dec
108003571947503948,357.19475230580804,0.002795513423300028
