objID,ra,dec
110063575781523448,357.5781101929454,1.7191539324813845
