objID,ra,dec
104673571974477773,357.19743072116665,-2.7688451377999765
