objID,ra,dec
112903571202784234,357.12033811990653,4.086437600702595
