objID,ra,dec
111123576464210660,357.64647600993436,2.600124726558147
