objID,ra,dec
107723578505593174,357.8505208951898,-0.2310734991841505
