objID,ra,dec
95263573972525423,357.39730223168556,-10.61245559344975
