objID,ra,dec
109923575812296501,357.58132863638417,1.6049618676071076
