objID,ra,dec
98473576438718108,357.64393371752493,-7.935289976642668
