objID,ra,dec
102283575358231651,357.5358762090092,-4.765680038657177
