objID,ra,dec
102713579806159506,357.98063226959727,-4.400785611346498
