objID,ra,dec
112253574604233914,357.4603972917506,3.544541124383911
