objID,ra,dec
98723571864788425,357.18654404408545,-7.726686205234338
