objID,ra,dec
111953574103061367,357.41033096892045,3.2924449435976966
