objID,ra,dec
107083575461287554,357.5461315651425,-0.7605938768964507
