objID,ra,dec
95483576832049557,357.68324969151274,-10.425713792478689
