objID,ra,dec
102983575028645536,357.50288517273987,-4.179090943695823
