objID,ra,dec
97463577368010513,357.73684151016596,-8.783269747788234
