objID,ra,dec
110283570608924550,357.0609001330295,1.9033807596959698
