objID,ra,dec
107983577348749834,357.73481029527966,-0.00899437314166081
