objID,ra,dec
107563570576701642,357.05762435,-0.36565594
107563570574311927,357.05745079663876,-0.36551519565351576
