objID,ra,dec
108673573288308366,357.32886477386273,0.5649470320913013
