objID,ra,dec
108613573029604506,357.3030214797692,0.5117002114635071
