objID,ra,dec
112443573570076408,357.35702361309234,3.7049524944055525
