objID,ra,dec
97673578536613044,357.8537071398047,-8.60613105043801
