objID,ra,dec
113793577656923256,357.76568423269356,4.8272215869131285
