objID,ra,dec
109263570139828556,357.01402344,1.05663415
109263570142488265,357.01428612331375,1.056469802820122
109263570145027995,357.01446183,1.05642355
