objID,ra,dec
104833572375572904,357.2376103045899,-2.6396052374968275
