objID,ra,dec
108473579436713961,357.94370011919284,0.39479075286923115
108473579439424372,357.94377011,0.39486555
