objID,ra,dec
114163570950727623,357.0950321507784,5.139325563552422
