objID,ra,dec
107283577083450663,357.70832544,-0.5997936
