objID,ra,dec
109073573054307595,357.30543556036116,0.8975804676265433
