objID,ra,dec
103823579377739344,357.93781811648773,-3.475906161817368
103823579376019054,357.93759986,-3.47612363
