objID,ra,dec
95163577702047665,357.7702051477932,-10.69398409297262
