objID,ra,dec
101003578230308890,357.82301931909893,-5.826263915187231
