objID,ra,dec
109623578771606190,357.87725503082555,1.3546525426402738
109623578772885826,357.8772473977364,1.3546095382512247
