objID,ra,dec
110163571933154032,357.193216020874,1.802891676086377
110163571929643875,357.1931794046219,1.8028813700001818
