objID,ra,dec
114053577476624723,357.7476673526418,5.045205717845722
