objID,ra,dec
104673574075324030,357.4075819169976,-2.7719795382265944
