objID,ra,dec
109333570806127515,357.08059975718095,1.1141767061218733
