objID,ra,dec
109963570782328413,357.0783761985922,1.6399863601301916
