objID,ra,dec
109893579837037874,357.98376313802373,1.5812171835613267
