objID,ra,dec
99873574747578701,357.4746943895305,-6.7681271183879215
