objID,ra,dec
107243578030280630,357.8030238607534,-0.6332120624772068
