objID,ra,dec
107643579950393860,357.99503421769316,-0.2972008353042122
