objID,ra,dec
114333577251055184,357.72512721106773,5.278941997194517
