objID,ra,dec
108743574398691392,357.4399286847125,0.6174414488686343
