objID,ra,dec
99893578816154228,357.8817080506172,-6.7552138136429125
