objID,ra,dec
106533574142754386,357.4143203815849,-1.2217039015679416
