objID,ra,dec
114333571625515857,357.1625669135062,5.279478999328434
