objID,ra,dec
112723579685941998,357.9686103183057,3.9346705686723724
