objID,ra,dec
107563577135328737,357.71339759494873,-0.3598158880786407
