objID,ra,dec
95153573856819255,357.3857167372138,-10.700945341845296
