objID,ra,dec
113943575051082719,357.5050813127224,4.95187621356166
