objID,ra,dec
106453577008595614,357.70088010794166,-1.2873483242004236
