objID,ra,dec
98023576551814987,357.65501267,-8.31290879
98023576548474865,357.6548657028167,-8.313001629059054
