objID,ra,dec
106223578919241837,357.89190357899145,-1.4821354178865593
