objID,ra,dec
99683575056396360,357.5055919462498,-6.92835035971594
