objID,ra,dec
108013570938031563,357.0937272499061,0.0093025758012814
