objID,ra,dec
109833570392412774,357.0394841094326,1.5269350250532876
109833570395302831,357.0394927016466,1.5269132576664395
