objID,ra,dec
108073579468781165,357.9468928043218,0.058933494991614835
