objID,ra,dec
109713576648531364,357.6648495767023,1.4257320837694683
