objID,ra,dec
100573578349472500,357.83499099505485,-6.189932300151279
