objID,ra,dec
108603574754053125,357.47557734582824,0.5022968718035852
108603574756813270,357.4756281348365,0.5023247240029781
