objID,ra,dec
104173574903892830,357.49042677287076,-3.189663306730366
