objID,ra,dec
109043573739484330,357.373983133295,0.8698651708867676
