objID,ra,dec
106323578750787843,357.87512501640407,-1.3938928090000113
106323578750547483,357.8750633265265,-1.3940599657576247
