objID,ra,dec
109953578066861016,357.8066908867977,1.6254292359431162
