objID,ra,dec
109263570150677613,357.01511739235053,1.0559028239432053
109263570153467513,357.01530682865456,1.0558505028338854
