objID,ra,dec
108573573241677412,357.32419876583253,0.4808158575584936
