objID,ra,dec
105583571696376234,357.1696217599624,-2.0119231836237854
