objID,ra,dec
111133575945719685,357.5945544750443,2.615971189263066
