objID,ra,dec
107303576584012554,357.6584129617664,-0.5815676857065478
