objID,ra,dec
108333573782215532,357.37825525212133,0.27924030186817
