objID,ra,dec
108943573397680155,357.33991472897276,0.7830674905331921
108943573399330466,357.33989605927303,0.7831539530165754
