objID,ra,dec
107633576022402880,357.6022418994513,-0.3063033650992563
