objID,ra,dec
109883578122753578,357.8123714523913,1.569335545591599
109883578126713911,357.8127086850825,1.5695108462347862
