objID,ra,dec
114193571806878180,357.18067580572307,5.164736065586093
