objID,ra,dec
95253573174670716,357.3175087439127,-10.624735979723836
