objID,ra,dec
108483573204160012,357.32046573697073,0.3996368193653445
