objID,ra,dec
98913576441644386,357.6442230035137,-7.571731337269869
