objID,ra,dec
107383573500229109,357.3500768378826,-0.5095708565055489
107383573499108765,357.3500785585604,-0.5096263443620839
