objID,ra,dec
106933577462599209,357.74618284491675,-0.8843456902862963
