objID,ra,dec
108743575985368735,357.5986150837486,0.6235475758303161
