objID,ra,dec
113823572110494623,357.2110419921982,4.853461083198266
