objID,ra,dec
99693576804528021,357.68046761424506,-6.918681743578321
