objID,ra,dec
108053578309882454,357.8310202385796,0.04333809202884119
