objID,ra,dec
107973574068980091,357.40693919122845,-0.025300127673832697
