objID,ra,dec
112743570828560514,357.082894988094,3.9500873241213497
