objID,ra,dec
113543575971594555,357.5971752509025,4.619976841916808
