objID,ra,dec
108693575626986058,357.562707560039,0.5797008519100572
