objID,ra,dec
107293571253904487,357.12539163385236,-0.5883408770072834
