objID,ra,dec
105913571356028672,357.13563144171195,-1.734820043544362
