objID,ra,dec
108723571737205124,357.1737109458271,0.6039096785292112
