objID,ra,dec
109573576871098734,357.68706750738573,1.315249201762258
