objID,ra,dec
110973573164723737,357.316507452874,2.477715650940442
