objID,ra,dec
97493573162594559,357.3163034365673,-8.754832117273276
