objID,ra,dec
107643578062634366,357.80625636562644,-0.2967152772816568
