objID,ra,dec
106363574585872485,357.4586036790457,-1.3650210467906914
