objID,ra,dec
108503570185413216,357.01851022495464,0.41894903083699153
