objID,ra,dec
105853575490548674,357.5490280652046,-1.784822396019164
