objID,ra,dec
107303577782400308,357.7782596369735,-0.5834733823365259
