objID,ra,dec
105893570685443859,357.0685629032664,-1.7554901370600797
