objID,ra,dec
112453578419383531,357.8419685937459,3.7108908521557273
