objID,ra,dec
106353571657682173,357.1657888628997,-1.3735964559792728
