objID,ra,dec
107743578062139468,357.8062629058615,-0.20923295001020406
