objID,ra,dec
113753571885916136,357.18861215349017,4.7963898353347725
