objID,ra,dec
95393572903022250,357.29037301627903,-10.506755082338433
