objID,ra,dec
109083579862957404,357.98628516050866,0.905704088948832
