objID,ra,dec
109963575543201048,357.5542634554664,1.6337171807715163
