objID,ra,dec
107253571573201268,357.157319971434,-0.6243006609647272
