objID,ra,dec
97443572428886860,357.2429251369882,-8.794622354494669
