objID,ra,dec
108533573552249314,357.3551688513516,0.4489787900775139
