objID,ra,dec
97243575692780017,357.56928781162935,-8.966967972493324
