objID,ra,dec
110983577412054263,357.7412338210924,2.4864230778523746
