objID,ra,dec
95723574592993304,357.4593470490422,-10.230967817684684
