objID,ra,dec
110413577439469251,357.7439903737452,2.0156904221346155
