objID,ra,dec
109703570484798457,357.0485533,1.42330995
109703570488028369,357.0488006392635,1.4232991931274233
