objID,ra,dec
106133572875556115,357.2874954709517,-1.5534096331521394
