objID,ra,dec
108513573606210960,357.3606755812062,0.42542556943293586
108513573608660676,357.3607111662917,0.42518698685884715
