objID,ra,dec
108283573073629118,357.30729487,0.24059252
108283573072459455,357.307269607509,0.24067932287062427
