objID,ra,dec
106033571083180907,357.1083747602573,-1.6412450015787754
106033571085491174,357.10856418,-1.64103039
