objID,ra,dec
107693572409366868,357.2409252706,-0.25300993566371305
