objID,ra,dec
108063579816966024,357.9817261862336,0.05447430772066205
