objID,ra,dec
97323576936379935,357.6935673824696,-8.89205760663886
