objID,ra,dec
95273572290952965,357.2291261601064,-10.606213571428125
