objID,ra,dec
100753576012254192,357.60117200646573,-6.038520927746835
