objID,ra,dec
100293573234473911,357.3235059416325,-6.422064055332909
