objID,ra,dec
108473570580763081,357.05811410785543,0.3937307540772265
