objID,ra,dec
113403579575139248,357.95756325278523,4.507291546543474
