objID,ra,dec
105173574280398707,357.428032685804,-2.351463812859326
