objID,ra,dec
105063578567892875,357.85677086,-2.44794652
105063578565952555,357.8565804867827,-2.448088271622194
105063578564332912,357.85644072,-2.44792613
