objID,ra,dec
111493578300225556,357.83003271743496,2.912607902925473
