objID,ra,dec
108913576943471704,357.69438473197425,0.7593732766883001
