objID,ra,dec
109573576385683884,357.6385628611099,1.3111661976575235
