objID,ra,dec
110863576090850804,357.60912085597226,2.3835595621339225
