objID,ra,dec
106583579355217036,357.9356329068912,-1.1778571272601335
