objID,ra,dec
95553573794495106,357.3794899888762,-10.37103596867885
