objID,ra,dec
107703571599686083,357.16003192657894,-0.24532339492719232
