objID,ra,dec
112213573968869325,357.39690686899473,3.51573028658007
