objID,ra,dec
114193571409575272,357.14097089235275,5.16237037653763
114193571409225612,357.1409144,5.16256786
