objID,ra,dec
105613574944653513,357.49437310359406,-1.9890218136851123
