objID,ra,dec
108933575619154515,357.5618935571692,0.7784504971639781
