objID,ra,dec
106813572520204883,357.25200515291624,-0.9880119614051514
