objID,ra,dec
109673575956481045,357.5956817282257,1.392156079909285
