objID,ra,dec
98963578377533748,357.83783899900857,-7.530560562617838
