objID,ra,dec
114423570794556011,357.07947917589513,5.3545709270134445
