objID,ra,dec
110963578671046520,357.86713054987143,2.4716614559432135
