objID,ra,dec
109453571930819940,357.19305761238775,1.2162317779157574
