objID,ra,dec
98673570917215263,357.0917805053986,-7.770930435162499
