objID,ra,dec
108223579732239670,357.97324428432876,0.19100705346101
