objID,ra,dec
97563572740617833,357.27410031105785,-8.693837237398935
