objID,ra,dec
108413573848349661,357.3848856653698,0.34923794830416544
