objID,ra,dec
107553578174739436,357.81743852767977,-0.3675234848576791
107553578171499341,357.81730003,-0.36757731
