objID,ra,dec
99233572803204253,357.2803340835384,-7.305125649725503
