objID,ra,dec
98593579284734535,357.92845536155323,-7.838319684184675
