objID,ra,dec
104493574509097560,357.45087443056195,-2.919011333530331
