objID,ra,dec
97163577873193600,357.78728254011514,-9.030655842066166
