objID,ra,dec
109693577025981015,357.70259945938597,1.4088551935768816
