objID,ra,dec
111573578034691495,357.8035242934186,2.9758335313983535
111573578034421162,357.8035246578734,2.9758318036457827
