objID,ra,dec
107663573389027090,357.33898437010583,-0.27795127729028724
107663573389846747,357.3389651497511,-0.27803621009245605
