objID,ra,dec
112103577392352073,357.7392849324001,3.4180117786368323
