objID,ra,dec
109763575420980311,357.5421527573661,1.466474310247989
