objID,ra,dec
107313576348555409,357.6349005814374,-0.5709560535264124
