objID,ra,dec
95553577825018621,357.78255016952164,-10.36815827486693
