objID,ra,dec
100623575938906479,357.5938659372116,-6.144967785244285
