objID,ra,dec
105703570148932823,357.0149991076564,-1.9148139609237764
