objID,ra,dec
111683575000856674,357.5001242443715,3.071848066713705
111683574999866846,357.50012539788685,3.071822541786366
111683574998576348,357.50008279,3.07167635
