objID,ra,dec
108183573960290133,357.39616851909653,0.14968254589872543
