objID,ra,dec
111793577222948759,357.72236313107794,3.165258282934683
