objID,ra,dec
113183577319272624,357.73194507807887,4.31839745666902
113183577318412166,357.73201091,4.31813511
