objID,ra,dec
112983579241442070,357.9241393639649,4.15131898106821
