objID,ra,dec
109583572999075654,357.29981589564284,1.3210972022898293
109583572999716021,357.29992201564875,1.3211781797001467
