objID,ra,dec
108613574415428107,357.4416015486374,0.5147818810340694
108613574417148487,357.44179972,0.51475891
