objID,ra,dec
98383576959940404,357.6960773252554,-8.016732874130572
