objID,ra,dec
109773576248575889,357.62486624299413,1.4793613652378186
109773576248645498,357.6248655699838,1.4793404752541783
