objID,ra,dec
106813576044497204,357.6044756894987,-0.9860397543443339
