objID,ra,dec
96223572544707611,357.2544803092558,-9.810658255454781
