objID,ra,dec
105363575190410434,357.5190076966631,-2.200011364163975
