objID,ra,dec
99503577765410618,357.7767379270827,-7.083157976981883
