objID,ra,dec
107013579316709967,357.9315896262747,-0.8170930217414414
