objID,ra,dec
106253570757320849,357.0757405878339,-1.4580107664802546
