objID,ra,dec
104733575936034753,357.5936328377966,-2.721447519202741
