objID,ra,dec
94663571290771347,357.12908283183367,-11.115914506072974
