objID,ra,dec
107763579969272510,357.9969346200264,-0.19831519652561894
