objID,ra,dec
105863578315940223,357.83165495131345,-1.7835454199321485
