objID,ra,dec
108933576368830281,357.6369165582127,0.7748624369252067
