objID,ra,dec
108443576489960704,357.6490401378361,0.3668685368539278
108443576489880370,357.648968,0.366745
