objID,ra,dec
107683578342069397,357.83432509971004,-0.25917909995603955
