objID,ra,dec
113503579036424552,357.9037096279017,4.58674434486457
