objID,ra,dec
94943579654856790,357.9654776039526,-10.878013627929857
