objID,ra,dec
101053578222369645,357.82222621732114,-5.783950801231186
