objID,ra,dec
108543578190351564,357.8190508289265,0.45071754732517466
108543578191521178,357.81908263,0.45063491
