objID,ra,dec
102843578613066236,357.8613118593528,-4.2951524734024344
