objID,ra,dec
99563573098068024,357.30985380959305,-7.026948590258575
