objID,ra,dec
107503571096023250,357.10972810460504,-0.4143170331684164
107503571096603577,357.10973726,-0.41405345
107503571099483719,357.11004517,-0.41399219
107503571100513345,357.1100413617131,-0.4142219600732618
