objID,ra,dec
112113573617948424,357.36179623,3.43164173
112113573615888166,357.361626687232,3.4314594516969725
