objID,ra,dec
111013574713652919,357.4713680452567,2.51035789669425
