objID,ra,dec
106113574787215020,357.4787012397281,-1.5711384639028267
