objID,ra,dec
111143572702267594,357.27031511786834,2.6226324404735455
