objID,ra,dec
107863575907507886,357.5906795649854,-0.11050915917494439
