objID,ra,dec
108363573615858922,357.36167939918596,0.3070178195633746
