objID,ra,dec
94943571114626143,357.1114612474455,-10.87857867011897
