objID,ra,dec
111423578112122518,357.81124081504737,2.8517275979536287
