objID,ra,dec
106013573434584840,357.343476753095,-1.6546782038166798
