objID,ra,dec
108563572202676828,357.22027828036585,0.4719280904426917
