objID,ra,dec
102273573494290861,357.349503997637,-4.774666523791242
