objID,ra,dec
95763575713670876,357.57138354221746,-10.199631992787822
