objID,ra,dec
104943573706355321,357.3705340262722,-2.5458690469256875
