objID,ra,dec
110653570021839666,357.0018937653702,2.215836655268913
110653570017849546,357.00190307630544,2.2158579831432017
110653570016689127,357.00175607,2.2156946
