objID,ra,dec
109573573541453427,357.3542147329256,1.3108124273777493
