objID,ra,dec
96933571292171509,357.12925483317315,-9.224122666087363
