objID,ra,dec
105433577147916791,357.71482208064964,-2.136351938239992
