objID,ra,dec
113713574919443207,357.4919437758925,4.760608137189877
