objID,ra,dec
109343570518874356,357.0519104897637,1.119873359836176
