objID,ra,dec
109383579380610268,357.9380909999572,1.1499024270822733
