objID,ra,dec
98293579499160499,357.94999594733173,-8.091583108021986
