objID,ra,dec
104303579793474384,357.9793341043145,-3.079955394423665
104303579790304506,357.97903014,-3.07992575
