objID,ra,dec
108363576493395367,357.6493455344472,0.3040706893797321
