objID,ra,dec
107883576563659816,357.6563769213307,-0.09214873755203572
