objID,ra,dec
96833572721164613,357.27213195,-9.30480856
96833572718624417,357.2719267011793,-9.30498306080956
