objID,ra,dec
107893575576346498,357.55773166207797,-0.08660462033522094
