objID,ra,dec
113413575138488615,357.51393126459294,4.515222681090992
