objID,ra,dec
97483579271646674,357.92720087535866,-8.761469082874328
