objID,ra,dec
106983576988230788,357.6986722775612,-0.8498267574913291
106983576983620558,357.6986074261188,-0.8498532916248889
