objID,ra,dec
106493572359460776,357.236046859029,-1.2579630169947764
