objID,ra,dec
95353573295817761,357.3296191569584,-10.535516676203459
