objID,ra,dec
98643575550116889,357.5550432552856,-7.79459726103789
