objID,ra,dec
109003571299395699,357.12996699091553,0.8377557140072557
