objID,ra,dec
108483575706948698,357.5707570286117,0.40682847418531404
