objID,ra,dec
106583574704105472,357.4704106078684,-1.1791806529725661
