objID,ra,dec
98843571650324219,357.1650999546133,-7.630130392047184
