objID,ra,dec
109213579133241484,357.9133820931501,1.0092504881128601
