objID,ra,dec
107833578966498778,357.89673684038115,-0.13478179369232302
