objID,ra,dec
96963570068601882,357.006943718765,-9.198799950990512
