objID,ra,dec
98133577289682703,357.72902389521244,-8.22317834320155
