objID,ra,dec
101763577308433880,357.73089877351504,-5.197123670454814
