objID,ra,dec
105133572096062926,357.20957116385915,-2.3895524595315827
