objID,ra,dec
107333577670398268,357.76707156317775,-0.5519468922753331
