objID,ra,dec
108563579410097369,357.9410091745372,0.4723811790164063
