objID,ra,dec
99003576160947575,357.61612333863405,-7.494089287569642
