objID,ra,dec
107113571907442476,357.19076948360424,-0.73995904930593
