objID,ra,dec
108763577527570580,357.75273694,0.63351595
108763577529210880,357.75291494915234,0.6336872708818163
