objID,ra,dec
108423576988413971,357.69890873402875,0.3529405327542401
