objID,ra,dec
105343576377697433,357.6377738476571,-2.2108390263968514
