objID,ra,dec
107203579789820344,357.9789104618608,-0.6667055816303994
