objID,ra,dec
108013574469636699,357.44703062,0.01353809
108013574469887143,357.44701675719836,0.013857297493071286
