objID,ra,dec
104753575558125068,357.5557990299362,-2.704465458592533
