objID,ra,dec
109733578822098904,357.8823022222119,1.4485899814474963
109733578824848647,357.88248432,1.44844387
