objID,ra,dec
114123577262233045,357.72623061256934,5.102270114693742
