objID,ra,dec
114353577688970079,357.76891521438813,5.291358235393948
