objID,ra,dec
106603571850638140,357.1852746655868,-1.1602508378227536
