objID,ra,dec
105093571445571044,357.14455220958416,-2.4244512014305246
