objID,ra,dec
112433572198369695,357.2198660106167,3.699429457578043
