objID,ra,dec
107063577260290912,357.7259926512819,-0.7829007911085074
