objID,ra,dec
108313576328352063,357.63273939687537,0.2595291036638933
