objID,ra,dec
114563571293767475,357.12934426,5.47277517
114563571293507787,357.12935668177937,5.472762690072089
