objID,ra,dec
109103573858918357,357.38594936467643,0.9231455190994359
