objID,ra,dec
96043570701978112,357.0701760443504,-9.960284125925812
