objID,ra,dec
114423575127564344,357.51277799547273,5.3532113652503295
