objID,ra,dec
111573575614178881,357.56136376692626,2.9820230633785223
111573575610749212,357.5613505624307,2.9820147203825664
