objID,ra,dec
107483571881026970,357.18814009,-0.42793776
