objID,ra,dec
98333575872057063,357.58723017047294,-8.052812876696427
