objID,ra,dec
108553575391737492,357.5392466874277,0.4642193059711616
