objID,ra,dec
95263573637052624,357.36374930447755,-10.614826618689072
