objID,ra,dec
110073572893868339,357.28937156,1.7315839
110073572892718701,357.28927745,1.73185384
