objID,ra,dec
107963574994718079,357.49944623308636,-0.026950878799291696
