objID,ra,dec
102223573082948991,357.3083656159936,-4.8095137674396025
