objID,ra,dec
106603577903933143,357.79041273774965,-1.1643727741723895
