objID,ra,dec
113673574700838134,357.4700800564642,4.731324062361005
