objID,ra,dec
107243576717275623,357.6717438929649,-0.6290200203404793
