objID,ra,dec
103983574920935582,357.49213051677566,-3.3457473899370602
