objID,ra,dec
107763574909551594,357.4909470522206,-0.1989708252654207
107763574909041988,357.490922995925,-0.19890362469593487
107763574906411695,357.49095251463626,-0.1989827546457111
