objID,ra,dec
96793578324339838,357.8325137297391,-9.33381184065536
