objID,ra,dec
105953577571268707,357.75730909117607,-1.7014202259960183
