objID,ra,dec
107733578371827285,357.83718653169757,-0.21925439795296986
107733578368677126,357.83695918,-0.21940225
107733578368347499,357.83695197,-0.21913463
