objID,ra,dec
111583578595958787,357.8597034451568,2.990270766433938
