objID,ra,dec
100433574819025933,357.4818405454581,-6.303776755968412
