objID,ra,dec
112413571116333388,357.11162874,3.67736987
112413571113773112,357.11142677415853,3.6772450458695634
