objID,ra,dec
113513572391954232,357.2391974392226,4.594782975701912
