objID,ra,dec
111753575512103176,357.55128417517426,3.1270899454997156
111753575510512889,357.5511679928583,3.127002904538296
