objID,ra,dec
112823573600658468,357.3601063677079,4.023287849481741
