objID,ra,dec
107693570291317595,357.02913794,-0.25233047
107693570288277605,357.02888539184005,-0.25236254124659946
