objID,ra,dec
106793572441776286,357.24430377168767,-1.0034598574988847
