objID,ra,dec
109283575984204474,357.5984422540325,1.0700345625741576
