objID,ra,dec
108443573351125515,357.3351675979363,0.37089874918061977
