objID,ra,dec
106963570264246873,357.026470907843,-0.8613214950417808
