objID,ra,dec
97493577071062500,357.70717592550886,-8.756616445692009
