objID,ra,dec
108753571610785442,357.16110497,0.62913147
