objID,ra,dec
108013576639919519,357.6640248933137,0.015870207631603968
