objID,ra,dec
102113576127309066,357.6127984597625,-4.90119301557934
