objID,ra,dec
109083570339237391,357.03401028300124,0.9057324703931062
