objID,ra,dec
105953570829697446,357.08288093,-1.70248096
