objID,ra,dec
108553578107082491,357.810810305651,0.46011735971791495
