objID,ra,dec
108623571143947294,357.11442892117225,0.5223416196758562
