objID,ra,dec
108473579301151420,357.9301117519547,0.3924663367956547
