objID,ra,dec
105653570686105516,357.0686469,-1.95412329
