objID,ra,dec
112113571716929013,357.1716823118347,3.4321261581239115
