objID,ra,dec
107673572210468028,357.22113199199305,-0.26873294534275033
