objID,ra,dec
98673578048983229,357.8049824868663,-7.772673152316269
