objID,ra,dec
109553579225495031,357.9225719407776,1.2954771875569928
