objID,ra,dec
97333572319094736,357.23197271730095,-8.888036207859118
