objID,ra,dec
112073574542416064,357.4542690995653,3.396376934957166
