objID,ra,dec
113823578882771470,357.88836497825133,4.850878265115869
