objID,ra,dec
96253572201199393,357.22011075858774,-9.784176653993475
