objID,ra,dec
112113575785769201,357.57860378309095,3.432353148005528
