objID,ra,dec
114263574422150671,357.4422984231325,5.216774448508042
