objID,ra,dec
108483574866126444,357.48672095338065,0.4050362139100404
108483574869796556,357.4868133273953,0.40500522127364263
