objID,ra,dec
98973574181029501,357.41811417225244,-7.517441403874005
