objID,ra,dec
105423575663633673,357.5663040368594,-2.1473291140884267
