objID,ra,dec
97703578412114678,357.84120722779306,-8.579790468622017
97703578409594492,357.84101722,-8.57989372
