objID,ra,dec
95123571203518955,357.1203647816836,-10.726232115530495
