objID,ra,dec
106553579730062964,357.9730025192745,-1.2062594675226725
