objID,ra,dec
96273579452011268,357.94515733625576,-9.774305781402298
