objID,ra,dec
113853570897163241,357.0897107452155,4.877289839747465
