objID,ra,dec
97023574969917100,357.49714896827885,-9.144500185679494
