objID,ra,dec
109283572386368715,357.23857938591243,1.073699107848287
109283572387619160,357.23877512,1.07391233
