objID,ra,dec
97463575649570382,357.5649592761966,-8.783372181057844
