objID,ra,dec
110113575201787086,357.5202111320415,1.7637905799943892
110113575206896949,357.52044445,1.76369435
