objID,ra,dec
107203573578510667,357.35788012686874,-0.6664896612059928
