objID,ra,dec
111943578106597375,357.8106264477315,3.2889260682816706
111943578105057039,357.81062203557997,3.288909851936926
