objID,ra,dec
96273570300248698,357.0300440668907,-9.768089034891764
