objID,ra,dec
106273574288439110,357.428893676992,-1.4345027528043894
