objID,ra,dec
100263575360384353,357.53606369675026,-6.446813351398115
