objID,ra,dec
114373574504730324,357.4504388090427,5.3082949537995505
