objID,ra,dec
98333574144840456,357.41458413252116,-8.058420787230306
98333574148320290,357.4146104114103,-8.058405074480383
98323574145449874,357.41470959,-8.05864398
