objID,ra,dec
114283575816566726,357.5816873923139,5.238600400598099
