objID,ra,dec
106743572468147372,357.24684752,-1.04423378
106743572466316844,357.2467273274524,-1.0445078953802143
