objID,ra,dec
112643577794619882,357.7794937715341,3.8745048436378764
