objID,ra,dec
106733576451845523,357.6451611584925,-1.0541440632415948
