objID,ra,dec
107973573321103419,357.33219622840903,-0.022571184399461985
