objID,ra,dec
102933574924569672,357.492342705721,-4.217236677805964
102933574921559716,357.4923400084291,-4.217248813099746
