objID,ra,dec
108313570190550586,357.01905405,0.25842778
