objID,ra,dec
113803570940197399,357.0940438531882,4.8390750462669825
