objID,ra,dec
106833576084754879,357.6085046123986,-0.9713011519750996
