objID,ra,dec
107823579344248056,357.9345834999669,-0.14363483284149334
