objID,ra,dec
112723579513920181,357.9513995316098,3.9331151898630883
