objID,ra,dec
107973576253107114,357.6253024880185,-0.019438369394356447
