objID,ra,dec
110203576003822201,357.6003685107614,1.8347236416772914
