objID,ra,dec
96243574976341630,357.497451,-9.79893265
96243574973301677,357.49731898383965,-9.798937064369259
