objID,ra,dec
110953578375372027,357.8375632370252,2.4596482919046263
