objID,ra,dec
113763577904616632,357.79043223,4.80499788
113763577902886322,357.7903792722911,4.804890560173776
