objID,ra,dec
97393574651761220,357.46519791340506,-8.840993319249453
