objID,ra,dec
105043572122411341,357.21222964,-2.46588745
105043572121511013,357.2121419388591,-2.466136440219655
