objID,ra,dec
106613579534166466,357.95344548452533,-1.1533272079810224
