objID,ra,dec
105743574578075964,357.4577624506264,-1.8785810757819574
105743574576356379,357.45773793497017,-1.878580891486653
