objID,ra,dec
98883572735385271,357.27361342625017,-7.5959165263551744
