objID,ra,dec
112673577166989303,357.71671830375413,3.8989943292596716
