objID,ra,dec
99223570533311121,357.0533196386264,-7.316083993453268
