objID,ra,dec
107653570518617460,357.05187394113244,-0.28578128571303146
