objID,ra,dec
102253578427839322,357.8428201214688,-4.78427622147677
