objID,ra,dec
114143574907619722,357.49068878040777,5.124402988870203
