objID,ra,dec
107593578719144782,357.87194332388594,-0.3380537201065781
