objID,ra,dec
108273572064084858,357.20637947069974,0.22866499564917803
