objID,ra,dec
110703570156346980,357.015859883191,2.255595412510818
110703570158967384,357.0159025171688,2.2556476142638884
110703570159987067,357.01591598119705,2.2556236859081165
110703570161507601,357.0159213818758,2.2556963342746927
