objID,ra,dec
104673574721729365,357.47216538337665,-2.7675580682976495
