objID,ra,dec
106583579962659121,357.9963031576759,-1.1761005370940674
