objID,ra,dec
110153571201966672,357.12026331621365,1.7969363144763384
