objID,ra,dec
95453575434983560,357.54351549936735,-10.455666554006498
95453575433283836,357.54332734,-10.45545563
