objID,ra,dec
98193574910775678,357.49109409671496,-8.170626509718566
