objID,ra,dec
107213570725927254,357.07260461099645,-0.652651862040707
