objID,ra,dec
109613573126757130,357.31273173494344,1.3472567790338716
109613573128177485,357.3127687,1.3473034
