objID,ra,dec
109503577615483791,357.7615588954655,1.2528653917423758
