objID,ra,dec
108363576372865733,357.63733868079044,0.30468150445867914
108363576372946139,357.63734007793585,0.3046720829500596
