objID,ra,dec
107423576517417150,357.6516880929719,-0.4776925307324021
