objID,ra,dec
110103575066151671,357.50666106808245,1.7510055376574218
