objID,ra,dec
111493572664571602,357.266514900585,2.909273852200856
