objID,ra,dec
108943574099396560,357.41000301525617,0.7884287786780514
