objID,ra,dec
108313572984492006,357.29841847,0.25963096
108313572982661738,357.2982596331772,0.25938915867578294
