objID,ra,dec
114543573262430954,357.3262096706748,5.450429307392974
