objID,ra,dec
98033578251011949,357.82514252867463,-8.30708896302288
