objID,ra,dec
111333570257545726,357.02568951639665,2.779295815273016
