objID,ra,dec
108543571960464221,357.19613865928886,0.4532150943588997
