objID,ra,dec
102113576482446303,357.6483003642306,-4.90346402049951
