objID,ra,dec
97383578642458369,357.8642601089824,-8.843264585573746
