objID,ra,dec
110333578906914630,357.8907011648437,1.9451609694962992
