objID,ra,dec
107403577768983476,357.77685161198815,-0.4974190367649632
