objID,ra,dec
112583578761031216,357.87594954323447,3.8173076017206333
112583578756651263,357.8759406621461,3.8173119308987182
