objID,ra,dec
113273576113707907,357.61140943700286,4.397856626346781
