objID,ra,dec
99633575739642946,357.57393430313095,-6.972890104179552
