objID,ra,dec
108633578629979661,357.8630970041349,0.5325358688763846
108633578631539378,357.8631093102118,0.5325274251905691
