objID,ra,dec
113943573646632578,357.3647482019133,4.951767503097956
