objID,ra,dec
98183579964990356,357.9965495770047,-8.18344094008755
