objID,ra,dec
95343579269405268,357.9269610680389,-10.545961683771313
95343579265665292,357.92695744317973,-10.545954130303905
