objID,ra,dec
110613572877372438,357.2877205458913,2.1766131333021503
