objID,ra,dec
111923577177799258,357.7178833547469,3.2740834203035347
