objID,ra,dec
107503573473375254,357.3473308130229,-0.41247372183788616
107503573472375572,357.34730919459946,-0.412455811478743
