objID,ra,dec
108643573143929397,357.3143712828259,0.5407768404361984
