objID,ra,dec
107213577851228859,357.78502205258604,-0.6514524714743084
107213577848318786,357.78496146320697,-0.6514937490281673
