objID,ra,dec
106813574396687572,357.4397527683471,-0.9857032226618232
