objID,ra,dec
111653577577595896,357.75783438626786,3.0462054905261122
