objID,ra,dec
113013572297362820,357.22975081642994,4.177119362874239
113013572296983173,357.229758556613,4.177113567324868
