objID,ra,dec
111953572663796072,357.26641475284964,3.296395988634616
