objID,ra,dec
106533578847626212,357.88482337702163,-1.220211223512147
