objID,ra,dec
108113571508562028,357.1508787077545,0.09293214201271266
