objID,ra,dec
112623570808853629,357.08093686588245,3.852677116170751
