objID,ra,dec
99213570266512187,357.02661013436955,-7.323473283338301
