objID,ra,dec
107473576425447370,357.64252146716916,-0.435929579138915
