objID,ra,dec
112273574506883617,357.4507190674628,3.560980454950248
