objID,ra,dec
113573571878274755,357.1877733591678,4.645235812956627
