objID,ra,dec
109983577200428849,357.7200543413779,1.65700545259772
