objID,ra,dec
99703573109827011,357.3110407037867,-6.911190181627188
