objID,ra,dec
99003579059043983,357.90589952,-7.49699266
99003579058194359,357.90584066004135,-7.496723473929808
99003579054754133,357.90570969,-7.49693919
