objID,ra,dec
106833574471014881,357.4471153147775,-0.9712564149534682
