objID,ra,dec
107423574151101063,357.4151947859043,-0.48284854279793515
