objID,ra,dec
106003578052170047,357.80525976,-1.66705788
105993578054499801,357.8055016302574,-1.667182535207742
