objID,ra,dec
108103578041343094,357.8041260995727,0.08552764044164951
