objID,ra,dec
107063572693232844,357.26933966209606,-0.7813483418295528
