objID,ra,dec
101143576727690551,357.67278153,-5.71654192
101143576724110625,357.6724743186271,-5.716529992477541
