objID,ra,dec
108263579575784503,357.95757687260414,0.2201457887327628
