objID,ra,dec
111273570698688848,357.0698976970563,2.731987832272216
