objID,ra,dec
97123579957390258,357.99575125988315,-9.066772030353293
