objID,ra,dec
113003574146464917,357.41468914012444,4.170389480411572
