objID,ra,dec
101383576922659260,357.69225025,-5.50932086
101383576919239084,357.6920077483975,-5.5094192164755125
