objID,ra,dec
95993577635766858,357.76366847829433,-10.002948123032425
