objID,ra,dec
111033574146574482,357.4147102460923,2.5283103672903455
