objID,ra,dec
113633574497658615,357.4497719563827,4.69850046651025
113633574497398273,357.44984754,4.69835638
