objID,ra,dec
107493576882374528,357.6883115015878,-0.42172423258318975
107493576882574048,357.68832680279405,-0.42172072547456796
