objID,ra,dec
109873579029652268,357.90294681491525,1.5598090438938261
