objID,ra,dec
109033579892502909,357.9892401099935,0.8603926924202164
