objID,ra,dec
103393577878913299,357.78785066351764,-3.8393261557114267
