objID,ra,dec
114493574747241431,357.47481263857065,5.4092088432379635
