objID,ra,dec
107643579333006476,357.9332991050471,-0.2949960718768412
