objID,ra,dec
107243579948714590,357.9949896820799,-0.6298863258423505
