objID,ra,dec
100013577334577483,357.73356617470887,-6.652437326969413
