objID,ra,dec
106823578702286900,357.8702555809016,-0.9779550062589032
