objID,ra,dec
108503571766054334,357.1765694988656,0.41993914323381937
