objID,ra,dec
112723575952839071,357.59531815821714,3.9405300374011816
