objID,ra,dec
95203576393273592,357.6393357370976,-10.66397437907035
