objID,ra,dec
109933570871352365,357.0872499439865,1.6100233173618261
109933570871852696,357.08730900737214,1.6100358797753767
109933570874472569,357.08733305239605,1.6100416818482002
