objID,ra,dec
109413575910840556,357.59098257,1.17530199
109413575911141032,357.5911239253967,1.1754787196324197
