objID,ra,dec
114063576642360876,357.66428190771865,5.050381605181331
114063576644881037,357.66452914,5.05025932
