objID,ra,dec
108553574220895621,357.4221478685907,0.462652441909183
