objID,ra,dec
107553572163051300,357.2163552719151,-0.37431157313295194
