objID,ra,dec
100503573360896189,357.33610257434253,-6.245161399220381
