objID,ra,dec
95843575064646941,357.5063880126797,-10.1279673632674
