objID,ra,dec
105573571344333900,357.13436988766125,-2.0220881099836845
