objID,ra,dec
105673575658767099,357.56586066858165,-1.9361028760169674
