objID,ra,dec
112393579178809752,357.91779300252466,3.6661031764014194
