objID,ra,dec
95053578608317005,357.86093362033694,-10.786199193914902
