objID,ra,dec
106043578299472775,357.8300133582698,-1.6313443189131438
