objID,ra,dec
109453570405929034,357.04064147910725,1.2154670202861193
109453570406868679,357.04074429,1.21530947
