objID,ra,dec
104933572050293647,357.20506214746234,-2.555603230289547
