objID,ra,dec
107543589080698637,358.90806972157714,-0.37657464624948483
