objID,ra,dec
109073587596037665,358.75971797,0.89777796
