objID,ra,dec
101563581171534059,358.1171399368072,-5.363569946458629
101563581170504377,358.11712822732034,-5.363478756938062
