objID,ra,dec
99693582144545373,358.21449540909543,-6.920855502029168
