objID,ra,dec
113613581720537028,358.1721242000078,4.680505504788845
