objID,ra,dec
101073587027574106,358.70278112,-5.77198578
101073587025933796,358.70267453311635,-5.772193447567734
