objID,ra,dec
108283586732613626,358.6732954418672,0.23606222903679844
