objID,ra,dec
105783584806173980,358.48063855799813,-1.8470151773842944
