objID,ra,dec
107863589847353184,358.98473924818074,-0.11440146617502242
