objID,ra,dec
109833589869183997,358.98708977098676,1.527731317989047
109833589872253745,358.98726596,1.52771674
