objID,ra,dec
102543582628955837,358.2629345515475,-4.545511148919799
