objID,ra,dec
108453585503092884,358.55032063951234,0.37701456326758936
