objID,ra,dec
107403585938066047,358.59392849344715,-0.4952750033377751
107403585941246234,358.5940532073802,-0.495237702393239
