objID,ra,dec
107573587671645751,358.76709166273656,-0.35391771349437906
107573587669866115,358.76702339,-0.35366501
