objID,ra,dec
109033587925913654,358.79268219948773,0.8608909120623893
