objID,ra,dec
108383586923066879,358.69239108,0.32213438
108383586925707091,358.6926212333214,0.3221749488729466
