objID,ra,dec
102003581886596605,358.1886329056704,-4.99484199112677
