objID,ra,dec
106863588843985935,358.88457767,-0.9455712
