objID,ra,dec
109363584869662444,358.4871400610577,1.1350443403255568
