objID,ra,dec
109263586473726468,358.64749338931824,1.0548006712379185
109263586474446040,358.64741104264647,1.0546553812391357
