objID,ra,dec
106813588335857790,358.8336387576301,-0.9855270125148561
