objID,ra,dec
98263589330154081,358.9330370668971,-8.113633175330198
