objID,ra,dec
108183589278572142,358.927793856003,0.15145847012216596
