objID,ra,dec
108563587818878771,358.78194821,0.4736741
