objID,ra,dec
104803580344714672,358.0344444827423,-2.66308739168777
