objID,ra,dec
108423581314495230,358.1314572137243,0.3539480373392224
