objID,ra,dec
95543583528176103,358.3528268369676,-10.378589668512232
