objID,ra,dec
108313580203654700,358.0203022523309,0.2616881127660586
108313580202714334,358.02030702900447,0.26165811755052426
