objID,ra,dec
96923586387901466,358.6388437847641,-9.2324938875468
