objID,ra,dec
98373586672997089,358.66732263471476,-8.019446183671988
