objID,ra,dec
106503580367243616,358.0367628334257,-1.2473571672226422
