objID,ra,dec
113603581444571759,358.14450050898296,4.667788811639825
