objID,ra,dec
108593582558903387,358.2558673228746,0.4941560210034953
