objID,ra,dec
107943586348964057,358.6349435915967,-0.047000200779040456
