objID,ra,dec
105683589451946094,358.9451758198763,-1.9286115242324906
