objID,ra,dec
94643587693829376,358.76940810206827,-11.125881455180828
