objID,ra,dec
103583587436890359,358.7437263278703,-3.683335649353974
