objID,ra,dec
112923582002700349,358.2002904387965,4.099946189587216
