objID,ra,dec
113983580302684269,358.03029355397587,4.986493030467316
