objID,ra,dec
98743586975057545,358.69742253696853,-7.710748636932074
98743586971667475,358.69714594876183,-7.710742645785736
