objID,ra,dec
97403587479971355,358.74804664176344,-8.832459554749779
