objID,ra,dec
109743589832518344,358.9832231285061,1.4565892491202024
