objID,ra,dec
107883583599204224,358.3599829001417,-0.09685952082747039
