objID,ra,dec
98313585642663682,358.56420336,-8.07226463
98313585640003469,358.56405989281785,-8.072361011750333
