objID,ra,dec
109203588774222453,358.87774992621473,1.0016124782830065
