objID,ra,dec
111843585531781015,358.553222831673,3.2004523910410123
