objID,ra,dec
95753585784119792,358.5784171719512,-10.200491483155343
95763585785420092,358.57855046,-10.20025819
