objID,ra,dec
107653589606962943,358.96074041789575,-0.2896106840006417
