objID,ra,dec
96183583435633768,358.34356890708494,-9.847202599680653
