objID,ra,dec
112933588965471206,358.89680941079337,4.1089660606116185
112933588969201276,358.8969147917631,4.108978473756504
