objID,ra,dec
104553587139705710,358.713927252876,-2.8706210099490796
