objID,ra,dec
96743585808803155,358.58087631,-9.38095144
96743585806833590,358.5806354259028,-9.380789157750948
