objID,ra,dec
109143587133049190,358.7133224117566,0.9572667878669812
