objID,ra,dec
109023584438523926,358.4439175874946,0.8529195819748171
