objID,ra,dec
113343583261112150,358.3262208367975,4.451363048520734
