objID,ra,dec
98333580370118659,358.0370520305595,-8.051457334210742
