objID,ra,dec
99473589553388759,358.9553584742463,-7.101473508795711
