objID,ra,dec
97033588111692905,358.8112041226025,-9.139571061898904
