objID,ra,dec
107033580752896791,358.07529943,-0.80302558
107033580755766910,358.0755467597916,-0.802921980358613
