objID,ra,dec
108523587461686146,358.7461981805348,0.4380724583540774
