objID,ra,dec
107623581249326028,358.12477197620035,-0.31214955690686097
107623581247236263,358.12471513,-0.3118707
