objID,ra,dec
96393589820286049,358.9820990055029,-9.67033714703837
