objID,ra,dec
96763586711468354,358.67115348041665,-9.360045030177375
