objID,ra,dec
99863585997246659,358.59978293905624,-6.778116210687054
