objID,ra,dec
96233588608237621,358.86102234753986,-9.802281135087984
