objID,ra,dec
106263588836901814,358.883740088095,-1.448857384977476
