objID,ra,dec
100773588237717366,358.8238502599619,-6.019218560361362
