objID,ra,dec
109263584792542168,358.47939105,1.05140677
109263584796182221,358.4796187453799,1.0514579519135052
