objID,ra,dec
107413582908118268,358.2910670292929,-0.4852347126395411
107413582910538071,358.2910800777873,-0.48520825763148434
107413582910578428,358.2910784453536,-0.4851881944663716
