objID,ra,dec
108293580872700674,358.0871176411461,0.24195044369456573
