objID,ra,dec
109073583350588682,358.3350977213938,0.8984350689889212
