objID,ra,dec
105693580020198684,358.0020012938986,-1.9181154916205354
