objID,ra,dec
107383580701973153,358.0701880818746,-0.5144502718560882
