objID,ra,dec
96723581935714913,358.1935558237597,-9.39627563082993
