objID,ra,dec
109233587314611106,358.73159811737463,1.0254690411146943
