objID,ra,dec
110543580150474098,358.0150419646553,2.1196462169892563
