objID,ra,dec
109663585305905694,358.53064449226014,1.3876567270168678
