objID,ra,dec
106883587337505902,358.7337865973428,-0.9287781968617382
