objID,ra,dec
96683581468896557,358.14681300047437,-9.428250304097965
96683581466046506,358.14673004735295,-9.42826389573765
