objID,ra,dec
109333588022748439,358.80232130181764,1.1149864497475057
