objID,ra,dec
107773582189530608,358.21895383,-0.19143341
107773582187370852,358.21877872743903,-0.1913588675228102
