objID,ra,dec
109093586482747259,358.6484106414298,0.9140514339553043
