objID,ra,dec
106833582988486512,358.29886924053955,-0.9699270658915703
