objID,ra,dec
103583586139209835,358.61394437466816,-3.675499013217867
