objID,ra,dec
107863586531276368,358.6531193061285,-0.1117649864580668
