objID,ra,dec
108983582737547592,358.2737936295836,0.8226222504462974
