objID,ra,dec
102673583791065416,358.37904514125637,-4.437393623276609
102673583788935706,358.3790497931782,-4.43737520949968
