objID,ra,dec
96003588737163024,358.8737678471093,-9.99784069457016
