objID,ra,dec
108663581927184865,358.19273399145925,0.55368880862504
