objID,ra,dec
108623585654197989,358.56541231218995,0.5229423914465382
