objID,ra,dec
106393587973102057,358.7973379910692,-1.340275865054475
