objID,ra,dec
110113584085588682,358.4087509890098,1.7652170727625065
