objID,ra,dec
111243583002354260,358.30043778903996,2.703117490252232
111243583005134286,358.3004612486256,2.703098922656561
