objID,ra,dec
108843584872811934,358.4873039409287,0.7012713829444581
