objID,ra,dec
105233589298654389,358.92979031321977,-2.3050603325653305
