objID,ra,dec
97163580232276295,358.0232305988798,-9.028432962167797
