objID,ra,dec
96693581190333217,358.1190406791765,-9.422662451903042
