objID,ra,dec
109323588784087320,358.87853613,1.10561454
109323588786926914,358.87856401208836,1.1054576413332624
