objID,ra,dec
107863589586522626,358.95860139040377,-0.11498712775144047
