objID,ra,dec
106103585172090864,358.51725997250117,-1.5829195736103834
