objID,ra,dec
96403585123480515,358.5123039656166,-9.66659383246882
