objID,ra,dec
106953589171993790,358.9172582739424,-0.8722062259685764
