objID,ra,dec
97193581410055414,358.14103727374317,-9.004174612391585
