objID,ra,dec
97953581614125376,358.16137978394266,-8.370736720421897
