objID,ra,dec
112273585709845240,358.57100428412576,3.5622869733417497
