objID,ra,dec
98453581251787214,358.12519287113986,-7.952689646280978
