objID,ra,dec
107633585624115543,358.56232897,-0.30408677
107633585622835901,358.56237153629314,-0.30384730883284866
