objID,ra,dec
101253585721284829,358.57214607912533,-5.621260092118931
