objID,ra,dec
109123581650418168,358.1650777252531,0.9397098479336822
