objID,ra,dec
97823587373043310,358.73733493338483,-8.480917477223404
