objID,ra,dec
99943582469918130,358.2470182240006,-6.710242540003071
