objID,ra,dec
100483584489019293,358.4489515627523,-6.259341956699004
