objID,ra,dec
109313587143078981,358.7143541142833,1.0987606524549574
