objID,ra,dec
113093585718334215,358.57190923650785,4.244862078283681
