objID,ra,dec
108113585011371982,358.50113532649675,0.09296496231067844
