objID,ra,dec
108973583768599789,358.37689350849695,0.8161405724765024
108973583765619693,358.37673042,0.81598062
