objID,ra,dec
107393581767523961,358.176740938106,-0.5054182144811558
