objID,ra,dec
113863580248086306,358.0248390425574,4.888171160938679
