objID,ra,dec
101193585647637065,358.56467596325797,-5.669420823872445
101193585645707345,358.5646571825504,-5.669401454113415
101193585643407105,358.56435719,-5.66944492
