objID,ra,dec
108373588860093912,358.8859838789364,0.31132539836367895
