objID,ra,dec
114153588093030149,358.8094490020173,5.124643321623818
