objID,ra,dec
106993583375441500,358.33736814617316,-0.840753230625798
106993583372851361,358.33741021957366,-0.840801850915666
