objID,ra,dec
110113583296110957,358.32948984747287,1.7588646179898118
110113583293271223,358.3294185218148,1.7588663972833003
