objID,ra,dec
101693587913629392,358.79137291861167,-5.250888916695974
