objID,ra,dec
96603586667955282,358.6667862210716,-9.495971811073439
