objID,ra,dec
106733586515726656,358.65162431305225,-1.0531062898740708
