objID,ra,dec
105723589660366655,358.9660427785938,-1.8947341480006843
