objID,ra,dec
107723583516573184,358.351714615072,-0.23104834259897408
