objID,ra,dec
107773585685088307,358.5685261381492,-0.1851545164877562
