objID,ra,dec
101223582985433150,358.2985613071276,-5.64772499497047
