objID,ra,dec
107743587482197341,358.748251384506,-0.21095758987496444
