objID,ra,dec
101483588691675826,358.8692035474292,-5.42882957525263
