objID,ra,dec
106253584126851608,358.41270878671486,-1.4573955142569697
