objID,ra,dec
104993582506244736,358.2506549948216,-2.50469198660347
