objID,ra,dec
111393586089722758,358.60898343078304,2.826954219651712
