objID,ra,dec
111313584800103381,358.4800150703428,2.760850263878916
