objID,ra,dec
105713583210094199,358.32104653101743,-1.9051859885159816
