objID,ra,dec
108623583321068776,358.3321301309796,0.5235938109197753
