objID,ra,dec
113993580676449140,358.0675497745476,4.998724968578355
