objID,ra,dec
105903584170509317,358.4170366446588,-1.7425502593866429
