objID,ra,dec
106433585139223892,358.5141075313379,-1.305560015761592
