objID,ra,dec
103083584774556565,358.47750300906534,-4.094933356036219
