objID,ra,dec
107943586266075838,358.6266445015418,-0.045514166732047834
