objID,ra,dec
109393580406060442,358.04060728282116,1.1583630372982585
