objID,ra,dec
106373587141285245,358.7141474429123,-1.35443476989533
