objID,ra,dec
109363581215397830,358.1215573966729,1.1394516405329012
