objID,ra,dec
97173589047572326,358.90464107295963,-9.023579197747223
