objID,ra,dec
100243583266255782,358.32666081554447,-6.4621959540083775
