objID,ra,dec
108353585368390830,358.53685986641204,0.2919624222410557
