objID,ra,dec
110003581976620050,358.19766633510636,1.6663243009908353
