objID,ra,dec
98953583376980666,358.3377350039965,-7.541494544623619
