objID,ra,dec
97793588045950749,358.80465735147357,-8.5080475759715
