objID,ra,dec
105083581132060265,358.1132014506496,-2.433478451306422
