objID,ra,dec
109133587806050608,358.7806476879932,0.9416674777141072
109133587805590222,358.78063639738565,0.9416340652412718
