objID,ra,dec
111213580197634461,358.0197986531695,2.6783406631476074
