objID,ra,dec
111673582442342087,358.2442669041109,3.0596939344364404
