objID,ra,dec
109023581883677122,358.1884331723444,0.8554554854193119
