objID,ra,dec
107823586959953669,358.69601031042026,-0.14734456111782454
