objID,ra,dec
106273587585302104,358.7585638445337,-1.4402727008715508
