objID,ra,dec
99943580867251711,358.08673356282264,-6.715579608369697
