objID,ra,dec
100933585812981631,358.5812890299621,-5.890768018248151
