objID,ra,dec
109583585808155815,358.58081611,1.32115925
