objID,ra,dec
108793585317033005,358.53156358279233,0.6605528789010134
