objID,ra,dec
106673584022597633,358.4022362792538,-1.1023379984361912
