objID,ra,dec
110303588771830978,358.87717015739054,1.9171457620882362
