objID,ra,dec
95203584357855697,358.4356899200029,-10.66227437636642
