objID,ra,dec
108843586506799950,358.6508491917427,0.7080086449937264
108853586509750131,358.65084137045164,0.7080033191190406
