objID,ra,dec
95483584161054494,358.41611234317486,-10.42991267316661
