objID,ra,dec
100833581783393068,358.17828667,-5.97270858
100833581781173382,358.1781106553883,-5.972509273198342
