objID,ra,dec
105933589498485637,358.94990828085486,-1.7206298655443455
