objID,ra,dec
108663589665149931,358.96657320699984,0.55790721692788
