objID,ra,dec
109093580046500580,358.004685612969,0.9084341864991123
