objID,ra,dec
102773585389158802,358.5388758889837,-4.351279790237496
