objID,ra,dec
111203585373810134,358.5374066053295,2.6664293711754277
