objID,ra,dec
107883584516246195,358.45168979591443,-0.09523008629922573
