objID,ra,dec
107873583380914777,358.33816741361613,-0.10458319484585403
