objID,ra,dec
108413583683814717,358.3684029816189,0.3451929356819206
