objID,ra,dec
107943580902340272,358.09020432834825,-0.05012889337712567
107943580899270527,358.08993229,-0.05002221
