objID,ra,dec
101083580259173739,358.025917564766,-5.764056349418195
