objID,ra,dec
96353583147012797,358.31472287629236,-9.706414478479939
