objID,ra,dec
109003589233903476,358.92344299155445,0.8358650801901767
