objID,ra,dec
107083582173599243,358.21730869136326,-0.7593270767188562
