objID,ra,dec
99453586777537003,358.6778614210657,-7.119382586331057
