objID,ra,dec
110423586897838174,358.68983554920675,2.0229993809608056
110423586901338132,358.68987442345514,2.0230403718270016
