objID,ra,dec
112333581058481783,358.1059406908515,3.6094458029232266
