objID,ra,dec
109293586688946800,358.6687769238374,1.0804878998749166
109293586684407100,358.66873342,1.08051355
