objID,ra,dec
102653586433671683,358.6434186416464,-4.457274276227002
