objID,ra,dec
110243588595544723,358.85959329721703,1.8701766359403533
