objID,ra,dec
103973589977946321,358.9978410561069,-3.353486533889962
