objID,ra,dec
96723589563922153,358.9563695506752,-9.398528371769494
