objID,ra,dec
105623583505168574,358.35057800235114,-1.9764824433782495
