objID,ra,dec
113313588902014846,358.8902291190391,4.428630462917346
