objID,ra,dec
94923584589013376,358.4589185653421,-10.897525220137192
