objID,ra,dec
109433581954322705,358.1954469401688,1.193554332751823
