objID,ra,dec
106003581512087521,358.151220773788,-1.660713235973173
