objID,ra,dec
95173580726249228,358.0726684419912,-10.684334641081557
