objID,ra,dec
113603586495542212,358.6495841949279,4.668144540759464
