objID,ra,dec
113143581821867203,358.18221725073533,4.2889763337802815
