objID,ra,dec
105353580502345815,358.0502996449347,-2.2038700855054896
