objID,ra,dec
100873580131280569,358.01312948224887,-5.941543958268389
100873580130770237,358.01307346,-5.9418028
