objID,ra,dec
103343584884157437,358.48846954469036,-3.8774633538138845
