objID,ra,dec
107593584941428407,358.4942588556836,-0.3351283922303873
107593584944828231,358.4943359579209,-0.3352505892135834
