objID,ra,dec
108873587451257989,358.7451514690764,0.731304212792168
