objID,ra,dec
113953582886148344,358.2886463345516,4.964907929528043
