objID,ra,dec
107253581665984322,358.1666065430759,-0.6217674913251816
