objID,ra,dec
107863580899973773,358.0900224634012,-0.11389799335607188
