objID,ra,dec
110613588965882831,358.89654767786874,2.1769694915589435
