objID,ra,dec
108403586611933015,358.6612349,0.33543314
