objID,ra,dec
94943581973140762,358.1973493198626,-10.883093578139398
