objID,ra,dec
105093587084335648,358.70848792999004,-2.420705435002334
