objID,ra,dec
106173589693772810,358.96938906322873,-1.522982107482706
