objID,ra,dec
108083581858000722,358.18572197928927,0.06677993396837059
