objID,ra,dec
107823587938936066,358.79393776258746,-0.14533687647720003
