objID,ra,dec
95643580725957007,358.0726213486057,-10.294506602037151
