objID,ra,dec
108443586294698357,358.6294487358132,0.37326213623418547
