objID,ra,dec
98643583605738215,358.36062647469987,-7.793504066661044
