objID,ra,dec
106733582128845438,358.21289066616333,-1.0541878233469406
106733582128185055,358.21282384,-1.05446116
