objID,ra,dec
106743585656369498,358.5656072752211,-1.042665512482244
