objID,ra,dec
106273583207985132,358.32095250080255,-1.4376102300912903
