objID,ra,dec
103093580546967892,358.0547499101527,-4.085428323521982
