objID,ra,dec
106213585396184578,358.53961166886637,-1.4882112883889398
