objID,ra,dec
104213586506089772,358.65057822406453,-3.150522106837628
