objID,ra,dec
97193580001103860,358.0001590088942,-9.005446221672479
