objID,ra,dec
111533589555957486,358.9556170739264,2.9475065610289515
