objID,ra,dec
114443586837325780,358.6837187469041,5.371205333956153
