objID,ra,dec
108533581449114095,358.14502255109466,0.4445989881960015
