objID,ra,dec
114393586460514517,358.6460578325547,5.328383543191012
