objID,ra,dec
106963587819159071,358.7819336276763,-0.85940427056975
106963587822189077,358.7821641,-0.85948383
