objID,ra,dec
109493586899473979,358.689966704484,1.2446597506091421
