objID,ra,dec
108773582226503480,358.22274694024156,0.6442431506079386
