objID,ra,dec
109073582417250043,358.24174511662613,0.8912992047335834
