objID,ra,dec
109963582052732409,358.20533274864283,1.6350585662651578
