objID,ra,dec
109983588207768592,358.8207720019142,1.6567233319981178
