objID,ra,dec
98683580980757397,358.0981153556237,-7.7608263394669885
