objID,ra,dec
108513586891813948,358.68921684,0.42789903
108513586887463695,358.6890204322937,0.42775390356020027
