objID,ra,dec
108563588570222510,358.8570487454696,0.4684102861984166
