objID,ra,dec
104643581534811148,358.153388057485,-2.799428219655665
104643581532250994,358.1531976862421,-2.7994805573869277
