objID,ra,dec
96063586473434813,358.6474777950241,-9.946396570088805
