objID,ra,dec
110103580498520190,358.04985631337496,1.749769682514064
