objID,ra,dec
114033581212956917,358.121379496986,5.030408380081886
