objID,ra,dec
107893584695352448,358.469560344366,-0.0900001147588512
