objID,ra,dec
106903587602074030,358.76020251,-0.91358042
