objID,ra,dec
114553587491086353,358.7491323159243,5.463267907111223
