objID,ra,dec
97833582331422640,358.23322206439684,-8.473122385187427
97833582328992892,358.23294141,-8.47302752
