objID,ra,dec
107463581889797586,358.18904804,-0.44423063
107463581889337081,358.18895074404355,-0.4444905870127039
