objID,ra,dec
114053583671525678,358.367261814549,5.046005514986395
114053583674025908,358.36732619,5.04618655
