objID,ra,dec
96723589573595259,358.9573565618475,-9.395939603173852
