objID,ra,dec
109313582998334271,358.29981002,1.0949032
109313582995874075,358.29960708497646,1.0947249691533472
109313582993984380,358.29954227,1.09486726
