objID,ra,dec
100473588458545287,358.8459033969172,-6.270985955620569
