objID,ra,dec
107153581515114603,358.15159789159713,-0.704897804564756
