objID,ra,dec
110433580769878584,358.07700585871794,2.031736696261778
