objID,ra,dec
107033587097858107,358.70993587753395,-0.8019771822771932
