objID,ra,dec
96733588535539550,358.85354665475904,-9.383978628783874
