objID,ra,dec
97773589281179778,358.9281724701826,-8.51720799797109
