objID,ra,dec
113503580859150033,358.0859331574598,4.582982992302066
