objID,ra,dec
100003581118996590,358.11193189104745,-6.661496352357375
