objID,ra,dec
114543586082032755,358.6082241780481,5.451944075483568
