objID,ra,dec
111243581329340572,358.1329494357072,2.700099422123185
