objID,ra,dec
110283587504010532,358.7504288335607,1.9000810202464293
