objID,ra,dec
107813586793800373,358.6794094734775,-0.15842247398638754
