objID,ra,dec
94823584481221421,358.4481311526471,-10.982497372688439
