objID,ra,dec
109033586197140009,358.61971338777005,0.8579918501005305
