objID,ra,dec
107683587507485824,358.7507786482538,-0.2622323891954454
