objID,ra,dec
112223582589607084,358.25890054,3.52240611
112223582592177271,358.25915933621445,3.5224462962309877
