objID,ra,dec
111713589314116740,358.9314441778588,3.0969030243927254
