objID,ra,dec
100323586530902531,358.6531264257112,-6.398259097846363
