objID,ra,dec
98343581566249139,358.1566431169699,-8.042691689656628
