objID,ra,dec
107073583970202730,358.39700996118336,-0.7731206097301122
