objID,ra,dec
95163585952383787,358.5952554885536,-10.697166539917252
