objID,ra,dec
98643585218186153,358.52182538559293,-7.795301096217117
