objID,ra,dec
100843580678045432,358.0678122919629,-5.962469851412875
