objID,ra,dec
110833580100709158,358.0100927113423,2.3655777911847613
