objID,ra,dec
108723581229177949,358.1229555075624,0.6062404513891847
