objID,ra,dec
97973582801619361,358.28012022124545,-8.35085679852832
