objID,ra,dec
108373583837303213,358.3837310397457,0.31058174122843624
