objID,ra,dec
113323582749801727,358.27505276016893,4.434379046533741
113323582752871545,358.27528052,4.43423927
