objID,ra,dec
114343585823679789,358.582434771011,5.29114713051136
