objID,ra,dec
113173585235795561,358.523610430237,4.312597484312792
