objID,ra,dec
109223580558142884,358.055796562591,1.0186828413111246
