objID,ra,dec
95823586735812067,358.67359314510384,-10.148589203598616
