objID,ra,dec
101053583997949631,358.39979031937935,-5.784020481062451
