objID,ra,dec
111163582190187861,358.2190322220203,2.639506893591184
