objID,ra,dec
108893581595685763,358.15962276125344,0.7461065908074531
