objID,ra,dec
107983581885936647,358.18860486158604,-0.01151714177373309
