objID,ra,dec
108253589264812045,358.9265097275819,0.20955933810878183
