objID,ra,dec
96003588057264742,358.8056837234102,-9.996513871152276
