objID,ra,dec
108153583778617608,358.37774258,0.13108024
108153583775217787,358.37760428,0.13108174
