objID,ra,dec
109033586987057983,358.69874839753754,0.8646369836130201
