objID,ra,dec
112733587873359104,358.78736445671933,3.9488240659514884
