objID,ra,dec
99093587639434765,358.7639888661738,-7.421355492165124
