objID,ra,dec
102283580897175332,358.0896246668443,-4.762631627513154
