objID,ra,dec
108453583341911083,358.33422792,0.37545281
108453583341420736,358.33414777990447,0.37532968960429836
