objID,ra,dec
94963586354497664,358.63548015297164,-10.860637788235522
