objID,ra,dec
98213580263322448,358.0262197315559,-8.156695644933874
