objID,ra,dec
95693586656699514,358.66567802111666,-10.250712911511505
