objID,ra,dec
106723587600332759,358.7600580989228,-1.0647393391526443
