objID,ra,dec
95953583553392337,358.3553658799535,-10.040038492314084
