objID,ra,dec
107133586205327295,358.6205716292235,-0.7193081146244096
