objID,ra,dec
113953580431516234,358.043056934388,4.963278750221496
113953580429496650,358.04302315964406,4.963350943289653
