objID,ra,dec
114483585991068787,358.5991173294022,5.406977719840919
