objID,ra,dec
108753586905163227,358.6905786,0.62716098
