objID,ra,dec
109493588568521975,358.8567985891669,1.2429416908886912
