objID,ra,dec
107493587640201387,358.76405708558667,-0.4243440597846628
107493587640941065,358.7639924964461,-0.42441969542771485
