objID,ra,dec
106513586090334102,358.60911033,-1.23862923
