objID,ra,dec
111853587046518430,358.7046127274172,3.21494433645531
