objID,ra,dec
108073584466253374,358.44656023359096,0.060806135610468874
