objID,ra,dec
102673587780638948,358.77805749259426,-4.434578952861442
