objID,ra,dec
108293585344190479,358.53444920671916,0.24166736246105025
