objID,ra,dec
110393588689880224,358.86898532063054,1.9914612635826943
