objID,ra,dec
104793588685648437,358.8685909928841,-2.668329171798523
