objID,ra,dec
106663580064167226,358.00646133175906,-1.1110298504499325
