objID,ra,dec
107203582041049652,358.2040666092688,-0.6588290358925671
