objID,ra,dec
110313587612272898,358.76133400621495,1.9270153608868386
110313587614432559,358.76147621,1.926769
