objID,ra,dec
98543587392649830,358.73925525,-7.87547919
98543587389759907,358.7389878667923,-7.87541227521544
98543587388989561,358.73885519,-7.87564479
