objID,ra,dec
110203583904773335,358.3906293175358,1.8357635013137388
