objID,ra,dec
113653588886377509,358.88870249832706,4.7142253402558145
