objID,ra,dec
96003580197262078,358.01969845148534,-9.998629651454294
