objID,ra,dec
96633585806896454,358.5807837917538,-9.470124567859248
