objID,ra,dec
109303582421564624,358.2421887451649,1.086815860354828
