objID,ra,dec
97983589874416573,358.9875111565796,-8.344911097069248
