objID,ra,dec
108713583088250675,358.30893088807954,0.5918352097847722
