objID,ra,dec
111863587767292319,358.77681916872405,3.2181947879786357
