objID,ra,dec
102453583905510880,358.39062762504506,-4.624588154388214
