objID,ra,dec
108903586218006725,358.621933,0.7553069
108903586221206924,358.6221332536183,0.7554485072632272
