objID,ra,dec
104923586759993552,358.6760174394235,-2.564134031779347
