objID,ra,dec
100743580886644451,358.08867911032985,-6.046609020071417
