objID,ra,dec
108653582585397297,358.25856925154204,0.547384604379537
