objID,ra,dec
105123587348489636,358.73490370472695,-2.3923139946499066
