objID,ra,dec
108283583000957155,358.30010755926145,0.23890260788973883
