objID,ra,dec
109293580967486657,358.09678997809226,1.0802167005059522
