objID,ra,dec
108603588943652458,358.89440302747136,0.5016749406107249
