objID,ra,dec
107883583678910621,358.3679325291686,-0.09986430813369923
