objID,ra,dec
108793589219931223,358.92206445072856,0.6589851996477593
