objID,ra,dec
106403587530901856,358.7530900901667,-1.3321525398193794
