objID,ra,dec
109243586102046808,358.610294015335,1.0386606274677284
