objID,ra,dec
113923580405387985,358.04048788886524,4.939476917144646
