objID,ra,dec
97093585214139889,358.52143706939324,-9.083800583489202
