objID,ra,dec
96223584733937613,358.4733660410077,-9.810682422174159
