objID,ra,dec
100673584283352299,358.4283556733164,-6.106760863306042
