objID,ra,dec
105833582221973692,358.22220387934715,-1.8056146621682774
