objID,ra,dec
107113583791762264,358.37918586250925,-0.740159097836956
