objID,ra,dec
104623583359229395,358.3359047045407,-2.8091195747698348
