objID,ra,dec
111323581488713686,358.1488960045938,2.7693344098726898
