objID,ra,dec
107213589565213465,358.95648898731065,-0.6558984800679015
