objID,ra,dec
114353580854505620,358.08544844622935,5.2959595780029245
