objID,ra,dec
107463583983821969,358.39836990029636,-0.4486962697427794
