objID,ra,dec
108233588854487777,358.88548275457873,0.1978973652699336
108233588856648012,358.88567665,0.1979898
