objID,ra,dec
97713589063119471,358.90637193778247,-8.56745465765161
