objID,ra,dec
112593589796468627,358.97973480225727,3.83186289405496
