objID,ra,dec
107793583936964185,358.39375360862965,-0.17189461822442528
