objID,ra,dec
108263580057825091,358.00602598,0.22061231
108263580060145410,358.0060288726774,0.22075966861397145
