objID,ra,dec
95563585334542003,358.5334801561002,-10.365268608385591
