objID,ra,dec
95663585081238658,358.5081397912514,-10.276403729365079
