objID,ra,dec
106233583069626241,358.30696812233106,-1.4701657512070867
