objID,ra,dec
101173582971888580,358.2971909361438,-5.68487469581368
