objID,ra,dec
108013588318557748,358.8318555133101,0.014413001095897979
