objID,ra,dec
111213581719481524,358.17199724852094,2.6758780011719256
