objID,ra,dec
106503580095720796,358.0096458911768,-1.2498221140043027
