objID,ra,dec
106643581660038831,358.16599258697585,-1.12632012621172
