objID,ra,dec
102643582554218365,358.2554496488029,-4.460062907789962
