objID,ra,dec
107563589768261439,358.97684202535953,-0.3658369975548999
