objID,ra,dec
107763589801307735,358.98015907136465,-0.19393632839686875
