objID,ra,dec
107723582133059829,358.21335279,-0.22552065
