objID,ra,dec
110823586180174038,358.61800504906944,2.3529992776878705
