objID,ra,dec
107513580404942187,358.0405239352923,-0.4068472791933654
