objID,ra,dec
97973580161094833,358.0161196345248,-8.35464847247832
