objID,ra,dec
107283587812648038,358.7812929213089,-0.5936779619057162
