objID,ra,dec
99523584723713761,358.4723966152205,-7.063835529004784
