objID,ra,dec
110793586469932760,358.64702786,2.3269263
110793586472852719,358.64728369863343,2.3268965595423956
