objID,ra,dec
102323587276758926,358.72761441,-4.72617227
102323587276649315,358.7276580092544,-4.72603524005514
