objID,ra,dec
110403585948450003,358.5948871491345,1.9996392477830909
