objID,ra,dec
108153588014901568,358.80155247143927,0.12596573626490548
