objID,ra,dec
113103584854211187,358.4854569226058,4.250629249841634
