objID,ra,dec
111183586551418674,358.6551421000834,2.656892891374791
