objID,ra,dec
107043581798334104,358.1798296344244,-0.7969398809893942
