objID,ra,dec
99253583476847379,358.34772252382226,-7.285902212644348
