objID,ra,dec
112783583047735840,358.30479072283936,3.9878575162284404
