objID,ra,dec
99323586619077212,358.66195418,-7.22765961
99323586618147537,358.66186032386753,-7.227349756139982
