objID,ra,dec
110033588079148941,358.8079319051735,1.698716137333616
110033588080238623,358.8080168279162,1.6985592277071964
