objID,ra,dec
98933585395078036,358.5395397401658,-7.551978421273282
98933585393347746,358.53938493,-7.55220076
