objID,ra,dec
108193584913670545,358.491384118461,0.1584235905571979
