objID,ra,dec
107243585778551565,358.5778702663169,-0.6324808382706683
