objID,ra,dec
100923580685856124,358.0686520635592,-5.895142330638125
