objID,ra,dec
96773582186039909,358.2185957979672,-9.350436129945932
