objID,ra,dec
108543589760653475,358.97614553006923,0.4524865578198867
