objID,ra,dec
106993585378728931,358.5378568887753,-0.8345905301551658
