objID,ra,dec
114493581034368591,358.10334070664965,5.415128413630765
