objID,ra,dec
111083584921669444,358.49222136514464,2.574146370988264
