objID,ra,dec
112043580866734639,358.0867416169905,3.3701933079154927
