objID,ra,dec
97733580939607125,358.0940054952467,-8.552764277923481
