objID,ra,dec
101943588421451063,358.8421705994682,-5.049535321689428
