objID,ra,dec
108933589321081256,358.93218578229045,0.7757053015199866
