objID,ra,dec
97663583856941397,358.3857219454279,-8.615806356885804
