objID,ra,dec
113543580708911552,358.0709464452328,4.617582693959522
