objID,ra,dec
95993586641498163,358.66419396487714,-10.001693409230734
