objID,ra,dec
108183582343523357,358.2343947183423,0.1524085095950483
