objID,ra,dec
109513582739520042,358.27391445803914,1.2580342860044769
