objID,ra,dec
108253587527560538,358.75273272323926,0.20850283435336325
