objID,ra,dec
98013582051919653,358.2051788318498,-8.317296055800524
