objID,ra,dec
108813580967145960,358.0967851750324,0.6795357941546009
