objID,ra,dec
107663585731387059,358.57320927741216,-0.27785912515579925
