objID,ra,dec
113403581147214329,358.11480153411765,4.50318812927223
113403581149374707,358.1148294,4.50340926
