objID,ra,dec
95563585687550410,358.5688096322471,-10.366658509181883
