objID,ra,dec
103943588965823892,358.896625331931,-3.380462560722423
