objID,ra,dec
96733587490066564,358.7490362294269,-9.386534415330877
