objID,ra,dec
98003587133815761,358.7133955868355,-8.32887707179049
