objID,ra,dec
109673583570675942,358.35694683,1.39614284
109673583566625820,358.35665881674333,1.3960611846492657
