objID,ra,dec
106863587468570806,358.74689059902045,-0.9496905426342398
