objID,ra,dec
108493588086535430,358.80869105118717,0.41251616559686793
