objID,ra,dec
106663587813298633,358.7813553126433,-1.109861430285666
