objID,ra,dec
95013586892610113,358.68929980447234,-10.825270463504822
