objID,ra,dec
99163585127090949,358.512576,-7.366287
99163585123840749,358.51240602277085,-7.366347773599902
