objID,ra,dec
107453583368655799,358.3368742546947,-0.45384663422684096
