objID,ra,dec
94923585318657949,358.53179922851876,-10.893745680003791
