objID,ra,dec
114563583918940152,358.3918921810342,5.466417288300969
