objID,ra,dec
107163582228828366,358.2228874793431,-0.6934108335911127
