objID,ra,dec
106163580617455550,358.0618368721861,-1.5292093074497717
