objID,ra,dec
105793584785783833,358.47868108971863,-1.8387960262585057
