objID,ra,dec
109023589761712055,358.97623028284147,0.8513141855766058
