objID,ra,dec
111493588519194173,358.8518920802081,2.9114231086635844
