objID,ra,dec
96793588030027863,358.80303206424463,-9.335439963925436
