objID,ra,dec
108613580373027497,358.03736689015255,0.5142059832649076
