objID,ra,dec
102403586304115941,358.63038392415564,-4.661974828992822
102403586302506266,358.6303854117106,-4.661925132025635
