objID,ra,dec
97753589467298594,358.9468211463578,-8.53486895291778
