objID,ra,dec
102043584842143325,358.48421139899693,-4.964231268204555
