objID,ra,dec
105613584528354418,358.45287393672606,-1.9882610176161906
