objID,ra,dec
113043587974083365,358.7974391886355,4.202395363061133
