objID,ra,dec
113963585364172527,358.5364903913964,4.968363321154434
