objID,ra,dec
105793586296462739,358.62961559355216,-1.8398049041485633
