objID,ra,dec
113303580284813786,358.02848938580064,4.41944821588241
