objID,ra,dec
106743584264579059,358.426449,-1.04277916
106743584265679394,358.4265087212669,-1.0425379589948995
