objID,ra,dec
110663586249307893,358.62490742045685,2.222894566889581
