objID,ra,dec
95363582459847919,358.2462573724912,-10.527179274014454
95363582462487778,358.24629938645245,-10.527207902501459
