objID,ra,dec
107453588395335709,358.83971932597086,-0.45402071649766784
107453588398255780,358.83988142,-0.45380909
