objID,ra,dec
109733587969177717,358.79696107829955,1.447744067257198
