objID,ra,dec
108183584999689992,358.49996918,0.15793967
108193585000840320,358.5000805102929,0.15821980221100287
