objID,ra,dec
107443585114382592,358.51145673299294,-0.4648559346795876
