objID,ra,dec
101633587850603834,358.78508063009843,-5.305482312204516
