objID,ra,dec
112483588929570645,358.8930324245481,3.733540186216172
