objID,ra,dec
95043584591304337,358.4591351939863,-10.796724796735079
