objID,ra,dec
103003584257912975,358.42586332935105,-4.164545158946568
