objID,ra,dec
107803588325010102,358.83252896290185,-0.16697821076803887
