objID,ra,dec
98613582290644235,358.22894348477394,-7.821834583354526
