objID,ra,dec
111193580248639469,358.02485488,2.66585555
111193580248769817,358.0248829993289,2.6661120514352747
