objID,ra,dec
106503580093972443,358.00948990559,-1.2484980944693582
