objID,ra,dec
96433588550972711,358.85510436950125,-9.639742462251176
