objID,ra,dec
108993587480813305,358.74806427188923,0.8271994345179852
