objID,ra,dec
104553582877863705,358.28773153025384,-2.872302371283828
