objID,ra,dec
109253582701574521,358.27010124214655,1.0449949724662728
