objID,ra,dec
109283584484255546,358.4484150448888,1.0710255594486426
