objID,ra,dec
108273588099436156,358.8099567749154,0.22975833775045698
