objID,ra,dec
107213582507461612,358.2507705788706,-0.6573569174996778
