objID,ra,dec
105153580608067690,358.06081497,-2.36895757
105153580607448058,358.0606036283975,-2.368829814058659
105153580604087881,358.06056748255423,-2.368871953342183
