objID,ra,dec
109943580354551169,358.0354495480438,1.6172170010529023
