objID,ra,dec
106433588473519092,358.84736985340464,-1.301189181684058
