objID,ra,dec
110803587778104012,358.7778331001647,2.3362809343067816
