objID,ra,dec
95933587550270632,358.75510619497805,-10.058152854234455
