objID,ra,dec
109363589072566938,358.9073060019465,1.1387119826549723
