objID,ra,dec
96343585682821928,358.5683132461015,-9.71539861409196
