objID,ra,dec
104403582637881231,358.2637936205927,-2.9993312507741723
