objID,ra,dec
99903584824216618,358.48245637181424,-6.744867927480518
