objID,ra,dec
107653582332947355,358.23334275,-0.28596326
107653582334497635,358.2334600080178,-0.2857170157501599
