objID,ra,dec
113213580467315121,358.0468174402721,4.345573245665265
