objID,ra,dec
96773588002389262,358.8003140657618,-9.35098225680736
