objID,ra,dec
101553585945916359,358.5946122002055,-5.370043527422776
