objID,ra,dec
111493583775486228,358.3774944,2.91306988
111493583773375967,358.3773538905061,2.91299921403102
