objID,ra,dec
111913587653258708,358.76536691831467,3.2651340626717418
