objID,ra,dec
109763585363100725,358.5363400083714,1.4669018433471104
