objID,ra,dec
109263586424993729,358.64249755697995,1.0527568316207532
