objID,ra,dec
114473587611443572,358.76115679919945,5.394255441515853
