objID,ra,dec
101983589124094843,358.9124923385665,-5.013037795926506
