objID,ra,dec
107923586807991598,358.6808180156619,-0.06571205299612395
