objID,ra,dec
105123586116610752,358.611724393702,-2.3997831106234635
