objID,ra,dec
109093587492325278,358.7492268188731,0.9120979921270838
109093587492204850,358.7492217146745,0.9121302808694634
