objID,ra,dec
108553581888279123,358.18863172219795,0.4655709541926625
