objID,ra,dec
100343589925408918,358.99265501,-6.37624526
100343589928489106,358.9928324283114,-6.376186234653067
