objID,ra,dec
110653582585960020,358.25843330653885,2.2079271251593084
