objID,ra,dec
107523584612666610,358.461301609416,-0.3949122153267778
