objID,ra,dec
96163586180534158,358.6182415107646,-9.863509119853493
