objID,ra,dec
103373584961749438,358.4962617495083,-3.8508180960480853
