objID,ra,dec
110213588791634568,358.8793025940643,1.845061961785189
