objID,ra,dec
96013586078102456,358.6078345137311,-9.989933123971369
