objID,ra,dec
96553585373057932,358.53731450128686,-9.535441108969547
