objID,ra,dec
114503588221116566,358.82214801568546,5.421722265010881
