objID,ra,dec
108443582557683962,358.255803807603,0.36955414996473707
