objID,ra,dec
96943584584555803,358.4585915293998,-9.212159316781078
