objID,ra,dec
106963584737724538,358.4737441140361,-0.8632650735033301
