objID,ra,dec
103213586609483514,358.66090962352496,-3.989097666157487
