objID,ra,dec
95823583499463629,358.349982209727,-10.147337718290638
