objID,ra,dec
102283582674458098,358.2672859,-4.76032519
102283582673947768,358.2673515224003,-4.760502154479552
