objID,ra,dec
97383583208803560,358.3207940967382,-8.847330680185063
97383583205983517,358.3207765044645,-8.847336768167192
