objID,ra,dec
108413582270911590,358.2271033375244,0.342609956474642
108413582267291388,358.22695571,0.34248208
