objID,ra,dec
99473586498726747,358.6499454998919,-7.103052649424505
