objID,ra,dec
107323586971561989,358.69714802497106,-0.5653513838871741
107323586975392064,358.69736982,-0.56532548
