objID,ra,dec
107893588766881710,358.87667962138215,-0.09065840218361569
