objID,ra,dec
97953581261712187,358.126184171479,-8.373542651114837
