objID,ra,dec
106573581122019991,358.1121862045425,-1.1836550422330954
