objID,ra,dec
107923586131329977,358.613178245005,-0.05872561059976959
