objID,ra,dec
97063586737815303,358.67384718412575,-9.112566171684746
