objID,ra,dec
107483580108493276,358.01086849774083,-0.4310420535613288
