objID,ra,dec
102273583205827216,358.3206343710679,-4.7693501132819724
