objID,ra,dec
102713585841420557,358.58419184775977,-4.408294614743823
