objID,ra,dec
99433587223011511,358.7223571496048,-7.140650428182039
