objID,ra,dec
110223588268560187,358.8268799178011,1.8497707784644337
