objID,ra,dec
108363588892384567,358.8892995067355,0.303419796662814
