objID,ra,dec
98073587371761027,358.73718957393834,-8.274476768019206
