objID,ra,dec
106853581591564438,358.15922169869384,-0.9549987228925311
