objID,ra,dec
104083587746623761,358.7746535593286,-3.2638644524258984
