objID,ra,dec
111683580318563409,358.0319111868029,3.0691414403329684
