objID,ra,dec
98063585531675652,358.55316769,-8.27894108
98063585529005758,358.5529313247859,-8.278842620577013
