objID,ra,dec
102773583163696711,358.3164345376549,-4.353110032175916
