objID,ra,dec
112273585811133616,358.5811836628155,3.560954505190914
