objID,ra,dec
106593585801864684,358.58023626062896,-1.1715346774281101
