objID,ra,dec
110183589161829697,358.91622252965686,1.8243609699456556
