objID,ra,dec
106993587097282771,358.709779780668,-0.8397156623417097
