objID,ra,dec
109293589876529211,358.9877023935679,1.082303235217649
