objID,ra,dec
102573587457963471,358.7458112980449,-4.522518938100207
