objID,ra,dec
111943587169223328,358.7169846128262,3.285739996301065
