objID,ra,dec
97883582099368641,358.2098962325528,-8.42647982541473
97883582096918418,358.20970037,-8.42666139
