objID,ra,dec
111083588929637100,358.89298578500114,2.5721904132786473
