objID,ra,dec
97183586797937724,358.67983137965376,-9.010565658988988
