objID,ra,dec
108213584915413610,358.49155883757777,0.1776214036034199
