objID,ra,dec
97273586538745971,358.6540082528578,-8.937024766691085
