objID,ra,dec
107943587322232907,358.73224107709297,-0.04795917546478911
