objID,ra,dec
97043580957129479,358.0957799087676,-9.125776239082327
