objID,ra,dec
103763582005841734,358.20068810066067,-3.53223457970357
