objID,ra,dec
109243582255114036,358.2254451751037,1.0363288732127256
