objID,ra,dec
96043586490164124,358.649040568848,-9.96354015399046
