objID,ra,dec
108663589555861600,358.95565168609187,0.5509810793522324
