objID,ra,dec
110033589931654402,358.9931896899661,1.6949668314457937
