objID,ra,dec
102993585055815754,358.50559265996844,-4.170588111464105
