objID,ra,dec
103053586216978962,358.6217588514397,-4.117914428747109
