objID,ra,dec
113303584201471917,358.4202126014544,4.417839524318348
