objID,ra,dec
106573580969690333,358.09697982345295,-1.1917478188079051
