objID,ra,dec
106843581476470477,358.1476859056607,-0.9666963757417513
