objID,ra,dec
109983581484413571,358.1485907925879,1.652574963366285
