objID,ra,dec
98673586174184643,358.6174026044244,-7.771426641964528
