objID,ra,dec
107313584561640614,358.45619045527235,-0.5749098703552977
