objID,ra,dec
109703585143472473,358.5144445778021,1.4182517548764535
