objID,ra,dec
100763580307459805,358.0307100877768,-6.02546240695514
