objID,ra,dec
96273583195443789,358.31957309072084,-9.772181634624713
