objID,ra,dec
96853582405644492,358.24055321430984,-9.28838221020173
