objID,ra,dec
103033587839872426,358.7840051699914,-4.140012641494378
