objID,ra,dec
104813589351332490,358.935101730518,-2.6566073822958667
