objID,ra,dec
108833587980245746,358.798066696237,0.696069780952224
