objID,ra,dec
110093587652734833,358.76532898886165,1.7452776650837305
