objID,ra,dec
108613589804214926,358.9805049898526,0.51203870239805
