objID,ra,dec
109503589830084836,358.98304307118275,1.2535889114389034
