objID,ra,dec
108823581579169263,358.1579759605404,0.6906440817189609
