objID,ra,dec
105823581373655881,358.1374069271393,-1.8120797145952978
