objID,ra,dec
98853589903702161,358.9904086851322,-7.623574667220476
