objID,ra,dec
107323586527782994,358.65281098764865,-0.5645569348843992
