objID,ra,dec
109563581284466782,358.1285490476405,1.305228545215584
