objID,ra,dec
101513588561527610,358.8562052490336,-5.4023456225961075
