objID,ra,dec
96633581935901195,358.1936174107431,-9.474365523342922
