objID,ra,dec
103463584282760704,358.4282853426764,-3.7832194449280405
