objID,ra,dec
105943588326872361,358.83272947060493,-1.7150489128505235
