objID,ra,dec
108763583308296801,358.3308169772514,0.6387156603632325
