objID,ra,dec
108593581833056728,358.18333362,0.49690792
