objID,ra,dec
110083585238989018,358.5239404285615,1.74049811391215
