objID,ra,dec
106713583253865261,358.3253883412436,-1.0709488501804347
