objID,ra,dec
100383582629164783,358.2629572776642,-6.3463221069966345
