objID,ra,dec
109853589642897201,358.9643765352917,1.5473409640828726
