objID,ra,dec
95363589309854362,358.93100458115066,-10.530021594529023
