objID,ra,dec
98153582432384933,358.2432816795443,-8.204543470577807
