objID,ra,dec
107613583033461053,358.30340881469556,-0.3247206389216231
107613583032330688,358.3032516937798,-0.3248638280247013
