objID,ra,dec
111973589455474910,358.9456046119675,3.3119949069292236
