objID,ra,dec
112253580576152614,358.0575460731778,3.5433520368266977
