objID,ra,dec
100443582190250281,358.2190804800206,-6.300110211910445
