objID,ra,dec
95803585548431078,358.55484017398356,-10.166081667409044
