objID,ra,dec
104683584761250426,358.4761442490782,-2.766748904151062
