objID,ra,dec
114473587919195060,358.7919756969837,5.395475561905098
