objID,ra,dec
99273585536699413,358.55371086209254,-7.2674521349734755
