objID,ra,dec
106693587236963409,358.72367266508303,-1.089136118235461
106693587233653651,358.72340576,-1.08898482
