objID,ra,dec
114213588902062961,358.89021211450563,5.177038563291667
