objID,ra,dec
106893583737287146,358.373729883854,-0.9193980830244458
