objID,ra,dec
106193589488031888,358.94889679120786,-1.507131151790682
