objID,ra,dec
112373585356236860,358.53566144456994,3.646989029107771
