objID,ra,dec
104333583619044362,358.3618999969806,-3.0550210225914713
