objID,ra,dec
95903583759199856,358.37594920766935,-10.075460336880518
