objID,ra,dec
109513580806672379,358.08070103937854,1.2598819244004782
