objID,ra,dec
113403581049254892,358.10497838594324,4.503710385798578
