objID,ra,dec
101273586657519812,358.6657895447454,-5.600501387420209
