objID,ra,dec
106883582853747222,358.28533871198607,-0.927701883738759
106883582850817366,358.28522633,-0.92764882
