objID,ra,dec
96543589201411666,358.919984,-9.548923
96543589197651746,358.9197422590136,-9.548891108724717
