objID,ra,dec
112183587842971182,358.784343533545,3.4839131024934726
