objID,ra,dec
113003590054932212,359.00562367011224,4.1680803740632015
