objID,ra,dec
109423593330914761,359.33304749,1.18689059
109423593329064510,359.3328967869807,1.1867399567394001
