objID,ra,dec
108903596825362398,359.6825408788692,0.7516136980462775
