objID,ra,dec
96533599107380801,359.9107598600841,-9.55795723537089
