objID,ra,dec
108523592908802820,359.2909252751676,0.435353712384046
