objID,ra,dec
109973598780237532,359.878065026711,1.6475526236617815
