objID,ra,dec
106873596780750091,359.67806984831395,-0.9419453227292015
