objID,ra,dec
107583590358648537,359.03585480644875,-0.3432453160167027
