objID,ra,dec
110553598870397812,359.8870761421074,2.1312134134100646
