objID,ra,dec
107043592259183331,359.2259923880794,-0.7975889353468881
