objID,ra,dec
102793596498864917,359.6499342532633,-4.337896329283067
102793596496935185,359.64990170490876,-4.337866491459743
