objID,ra,dec
109363597458746194,359.7458797992279,1.1380692522633928
