objID,ra,dec
103873592784018355,359.27838844284616,-3.435035505206575
