objID,ra,dec
114153599682879032,359.9682794959702,5.132317515890416
