objID,ra,dec
109313593727192357,359.37280247750715,1.093310570800499
