objID,ra,dec
107633594627394934,359.4627568446368,-0.3045545662694916
