objID,ra,dec
106763595651356057,359.5651941483176,-1.02869546140208
