objID,ra,dec
107273596026295916,359.60253681414906,-0.603884302895656
107273596022925813,359.6023654599539,-0.6038966806183237
