objID,ra,dec
109283595400665090,359.54005408328766,1.0705148044555375
