objID,ra,dec
96983596626456174,359.66264169705954,-9.178582117428313
