objID,ra,dec
109093598548232718,359.8548426208404,0.9102049948707457
