objID,ra,dec
114123597658808363,359.7658683307637,5.106634300192281
