objID,ra,dec
109593598518593337,359.85186489239317,1.3273456910554051
