objID,ra,dec
95313597383575775,359.73845544885154,-10.570599218302478
