objID,ra,dec
114533593434410840,359.34352271752255,5.442017619935298
