objID,ra,dec
96993593219457693,359.32178666,-9.16893673
96993593216517537,359.3216935296245,-9.169045163329434
