objID,ra,dec
97213593560425358,359.3559731940934,-8.987530711544212
