objID,ra,dec
107733591934876243,359.19352171108073,-0.22021816385002171
