objID,ra,dec
98183594946804145,359.4947393178193,-8.180176706987847
98183594945884494,359.4946550381554,-8.179929083533942
