objID,ra,dec
97583599757603282,359.9757758019795,-8.68096161384699
97583599753913585,359.9757464269548,-8.680938641086433
