objID,ra,dec
111823597630695287,359.76311843038724,3.1873992595195473
