objID,ra,dec
105883591160546621,359.1161042288619,-1.761469306054794
