objID,ra,dec
97713597441650757,359.744144106754,-8.574732854679377
