objID,ra,dec
110853598001578773,359.8001827637893,2.38190540469226
