objID,ra,dec
102593592394930146,359.2396715477932,-4.508603602284071
