objID,ra,dec
97423591697376013,359.16973489608705,-8.8119211259507
