objID,ra,dec
108763595803574629,359.58041848834364,0.6368235893011635
