objID,ra,dec
108143594268510034,359.42689129172777,0.11626215219705269
