objID,ra,dec
108963599947854047,359.9948160672705,0.8029639281931213
108963599945003957,359.99455173,0.80293527
