objID,ra,dec
107083592111591205,359.21119909,-0.76596854
107083592114321286,359.2114647435389,-0.765953120616241
