objID,ra,dec
96123594864082627,359.4865123099754,-9.898101653344433
