objID,ra,dec
109233593725727661,359.37253133507744,1.0309528735251614
