objID,ra,dec
108933590684082926,359.0683813212465,0.7770055461443058
