objID,ra,dec
110153592847107836,359.2847695051285,1.7978838140635438
