objID,ra,dec
95473598547477462,359.85481466704755,-10.435780343993413
