objID,ra,dec
104173597497410851,359.7498122608428,-3.1913229251324666
