objID,ra,dec
111383597449890353,359.74500106182694,2.8165756979762784
