objID,ra,dec
98783598174729006,359.8173787848963,-7.676515970029303
98783598172348382,359.8172862520445,-7.676638559057937
98783598172278733,359.8173235727694,-7.676512776245845
