objID,ra,dec
106373595273885558,359.52741922750675,-1.354058056085217
