objID,ra,dec
97633594796862114,359.47970306149745,-8.640210349217478
