objID,ra,dec
102203597344976331,359.73428146042767,-4.828454818340823
102203597342216279,359.734283228336,-4.8284641225430756
