objID,ra,dec
108763599397368628,359.939735467212,0.6401717905534516
108763599400618652,359.93999932,0.64020454
