objID,ra,dec
103433594894547407,359.48963848687504,-3.802461680443661
