objID,ra,dec
106533591138456517,359.11388305516516,-1.2199459235658277
