objID,ra,dec
107253596770512191,359.67707411834203,-0.6236012228404563
