objID,ra,dec
98113599663134960,359.9663320757621,-8.237918120285125
