objID,ra,dec
106643596427915629,359.64286111980795,-1.1289838033779847
