objID,ra,dec
107543595916139091,359.5916590817287,-0.3761521441215411
