objID,ra,dec
104573595322386287,359.5322528987519,-2.8534742175968995
