objID,ra,dec
97253597082133454,359.70828074937833,-8.955762042192246
