objID,ra,dec
107413598342349941,359.8342400206014,-0.48381872686093325
