objID,ra,dec
97143596968834268,359.6969110701488,-9.046749965217913
