objID,ra,dec
106583597976403923,359.79769585449804,-1.1804498875224845
