objID,ra,dec
107283594219690436,359.421958384978,-0.6000145795010262
