objID,ra,dec
108673597411718034,359.741188724787,0.5646470475348511
