objID,ra,dec
106733592390243816,359.23906953047657,-1.0555100529899035
106733592392403497,359.23923189,-1.05569956
