objID,ra,dec
112853594482415213,359.44828760494573,4.045541711062572
112853594483214893,359.44830118199263,4.04550648960157
