objID,ra,dec
106613593635091102,359.3634342626228,-1.157843606002482
106613593633740809,359.36342473194003,-1.1578470169720467
