objID,ra,dec
101503598382351178,359.8382585245844,-5.416026130824834
