objID,ra,dec
99083591215826606,359.1215087973185,-7.428185354608532
