objID,ra,dec
97243594491349658,359.44912232243865,-8.95893995027754
