objID,ra,dec
101573590136790407,359.0136895950696,-5.358311304806904
