objID,ra,dec
100243591630592092,359.16297870734724,-6.4651948827964585
