objID,ra,dec
106633597677186202,359.7677209521753,-1.1368930230300345
