objID,ra,dec
109523597684172481,359.7684223046428,1.268267931116638
