objID,ra,dec
97233590746573727,359.07468075113945,-8.9722992782253
