objID,ra,dec
96173598778125533,359.8778774522039,-9.854026719853756
