objID,ra,dec
104383596693946429,359.6693541486488,-3.011724193564931
