objID,ra,dec
113383594715801233,359.4716121357682,4.483973619406519
