objID,ra,dec
96453598516937774,359.85174087357706,-9.618841541047221
