objID,ra,dec
108263591440519064,359.1440642003431,0.2238492022762428
