objID,ra,dec
99023594555538164,359.45557656739453,-7.476851427877991
