objID,ra,dec
114573595367322439,359.5367642167134,5.476653876113419
