objID,ra,dec
114023590243124343,359.02434996998596,5.01985820131588
