objID,ra,dec
111323591105000301,359.1104621581865,2.766616263053654
