objID,ra,dec
108853599318774304,359.9318543343627,0.7115373664511953
