objID,ra,dec
103953598715343269,359.87159106525394,-3.372611795319087
