objID,ra,dec
112193592317421020,359.2316849603128,3.4921490650624243
