objID,ra,dec
109733597767772549,359.77677821300455,1.443402088103937
