objID,ra,dec
104313599740955387,359.97422223484716,-3.0710243775029222
104313599741205001,359.97422775516276,-3.0710298869062886
104313599744595197,359.97445696,-3.0710455
