objID,ra,dec
101913591987114125,359.19874785791933,-5.071878183470978
