objID,ra,dec
108583592381261013,359.23814240988486,0.48381879581724463
