objID,ra,dec
111073591936401004,359.19367447834077,2.558777225713312
