objID,ra,dec
94863591854518298,359.1854724141652,-10.943405829550006
