objID,ra,dec
99573599774352115,359.97742016805796,-7.023611735564513
