objID,ra,dec
97473592456598671,359.2456951318816,-8.768166578936748
