objID,ra,dec
113293597882102518,359.78824170680565,4.4100416915334435
