objID,ra,dec
108053599124133586,359.9123768,0.04424138
108053599124453094,359.91233051,0.04396218
