objID,ra,dec
106703590135746823,359.01360619451845,-1.0781758713904013
