objID,ra,dec
101963599926897876,359.99275245993954,-5.027169485596839
