objID,ra,dec
113703596212952990,359.62131851930644,4.752098886539825
