objID,ra,dec
107523599440378113,359.94403709,-0.39366912
