objID,ra,dec
108763594885152104,359.4885358005234,0.6347108991365502
