objID,ra,dec
110123598556297682,359.8555647898974,1.7727818882781006
