objID,ra,dec
103783590140608591,359.0141175126745,-3.5098846525671963
