objID,ra,dec
107453590883150375,359.0883132346772,-0.4583462041185237
