objID,ra,dec
102053594609479793,359.46101117830693,-4.950452807115837
102063594611050186,359.46106155,-4.95035216
