objID,ra,dec
109813597202790150,359.720229128309,1.508059800400507
