objID,ra,dec
106143594165964390,359.41661763107464,-1.5466897377518571
