objID,ra,dec
101593597844277113,359.78450862799343,-5.336088203449502
