objID,ra,dec
106513599535438121,359.95352460213303,-1.2352849451327257
