objID,ra,dec
96623599134899242,359.9135746845043,-9.47592723962701
