objID,ra,dec
106563597029048735,359.7029924998689,-1.193204057843293
