objID,ra,dec
109203599072396685,359.9072276531889,1.0051737296703995
