objID,ra,dec
104073594653261831,359.4651154292891,-3.2737624340018434
104073594650021895,359.46511964376936,-3.2737668963503554
