objID,ra,dec
95333593268618264,359.32685677344153,-10.55170514443047
