objID,ra,dec
108373599868391365,359.98687057731206,0.3091397780049977
