objID,ra,dec
103963592853956725,359.2854014916938,-3.3614272956248277
