objID,ra,dec
102853597833317797,359.78339346090866,-4.285567798810211
