objID,ra,dec
109993595931633989,359.5932210610401,1.6612651388810342
