objID,ra,dec
95543598983227941,359.89840804586015,-10.376995234412483
