objID,ra,dec
109273593400215882,359.3399289163217,1.0627223861362156
