objID,ra,dec
98623594968957105,359.4969123750107,-7.811105000665093
