objID,ra,dec
108483596117189175,359.61170518198566,0.4072180679388073
