objID,ra,dec
101993594874854750,359.48749963182695,-5.0047477318872655
