objID,ra,dec
101713594962966673,359.49639269633104,-5.236464396340478
