objID,ra,dec
111833598236390107,359.823606270542,3.1914234826050976
