objID,ra,dec
111173592334369680,359.2333879107797,2.6494097399387666
