objID,ra,dec
107213597279623942,359.7278955037039,-0.6554993584930916
