objID,ra,dec
108493592794440959,359.27946953,0.40876246
