objID,ra,dec
110353592872050948,359.2872049028541,1.9587140051555267
