objID,ra,dec
109443596593590991,359.6592264183637,1.200459076954588
