objID,ra,dec
108403598823666809,359.8823813497625,0.3386571765773052
