objID,ra,dec
107723596947062692,359.6947308620798,-0.2315982170712409
