objID,ra,dec
107283593426778823,359.34265212959525,-0.593019878684626
