objID,ra,dec
112133592640793765,359.2641647932189,3.4443916259940814
