objID,ra,dec
106733592363688794,359.23636131343346,-1.0513276362919057
