objID,ra,dec
106973594620512374,359.4621446558308,-0.8569139952098067
106973594620322038,359.462142657763,-0.8569803793477037
