objID,ra,dec
110173590476523836,359.0477396335227,1.8111570197993887
