objID,ra,dec
107443596495917347,359.6495955583031,-0.4609424782879736
