objID,ra,dec
106763594977735111,359.49777145874725,-1.029443946590706
106763594979124780,359.4979228692602,-1.0296909876103264
