objID,ra,dec
103903592786251075,359.27858262394267,-3.416082184895274
