objID,ra,dec
97433598795174078,359.879645978113,-8.80528360720053
