objID,ra,dec
111413598633205363,359.86333230008404,2.845746747253787
