objID,ra,dec
101353594763718488,359.4763971659447,-5.534959353654126
