objID,ra,dec
109593598876578076,359.8876632193631,1.331295210433921
