objID,ra,dec
109213591420342408,359.1419837163549,1.0097712732958999
