objID,ra,dec
108563594951142889,359.4950533706596,0.46867804145856795
