objID,ra,dec
108583599329375542,359.9329283256919,0.48762166864339695
