objID,ra,dec
108983593967391162,359.3967413534933,0.8172544866129977
