objID,ra,dec
97433590148386787,359.0148672208639,-8.803018130715937
