objID,ra,dec
109593591509423440,359.15092303663306,1.327463535477536
