objID,ra,dec
95563596796190327,359.67963968391854,-10.366711876011083
