objID,ra,dec
104693598064374959,359.80644225588196,-2.7545500096192246
