objID,ra,dec
109143597278325104,359.72783765329797,0.953817114860467
