objID,ra,dec
113093594490628348,359.44909519267355,4.248197791978131
