objID,ra,dec
112903594169942621,359.41702997638595,4.085039704011331
