objID,ra,dec
102383598438898776,359.84387123892355,-4.676382483027663
