objID,ra,dec
111563593066455228,359.30662789,2.97065559
111563593063825041,359.30640134939836,2.970535452999793
