objID,ra,dec
101953598879626718,359.88797279396226,-5.036456559964243
