objID,ra,dec
114053590507561914,359.05077679120205,5.042842199838844
