objID,ra,dec
107843597525688803,359.7525853536969,-0.12637027947919574
