objID,ra,dec
105563592316902621,359.2317254026646,-2.0316286323048156
