objID,ra,dec
104043595557823741,359.5558099282138,-3.297253839518791
