objID,ra,dec
109373593554880841,359.35545084636965,1.141989403708008
