objID,ra,dec
101403596976363693,359.6976509747676,-5.4971991536279265
101403596973143953,359.697491,-5.49708635
