objID,ra,dec
104833599454619416,359.9453941795756,-2.634095530788584
104833599454349753,359.94541228,-2.63393935
