objID,ra,dec
109173590027476427,359.00279641790667,0.9800373729454467
