objID,ra,dec
94903598231720316,359.8232648708814,-10.916748089813016
