objID,ra,dec
110493599349362615,359.934951432854,2.076813536884487
