objID,ra,dec
106023596517158545,359.6518934198326,-1.6433382102758132
106023596519368271,359.6519096113385,-1.6433855874672871
