objID,ra,dec
107413597169995538,359.71699896993044,-0.4874527022977983
