objID,ra,dec
108893599939354018,359.9939605211989,0.7446494060805343
