objID,ra,dec
108163591654656298,359.1654283244744,0.13824846165172103
108163591656946494,359.16550025759744,0.13826678625707342
