objID,ra,dec
107653598132950406,359.81327669255353,-0.29167337654055414
