objID,ra,dec
114033595861635518,359.5862115763285,5.0291923356620165
