objID,ra,dec
95693592190631812,359.21912016459737,-10.25717517401944
