objID,ra,dec
108423597359557895,359.73607029398585,0.3562007940441936
