objID,ra,dec
106403594895821320,359.4896127000379,-1.332569385450476
