objID,ra,dec
106813590460207498,359.046387,-0.98603869
106813590464147312,359.04646075,-0.98595978
106813590464766977,359.04651430071453,-0.9862124790564757
