objID,ra,dec
111523593525337022,359.3524985365574,2.9389146314854737
111523593524967412,359.3524911248626,2.939036479145287
