objID,ra,dec
109523598283795620,359.82829785,1.27086561
