objID,ra,dec
97683597027129319,359.7027105364292,-8.59261254638745
