objID,ra,dec
113543599252939570,359.9253588703248,4.624262694158057
