objID,ra,dec
104063593338411702,359.3338751160358,-3.2822469094755875
