objID,ra,dec
107053592247019744,359.2247687550062,-0.7839070031862214
