objID,ra,dec
107063591470480437,359.1471035788024,-0.7833326349171537
