objID,ra,dec
108483595986194015,359.59861639,0.40298887
108483595984524431,359.59838655837706,0.4031453555131151
