objID,ra,dec
107503598931717744,359.8931056,-0.41054032
