objID,ra,dec
98073595809503200,359.58093263618787,-8.272679024909428
