objID,ra,dec
108343592751157327,359.27531846,0.2892082
