objID,ra,dec
109163595983214406,359.5983847181909,0.9698942335219279
