objID,ra,dec
113803599001044237,359.9000134089618,4.8364780024788905
