objID,ra,dec
96413597904019515,359.79034631,-9.65081549
96413597902089270,359.79022372548343,-9.650951392836843
