objID,ra,dec
109913598929706351,359.8929774339041,1.596577650242941
