objID,ra,dec
98853592575856695,359.25760890873346,-7.619763288474149
