objID,ra,dec
101623593540623656,359.35406819,-5.31395681
101623593540023241,359.35404846408426,-5.31427233094264
