objID,ra,dec
97853597652816631,359.76530485161425,-8.453161388329496
