objID,ra,dec
108793599001233464,359.90017592,0.66071796
108793599000512991,359.9000795952932,0.6604948679292864
