objID,ra,dec
103633592083118941,359.20824961149737,-3.6345045337234847
