objID,ra,dec
107443596138401846,359.6138492862465,-0.46551241498463874
