objID,ra,dec
95153592501360446,359.25015931962486,-10.708293042310647
