objID,ra,dec
100843593796291605,359.37969720406005,-5.965680388250953
