objID,ra,dec
102473598394714052,359.83938594618525,-4.605222007490927
102473598391984189,359.83937643162415,-4.605220668231237
