objID,ra,dec
110333592264012433,359.22643789175527,1.943323851061114
