objID,ra,dec
109583597395974955,359.7395714235666,1.3203828941718123
