objID,ra,dec
107723595406998800,359.5406651656273,-0.22641063950201198
