objID,ra,dec
111523592646710072,359.2646898413044,2.9331013327888478
