objID,ra,dec
112183599729620829,359.97298412251746,3.4836450930282714
