objID,ra,dec
100933596198561284,359.61988271862015,-5.890973162987747
