objID,ra,dec
109853591689338734,359.1689501767511,1.5485812590649342
109853591688309111,359.1689152175804,1.5487800720133336
