objID,ra,dec
101053592369772739,359.2370067520628,-5.789739934920044
