objID,ra,dec
102443591825298122,359.18255078645285,-4.62691123398823
