objID,ra,dec
107443597394356918,359.7394371387178,-0.4613007467731197
