objID,ra,dec
108713594968621912,359.4968648986574,0.5929023422989628
