objID,ra,dec
96563599718389769,359.9718548163643,-9.525536280134796
