objID,ra,dec
106593595932815879,359.5932056170685,-1.1704243001043255
