objID,ra,dec
106813595596133937,359.55950281180577,-0.9888059721451649
106813595595073555,359.5594927120502,-0.9887977866878317
