objID,ra,dec
99173593321290905,359.3321046593585,-7.357876764921748
