objID,ra,dec
96383594515135267,359.45162165529314,-9.679307305420247
