objID,ra,dec
99933599106933549,359.91082492574105,-6.722320046522447
