objID,ra,dec
109003592365491351,359.23645918751504,0.83398471844436
