objID,ra,dec
104413591486126310,359.1486168111477,-2.9867383605975033
