objID,ra,dec
99433595974683007,359.5975759603352,-7.1394297514833305
