objID,ra,dec
102343599113844794,359.91136072616115,-4.71301040440363
