objID,ra,dec
97363592837315392,359.2837575148847,-8.862533012731655
