objID,ra,dec
104683593058128322,359.30593603460846,-2.7600286810066663
