objID,ra,dec
99503598540415869,359.85411050667904,-7.078757259373424
