objID,ra,dec
114253591397422779,359.13975416217494,5.2102528926249905
