objID,ra,dec
108713597157182152,359.7157539996656,0.5930531455390662
108713597157971733,359.71581724,0.59289446
