objID,ra,dec
107983590578633749,359.05797694,-0.01393765
