objID,ra,dec
106783597885495085,359.78857417269,-1.012806566978907
