objID,ra,dec
109213598362095059,359.8362399023013,1.0121370094567208
