objID,ra,dec
108833594212522370,359.4212834279658,0.6932563875885004
