objID,ra,dec
109373599583702657,359.95844300604665,1.1435170820110974
