objID,ra,dec
105073599874712781,359.98752825832867,-2.439669537003195
