objID,ra,dec
107543599116609771,359.91167479,-0.37559722
