objID,ra,dec
105533593937267178,359.39376413146016,-2.052697019975608
