objID,ra,dec
110203592741673878,359.27407837806663,1.8362939646660814
