objID,ra,dec
110443593694482540,359.3694684847579,2.035064986529844
