objID,ra,dec
107033597329614464,359.73298329921954,-0.8050492318593371
