objID,ra,dec
104163595774559757,359.5774894020896,-3.192183329609759
