objID,ra,dec
108193591445712637,359.14450784711573,0.16012504526725022
