objID,ra,dec
109193594820217359,359.4820567290344,0.9974133527456774
