objID,ra,dec
96873594295266826,359.4295341244287,-9.269649286060957
