objID,ra,dec
108233594300944744,359.43009653969534,0.19524040903749781
