objID,ra,dec
102783596855674876,359.685574396698,-4.346303835077485
