objID,ra,dec
107653590255013282,359.02568879950246,-0.2893408763398625
107653590255932959,359.02567033,-0.28949131
