objID,ra,dec
109543597782584415,359.77829096299325,1.2866082050145335
