objID,ra,dec
103413592211291252,359.22110690421084,-3.8244045333305317
