objID,ra,dec
104593597815422176,359.78157183807815,-2.840135535293365
