objID,ra,dec
97093590564763738,359.05658466626477,-9.08885534359321
