objID,ra,dec
95633590402758437,359.04027626,-10.30160059
95633590399548456,359.04001470459343,-10.301619310243957
