objID,ra,dec
102843595199518153,359.51995817271927,-4.293556015230663
