objID,ra,dec
97773595517334721,359.55167636259625,-8.521334174085714
