objID,ra,dec
108223596277220183,359.62776220057924,0.183122833428766
