objID,ra,dec
107393596113475702,359.61140691906286,-0.5041251994721728
