objID,ra,dec
112913592673908917,359.2674147628535,4.0986960931165255
