objID,ra,dec
95393596421893671,359.64222000759025,-10.505632682254602
