objID,ra,dec
114553592180877455,359.2181072791906,5.464126591860841
