objID,ra,dec
106223591626909656,359.16268171918006,-1.475649772867917
