objID,ra,dec
109493597311759283,359.7311996023374,1.2489775375963088
