objID,ra,dec
114613597030934840,359.70317745918726,5.512086358611129
