objID,ra,dec
110863594603697281,359.4604061952997,2.3890164772275955
