objID,ra,dec
101613594502107163,359.4503022113425,-5.319400811371192
