objID,ra,dec
102153592702863940,359.27040481521703,-4.872073181487635
