objID,ra,dec
114643598772227300,359.87727761068413,5.539033725597119
