objID,ra,dec
97673599160505846,359.9160691363264,-8.603783362079199
