objID,ra,dec
106883596352825016,359.6352903182759,-0.9294967087400496
