objID,ra,dec
112443597797359427,359.77977580643164,3.707511842199655
