objID,ra,dec
109133591588736818,359.1588911082511,0.947018126975763
