objID,ra,dec
108523590089133003,359.0089235986229,0.4354809340619932
108523590085903022,359.0087868198496,0.4355118563577844
