objID,ra,dec
94923598551675459,359.8551784943209,-10.895734279101571
