objID,ra,dec
101453590801144918,359.08014446510003,-5.454539436505836
