objID,ra,dec
108973592875841298,359.2875757193953,0.809019607863808
