objID,ra,dec
108113594454740926,359.44546833247233,0.09208154730028373
