objID,ra,dec
109073596729004790,359.67301713,0.89517006
109073596730634492,359.67300900745323,0.8950121916169181
