objID,ra,dec
98343592553627444,359.25543337359125,-8.044194834248671
