objID,ra,dec
108933597662036655,359.7662735,0.78008629
