objID,ra,dec
110133593611865770,359.361237320356,1.7794346410016442
