objID,ra,dec
113733599488957848,359.9489114714382,4.781141406548948
