objID,ra,dec
109883590574846558,359.05749299,1.57171094
