objID,ra,dec
95123593394058735,359.33923627,-10.72639485
95123593390568995,359.3391444671058,-10.726158038969277
