objID,ra,dec
108873593871968386,359.3872287,0.73160595
