objID,ra,dec
109583598740390671,359.87404901008665,1.3168763280431042
