objID,ra,dec
110943591088338613,359.10879589512285,2.4567868267789543
