objID,ra,dec
97973593616913063,359.3617685798905,-8.356082989967721
