objID,ra,dec
100093599220823348,359.92217670636876,-6.58932901230759
