objID,ra,dec
94633590844709133,359.0845165397382,-11.13434532757121
