objID,ra,dec
106413598289595737,359.8289894404881,-1.320580179801206
