objID,ra,dec
109443595397749554,359.53995470274157,1.2078698226903841
109443595399609925,359.5399858234586,1.2079491925320365
