objID,ra,dec
105483597734352264,359.773528373396,-2.0984590041871183
105483597735412671,359.7735708545596,-2.0984218107326718
