objID,ra,dec
106833593330672797,359.33332684704817,-0.973156083769361
