objID,ra,dec
110013592195689063,359.21958829975506,1.682179291040476
