objID,ra,dec
109373594378247830,359.43780694840177,1.1477998888946264
