objID,ra,dec
108913596125962998,359.61261249,0.76017895
108913596126152582,359.6126135536476,0.7601845838232211
108913596129132591,359.61287369,0.76009271
