objID,ra,dec
113033591462599437,359.146290290186,4.199171602790488
