objID,ra,dec
97353591865365078,359.1865554503512,-8.87110568630099
