objID,ra,dec
102993596907865224,359.69079240675336,-4.171139397457503
