objID,ra,dec
99343594557694867,359.45582001110483,-7.212960138898467
