objID,ra,dec
97483595452473569,359.54523622308744,-8.763928903178797
