objID,ra,dec
97103599365424025,359.9366012023406,-9.080314658825744
