objID,ra,dec
109633596368002590,359.63681518064277,1.3601554568296785
