objID,ra,dec
96283592289772778,359.22896357943046,-9.764723133322116
