objID,ra,dec
100003592451955905,359.24519044323534,-6.662089796351436
