objID,ra,dec
108303594664709674,359.46649345964596,0.2577038362141558
