objID,ra,dec
108983595362295178,359.5362563550577,0.8205785811357652
