objID,ra,dec
108843590180168258,359.0182008834752,0.7065189943677481
