objID,ra,dec
98973592238004132,359.22345844400184,-7.521593881388735
98973592235564321,359.22362097402174,-7.52175881005853
