objID,ra,dec
105823590233901355,359.0233590231576,-1.8158357372868041
