objID,ra,dec
113013598264293093,359.8264353013524,4.177206188508431
