objID,ra,dec
106553591821068822,359.18210938155033,-1.2013180909674621
