objID,ra,dec
110293597673839112,359.7674493714206,1.9155219922808304
