objID,ra,dec
97643593180026663,359.3180215510809,-8.628132357003723
