objID,ra,dec
108533599464489406,359.946445874211,0.44915219306559656
