objID,ra,dec
110063594112147144,359.4111876986743,1.7221787805700666
