objID,ra,dec
111283596105604658,359.6105956461309,2.736794717054465
