objID,ra,dec
109503594711356424,359.4711115613878,1.2549668379606282
