objID,ra,dec
106973591899415730,359.1900246222996,-0.8538836906091004
106973591903085747,359.19030229,-0.85392738
