objID,ra,dec
103163593560393313,359.35597151041213,-4.030923333868296
