objID,ra,dec
98603595039183622,359.5039167032083,-7.830710859153441
