objID,ra,dec
114483591439396619,359.14396033645977,5.405107013129839
