objID,ra,dec
109183597524947184,359.75251643,0.988909
109183597522467391,359.75228944217383,0.9890671193029477
