objID,ra,dec
94853590623881867,359.06239266060976,-10.95710578491463
