objID,ra,dec
106093590087542598,359.00880742446367,-1.5898264989763675
