objID,ra,dec
106943590454880889,359.0456177885201,-0.8830123088187677
