objID,ra,dec
95023596956021175,359.6956536035539,-10.816017276783828
