objID,ra,dec
113783599072789917,359.90729583212885,4.824421550537048
