objID,ra,dec
101623599505323710,359.950293,-5.313972
101623599500773797,359.95012641197167,-5.313861122253455
