objID,ra,dec
105023597131305315,359.71308846,-2.47931779
105023597134965197,359.7133628186252,-2.4793283638416934
