objID,ra,dec
114363597658248318,359.7659187130422,5.3066465490297885
