objID,ra,dec
110073597356920779,359.7357361305525,1.7252604630830553
