objID,ra,dec
107003595160036869,359.51598423426145,-0.8280605646052384
