objID,ra,dec
113033590334541255,359.03346691524956,4.1923150019717905
