objID,ra,dec
108193590581368160,359.058175,0.16476203
108193590583297898,359.0583054230454,0.1645342014860948
