objID,ra,dec
108653599143118270,359.91429490888635,0.5482372547121871
108653599143798840,359.91434655,0.54852398
