objID,ra,dec
112323595619425816,359.5619722274293,3.6044139037796232
