objID,ra,dec
110313593469888351,359.3470078991259,1.9315699111524296
