objID,ra,dec
95383590997281947,359.0997866162053,-10.51540626923371
