objID,ra,dec
95313599222125044,359.9222693535462,-10.571094883913888
