objID,ra,dec
114003590865264768,359.0865645932001,5.003588901992635
