objID,ra,dec
108763599219734988,359.9219862685518,0.6371364032165479
