objID,ra,dec
108613590623990813,359.0622085531096,0.5085026980700856
108613590620570863,359.0621391944802,0.5085412600457565
