objID,ra,dec
113383599337857500,359.93378810011427,4.489177500045545
