objID,ra,dec
100493590834383957,359.08337043104405,-6.255375919013981
100493590831593789,359.08320124,-6.25553542
