objID,ra,dec
112433597753639034,359.7753712518316,3.6988392000951245
