objID,ra,dec
105463597291815724,359.7291829530226,-2.1121987759128036
