objID,ra,dec
109743591209374718,359.12097366477946,1.4534773872043683
