objID,ra,dec
107323594381638461,359.43815678700906,-0.5599803247754545
