objID,ra,dec
96663599218034278,359.9218496057623,-9.446747931382278
