objID,ra,dec
112593598250761794,359.8251039268594,3.826116021199653
