objID,ra,dec
104523596351490943,359.63525863398115,-2.899615707728936
