objID,ra,dec
105473590749052371,359.0749917298574,-2.1067302973463873
