objID,ra,dec
108813590887161553,359.08875418,0.67580992
