objID,ra,dec
103413592692836092,359.26927215536267,-3.820294106482017
