objID,ra,dec
110183598230412411,359.8231824388002,1.8183673898864885
