objID,ra,dec
106743599221777254,359.92217387645155,-1.0443411771564457
