objID,ra,dec
106853592828069008,359.28289278025215,-0.9511930758405559
106853592830909005,359.28311097,-0.9511775
