objID,ra,dec
102593598496413531,359.8496617772473,-4.50577147987605
