objID,ra,dec
108243594898291049,359.4898410753944,0.20053436309973097
