objID,ra,dec
109953598354959893,359.83550693,1.63285404
109953598353159621,359.835353096674,1.6326343101774123
