objID,ra,dec
110183592412970593,359.24122710542673,1.816796068056015
