objID,ra,dec
108633597906501157,359.79065091,0.52560213
