objID,ra,dec
113363594992996264,359.49933989604875,4.471526213192371
