objID,ra,dec
96283599719223245,359.97192495752597,-9.764257355429809
