objID,ra,dec
112313599610913970,359.9610916160067,3.5945019689828737
