objID,ra,dec
107493592640454853,359.2640518777512,-0.42130214436534935
