objID,ra,dec
109473596903074597,359.6903142282881,1.2284084492236882
