objID,ra,dec
102533596031980545,359.60321695849814,-4.55820049371658
