objID,ra,dec
104473599290156040,359.92903193686743,-2.9370526057085957
