objID,ra,dec
107803591774509168,359.177483611578,-0.15938762156429345
