objID,ra,dec
109223595695122335,359.569549363902,1.0181814661909625
