objID,ra,dec
107803597437208293,359.74373306679837,-0.16012857691138352
