objID,ra,dec
100253597321667201,359.73225734631677,-6.452623838846371
