objID,ra,dec
112963591223185026,359.1223412324027,4.137182739998314
