objID,ra,dec
98073592732029731,359.2732817225337,-8.267194719070162
