objID,ra,dec
107163591927542051,359.1927677480926,-0.6986600234592698
