objID,ra,dec
107333593373086031,359.3373141011059,-0.5537022261163401
