objID,ra,dec
99463599717122462,359.9717428652203,-7.114946453523535
