objID,ra,dec
100143597599944719,359.75998510914036,-6.5462976406237665
