objID,ra,dec
105633598171822113,359.81727019038675,-1.9736505933378736
