objID,ra,dec
101493599507894344,359.95082846482575,-5.421743844879577
101493599507494005,359.95074629,-5.42198583
