objID,ra,dec
111993594853061547,359.4853102838041,3.325980732143227
