objID,ra,dec
107903599030970172,359.90314808,-0.08374801
107893599032999479,359.90329038,-0.08408928
107893599030909830,359.90313352,-0.08387184
