objID,ra,dec
109323593913685070,359.39122401947725,1.1037872271688298
