objID,ra,dec
109193593575949431,359.3575080089604,0.9991745785681378
