objID,ra,dec
107903593862791193,359.38627114367375,-0.08267863003562495
