objID,ra,dec
107513593915293533,359.3916354849779,-0.40572298071315493
107513593917773703,359.39172147872773,-0.40566894427922595
