objID,ra,dec
109513599165648812,359.9166459542584,1.2652841771696828
