objID,ra,dec
106883596945218019,359.69452555240696,-0.9270257211647641
