objID,ra,dec
114183595053561471,359.50538464785535,5.150823585766438
