objID,ra,dec
102043595840730274,359.5841332123671,-4.966864164928094
