objID,ra,dec
105863590413266867,359.0413824445479,-1.7779671069192278
