objID,ra,dec
96943595021880560,359.50217029566966,-9.216547842467437
