objID,ra,dec
113493599645156185,359.96453797495974,4.579680029316963
