objID,ra,dec
107103593210580283,359.3211724317195,-0.7501565502744005
