objID,ra,dec
109203596573920262,359.657369578066,0.9997573968177215
