objID,ra,dec
109923594603333066,359.4603708480067,1.6021268516247185
