objID,ra,dec
108473599579200658,359.95789845725113,0.3918845825754971
