objID,ra,dec
107683595713671513,359.5713571389082,-0.2657821314059289
