objID,ra,dec
110663594879977783,359.4879449798782,2.222804239400585
