objID,ra,dec
112343593863549661,359.38639988,3.62431242
112343593861989958,359.3862446599229,3.6245562952095773
