objID,ra,dec
106323597808003076,359.7808111474552,-1.3978792170755971
