objID,ra,dec
105933599478249278,359.9479059372524,-1.717560233360461
105933599481059328,359.94814561,-1.717622
