objID,ra,dec
106473598322081776,359.83219566,-1.27397029
106473598320841446,359.83203642898025,-1.2741328531588527
