objID,ra,dec
100033598414414190,359.8414326587462,-6.638439154998577
