objID,ra,dec
101033591789695154,359.17897044,-5.80436183
101033591788715478,359.17889714653006,-5.804107590970828
