objID,ra,dec
97553595539282722,359.5538946644867,-8.706336545530403
