objID,ra,dec
114103591551036867,359.15519096309345,5.088605016316432
