objID,ra,dec
108703599165385253,359.91659377339175,0.5873570655929087
