objID,ra,dec
110363594520569295,359.45217316357434,1.974070380189931
