objID,ra,dec
107573597018159759,359.70176061,-0.35054077
107583597018400152,359.7018388631626,-0.3503168969867394
