objID,ra,dec
106373599156284636,359.91561097041233,-1.3548012724462462
106373599155705076,359.91564205,-1.35469122
