objID,ra,dec
108543598391142582,359.83915921066347,0.4517539111678991
