objID,ra,dec
97793590143155368,359.01434222,-8.5042485
97793590142095054,359.0142165561038,-8.50446091308473
