objID,ra,dec
104143593052831875,359.3052893026476,-3.215444502072195
