objID,ra,dec
98103597892994235,359.78930855771756,-8.246818642057844
