objID,ra,dec
106683599898627753,359.98981234837373,-1.0939386526026424
