objID,ra,dec
101753595440138587,359.5440074321954,-5.201606720893267
