objID,ra,dec
104923598523513179,359.8523267141379,-2.5643148940380867
