objID,ra,dec
107343592199414161,359.21991631501646,-0.5469639105429
