objID,ra,dec
102213598619962272,359.86197801000833,-4.823484830035626
