objID,ra,dec
102143597161834932,359.7161471641213,-4.879596971964705
