objID,ra,dec
94853598261340993,359.82598333,-10.95775597
94853598260191433,359.82598936,-10.95768669
94853598258151184,359.82593366790593,-10.957728557324819
