objID,ra,dec
110103595008889722,359.50085177687583,1.7577150783209674
