objID,ra,dec
108713595942755667,359.59430211206296,0.5960069646029127
