objID,ra,dec
106103591370562516,359.1370166148602,-1.581552309302898
