objID,ra,dec
107493596001084241,359.60011387105584,-0.42186323635006606
