objID,ra,dec
108003593376681836,359.3377573,0.00111126
