objID,ra,dec
111153598223823279,359.82235923583045,2.627363836075226
