objID,ra,dec
103343590059923626,359.0058145125712,-3.880723152874322
103343590056793420,359.0057480520888,-3.8807274959340594
