objID,ra,dec
97253593855639912,359.38559398266983,-8.950400418660097
