objID,ra,dec
109733598900619947,359.8901909831784,1.449492354270292
