objID,ra,dec
110133592569846671,359.2570065,1.78016355
110133592571686257,359.2571511257323,1.7800377937541072
