objID,ra,dec
102903591885392135,359.1886311966197,-4.248548542538825
