objID,ra,dec
101893597823534617,359.78237167726627,-5.088184074001391
