objID,ra,dec
108283596240505674,359.62402434667877,0.23766668543388195
