objID,ra,dec
106553598366620656,359.83666467299605,-1.2081741817940017
