objID,ra,dec
104343590981190616,359.09813458026093,-3.0498247399255183
