objID,ra,dec
104283598650595629,359.8650820988468,-3.095686981676823
