objID,ra,dec
108623593998174735,359.3998601130986,0.520282635099491
