objID,ra,dec
108333594751212928,359.47514069,0.27705801
