objID,ra,dec
109183591854083010,359.18538408327703,0.9854033510022792
