objID,ra,dec
110923599928979257,359.99293234684825,2.440685167542768
110923599926689014,359.99290135,2.44063705
