objID,ra,dec
107543591932112513,359.193164983223,-0.3816525906601624
