objID,ra,dec
105883594162469261,359.4163350498274,-1.759392664843969
105883594163298922,359.4163096890077,-1.7594501990549767
