objID,ra,dec
108613599403584969,359.94032149,0.51211878
