objID,ra,dec
110303597546195936,359.7546065973303,1.9212308695393343
