objID,ra,dec
113213598746848991,359.87465397560834,4.348863939897474
