objID,ra,dec
108553593945889482,359.3948667171044,0.46593456127275895
108553593948919611,359.39489782601714,0.4659277166978577
