objID,ra,dec
96723595705545790,359.5705524638434,-9.395477180099148
