objID,ra,dec
108763594291622211,359.42918924,0.63479706
