objID,ra,dec
107243595959437699,359.5959658407534,-0.627273775276247
