objID,ra,dec
95673592269907953,359.22704446791136,-10.268722548035248
