objID,ra,dec
109143594984295106,359.4984210336171,0.9538778639535702
