objID,ra,dec
108293595106578224,359.51064903321554,0.24815250324969199
