objID,ra,dec
95443593194950130,359.31956056,-10.46690314
95433593199669899,359.3198809357598,-10.466967844738027
