objID,ra,dec
108063597164199688,359.71642726116164,0.05765706317289071
