objID,ra,dec
95973598622012912,359.86225827605676,-10.022835595944295
