objID,ra,dec
99043598939976088,359.89396664176604,-7.461909625225917
