objID,ra,dec
113923594623483143,359.4623998155564,4.935593440040328
