objID,ra,dec
103613590143809476,359.01439007096536,-3.650750577912248
