objID,ra,dec
114243596274138471,359.62743182214183,5.20666211840732
