objID,ra,dec
95533595727236869,359.57287644,-10.38640221
95533595728906591,359.5729185530272,-10.386452313873358
