objID,ra,dec
102423591155883157,359.11562005531727,-4.647679900097831
