objID,ra,dec
97173596656242683,359.66564378456354,-9.023102627961052
