objID,ra,dec
108283591032087272,359.10320049034385,0.23905531847836162
