objID,ra,dec
110033599879758121,359.9880292511744,1.6981234220058083
