objID,ra,dec
106063591664343975,359.166481514454,-1.6138483081215786
