objID,ra,dec
110343598333076408,359.83335129495975,1.9550082282698276
