objID,ra,dec
108963598506793229,359.85068786972954,0.8023041226370635
