objID,ra,dec
103233594298733175,359.4299516765275,-3.9726514810124836
