objID,ra,dec
101643591254058599,359.12545784461634,-5.293160628324777
