objID,ra,dec
109033597999557601,359.79995559,0.86429661
