objID,ra,dec
97973590647415829,359.06475629900933,-8.353838873130044
