objID,ra,dec
109653593235119011,359.32346573564314,1.3821098455950056
