objID,ra,dec
111413590873873879,359.0874186022868,2.8445281287268283
