objID,ra,dec
106713595904029177,359.5904042193888,-1.0676786838264798
