objID,ra,dec
111133594342474101,359.4342573642065,2.6113556216389053
