objID,ra,dec
98753597607555330,359.76075762723383,-7.704246625172143
