objID,ra,dec
100893595045080973,359.504511498459,-5.924422020081802
100893595042011048,359.50424329,-5.92446358
