objID,ra,dec
113023596404806127,359.64048506205063,4.1880385720198445
