objID,ra,dec
98223595675833136,359.56763663024793,-8.147733814087193
