objID,ra,dec
107673597467595815,359.7467665922751,-0.27059329733740645
107673597467895423,359.7467603741484,-0.2706655168809857
