objID,ra,dec
100713591399198575,359.13992537723124,-6.068245872263333
