objID,ra,dec
96163599432999607,359.9432963103284,-9.858988486956841
