objID,ra,dec
107833597202198216,359.7202276071407,-0.13517718369028403
