objID,ra,dec
108263590484177852,359.0484341992034,0.22282804690999264
