objID,ra,dec
101053595317277942,359.5317602772511,-5.785487756365684
