objID,ra,dec
112373594799085558,359.4799401052246,3.6457772563945365
