objID,ra,dec
108963598714345837,359.871461293875,0.8044844375683887
