objID,ra,dec
113893599420548278,359.9420908749828,4.914865940205063
