objID,ra,dec
100243590020740501,359.00209579045304,-6.466616007047302
100243590023870723,359.00229201,-6.46655601
