objID,ra,dec
112023598875362168,359.8875746795039,3.3514460339215724
