objID,ra,dec
106183591012613985,359.1012613646846,-1.513704759286837
