objID,ra,dec
114243596413635708,359.64135461188624,5.204392775426763
