objID,ra,dec
95383596102910454,359.6103191787322,-10.516581220367048
