objID,ra,dec
108323599686362660,359.96866772,0.26853148
