objID,ra,dec
108383595460721158,359.5460624455118,0.3172331434125123
