objID,ra,dec
98813590236472450,359.02365738513544,-7.656701859769775
