objID,ra,dec
108243595094145731,359.5094337127758,0.20440468603597212
