objID,ra,dec
110883591338552223,359.1339625816582,2.4013743240773446
110883591341151644,359.13413233,2.40103068
110883591341781975,359.13406063320605,2.401300992780058
