objID,ra,dec
102733597329850864,359.7329832217549,-4.391317513384811
