objID,ra,dec
112413598899277057,359.8899595168874,3.6805169288850723
