objID,ra,dec
96973596802399694,359.68026699424536,-9.183927566937475
