objID,ra,dec
101353594740820738,359.4741227020816,-5.5414292541269035
