objID,ra,dec
98543597489290506,359.7490423658396,-7.883246724575567
