objID,ra,dec
107923596198494577,359.61983879,-0.06320278
107923596199124213,359.6199427093481,-0.0634381531358608
