objID,ra,dec
113013592995051434,359.2995543237155,4.175771275228028
