objID,ra,dec
113923598292283603,359.82926024491167,4.936000713114815
