objID,ra,dec
103193597069780664,359.7070197720495,-4.008154872891587
