objID,ra,dec
112483599941147726,359.9941204472383,3.739355877775518
