objID,ra,dec
95123596879760618,359.68801986521095,-10.733174756580285
