objID,ra,dec
107283598265095072,359.8265211116855,-0.5961637222431793
