objID,ra,dec
98283592055194767,359.2054865595637,-8.096366098430376
