objID,ra,dec
105893593923774732,359.392363514096,-1.7547245772939035
