objID,ra,dec
103183594407179789,359.4407662405824,-4.008897851349637
