objID,ra,dec
101223595203513866,359.52042164067944,-5.64709363530984
