objID,ra,dec
100843591878437173,359.1878871952748,-5.961046678276396
