objID,ra,dec
107113595057755248,359.50580859598426,-0.7376756274059623
