objID,ra,dec
108523593226271897,359.32265741,0.43455268
108523593228951779,359.32290534,0.43446118
