objID,ra,dec
97123599918173938,359.9918357697424,-9.063722413264687
