objID,ra,dec
109093598948880785,359.8949113068232,0.9086001486236858
