objID,ra,dec
108083593919989370,359.39196392501856,0.07408591681773087
