objID,ra,dec
96183597518665671,359.75191151053866,-9.845587994522047
