objID,ra,dec
107303593159190068,359.31590351773804,-0.5835597323114508
