objID,ra,dec
107443591219768240,359.1219907067543,-0.46018387890777973
107443591220337877,359.12205942,-0.4604108
