objID,ra,dec
109583594875904857,359.48763302147756,1.320270393117762
