objID,ra,dec
108823594568154468,359.4568301205315,0.6866887802125025
