objID,ra,dec
98613597423148926,359.74232143170025,-7.817947344437534
