objID,ra,dec
110273597506733537,359.75071069145076,1.8942344404492288
