objID,ra,dec
103863593897868683,359.38983826718237,-3.443187829368886
