objID,ra,dec
109693591835846918,359.18351821,1.41369306
