objID,ra,dec
109553593072795891,359.30723349312115,1.2961756302565357
