objID,ra,dec
112993596290470805,359.62909259306144,4.158657820679921
