objID,ra,dec
108193597889046322,359.78892912346186,0.16324727514815274
108193597891666452,359.78915761,0.16331583
