objID,ra,dec
101933591383274730,359.1383192715053,-5.05461445215579
