objID,ra,dec
96803597241649116,359.72417744454447,-9.32600707617003
