objID,ra,dec
110143591422875531,359.14231837,1.78756326
