objID,ra,dec
96523598004767967,359.8005086901399,-9.560350308160851
