objID,ra,dec
107653593295831534,359.3296272201348,-0.2907534874450625
