objID,ra,dec
95523594083104167,359.4083907125458,-10.39685284696294
