objID,ra,dec
106823591827053577,359.1826805256885,-0.9806294394071454
106823591826383928,359.18271201,-0.98043418
