objID,ra,dec
97153595496896998,359.54971486755016,-9.036186603764332
