objID,ra,dec
106023598158231984,359.8158475473616,-1.6485755294520665
106023598157302308,359.8158116498661,-1.6484895223975025
106023598155402018,359.81560286,-1.64857378
