objID,ra,dec
97203599831449043,359.98317636485274,-8.992800722309049
