objID,ra,dec
95243590832262498,359.08328859895823,-10.631549321624668
