objID,ra,dec
111243597563775666,359.75637288214403,2.704257815477068
