objID,ra,dec
96553591367428820,359.13675213908914,-9.534704566361093
