objID,ra,dec
112653599524825936,359.952547173077,3.8795897688767904
