objID,ra,dec
95903590938535759,359.09387560238224,-10.078873922671548
