objID,ra,dec
107773599324121500,359.93241439,-0.19078312
