objID,ra,dec
97223592582429752,359.25829480672576,-8.975612459715883
