objID,ra,dec
107843593488139648,359.34877145639757,-0.12568596102445567
