objID,ra,dec
108153595480453626,359.5478817992075,0.12757727482350406
