objID,ra,dec
110383595431034293,359.54290703,1.98652039
110383595428354198,359.5428957628135,1.9864725142871478
