objID,ra,dec
103263599865329439,359.98653925,-3.94253186
103263599863769748,359.9863695944508,-3.942298651982808
