pair_id,matched_class,original_index,class,file,RA,Dec,match_sep_arcsec,match_ok,emax,inc,pa,sma_max,e_outer,sma_at_emax,pa_at_emax,paliya_catalog_index,x0,y0,paliya_SDSS_NAME,paliya_P-M-F,paliya_RA,paliya_DEC,paliya_Z,paliya_M_B,paliya_BR_H_ALPHA_EW,paliya_BR_H_ALPHA_EW_ERR,paliya_BR_H_ALPHA_FLUX,paliya_BR_H_ALPHA_FLUX_ERR,paliya_BR_H_ALPHA_FWHM,paliya_BR_H_ALPHA_FWHM_ERR,paliya_BR_H_ALPHA_LUM,paliya_BR_H_ALPHA_LUM_ERR,paliya_BR_H_ALPHA_SNR,paliya_BR_H_BETA_EW,paliya_BR_H_BETA_EW_ERR,paliya_BR_H_BETA_FLUX,paliya_BR_H_BETA_FLUX_ERR,paliya_BR_H_BETA_FWHM,paliya_BR_H_BETA_FWHM_ERR,paliya_BR_H_BETA_LUM,paliya_BR_H_BETA_LUM_ERR,paliya_BR_H_BETA_SNR,paliya_NA_H_ALPHA_EW,paliya_NA_H_ALPHA_EW_ERR,paliya_NA_H_ALPHA_FLUX,paliya_NA_H_ALPHA_FLUX_ERR,paliya_NA_H_ALPHA_FWHM,paliya_NA_H_ALPHA_FWHM_ERR,paliya_NA_H_ALPHA_LUM,paliya_NA_H_ALPHA_LUM_ERR,paliya_NA_H_ALPHA_SNR,paliya_NA_H_BETA_EW,paliya_NA_H_BETA_EW_ERR,paliya_NA_H_BETA_FLUX,paliya_NA_H_BETA_FLUX_ERR,paliya_NA_H_BETA_FWHM,paliya_NA_H_BETA_FWHM_ERR,paliya_NA_H_BETA_LUM,paliya_NA_H_BETA_LUM_ERR,paliya_NA_H_BETA_SNR,paliya_NA_OIII_4960_EW,paliya_NA_OIII_4960_EW_ERR,paliya_NA_OIII_4960_FLUX,paliya_NA_OIII_4960_FLUX_ERR,paliya_NA_OIII_4960_FWHM,paliya_NA_OIII_4960_FWHM_ERR,paliya_NA_OIII_4960_LUM,paliya_NA_OIII_4960_LUM_ERR,paliya_NA_OIII_4960_SNR,paliya_NA_OIII_5007_EW,paliya_NA_OIII_5007_EW_ERR,paliya_NA_OIII_5007_FLUX,paliya_NA_OIII_5007_FLUX_ERR,paliya_NA_OIII_5007_FWHM,paliya_NA_OIII_5007_FWHM_ERR,paliya_NA_OIII_5007_LUM,paliya_NA_OIII_5007_LUM_ERR,paliya_NA_OIII_5007_SNR,paliya_NA_NII_6549_EW,paliya_NA_NII_6549_EW_ERR,paliya_NA_NII_6549_FLUX,paliya_NA_NII_6549_FLUX_ERR,paliya_NA_NII_6549_FWHM,paliya_NA_NII_6549_FWHM_ERR,paliya_NA_NII_6549_LUM,paliya_NA_NII_6549_LUM_ERR,paliya_NA_NII_6549_SNR,paliya_NA_NII_6585_EW,paliya_NA_NII_6585_EW_ERR,paliya_NA_NII_6585_FLUX,paliya_NA_NII_6585_FLUX_ERR,paliya_NA_NII_6585_FWHM,paliya_NA_NII_6585_FWHM_ERR,paliya_NA_NII_6585_LUM,paliya_NA_NII_6585_LUM_ERR,paliya_NA_NII_6585_SNR,paliya_NA_SII_6718_EW,paliya_NA_SII_6718_EW_ERR,paliya_NA_SII_6718_FLUX,paliya_NA_SII_6718_FLUX_ERR,paliya_NA_SII_6718_FWHM,paliya_NA_SII_6718_FWHM_ERR,paliya_NA_SII_6718_LUM,paliya_NA_SII_6718_LUM_ERR,paliya_NA_SII_6718_SNR,paliya_NA_SII_6732_EW,paliya_NA_SII_6732_EW_ERR,paliya_NA_SII_6732_FLUX,paliya_NA_SII_6732_FLUX_ERR,paliya_NA_SII_6732_FWHM,paliya_NA_SII_6732_FWHM_ERR,paliya_NA_SII_6732_LUM,paliya_NA_SII_6732_LUM_ERR,paliya_NA_SII_6732_SNR,paliya_L_CONT_AGN_5100,paliya_L_CONT_AGN_5100_ERR,paliya_R4570,paliya_M_BH,paliya_M_BH_ERR,paliya_L_BOL,paliya_L_BOL_ERR,paliya_R_EDD,paliya_R_EDD_ERR,paliya_RL,ps1_objID,ps1_raMean,ps1_decMean,ps1_gKronFlux,ps1_gKronFluxErr,ps1_rKronFlux,ps1_rKronFluxErr,ps1_rKronRad,ps1_iKronFlux,ps1_iKronFluxErr,ps1_zKronFlux,ps1_zKronFluxErr,ps1_yKronFlux,ps1_yKronFluxErr,ps1_ng,ps1_ni,ps1_nr,ps1_ny,ps1_nz,ps1_rpsfMajorFWHM,ps1_rpsfMinorFWHM,ps1_rFWHM_eff,ps1_match_sep_arcsec,ps1_n_candidates,ps1_query_ok,ps1_status,ps1_error,R_gal_arcsec,a_bar_arcsec_assumed,L_bar_arcsec_assumed,N_FWHM_ps1,ps1_resolved,ps1_resolved_status
0,barred,0,barred,z_0.05_masked/t112.7786+39.4457.r_ellipse.txt,112.7786,39.4457,0.0280915651398151,True,0.55,29.96530791882775,0.166588766666667,55.6,0.12,21.44,-59.98,4026,242.61,242.79,073106.85+392644.5,spec-3657-55244-0896,112.7786,39.44571,0.04830622,-20.81294,199.7486,6.036482,-13.61519,0.004711202,810.4506,13.252,41.14621,0.004711202,83.87769,50.25382,1.554106,-14.19668,0.008417541,917.8622,20.10921,40.56472,0.008417541,30.07499,1.036034,0.7039415,-15.91263,0.3145916,327.2758,12.45714,38.84877,0.3145916,1.49192,0.4894687,0.2747984,-16.23267,0.2534128,317.1721,7.766158,38.52873,0.2534128,1.166872,8.246373,0.2977688,-14.97291,0.01576486,318.7244,6.969175,39.78849,0.01576486,20.55846,25.48178,0.9278053,-14.49451,0.01576538,316.228,7.921842,40.26689,0.01576538,62.34534,4.816863,0.2291199,-15.24413,0.02026977,325.3919,12.52119,39.51727,0.02026977,7.132341,13.49698,0.6455063,-14.77486,0.0202529,325.6421,12.11343,39.98655,0.0202529,20.82932,3.683034,0.2482437,-15.34877,0.02896683,325.1404,12.27188,39.41264,0.02896683,5.499727,4.259443,0.2359383,-15.28688,0.02337646,326.92,11.76582,39.47452,0.02337646,6.215086,42.34645,0.03589449,0.801028,5.716663,0.02496063,43.31306,0.03589449,-0.5434802,0.04372011,-999.0,155331127786325505,112.7785948338516,39.44571062709539,0.0010911399731412,3.32876993525133e-06,0.0020180500578135,4.636389803636121e-06,17.124300003051758,0.0029183400329202,3.973740149376681e-06,0.0034233899787068,1.0380300409451593e-05,0.003865780076012,2.060209953924641e-05,12,26,14,16,11,1.0652999877929688,1.0006500482559204,1.0324691202123508,0.0408644850238637,1,True,ok,,14.344800000000001,5.0206800000000005,10.041360000000001,9.725579006115714,True,resolved
1,barred,1,barred,z_0.10_masked/t114.3095+29.4428.r_ellipse.txt,114.3095,29.4428,0.147388278874311,True,0.41,38.89684669704688,-61.96638033333334,41.77,0.16,13.31,3.0,4111,242.95,245.9,073714.28+292634.2,spec-0754-52232-0134,114.3095,29.44284,0.07964247,-20.81713,76.67406,1.615089,-13.7334,0.006201623,1241.428,22.16204,41.49419,0.006201623,45.35715,14.42813,1.23944,-14.47768,0.03021287,1035.631,66.63999,40.74991,0.03021287,9.54238,7.457374,0.4972477,-14.78484,0.0245782,265.6245,6.593622,40.44275,0.0245782,27.09399,0.2800622,0.09594574,-16.22624,0.144685,68.96649,0.000367155,39.00136,0.144685,3.456161,3.045301,0.06202275,-15.11891,0.008935596,377.9269,8.68634,40.10868,0.008935596,8.554526,9.647984,0.1995106,-14.64053,0.00893595,382.0634,9.07216,40.58706,0.00893595,25.20711,1.924343,0.05990061,-15.32012,0.01372521,264.2326,7.116979,39.90747,0.01372521,7.957786,5.611244,0.1724465,-14.85102,0.01372677,255.4877,6.906704,40.37658,0.01372677,23.97379,1.990351,0.1192886,-15.30815,0.02562622,255.9801,7.117991,39.91944,0.02562622,8.195357,1.978878,0.1131129,-15.30367,0.02444982,257.7477,7.209096,39.92393,0.02444982,8.218616,42.73951,0.1010194,0.9568785,5.943847,0.07204397,43.70612,0.1010194,-0.3776053,0.1240776,-999.0,143331143095732262,114.3095239744646,29.442814064670536,0.0005813789903186,3.1449299058294855e-06,0.000936079013627,2.007870079978602e-06,8.27157974243164,0.0013965199468657,4.380749942356488e-06,0.0015814000507816,8.603939932072535e-06,0.0018739600200206,1.0390600436949173e-05,5,6,15,19,6,1.2416599988937378,1.1932799816131592,1.217229649922197,0.0906249091052997,1,True,ok,,10.776660000000001,3.771831,7.543662,6.197402437972306,True,resolved
2,barred,2,barred,z_0.05_masked/t118.8554+39.1861.r_ellipse.txt,118.8554,39.1861,0.0397175441119333,True,0.51,51.01748025460672,-3.7513166666666673,81.4,0.29,28.53,5.79,4482,241.62,241.15,075525.29+391109.9,spec-0544-52201-0344,118.8554,39.18609,0.03316471,-20.7748,106.4575,2.460217,-12.8642,0.004245871,1187.968,10.75694,41.55444,0.004245871,91.77991,31.80335,1.189514,-13.28024,0.01146597,1399.91,31.16755,41.13839,0.01146597,23.2795,6.613164,0.3665204,-14.10407,0.0201065,206.749,3.610533,40.31456,0.0201065,44.13805,1.48251,0.1455188,-14.65356,0.04037518,193.3623,4.121803,39.76508,0.04037518,10.35426,4.226726,0.1883225,-14.14619,0.01934263,193.3976,4.404507,40.27244,0.01934263,32.18775,13.28477,0.5971092,-13.66782,0.01934254,193.9563,4.025208,40.75081,0.01934254,95.16084,1.96655,0.05036215,-14.58824,0.01007329,205.803,3.470197,39.83039,0.01007329,14.67833,5.717768,0.1377571,-14.11898,0.01007237,211.6084,4.231594,40.29965,0.01007237,40.33324,1.887772,0.07695184,-14.61518,0.01743758,208.1269,3.736491,39.80346,0.01743758,13.08426,1.715602,0.07665425,-14.65173,0.0193183,211.0993,4.22743,39.76691,0.0193183,11.63079,43.01557,0.04305169,0.8193282,6.378008,0.02737317,43.98218,0.04305169,-0.535704,0.05101704,-999.0,155021188553823972,118.85539235046788,39.18608136652178,0.0029124000575393,3.6116200590186054e-06,0.005493720062077,9.98286031972384e-06,17.88610076904297,0.0066890101879835,3.865779945044778e-06,0.0075194197706878,1.1536700185388328e-05,0.0086491201072931,2.4054899768088944e-05,10,30,11,12,9,1.1907700300216677,1.1590499877929688,1.1748029574191778,0.0703946072866581,3,True,ok,,21.0012,7.35042,14.70084,12.513451644942224,True,resolved
3,barred,4,barred,z_0.05_masked/t123.3501+54.3769.r_ellipse.txt,123.3501,54.3769,0.0659216634474229,True,0.46,47.85401423318881,-38.0658,50.54,0.31,17.72,7.64,4952,242.21,242.19,081324.01+542236.7,spec-1871-53384-0066,123.3501,54.37688,0.04264095,-20.58431,188.3279,2.499475,-13.14836,0.0030991,1283.881,11.21509,41.49868,0.0030991,97.26219,55.21227,0.6933903,-13.70715,0.004675829,1561.83,24.92977,40.93988,0.004675829,27.13172,9.389548,0.6901671,-14.49089,0.03027487,325.1584,9.586734,40.15615,0.03027487,25.1921,1.460609,0.2006109,-15.31519,0.05911282,261.4713,11.61444,39.33184,0.05911282,5.810915,1.407042,0.08563051,-15.29538,0.02662802,258.8275,12.26319,39.35166,0.02662802,6.059683,4.350963,0.2648464,-14.81707,0.02664454,264.9354,11.20731,39.82996,0.02664454,17.65299,3.144241,0.1228545,-14.91393,0.01691126,325.612,9.693594,39.7331,0.01691126,9.466883,9.177953,0.3558106,-14.44472,0.01691126,326.8187,9.62175,40.20232,0.01691126,27.49258,2.612366,0.1306228,-15.00397,0.02130662,328.2614,9.146494,39.64306,0.02130662,7.375066,2.149146,0.123167,-15.081,0.02448688,325.6762,9.76259,39.56603,0.02448688,6.251641,42.63712,0.01697858,0.7012874,6.344086,0.01583018,43.60373,0.01697858,-0.8802343,0.02321351,-999.0,173251233500452948,123.35002675347438,54.37686282209714,0.0013210800243541,3.005739927175455e-06,0.0024465499445796,4.380950031190878e-06,11.85610008239746,0.0033096401020884,3.6852700304734753e-06,0.0041204402223229,7.2285201895283535e-06,0.0048755998723208,1.9833099941024557e-05,8,18,8,11,17,1.1439199447631836,1.114959955215454,1.129347125724958,0.2037194938183247,1,True,ok,,13.03932,4.563762,9.127524,8.082124434629254,True,resolved
4,barred,5,barred,z_0.10_masked/t123.4412+38.1805.r_ellipse.txt,123.4412,38.1805,0.106510973412544,True,0.39,23.911288136746816,-1.791976666666668,34.52,0.08,12.1,-55.69,4968,240.66,242.2,081345.89+381049.6,spec-0759-52254-0070,123.4412,38.18047,0.07999269,-20.81093,99.11951,2.043179,-13.72948,0.006671078,1793.007,31.82654,41.50227,0.006671078,29.13783,22.23034,1.406929,-14.38171,0.02305266,1117.224,71.22642,40.85004,0.02305266,9.513502,20.41866,0.591857,-14.44418,0.009178353,227.8204,3.088985,40.78757,0.009178353,62.44939,0.8945349,0.1118676,-15.8254,0.04987777,68.93076,0.0,39.40636,0.04987777,8.50647,6.697391,0.1026104,-14.88486,0.005916326,263.3102,3.393336,40.34689,0.005916326,18.04103,21.05335,0.3361691,-14.40641,0.005914698,255.2152,3.793827,40.82535,0.005914698,55.53376,5.023103,0.09470136,-15.00899,0.008010547,223.8122,2.815299,40.22276,0.008010547,17.50167,15.14697,0.298356,-14.53991,0.008010624,227.349,2.957168,40.69184,0.008010624,50.10965,3.976285,0.1645723,-15.11172,0.0174101,224.3356,2.804051,40.12004,0.0174101,13.43117,3.707292,0.1560349,-15.14039,0.01774764,233.0824,3.282171,40.09137,0.01774764,11.97067,42.76294,0.07370512,0.2545711,6.266068,0.06454828,43.72955,0.07370512,-0.6763969,0.09797411,-999.0,153811234412627212,123.44125210616342,38.18047616672648,0.0005744320224039,1.551880018269003e-06,0.0009860070422291,2.3043699002300855e-06,8.694589614868164,0.0013669000472873,1.8065700260194717e-06,0.0016203699633479,6.0926599871891085e-06,0.0018741199746727,3.014839967363514e-05,12,33,12,3,9,1.1730999946594238,1.1157699823379517,1.1440759416759871,0.1705982693799757,2,True,ok,,8.906160000000002,3.1171560000000005,6.234312000000001,5.449211693820947,True,resolved
5,barred,6,barred,z_0.10_masked/t123.7908+3.4649.r_ellipse.txt,123.7908,3.4649,0.0223532510489182,True,0.49,56.759541989341216,31.851776666666662,55.6,0.33,28.53,23.35,5008,242.46,240.15,081509.80+032753.6,spec-1184-52641-0082,123.7908,3.464906,0.05104269,-21.16493,59.96603,1.099797,-13.55973,0.006235603,1901.163,32.89334,41.25226,0.006235603,30.44832,11.39137,0.5702192,-14.29486,0.02179394,591.9014,74.81548,40.51713,0.02179394,14.85476,18.6368,0.4565027,-14.12174,0.005909635,226.6321,2.230275,40.69025,0.005909635,99.35187,0.8001593,0.2021811,-15.47985,0.10738,115.2565,13.74778,39.33215,0.10738,8.090228,3.291372,0.06109876,-14.81507,0.008096634,326.376,6.333479,39.99692,0.008096634,11.62649,10.45945,0.2003964,-14.33666,0.008097028,324.0852,6.400602,40.47533,0.008097028,35.14298,2.925556,0.04592308,-14.86335,0.006628424,232.0288,2.708055,39.94864,0.006628424,17.50965,8.517435,0.132231,-14.39415,0.006626832,227.5998,2.250041,40.41784,0.006626832,52.51385,2.586433,0.08672073,-14.92651,0.0142518,231.9182,2.656985,39.88548,0.0142518,14.76363,1.840919,0.08072447,-15.06339,0.01880354,225.9718,2.17803,39.7486,0.01880354,11.12352,42.66298,0.03420581,0.4809112,5.590085,0.1108622,43.62959,0.03420581,-0.1003743,0.1160192,-999.0,112151237908508350,123.79084672343792,3.464893793491104,0.0017978999530896,2.5226399884559214e-06,0.0032219900749623,3.1570400551572675e-06,13.367300033569336,0.0040998398326337,3.569349928511656e-06,0.0050001600757241,7.258669938892126e-06,0.0060211201198399,1.86000997928204e-05,13,16,18,14,13,1.288249969482422,1.2652499675750732,1.2766981758098597,0.169377089279496,1,True,ok,,14.344800000000001,5.0206800000000005,10.041360000000001,7.865100922252335,True,resolved
6,barred,7,barred,z_0.05_masked/t123.8203+46.0752.r_ellipse.txt,123.8203,46.0752,0.1705061851870752,True,0.62,15.0,40.839605,81.4,0.52,37.97,52.36,5009,242.87,240.5,081516.86+460430.8,spec-6391-56329-0988,123.8203,46.07525,0.041,-19.94541,125.1272,3.262178,-13.07195,0.007875875,1097.026,22.50769,41.5393,0.007875875,53.50042,29.88152,0.5311664,-13.64446,0.006558971,1393.293,42.25203,40.96679,0.006558971,24.53251,31.94666,1.099745,-13.6726,0.01232227,334.8399,4.315174,40.93864,0.01232227,62.63609,6.53929,0.2697058,-14.31557,0.01680215,325.1544,6.521168,40.29567,0.01680215,32.38386,3.742603,0.1106408,-14.55118,0.0129401,323.2183,6.849409,40.06007,0.0129401,18.78608,11.46719,0.3394027,-14.07283,0.01294378,324.3401,6.990487,40.53841,0.01294378,55.44458,14.18334,0.3094123,-14.01714,0.007229199,332.4107,4.328598,40.5941,0.007229199,28.90141,41.72399,0.8116615,-13.54799,0.007230933,332.1381,4.141791,41.06326,0.007230933,84.9375,6.773327,0.2181927,-14.34315,0.01332829,331.7583,4.14998,40.2681,0.01332829,13.40776,6.928331,0.2160138,-14.33342,0.01305659,332.9471,4.178142,40.27782,0.01305659,13.52189,43.10539,0.01013184,1.146313,6.299865,0.02673191,44.072,0.01013184,-0.3677446,0.02858757,0.7272907,163291238202750968,123.82028965255384,46.075252593574774,0.0035595700610429,3.745640015040408e-06,0.006196079775691,5.408359811553964e-06,17.084299087524414,0.008365879766643,5.1273300414322875e-06,0.0097961695864796,1.2018400411761831e-05,0.0110315000638365,2.4271699658129364e-05,12,26,12,12,16,1.2261300086975098,1.196239948272705,1.2110927702616017,0.1910921949425469,1,True,ok,,21.0012,7.35042,14.70084,12.138492080028312,True,resolved
7,barred,8,barred,z_0.10_masked/t125.1684+15.2025.r_ellipse.txt,125.1684,15.2025,0.1095009043455825,True,0.59,58.64334490699093,-54.79366166666666,50.54,0.44,19.49,-65.45,5168,240.33,241.57,082040.41+151208.8,spec-2272-53713-0221,125.1684,15.20247,0.07090219,-21.02048,46.57828,1.303431,-13.85759,0.0105566,1174.566,44.1169,41.26023,0.0105566,28.84929,15.93902,0.5517253,-14.38651,0.01364994,1200.658,69.80168,40.73132,0.01364994,10.89998,8.16339,0.6875778,-14.63907,0.03504355,378.1325,7.394167,40.47875,0.03504355,21.3272,0.9167324,0.2633537,-15.66146,0.1217451,297.7079,12.47,39.45636,0.1217451,3.397277,1.681262,0.1105341,-15.34736,0.02874369,296.4192,12.64881,39.77046,0.02874369,6.839451,5.352192,0.3528603,-14.86898,0.02874409,300.4956,11.62607,40.24884,0.02874409,19.98922,3.659077,0.0895005,-14.95238,0.01074002,380.9207,7.721911,40.16544,0.01074002,10.2947,10.65747,0.2580076,-14.48318,0.01074097,379.832,7.899862,40.63464,0.01074097,30.23945,2.11235,0.1279432,-15.19291,0.02605332,383.2736,8.049571,39.92491,0.02605332,5.729345,1.431064,0.132882,-15.35552,0.03992601,378.331,7.496843,39.7623,0.03992601,3.993103,42.65444,0.03977446,0.4396913,6.21501,0.0535747,43.62105,0.03977446,-0.7338366,0.06672523,-999.0,126241251684033311,125.16838968776202,15.202451783403257,0.001048790058121,2.9560899292846443e-06,0.0018386800074949,2.68360008703894e-06,12.152000427246094,0.0026769400574266,3.0189899007382337e-06,0.0033114899415522,7.772599929012358e-06,0.0040649701841175,1.8992399418493733e-05,12,18,14,10,18,1.2284899950027466,1.120609998703003,1.1733107737111597,0.1772381249568262,4,True,ok,,13.03932,4.563762,9.127524,7.779289344740111,True,resolved
8,barred,10,barred,z_0.10_masked/t130.5580+18.7282.r_ellipse.txt,130.558,18.7282,0.0052785124249535,True,0.43,42.625403525326206,-2.00361425,28.53,0.23,12.1,16.83,5767,242.0,241.36,084213.92+184341.5,spec-2277-53705-0047,130.558,18.7282,0.09599724,-19.80067,70.46455,2.268061,-14.3404,0.01195423,1713.881,65.8777,41.0657,0.01195423,11.71351,23.09663,2.300362,-14.85315,0.0409715,1776.663,243.8721,40.55295,0.0409715,3.36457,6.953857,0.5866185,-15.418,0.03303226,204.9328,9.463609,39.9881,0.03303226,11.81108,1.198964,0.4396506,-16.17534,0.1499356,219.8931,8.253988,39.23076,0.1499356,1.900841,4.661868,0.4126049,-15.53227,0.03744857,220.3897,7.969546,39.87383,0.03744857,7.977792,14.66599,1.299588,-15.05386,0.03745491,224.9515,9.895741,40.35224,0.03745491,23.09632,1.30753,0.0922983,-16.06004,0.03061904,204.6929,9.392199,39.34606,0.03061904,2.712946,3.826045,0.2704233,-15.59097,0.030627,209.736,11.12359,39.81513,0.030627,7.508132,2.113342,0.2738399,-15.87376,0.05584592,207.9425,10.50199,39.53234,0.05584592,3.888793,1.341288,0.220134,-16.05694,0.07059877,207.918,10.50416,39.34916,0.07059877,2.552299,42.32381,0.1460623,1.30622,6.103313,0.1361435,43.29042,0.1460623,-0.9527702,0.1996728,-999.0,130471305580114395,130.55800112659523,18.728193782261013,0.0001608460006536,1.6601600236754166e-06,0.0002725920057855,1.4721000525241834e-06,7.167669773101807,0.0003759879909921,1.785860035852238e-06,0.0004392899863887,3.460249899944756e-06,0.0004903720109723,7.673529580642935e-06,10,16,15,17,19,1.2535899877548218,1.243980050086975,1.2487757748113846,0.022711021399561,1,True,ok,,7.360740000000001,2.5762590000000003,5.152518000000001,4.12605537673746,True,resolved
9,barred,11,barred,z_0.10_masked/t142.0644+12.8635.r_ellipse.txt,142.0644,12.8635,0.1121827237928768,True,0.51,29.545058721116614,-4.2922766666666625,37.97,0.12,11.0,14.21,7239,241.86,241.08,092815.45+125148.6,spec-2578-54093-0172,142.0644,12.86353,0.09466084,-21.28328,61.29739,1.844351,-14.06023,0.009133341,1251.185,31.00216,41.33234,0.009133341,23.44517,15.72861,1.207726,-14.59183,0.02964444,1507.607,104.2904,40.80075,0.02964444,6.226195,8.969512,0.5944725,-14.93946,0.02184656,259.2358,7.035366,40.45312,0.02184656,21.51884,2.039535,0.2696308,-15.51935,0.05202271,241.9972,14.10401,39.87323,0.05202271,6.671597,1.484607,0.1798585,-15.61183,0.05324486,243.1731,14.72366,39.78074,0.05324486,5.235815,4.603566,0.5675988,-15.13336,0.05323653,249.9745,14.8247,40.25921,0.05323653,15.20082,2.063845,0.07547987,-15.51584,0.01527158,264.8644,6.684237,39.87673,0.01527158,5.596844,6.044279,0.2154958,-15.04668,0.01527367,253.174,6.932815,40.34589,0.01527367,17.0951,2.813725,0.1800723,-15.38904,0.02714187,256.0328,7.500002,40.00353,0.02714187,7.52796,2.139389,0.235781,-15.50146,0.0474266,253.2013,6.850933,39.89112,0.0474266,5.84183,43.002,0.04705426,1.092435,6.340688,0.06370743,43.96861,0.04705426,-0.5119575,0.07920063,-999.0,123431420644076772,142.06439909746973,12.863514468407626,0.0005972809740342,2.088859901050455e-06,0.0008885390125215,1.938130026246654e-06,9.48628044128418,0.0011916300281882,2.939420028269524e-06,0.0012843899894505,5.780369974672794e-06,0.0015353700146079,1.203400006488664e-05,12,18,17,10,12,0.9788730144500732,0.9341430068016052,0.9562465063964116,0.0521824945344518,1,True,ok,,9.79626,3.4286909999999997,6.857381999999999,7.171144630731099,True,resolved
10,barred,12,barred,z_0.10_masked/t142.6377+3.7454.r_ellipse.txt,142.6377,3.7454,0.4054808367867026,True,0.43,50.30131088752432,25.75229,45.95,0.34,14.64,-3.09,7314,241.29,241.97,093033.06+034443.6,spec-0569-52264-0356,142.6378,3.745448,0.09093904,-21.65573,105.2916,1.64033,-13.64461,0.003823038,993.1245,15.25011,41.70947,0.003823038,71.12103,34.3996,1.127947,-14.12957,0.01052381,1086.722,35.26066,41.22451,0.01052381,20.32593,23.03139,0.7750719,-14.32739,0.01080806,283.4109,2.735592,41.02669,0.01080806,74.37516,5.244265,0.3557046,-14.97785,0.02384355,254.2998,7.341848,40.37623,0.02384355,17.9283,4.595599,0.3169641,-14.99534,0.02953536,257.6891,8.005773,40.35875,0.02953536,16.6617,14.34991,0.9934185,-14.51694,0.02953514,263.283,6.434016,40.83714,0.02953514,48.6585,4.819924,0.07857314,-14.97562,0.006687815,277.5211,2.962918,40.37847,0.006687815,17.19791,14.09952,0.2175259,-14.50641,0.006688588,274.1685,3.147985,40.84767,0.006688588,50.92528,4.660203,0.1546867,-14.99651,0.01387083,272.0371,3.142513,40.35757,0.01387083,16.22062,3.866352,0.1646962,-15.07219,0.01818985,277.3382,2.96808,40.28189,0.01818985,13.41645,43.0852,0.03660031,0.6982727,6.231747,0.03264266,44.05181,0.03660031,-0.3198138,0.04904209,-999.0,112491426377425024,142.63773647212503,3.7454520424833553,0.0007969019934535,2.793160092551261e-06,0.0012618199689313,2.815570042002946e-06,12.400400161743164,0.0017453000182285,4.232239916746039e-06,0.0019293699879199,6.660330200247699e-06,0.0023360699415206,1.5157300367718562e-05,12,12,16,13,14,1.252879977226257,1.2262500524520874,1.2394935005032774,0.2286201177255017,1,True,ok,,11.8551,4.149285,8.29857,6.695129903166489,True,resolved
11,barred,13,barred,z_0.10_masked/t143.2870+53.7969.r_ellipse.txt,143.287,53.7969,0.0970608504470846,True,0.36,44.03596528983411,-40.83589,37.97,0.27,17.72,-0.76,7379,241.32,242.42,093308.88+534748.9,spec-0555-52266-0049,143.287,53.79693,0.05695321,-19.89258,106.3365,1.611926,-13.6718,0.003613364,774.8105,12.04896,41.24147,0.003613364,108.6017,32.19845,0.7462404,-14.12833,0.008059118,810.4717,18.54719,40.78494,0.008059118,27.1184,5.399977,0.6564345,-14.98671,0.05194715,263.7199,7.980043,39.92656,0.05194715,22.49479,0.1490158,0.1423654,-16.25123,0.2549034,68.96649,0.0,38.66204,0.2549034,2.126566,5.694267,0.07387199,-14.87833,0.005404913,268.9279,3.139475,40.03495,0.005404913,20.90299,17.71147,0.2332713,-14.39985,0.005401462,271.734,3.287381,40.51342,0.005401462,61.55462,1.872623,0.06293102,-15.4123,0.0131565,260.5528,7.663093,39.50097,0.0131565,8.508368,5.50485,0.1704431,-14.94314,0.0131563,271.3081,7.191333,39.97013,0.0131563,24.05786,1.665274,0.09568289,-15.47794,0.02454299,266.6074,7.607281,39.43533,0.02454299,7.023965,1.39775,0.09164691,-15.54949,0.02813342,270.9516,7.248526,39.36378,0.02813342,5.827219,42.72034,0.02190034,0.7122596,5.807903,0.02218617,43.68695,0.02190034,-0.2608304,0.03117452,-999.0,172551432870717024,143.28701764124912,53.796901185321765,0.0004987000138498,1.6952400301306625e-06,0.0008918169769458,2.773210098894197e-06,9.073439598083496,0.0011714999563992,1.976020030269865e-06,0.0012674500467255,5.7388301684113685e-06,0.0015208199620246,1.3161999959265812e-05,14,28,10,14,12,1.3115400075912476,1.218850016593933,1.264345902044294,0.0377531793010918,1,True,ok,,9.79626,3.4286909999999997,6.857381999999999,5.4236597666132695,True,resolved
12,barred,14,barred,z_0.10_masked/t144.1797+50.8805.r_ellipse.txt,144.1797,50.8805,0.1445129395250362,True,0.38,42.970044757457046,44.548738333333326,50.54,0.23,8.26,-33.61,7477,241.81,241.72,093643.13+505249.6,spec-0901-52641-0410,144.1797,50.88046,0.05547925,-21.2189,101.4586,1.581755,-13.37051,0.004440174,1086.175,14.38893,41.51852,0.004440174,73.56627,30.43899,1.174535,-13.84924,0.01189646,1350.234,36.1385,41.03979,0.01189646,17.79074,3.921337,0.4816711,-14.81325,0.05109691,313.9471,11.36518,40.07579,0.05109691,13.32636,0.6856534,0.2143764,-15.53538,0.1301984,276.1482,10.52984,39.35366,0.1301984,2.611202,2.243737,0.1059174,-14.97251,0.02073381,281.3106,9.781588,39.91653,0.02073381,9.170844,6.977686,0.3315775,-14.49407,0.02073079,276.2573,9.925372,40.39496,0.02073079,27.85928,2.191076,0.09233163,-15.0196,0.01847137,314.1852,11.13327,39.86943,0.01847137,8.250532,6.478764,0.2731736,-14.55039,0.01847023,316.6803,10.85488,40.33864,0.01847023,23.79375,1.713174,0.11074,-15.14822,0.0276888,317.3825,10.08085,39.74082,0.0276888,5.865442,1.4342,0.103624,-15.21922,0.03090439,314.7682,11.26933,39.66982,0.03090439,5.040544,42.97726,0.04327014,1.098163,6.231793,0.03032467,43.94387,0.04327014,-0.4278006,0.05283835,-999.0,169051441797017238,144.17969707773153,50.880427639748085,0.0016156199853867,2.485089908077498e-06,0.0025592700112611,2.61537002188561e-06,11.43280029296875,0.0031698099337518,2.2356000499712536e-06,0.0036654600407928,6.3653901634097565e-06,0.0046474901027977,1.6321500879712403e-05,16,34,18,20,20,1.1610100269317627,1.1054500341415403,1.132889480006937,0.2605814579120504,1,True,ok,,13.03932,4.563762,9.127524,8.056852995001869,True,resolved
13,barred,15,barred,z_0.10_masked/t144.2544+1.0955.r_ellipse.txt,144.2544,1.0955,0.0208829494850907,True,0.43,38.627424367541735,15.148756603333332,50.54,0.24,19.49,-10.12,7492,241.85,242.28,093701.04+010543.7,spec-0476-52314-0523,144.2544,1.095498,0.05026412,-20.95204,273.7542,5.134689,-12.64753,0.002933052,1168.091,10.40326,42.15028,0.002933052,125.5434,69.21642,1.106673,-13.07756,0.00494374,1365.336,28.37103,41.72025,0.00494374,32.56914,8.90362,0.9831318,-14.1421,0.04567539,264.2961,8.072059,40.6557,0.04567539,25.46941,1.606694,0.3097357,-14.71817,0.08325759,229.8198,9.161442,40.07963,0.08325759,6.457901,5.044719,0.3769537,-14.22384,0.03254284,230.3183,9.698582,40.57397,0.03254284,19.70749,15.53008,1.1545,-13.74548,0.03255121,236.8064,8.996234,41.05232,0.03255121,57.0073,3.199079,0.1509664,-14.58906,0.01797637,270.0632,7.53085,40.20874,0.01797637,8.963653,9.151209,0.3789972,-14.11976,0.01797581,268.278,8.125959,40.67805,0.01797581,26.49762,3.046928,0.1401294,-14.60759,0.01967902,272.8335,7.642896,40.19022,0.01967902,8.282888,2.629078,0.1320545,-14.67294,0.02151249,264.7582,8.342355,40.12487,0.02151249,7.318658,43.50799,0.01866863,0.4507685,6.706871,0.0199082,44.4746,0.01866863,-0.3721476,0.02729201,-999.0,109311442543585041,144.25436488236005,1.0954871066682983,0.0017577599501237,1.936409944391926e-06,0.002462730044499,2.644240112203988e-06,7.883969783782959,0.0031957100145518,3.089769961661659e-06,0.0031461201142519,6.766810201952467e-06,0.0036744400858879,1.3292100447870324e-05,10,15,13,11,10,1.290310025215149,1.286679983139038,1.2884937258240567,0.1346532755731146,1,True,ok,,13.03932,4.563762,9.127524,7.083871513741743,True,resolved
14,barred,16,barred,z_0.05_masked/t146.3724+9.6029.r_ellipse.txt,146.3724,9.6029,0.0236068510478597,True,0.48,52.605186755397625,-48.84989166666666,61.16,0.36,31.38,-30.27,7727,241.67,241.86,094529.36+093610.4,spec-1305-52757-0179,146.3724,9.602897,0.01317231,-18.79156,92.88766,2.340705,-13.09348,0.008277702,1245.943,31.44071,40.5016,0.008277702,37.26875,29.38975,1.09315,-13.58191,0.01170302,1402.126,45.01053,40.01316,0.01170302,16.60349,16.22522,1.292929,-13.88652,0.02840428,368.3104,6.931756,39.70856,0.02840428,29.13198,4.073249,0.323105,-14.49738,0.02863021,309.2211,4.459769,39.0977,0.02863021,13.21554,13.04575,0.322098,-13.91341,0.01071014,306.3205,4.513378,39.68166,0.01071014,50.47334,41.20237,1.031936,-13.43503,0.0107105,310.7218,4.298046,40.16005,0.0107105,147.2084,6.017958,0.1553362,-14.26821,0.01077681,367.4254,6.741256,39.32687,0.01077681,12.15079,17.58604,0.4747525,-13.79896,0.01077673,372.7664,7.126048,39.79612,0.01077673,34.96476,4.779033,0.2120225,-14.36719,0.01856777,369.5081,6.878115,39.22789,0.01856777,9.345823,4.78126,0.2136791,-14.36325,0.018776,372.4291,7.532319,39.23183,0.018776,9.338027,41.63126,0.08424128,0.1248376,5.999513,0.04705878,42.59787,0.08424128,-1.541521,0.09649415,-999.0,119521463723523871,146.3723735833225,9.602897772220222,0.00264538009651,2.4524999844288686e-06,0.0048177097924053,2.592269993328955e-06,12.84409999847412,0.0067357798106968,4.173150045971852e-06,0.0080477502197027,8.192509994842112e-06,0.0096620302647352,1.8427499526296746e-05,18,20,26,14,11,1.2293699979782104,1.1693099737167358,1.198963969443638,0.0941098128769825,2,True,ok,,15.77928,5.522748,11.045496,9.212533722031283,True,resolved
15,barred,17,barred,z_0.10_masked/t147.1778+50.4921.r_ellipse.txt,147.1778,50.4921,0.0723564272623647,True,0.33,45.128308720041325,-77.79480666666667,45.95,0.28,11.0,24.89,7823,240.8,241.71,094842.67+502931.4,spec-0902-52409-0134,147.1778,50.49208,0.0563294,-21.40755,284.3382,5.627779,-12.61951,0.004412287,1242.838,17.08378,42.28361,0.004412287,104.03,53.52613,0.7011392,-13.28319,0.004760605,1932.019,43.92445,41.61993,0.004760605,25.83414,24.84675,2.314984,-13.69855,0.03821921,394.8665,7.093574,41.20457,0.03821921,39.0928,7.586188,0.3174249,-14.14834,0.01781143,381.1891,6.447383,40.75478,0.01781143,25.73411,8.706378,0.2046899,-14.07515,0.01034796,380.3659,5.893784,40.82797,0.01034796,29.91333,26.99458,0.6395637,-13.59677,0.0103496,379.7376,5.938813,41.30635,0.0103496,89.3526,9.843048,0.2662647,-14.07224,0.01055149,395.9763,7.1014,40.83088,0.01055149,16.49204,28.96899,0.7572219,-13.60307,0.01055124,400.6054,7.41484,41.30005,0.01055124,47.76738,6.8357,0.2159994,-14.22766,0.01317547,401.2724,6.962596,40.67546,0.01317547,11.11428,6.177673,0.1939929,-14.2705,0.01314939,397.8564,7.55298,40.63263,0.01314939,10.11942,43.42775,0.01266823,0.7993942,6.850287,0.02055375,44.39436,0.01266823,-0.5958055,0.02414416,0.6233531,168591471778401189,147.17782349255742,50.492057697661394,0.0020358900073915,3.040870069526136e-06,0.0029175400268286,2.4162300178431906e-06,8.697750091552734,0.0040536802262067,2.7622099878499284e-06,0.0043185697868466,6.350890089379391e-06,0.0055624698288738,1.4477999684459064e-05,6,23,14,13,12,1.1298099756240845,1.1126400232315063,1.1211921322973903,0.1615136344246814,2,True,ok,,11.8551,4.149285,8.29857,7.401559251932788,True,resolved
16,barred,18,barred,z_0.05_masked/t148.0837+32.4741.r_ellipse.txt,148.0837,32.4741,0.3170719178324102,True,0.34,22.796193946613847,-15.119311666666666,41.77,0.06,11.0,52.6,7938,241.34,242.5,095220.10+322826.8,spec-1945-53387-0008,148.0838,32.47412,0.04312633,-20.28555,52.71387,0.7755349,-13.56619,0.004863644,1149.28,17.14677,41.09129,0.004863644,49.5392,15.06208,0.5752727,-14.13848,0.01469637,1422.111,57.71212,40.519,0.01469637,11.1789,12.819,0.3042814,-14.21916,0.007757185,214.6911,2.507101,40.43832,0.007757185,83.77077,4.446473,0.158589,-14.71883,0.01349117,238.1981,4.281657,39.93864,0.01349117,25.52664,2.767931,0.07502789,-14.863,0.01194133,250.7095,4.463757,39.79448,0.01194133,17.00901,8.742375,0.2386301,-14.38452,0.01193833,242.9635,4.856939,40.27296,0.01193833,52.21704,2.647145,0.04280746,-14.85276,0.007053385,209.9027,2.116333,39.80472,0.007053385,20.4284,7.722817,0.1239813,-14.38368,0.007054494,209.5751,2.078238,40.2738,0.007054494,60.03729,2.838654,0.07619036,-14.83418,0.01140177,208.5185,2.008699,39.8233,0.01140177,21.09479,2.208521,0.0821194,-14.93279,0.01601063,211.7235,2.210733,39.72469,0.01601063,16.22015,42.40939,0.04597571,0.5329321,6.219131,0.04087219,43.376,0.04597571,-0.9830095,0.06151668,-999.0,146961480837489579,148.0837530876765,32.474123597762826,0.0011548399925231,2.669869900273625e-06,0.002203149953857,7.294239821931114e-06,11.122300148010254,0.0029760301113128,3.4718000279099215e-06,0.003799739992246,6.350780040520476e-06,0.0038089998997747,1.2043299648212267e-05,9,17,4,15,12,1.2979799509048462,1.2109299898147583,1.2536996644846667,0.1822429298988529,1,True,ok,,10.776660000000001,3.771831,7.543662,6.017120538275666,True,resolved
17,barred,19,barred,z_0.05_masked/t149.9827+13.0438.r_ellipse.txt,149.9827,13.0438,0.1082468833798753,True,0.25,37.77958842752898,36.54437666666667,74.0,0.19,19.49,-28.95,8149,239.25,242.84,095955.85+130237.7,spec-1744-53055-0372,149.9827,13.04383,0.03524098,-21.59858,205.3196,6.350175,-12.64344,0.01159114,1289.646,37.52141,41.83023,0.01159114,84.87779,70.8938,0.9139574,-12.97469,0.004565401,1584.391,25.88278,41.49899,0.004565401,30.28658,10.2646,5.077002,-13.95307,0.2122407,979.9236,15.41746,40.52061,0.2122407,7.878152,0.4758122,0.2222228,-15.16392,0.2051544,224.8562,8.668509,39.30976,0.2051544,1.993075,1.852987,0.0801183,-14.57089,0.01902584,221.4945,7.676746,39.90278,0.01902584,7.852752,5.726065,0.2510091,-14.09255,0.01903185,222.9544,8.087276,40.38112,0.01903185,23.13673,11.18695,0.4659984,-13.90436,0.01763109,979.9324,15.2073,40.56932,0.01763109,8.806345,32.88963,1.318705,-13.43515,0.01763095,980.4746,15.17114,41.03852,0.01763095,25.78876,1.321442,0.2417719,-14.83816,0.07881967,980.3613,15.11088,39.63551,0.07881967,1.002092,0.8715954,0.2589875,-15.01991,0.1277157,980.3696,15.31012,39.45377,0.1277157,0.6573178,43.20886,0.01545046,0.5972155,6.650251,0.01580121,44.17547,0.01545046,-0.6146601,0.02209966,-999.0,123651499826623094,149.9827042594326,13.043819456110691,0.003245250089094,3.2982600259856554e-06,0.0075456099584698,4.816519776795758e-06,19.04640007019043,0.0107188001275062,8.420470294367988e-06,0.0125748002901673,1.416000031895237e-05,0.014805800281465,3.2931198802543804e-05,10,15,12,9,10,1.1354299783706665,1.1048500537872314,1.120035656876363,0.0716172784749525,1,True,ok,,19.092,6.682199999999999,13.364399999999998,11.932120123096446,True,resolved
18,barred,20,barred,z_0.10_masked/t153.2100+16.1517.r_ellipse.txt,153.21,16.1517,0.1809492165661669,True,0.27,57.07841149869319,46.19958333333333,41.77,0.43,4.67,83.1,8541,241.37,241.72,101250.40+160906.2,spec-2587-54138-0057,153.21,16.15175,0.07538767,-21.0132,96.45618,2.675526,-13.57006,0.008249721,1266.615,34.035,41.60562,0.008249721,42.24716,26.42431,1.450225,-14.11679,0.01605775,938.7375,23.41198,41.0589,0.01605775,19.88676,20.4737,1.565192,-14.266,0.02779146,422.1333,7.972523,40.90969,0.02779146,36.55191,0.4120905,0.08431491,-15.96316,0.08875005,69.10942,0.0,39.21252,0.08875005,5.442622,7.540201,0.07829668,-14.62908,0.00421155,566.1006,5.759249,40.54661,0.00421155,14.43424,23.908,0.2522691,-14.15069,0.004211231,565.7092,6.023673,41.02501,0.004211231,43.04111,5.425493,0.1543511,-14.81393,0.01135847,420.7468,8.197894,40.36176,0.01135847,10.4126,15.76439,0.4171822,-14.34472,0.01135826,426.087,7.431489,40.83097,0.01135826,30.08555,5.152437,0.2037848,-14.83548,0.01654145,423.7412,7.539145,40.34021,0.01654145,9.587086,3.76022,0.193317,-14.96839,0.02191996,425.7866,7.718648,40.2073,0.02191996,7.000686,42.94522,0.06712595,0.67135,6.05103,0.03717131,43.91183,0.06712595,-0.2790773,0.07673069,-999.0,127381532099872516,153.20998240954754,16.151736061128815,0.0008465679711662,1.6093799786176533e-06,0.0014194699469953,2.2389899640984368e-06,10.490400314331056,0.0019798700232058,3.290289896540344e-06,0.0022124599199742,5.9931599025730975e-06,0.0026711700484156,1.0544000360823702e-05,16,19,21,20,14,1.0960899591445925,1.047600030899048,1.0715707513123018,0.1433633826168992,2,True,ok,,10.776660000000001,3.771831,7.543662,7.03981700766061,True,resolved
19,barred,21,barred,z_0.05_masked/t154.3261+29.2428.r_ellipse.txt,154.3261,29.2428,0.0722565463906793,True,0.27,34.930555320286985,-75.54529333333333,41.77,0.13,9.09,58.25,8689,240.34,242.07,101718.26+291434.1,spec-2348-53757-0612,154.3261,29.24282,0.04895768,-21.30632,200.3824,3.155301,-12.85883,0.004137245,1159.186,16.71249,41.91486,0.004137245,92.11431,59.24553,1.538475,-13.28716,0.006724407,1524.749,29.50434,41.48653,0.006724407,29.6879,16.06672,1.112699,-13.96092,0.03010343,295.3437,8.069644,40.81277,0.03010343,40.91478,3.199591,0.277914,-14.58204,0.03561031,215.9895,6.019779,40.19165,0.03561031,15.45346,4.07946,0.184488,-14.45359,0.01974357,216.3726,5.411502,40.3201,0.01974357,20.33404,12.64037,0.5742699,-13.97519,0.01974445,214.1645,5.291379,40.7985,0.01974445,61.8079,5.105165,0.1728518,-14.47212,0.01337422,291.1943,8.541887,40.30157,0.01337422,12.89112,13.92319,0.4265654,-14.00288,0.01337299,293.2646,7.666176,40.77081,0.01337299,37.47018,3.158709,0.1496288,-14.65753,0.02021717,290.9204,8.492284,40.11617,0.02021717,8.178792,2.896798,0.1458883,-14.69628,0.02144031,296.2333,7.343223,40.07741,0.02144031,7.300152,43.22026,0.03326678,0.8574305,6.530978,0.02250762,44.18687,0.03326678,-0.4839857,0.04016555,-999.0,143091543260991955,154.32607582083074,29.242801259997215,0.0023463501129299,2.105980001942953e-06,0.0036037201061844,4.45434989160276e-06,10.54010009765625,0.0047444198280572,3.3334599720546976e-06,0.0052039697766304,7.03054001860437e-06,0.0064282501116395,1.6799100194475614e-05,14,17,7,12,11,1.220020055770874,1.1419299840927124,1.1803293959226908,0.0760870953366999,1,True,ok,,10.776660000000001,3.771831,7.543662,6.391149814669273,True,resolved
20,barred,22,barred,z_0.05_masked/t154.9562+33.3677.r_ellipse.txt,154.9562,33.3677,0.0521097733459986,True,0.38,33.88676672859946,-32.99269833333333,50.54,0.16,19.49,-78.74,8759,241.39,241.97,101949.49+332203.7,spec-1955-53442-0136,154.9562,33.36771,0.02291058,-19.94427,292.1299,2.06176,-12.47495,0.001625192,1098.252,8.156383,41.61156,0.001625192,122.3945,77.68204,1.134253,-12.94029,0.004801589,1303.955,19.28361,41.14621,0.004801589,34.81164,-999.0,-999.0,-999.0,-999.0,-999.0,-999.0,-999.0,-999.0,-999.0,0.1818901,0.1130402,-15.57896,0.2878458,234.1238,24.44634,38.50755,0.2878458,0.664009,0.6763768,0.1076802,-15.01316,0.06937737,235.9417,25.45607,39.07334,0.06937737,2.325015,2.080106,0.3319542,-14.53481,0.06937814,236.4654,25.17605,39.55169,0.06937814,6.897614,-999.0,-999.0,-999.0,-999.0,-999.0,-999.0,-999.0,-999.0,-999.0,-999.0,-999.0,-999.0,-999.0,-999.0,-999.0,-999.0,-999.0,-999.0,-999.0,-999.0,-999.0,-999.0,-999.0,-999.0,-999.0,-999.0,-999.0,-999.0,-999.0,-999.0,-999.0,-999.0,-999.0,-999.0,-999.0,-999.0,42.88413,0.01417857,0.8325346,6.252561,0.01434251,43.85074,0.01417857,-0.5417003,0.02016778,-999.0,148041549562131870,154.9561859081735,33.367698002152125,0.0027050299104303,4.564500159176532e-06,0.0040900302119553,3.674090066851931e-06,13.524499893188477,0.0053166598081588,2.8719600777549203e-06,0.0060337302275002,7.490270036214497e-06,0.006876700092107,1.474740020057652e-05,11,31,10,16,12,1.1356199979782104,1.077970027923584,1.1064195953304297,0.0429741794907683,1,True,ok,,13.03932,4.563762,9.127524,8.24960443444974,True,resolved
21,barred,23,barred,z_0.10_masked/t156.1766+37.5710.r_ellipse.txt,156.1766,37.571,0.1406359968201702,True,0.43,40.1376525086966,-15.150660666666669,34.52,0.19,14.64,-44.03,8917,239.93,241.69,102442.37+373415.7,spec-1427-52996-0017,156.1766,37.57104,0.09854905,-20.91645,64.70921,1.354444,-13.89767,0.006343098,995.8187,25.17968,41.5337,0.006343098,39.63902,24.48022,0.7080787,-14.32749,0.01104339,1075.585,40.74543,41.10388,0.01104339,14.95006,3.629034,0.5052223,-15.18123,0.05824457,290.5313,11.65471,40.25014,0.05824457,10.1819,0.6218426,0.2277031,-15.96185,0.1596982,213.1221,30.54921,39.46952,0.1596982,2.595166,0.5412236,0.08940849,-15.97992,0.07336101,214.263,30.2717,39.45145,0.07336101,2.453547,1.684058,0.2791789,-15.5015,0.07339002,212.7465,29.2919,39.92987,0.07339002,7.333763,1.666653,0.0823177,-15.47282,0.02154914,287.7827,12.43428,39.95855,0.02154914,5.272388,4.888595,0.2418789,-15.00355,0.0215512,283.7408,13.33399,40.42782,0.0215512,15.67373,0.5742712,0.1236306,-15.94942,0.09291717,283.1283,13.68747,39.48196,0.09291717,1.728356,0.4785528,0.1325327,-16.0205,0.1195278,285.9496,12.50649,39.41087,0.1195278,1.463837,43.04838,0.02962723,1.043691,6.085334,0.03550241,44.01499,0.02962723,-0.2102207,0.04624061,-999.0,153081561766475894,156.17658371376277,37.57104605673627,0.0004859160108026,2.3310099095397163e-06,0.0008858540095388,2.2299400370684452e-06,8.878279685974121,0.0012775299837812,2.5050399017345626e-06,0.0014898399822413,4.429180080478545e-06,0.0016707000322639,1.3775699699181132e-05,9,24,14,13,15,1.2117799520492554,1.1644599437713623,1.1878843440447138,0.172193340274368,1,True,ok,,8.906160000000002,3.1171560000000005,6.234312000000001,5.248248309067143,True,resolved
22,barred,24,barred,z_0.10_masked/t156.8571+35.9087.r_ellipse.txt,156.8571,35.9087,0.0659527250092995,True,0.48,50.47485623149699,68.32309666666667,45.95,0.31,19.49,88.87,8989,241.43,241.9,102725.71+355431.2,spec-4564-55570-0896,156.8571,35.90868,0.05228737,-21.0926,106.4898,2.114329,-13.31823,0.005845175,1316.387,20.89331,41.51606,0.005845175,59.99558,37.16087,0.6152318,-13.77644,0.006427051,1119.945,22.05453,41.05785,0.006427051,29.67633,33.0613,1.037786,-13.84361,0.009838925,386.2863,3.871674,40.99068,0.009838925,87.04217,0.591252,0.07340471,-15.59551,0.05368455,69.10942,0.0,39.23878,0.05368455,11.27852,4.604231,0.06425499,-14.6758,0.005945905,459.4775,6.59865,40.1585,0.005945905,13.04245,14.34672,0.2028668,-14.19741,0.005945617,460.6955,6.425811,40.63689,0.005945617,38.60336,10.45616,0.159902,-14.3198,0.005543416,383.7995,3.960333,40.5145,0.005543416,29.35587,30.73508,0.4323213,-13.85059,0.005543205,380.0398,3.695394,40.9837,0.005543205,86.8863,4.986945,0.1404174,-14.64466,0.01173644,380.0199,3.691841,40.18963,0.01173644,13.6817,4.473139,0.1240248,-14.68939,0.01154235,381.0609,3.773001,40.14491,0.01154235,12.27093,42.98746,0.01469032,0.5763027,6.25661,0.0183377,43.95407,0.01469032,-0.4424168,0.02349632,0.4133147,151091568572011021,156.85716068584654,35.90867539715247,0.001674209954217,2.703950030991109e-06,0.0029348300304263,4.694099970947718e-06,11.80090045928955,0.0041289199143648,3.616509957282687e-06,0.0046433201059699,5.050369964010315e-06,0.0058121997863054,1.418410010955995e-05,8,14,6,13,16,1.192229986190796,1.1219799518585205,1.1565717195706602,0.1978783719191625,1,True,ok,,11.8551,4.149285,8.29857,7.175145180863125,True,resolved
23,barred,25,barred,z_0.05_masked/t158.6608+39.6412.r_ellipse.txt,158.6608,39.6412,0.0436744801573144,True,0.32,16.76768819295791,-26.363316,45.95,0.04,10.0,-49.0,9216,240.42,241.26,103438.59+393828.2,spec-1430-53002-0485,158.6608,39.64119,0.04307265,-21.08101,139.0944,3.13357,-13.02076,0.00705015,877.6354,28.82781,41.63545,0.00705015,54.72259,37.27391,1.287848,-13.57192,0.01045301,763.1331,25.43632,41.08428,0.01045301,27.94094,10.3404,1.859323,-14.15479,0.07732466,308.9454,11.33949,40.50141,0.07732466,16.58296,2.056017,0.6042262,-14.86716,0.1229522,293.5932,7.628814,39.78904,0.1229522,5.393738,6.082448,0.1752122,-14.33118,0.01252137,290.2965,7.973947,40.32502,0.01252137,18.35486,18.84571,0.5487911,-13.8527,0.01251589,290.3946,8.082677,40.8035,0.01251589,54.67683,7.013036,0.2573653,-14.33437,0.01415704,308.1951,11.70185,40.32183,0.01415704,11.06343,19.44563,0.6367054,-13.86514,0.01415529,311.6521,10.30274,40.79106,0.01415529,31.7037,4.274299,0.2614456,-14.53587,0.02595831,309.1436,10.95394,40.12034,0.02595831,6.713479,4.055212,0.2618694,-14.56043,0.02734109,312.4141,10.39413,40.09578,0.02734109,6.219859,42.9599,0.04076753,0.9024143,5.796876,0.03427436,43.92651,0.04076753,-0.01024363,0.0532609,1.368292,155561586608629999,158.66082970185104,39.641156252598826,0.0021556899882853,2.530450046833721e-06,0.0033894500229507,2.5341701075376477e-06,10.735899925231934,0.0042642802000045,2.4755099730100483e-06,0.0047565498389303,4.757810074806912e-06,0.0056437100283801,1.3232100172899663e-05,13,28,18,18,15,1.3187799453735352,1.2519400119781494,1.284925437761852,0.1777162923930687,1,True,ok,,11.8551,4.149285,8.29857,6.45840587797442,True,resolved
24,barred,26,barred,z_0.10_masked/t159.4659+33.8139.r_ellipse.txt,159.4659,33.8139,0.1388273884931729,True,0.28,47.08169871591468,-26.354334666666663,67.28,0.29,16.11,-35.09,9316,243.56,242.61,103751.82+334850.1,spec-1982-53436-0506,159.4659,33.81394,0.05104554,-21.43649,44.7663,1.09909,-13.97718,0.00881668,1588.321,39.58747,40.83498,0.00881668,23.47998,14.91505,1.017629,-14.49604,0.02735516,1741.299,129.8136,40.31612,0.02735516,5.28778,5.041856,0.2857417,-14.97368,0.02151114,260.7233,8.231523,39.83849,0.02151114,20.57176,1.402106,0.1954474,-15.60046,0.05979798,203.7589,21.59356,39.21171,0.05979798,5.207866,0.9123487,0.1638382,-15.68994,0.08155192,204.2102,21.31898,39.12222,0.08155192,4.218633,2.894567,0.5205386,-15.21153,0.0815514,203.2436,21.13724,39.60064,0.0815514,12.81868,1.572003,0.05644912,-15.42005,0.01590027,267.2726,7.59008,39.39212,0.01590027,7.173337,4.598982,0.1656023,-14.95084,0.01590212,256.1829,8.14643,39.86133,0.01590212,21.85199,1.082163,0.09792707,-15.59501,0.03898329,260.1853,8.496608,39.21716,0.03898329,4.806497,0.7448555,0.08703934,-15.74626,0.05065679,255.6523,7.990539,39.0659,0.05065679,3.43701,41.89187,0.1564329,0.8883311,6.037737,0.09564729,42.85848,0.1564329,-1.319136,0.1833566,-999.0,148571594661827356,159.46594629999396,33.813928917791166,0.0025455099530518,4.087779871042585e-06,0.0038663900922983,3.888730134349316e-06,19.525400161743164,0.0054696002043783,5.611930191662395e-06,0.0062858499586582,9.217479600920342e-06,0.00824243016541,2.1874100639251992e-05,13,18,15,15,14,1.319280028343201,1.2768100500106812,1.297871333748833,0.1732512957428819,1,True,ok,,17.358240000000002,6.075384000000001,12.150768000000001,9.362074409104288,True,resolved
25,barred,27,barred,z_0.10_masked/t162.6270+23.4921.r_ellipse.txt,162.627,23.4921,0.1121582095786003,True,0.57,54.13763848689023,-13.8380405,37.97,0.38,13.31,22.37,9705,242.02,241.17,105030.48+232931.4,spec-2481-54086-0499,162.627,23.49207,0.0604007,-19.84742,81.99012,1.792153,-13.71054,0.008512423,1024.056,40.60556,41.25736,0.008512423,51.1612,9.168896,0.5527079,-14.82319,0.02354161,771.5133,81.04941,40.14471,0.02354161,9.809864,9.698676,1.487871,-14.65152,0.06582774,433.5912,12.65197,40.31638,0.06582774,20.02875,0.87236,0.3210521,-15.87555,0.1571432,264.7643,11.77727,39.09235,0.1571432,3.679451,2.19072,0.161556,-15.40207,0.03160724,269.9293,11.35512,39.56583,0.03160724,10.60956,6.901786,0.5074616,-14.92356,0.03160424,266.9868,10.79678,40.04433,0.03160424,32.00388,3.469027,0.1313018,-15.0773,0.01593435,431.0946,13.19068,39.89059,0.01593435,7.540302,10.14763,0.3719465,-14.6081,0.0159381,432.5651,12.40037,40.35979,0.0159381,22.00066,3.046481,0.1617933,-15.1302,0.02251301,431.0878,12.99083,39.8377,0.02251301,6.496544,2.463995,0.1578636,-15.21865,0.02735051,434.3186,12.16343,39.74925,0.02735051,5.255037,42.56224,0.03265072,0.6255562,5.724315,0.09242281,43.52885,0.03265072,-0.3353428,0.09802064,-999.0,136191626270151061,162.62697773469563,23.492055986876483,0.0006272930186241,2.4346900318050757e-06,0.0011883500264957,3.4386901006655535e-06,10.233400344848633,0.0017450100276619,3.6384899431141098e-06,0.0020433499012142,7.729890057817101e-06,0.002620690036565,1.7735299479682e-05,8,12,12,11,12,1.0406299829483032,0.98615300655365,1.013025363154518,0.1746695840385554,1,True,ok,,9.79626,3.4286909999999997,6.857381999999999,6.769210574004191,True,resolved
26,barred,28,barred,z_0.10_masked/t165.5678+40.8972.r_ellipse.txt,165.5678,40.8972,0.1779645827886691,True,0.26,32.54533290126058,-34.12291,31.38,0.14,7.51,-60.6,9996,241.68,241.93,110216.26+405350.1,spec-1435-52996-0608,165.5678,40.89725,0.08284797,-20.44077,112.2006,1.814021,-13.53261,0.005022277,1781.054,24.38444,41.73252,0.005022277,35.59566,28.58042,1.142272,-14.09735,0.01408533,2020.561,68.84241,41.16778,0.01408533,11.25218,8.02817,0.4985563,-14.73702,0.02279426,236.3729,7.439923,40.52811,0.02279426,23.75771,1.919219,0.1912037,-15.32728,0.03854208,235.942,14.7622,39.93785,0.03854208,8.201316,1.255998,0.2439564,-15.44618,0.08479924,232.9562,14.53736,39.81894,0.08479924,6.260641,3.938269,0.7644793,-14.96789,0.08479951,236.5224,15.38232,40.29724,0.08479951,18.2902,2.025698,0.09154112,-15.26583,0.0193932,236.4824,7.646972,39.9993,0.0193932,7.049917,5.896521,0.262198,-14.79663,0.01939368,246.889,7.934801,40.4685,0.01939368,19.78988,2.143944,0.1621278,-15.24252,0.03232154,244.5387,8.651208,40.02261,0.03232154,7.002,1.752339,0.1359594,-15.32299,0.0332852,241.9886,8.239909,39.94213,0.0332852,5.886228,42.97137,0.05063956,0.1993126,6.893866,0.0373506,43.93798,0.05063956,-1.095764,0.06292402,-999.0,157071655678047344,165.5677464450005,40.89724558230223,0.0005381180089898,1.780420006980421e-06,0.0008978410041891,1.7076499716495164e-06,7.83765983581543,0.0012398300459608,1.68432995906187e-06,0.0013750899815931,5.441159828478703e-06,0.0015406700549647,8.845489901432302e-06,10,33,15,17,11,1.0792399644851685,1.0606600046157837,1.0699096530606578,0.2194669542945147,1,True,ok,,8.09604,2.833614,5.667228,5.296922019338674,True,resolved
27,barred,30,barred,z_0.10_masked/t167.3617+17.6906.r_ellipse.txt,167.3617,17.6906,0.042898293826562,True,0.39,27.35900954541093,34.7643,37.97,0.11,9.09,56.21,10189,242.44,241.21,110926.81+174126.1,spec-2490-54179-0124,167.3617,17.69061,0.08835486,-21.27904,98.32642,1.681523,-13.80022,0.004941942,1035.119,18.38552,41.5262,0.004941942,52.30913,17.30712,1.211448,-14.55767,0.02540549,1315.909,94.17345,40.76876,0.02540549,7.588718,7.59947,0.4179533,-14.92709,0.02336433,202.0955,3.679352,40.39933,0.02336433,29.50118,2.340543,0.2187848,-15.48056,0.03719334,195.3134,4.790938,39.84586,0.03719334,8.714991,3.554685,0.1314573,-15.23051,0.01583085,192.4691,4.364428,40.09592,0.01583085,16.10794,11.08779,0.4032324,-14.75214,0.01582784,193.0953,4.635004,40.57429,0.01582784,47.18885,3.122073,0.09344273,-15.30211,0.01046007,202.9335,3.823398,40.02431,0.01046007,12.31223,8.830249,0.214697,-14.83291,0.01046021,205.7805,4.270049,40.49351,0.01046021,34.74704,1.87967,0.1388413,-15.51754,0.03166931,207.5839,4.517644,39.80888,0.03166931,6.896161,1.883388,0.1383654,-15.51508,0.03129132,203.629,3.926389,39.81134,0.03129132,7.278886,42.86896,0.05228067,0.9173971,6.22396,0.06646395,43.83557,0.05228067,-0.528267,0.08456196,-999.0,129221673617169264,167.36171849440032,17.690616021578165,0.0008266139775514,1.8910200196842195e-06,0.0012930900556966,2.2572799025510903e-06,9.597220420837402,0.0018620600458234,3.3354699553456157e-06,0.0022182099055498,5.4329598242475186e-06,0.0024090299848467,1.3654200301971288e-05,16,12,13,13,15,1.2711800336837769,1.200659990310669,1.235416936473626,0.0857336182380674,1,True,ok,,9.79626,3.4286909999999997,6.857381999999999,5.550662126725986,True,resolved
28,barred,31,barred,z_0.10_masked/t167.5503+1.2244.r_ellipse.txt,167.5503,1.2244,0.0410980248701064,True,0.27,24.678510440871214,-30.216380249999997,37.97,0.09,21.44,0.44,10207,241.61,242.35,111012.07+011327.8,spec-0278-51900-0527,167.5503,1.224409,0.09533,-21.42929,157.988,3.087662,-12.90096,0.003665088,1524.32,14.42149,42.49839,0.003665088,80.27654,34.86697,0.5671291,-13.40526,0.005835841,1998.737,32.37585,41.99409,0.005835841,24.4765,1.344772,0.402664,-14.99563,0.1251663,281.1584,10.91579,40.40373,0.1251663,4.995764,0.3190985,0.08692311,-15.45738,0.1167091,228.8702,6.181462,39.94198,0.1167091,2.72776,1.893121,0.07991986,-14.67878,0.01818467,224.9376,5.403363,40.72057,0.01818467,16.46769,5.813119,0.2442861,-14.20039,0.01818955,225.6928,5.699992,41.19896,0.01818955,48.82658,2.112643,0.09270003,-14.76927,0.01858363,286.307,10.02179,40.63008,0.01858363,8.242488,6.223975,0.2666803,-14.29998,0.01857229,280.2122,11.72243,41.09938,0.01857229,24.74881,1.563067,0.1008532,-14.91302,0.02772962,283.6884,11.2273,40.48633,0.02772962,5.855229,1.419054,0.112034,-14.95378,0.03387282,278.4774,12.04435,40.44557,0.03387282,5.405629,44.0645,0.01117681,0.763965,7.178713,0.0149415,45.03111,0.01117681,-0.2874822,0.0186593,-999.0,109461675502869765,167.55031060705485,1.2244128876965048,0.0011387000558897,1.5425899846377431e-06,0.0017720599425956,1.963419890671503e-06,7.361760139465332,0.0023443999234586,1.7305300161751802e-06,0.0026042400859296,4.842609996558167e-06,0.0032015598844736,1.1639400327112526e-05,10,26,13,12,9,1.3361300230026243,1.2852599620819092,1.310448176274382,0.0600834458334818,1,True,ok,,9.79626,3.4286909999999997,6.857381999999999,5.232852488295729,True,resolved
29,barred,32,barred,z_0.10_masked/t168.6819+52.9762.r_ellipse.txt,168.6819,52.9762,0.0409147933451246,True,0.26,35.235747450033834,71.25124666666669,28.53,0.18,6.83,-77.23,10357,241.07,241.82,111443.65+525834.2,spec-1012-52649-0133,168.6819,52.97619,0.07908345,-20.46214,69.04321,2.126858,-13.88792,0.006616956,899.1166,16.03352,41.33298,0.006616956,49.02326,16.49634,0.8208662,-14.42862,0.01674358,679.0377,31.19739,40.79229,0.01674358,18.40902,16.11042,0.8155491,-14.56999,0.01217712,193.7251,2.9551,40.65091,0.01217712,67.61683,1.21798,0.1247555,-15.59961,0.04051343,119.9524,7.816782,39.6213,0.04051343,11.3631,3.809493,0.0569218,-15.05749,0.0062631,221.3153,2.768138,40.16342,0.0062631,19.14589,11.78523,0.1768224,-14.5792,0.006262565,223.0175,2.887595,40.64171,0.006262565,56.39921,2.671535,0.05624213,-15.27956,0.008479877,192.1339,2.651957,39.94134,0.008479877,13.80919,7.809618,0.1573883,-14.81033,0.008481832,192.7978,2.82506,40.41058,0.008481832,39.64496,3.331528,0.1252734,-15.19274,0.0159205,192.0366,2.63466,40.02816,0.0159205,16.50049,2.352789,0.1043464,-15.33516,0.01889066,194.3111,2.898687,39.88573,0.01889066,11.21327,43.03323,0.02999906,0.9516504,5.711229,0.04212755,43.99984,0.02999906,0.1487333,0.05171726,-999.0,171571686821122193,168.68189739375876,52.97619660879709,0.0005190820083953,2.261090003230493e-06,0.0007574670016765,2.180350065827952e-06,7.8065900802612305,0.0010394699638709,2.069629999823519e-06,0.0010746499756351,6.597760147997178e-06,0.0011584700550884,1.5526300558121875e-05,6,28,10,8,8,1.213819980621338,1.1343799829483032,1.1734279223367503,0.0134521957470671,1,True,ok,,7.360740000000001,2.5762590000000003,5.152518000000001,4.39099658523494,True,resolved
30,barred,33,barred,z_0.10_masked/t170.6235+21.8043.r_ellipse.txt,170.6235,21.8043,0.1096175557624169,True,0.39,11.007607427790848,-19.98181,41.77,0.02,13.31,-20.41,10581,241.74,241.47,112229.65+214815.5,spec-2496-54178-0513,170.6235,21.80433,0.06023635,-20.679,75.33167,0.9923444,-13.47029,0.004235195,1417.145,17.95816,41.49514,0.004235195,57.70893,23.64203,0.8127105,-13.97076,0.01168669,1633.906,41.48097,40.99467,0.01168669,16.58427,1.878025,0.2438343,-15.12213,0.05458032,278.8656,9.754379,39.8433,0.05458032,9.341466,0.09952882,0.06226378,-16.34537,0.2793758,242.1454,10.40749,38.62005,0.2793758,0.688772,1.064704,0.06024281,-15.30201,0.02488623,238.4678,9.178898,39.66341,0.02488623,7.551242,3.372485,0.1930797,-14.82351,0.02489007,244.2114,10.01931,40.14191,0.02489007,22.0302,1.486606,0.0489757,-15.1616,0.01453559,279.8099,9.672558,39.80383,0.01453559,8.527651,4.337168,0.1434738,-14.69242,0.0145419,286.9704,8.382666,40.27301,0.0145419,24.27484,1.242141,0.07353245,-15.24966,0.02545501,286.1633,8.644453,39.71577,0.02545501,6.626707,0.8683709,0.07015968,-15.39513,0.03485476,283.6779,8.794909,39.5703,0.03485476,4.762876,42.69276,0.06652816,0.4903168,6.48215,0.03718236,43.65937,0.06652816,-0.962658,0.07621367,-999.0,134161706235785685,170.62353985492112,21.80433241279699,0.0009809540351852,2.791940005408833e-06,0.0017885999986901,3.625709950938472e-06,9.708580017089844,0.0023905199486762,3.298230012660497e-06,0.0031644599512219,5.795980086986674e-06,0.0037784399464726,1.685350071056746e-05,9,14,7,11,14,1.0288900136947632,0.996263027191162,1.0124450995932082,0.177091346959139,1,True,ok,,10.776660000000001,3.771831,7.543662,7.450934379583623,True,resolved
31,barred,34,barred,z_0.05_masked/t172.4281+55.9868.r_ellipse.txt,172.4281,55.9868,0.182323505995097,True,0.64,41.399045697590594,67.89963333333334,50.54,0.24,21.44,48.03,10820,240.4,242.52,112942.75+555912.6,spec-1310-53033-0283,172.4281,55.98685,0.04882211,-20.15195,54.99791,2.077362,-14.02772,0.01468135,895.8645,36.96899,40.74333,0.01468135,31.49226,17.94303,1.218911,-14.54486,0.02593566,1180.84,76.535,40.22619,0.02593566,6.514994,1.846896,1.034385,-15.52204,0.2448274,494.2813,12.16635,39.24902,0.2448274,2.643096,0.6770501,0.2258696,-15.95379,0.1434608,258.7982,12.71323,38.81726,0.1434608,1.642026,3.520978,0.1912897,-15.23758,0.02365471,254.2389,12.30451,39.53348,0.02365471,8.764412,11.13932,0.5983509,-14.75919,0.02365339,257.5932,13.59838,40.01186,0.02365339,25.93969,7.215017,0.2212023,-14.88984,0.01354014,494.7999,11.96421,39.88121,0.01354014,11.31108,21.36523,0.6576452,-14.42062,0.01353952,496.4561,13.0588,40.35043,0.01353952,32.95358,3.8009,0.2213845,-15.17975,0.02467629,497.0371,12.53498,39.5913,0.02467629,5.630779,4.149687,0.2264705,-15.13757,0.02312787,495.2536,12.624,39.63349,0.02312787,6.21256,41.88361,0.1551399,0.7240995,5.754137,0.08968374,42.85022,0.1551399,-1.043795,0.179197,-999.0,175181724281944972,172.42825687,55.98689244,0.000689594016876,2.463870032443083e-06,0.0011233299737796,2.8378099159453996e-06,12.836099624633787,0.0016990699805319,2.42819010054518e-06,0.0019050899427384,7.043200184853049e-06,0.0022519601043313,1.4954899597796611e-05,10,44,14,15,17,1.19923996925354,1.1620999574661257,1.180523916429149,0.4588453042098089,2,True,ok,,13.03932,4.563762,9.127524,7.731756953818396,True,resolved
32,barred,35,barred,z_0.10_masked/t172.7681+30.4616.r_ellipse.txt,172.7681,30.4616,0.0679717415200826,True,0.4,29.92653297779767,5.0404321,28.53,0.13,8.26,-17.02,10876,240.96,241.87,113104.35+302741.8,spec-2217-53794-0603,172.7681,30.46162,0.08295851,-20.54783,79.43243,1.705174,-13.72291,0.007134758,1412.916,29.84205,41.54347,0.007134758,31.35219,20.39695,1.168573,-14.27576,0.02038265,1641.237,85.41111,40.99063,0.02038265,8.579766,22.19809,0.862924,-14.33146,0.01179222,303.4393,4.657416,40.93493,0.01179222,51.37803,5.271733,0.3409897,-14.91345,0.02078523,267.2375,7.799895,40.35294,0.02078523,17.57148,4.886006,0.232252,-14.88989,0.02051323,273.0608,6.384284,40.3765,0.02051323,17.79783,15.27059,0.7386802,-14.41158,0.02051644,266.3935,7.263335,40.85481,0.02051644,54.23355,5.29723,0.1007796,-14.88306,0.008131008,301.1013,5.143214,40.38333,0.008131008,14.63364,15.46953,0.2887267,-14.41389,0.008131961,303.5893,4.469734,40.85249,0.008131961,42.27085,4.963738,0.2019545,-14.9123,0.01725606,301.299,4.901892,40.35409,0.01725606,13.28668,3.64801,0.1583672,-15.0384,0.01846141,306.6752,4.338253,40.22798,0.01846141,9.663354,42.97915,0.0544214,0.5494128,6.59423,0.05140973,43.94576,0.0544214,-0.7883492,0.0748642,-999.0,144551727681724569,172.76814635052472,30.46164576383381,0.0005313690053299,1.508440050201898e-06,0.0008790830033831,1.4051499874767617e-06,6.303030014038086,0.0012851599603891,2.1672799448424485e-06,0.0014472099719569,3.574069978640182e-06,0.00175231997855,9.979399692383597e-06,10,12,17,13,16,1.082319974899292,1.0428099632263184,1.0623813125351182,0.2186995602777072,1,True,ok,,7.360740000000001,2.5762590000000003,5.152518000000001,4.849970475953452,True,resolved
33,barred,36,barred,z_0.10_masked/t173.1944+6.4401.r_ellipse.txt,173.1944,6.4401,0.0730966035724262,True,0.34,29.9575370551786,55.443751666666664,25.94,0.13,9.09,5.69,10927,241.32,241.65,113246.66+062624.4,spec-1619-53084-0245,173.1944,6.44012,0.08375548,-20.59395,215.1348,4.694879,-13.38873,0.003953664,861.4095,17.19648,41.88679,0.003953664,108.1861,57.43783,1.765485,-13.88214,0.009572086,965.2014,32.06573,41.39338,0.009572086,29.34164,4.231857,1.729451,-15.11156,0.1735712,327.1441,7.797414,40.16396,0.1735712,7.824806,2.766345,1.032636,-15.22353,0.1618914,429.2603,8.035254,40.05199,0.1618914,4.366095,9.073728,0.2859095,-14.68078,0.01402126,427.15,8.359847,40.59474,0.01402126,15.04882,28.30877,0.8801047,-14.20239,0.01401987,427.8087,8.121572,41.07313,0.01401987,44.77741,4.77442,0.156392,-15.03417,0.01344427,328.6615,7.503452,40.24134,0.01344427,9.247024,14.13519,0.4704848,-14.56491,0.01344164,327.4083,8.118679,40.71061,0.01344164,27.38252,4.745964,0.235046,-15.04864,0.02103732,328.6375,8.205092,40.22688,0.02103732,8.711271,3.461363,0.2248885,-15.18538,0.02759903,326.966,7.935442,40.09014,0.02759903,6.464833,43.15848,0.03197162,0.6822334,6.167336,0.03224386,44.12509,0.03197162,-0.1821223,0.04540761,-999.0,115721731944238600,173.19443986717863,6.440119220195529,0.0004572909965645,1.4203000091583815e-06,0.0006496990099549,2.141559889423661e-06,6.627620220184326,0.0009105430217459,1.5549300087513984e-06,0.000997096998617,3.7842798974452303e-06,0.0011787200346589,1.1606400221353397e-05,10,28,8,10,12,1.1145000457763672,1.0658700466156006,1.0899138570294191,0.1585149895377983,1,True,ok,,6.692520000000001,2.342382,4.684764,4.298288318646038,True,resolved
34,barred,37,barred,z_0.10_masked/t174.1599+42.7647.r_ellipse.txt,174.1599,42.7647,0.0692002607908928,True,0.36,42.90280667527761,80.966575,28.53,0.27,10.0,-83.4,11038,240.49,242.04,113638.38+424552.9,spec-1443-53055-0608,174.1599,42.76472,0.07102937,-19.80862,66.57087,1.668535,-13.79457,0.005828929,727.0776,13.97105,41.32497,0.005828929,72.05279,21.0169,1.087787,-14.28223,0.01728247,1018.541,34.98997,40.83731,0.01728247,15.61135,0.7068697,0.4345052,-15.7968,0.277534,289.2457,10.94633,39.32275,0.277534,2.615885,0.5162997,0.1838722,-15.92874,0.1482354,208.1931,13.51176,39.1908,0.1482354,2.567454,1.833537,0.3722445,-15.32395,0.08519941,211.7555,15.46804,39.79559,0.08519941,9.621053,5.730305,1.165499,-14.84559,0.08520542,208.4774,13.23905,40.27394,0.08520542,29.71814,1.600188,0.06166304,-15.39364,0.01676538,288.8777,11.08118,39.7259,0.01676538,6.659445,4.706203,0.18113,-14.92443,0.01676246,295.6451,9.695156,40.19511,0.01676246,18.97347,1.074529,0.1009804,-15.57753,0.04024065,293.518,9.851397,39.54201,0.04024065,4.158035,0.820473,0.09301724,-15.68786,0.04884004,293.5163,9.931915,39.43168,0.04884004,3.223594,42.85228,0.0452815,0.8816057,6.006486,0.03613246,43.81889,0.0452815,-0.3274742,0.05793073,-999.0,159311741599948329,174.1599209860526,42.76473788133067,0.0003722789988387,1.1968099897785578e-06,0.0006394169759005,1.457119992664957e-06,5.749499797821045,0.0008854910265654,1.4555699863194604e-06,0.0009527059737592,3.2082800771604525e-06,0.0011727500241249,7.896560418885201e-06,12,34,12,8,14,1.2210700511932373,1.1814500093460083,1.2010966752907033,0.1472204971068018,2,True,ok,,7.360740000000001,2.5762590000000003,5.152518000000001,4.289844527921059,True,resolved
35,barred,38,barred,z_0.05_masked/t174.8080+33.9309.r_ellipse.txt,174.808,33.9309,0.0708010451915457,True,0.58,39.36888551248911,5.003844,74.0,0.2,34.52,-68.59,11118,244.04,241.89,113913.91+335551.1,spec-2098-53460-0582,174.808,33.93088,0.03226568,-20.98895,284.582,4.457168,-12.81408,0.002737676,943.2263,8.495103,41.57997,0.002737676,139.2982,84.51841,1.194313,-13.28743,0.004048118,1218.696,21.40505,41.10662,0.004048118,45.26984,0.5523137,0.4005456,-15.52994,0.3523368,326.1338,12.34193,38.86411,0.3523368,1.117205,1.025879,0.3476137,-15.21505,0.1452006,245.033,6.496984,39.179,0.1452006,3.899302,6.094286,0.2696277,-14.43319,0.01880488,247.1036,6.300289,39.96086,0.01880488,22.77452,18.86285,0.828175,-13.9548,0.01880374,251.8023,5.124321,40.43925,0.01880374,66.68215,4.562144,0.1869157,-14.6259,0.01704726,325.2962,12.12205,39.76814,0.01704726,9.076921,12.57193,0.482025,-14.15672,0.01704792,327.0813,11.64458,40.23733,0.01704792,26.16729,2.49634,0.1682276,-14.87223,0.02866411,325.7474,12.01353,39.52182,0.02866411,4.972126,2.084741,0.1681466,-14.95168,0.03427254,328.143,11.54004,39.44237,0.03427254,4.061663,42.70317,0.02062861,0.7923776,6.12645,0.01785809,43.66978,0.02062861,-0.5965477,0.02728463,-999.0,148711748079987585,174.80798262523908,33.93087303143325,0.0028895700816065,5.600119948212523e-06,0.005554350093007,4.109930159756914e-06,18.702600479125977,0.007154069840908,5.8047298807650805e-06,0.0082905096933245,1.2659899766731542e-05,0.0099746603518724,2.5944800654542632e-05,10,26,20,16,15,1.1003299951553345,1.0555200576782229,1.077692154537388,0.1100873743956292,1,True,ok,,19.092,6.682199999999999,13.364399999999998,12.400943946499103,True,resolved
36,barred,39,barred,z_0.10_masked/t175.0363+3.1198.r_ellipse.txt,175.0363,3.1198,0.1296189017678194,True,0.47,49.12702129584222,20.352895333333333,25.94,0.23,12.1,53.83,11145,241.78,242.08,114008.71+030711.4,spec-0514-51994-0331,175.0363,3.119836,0.08102276,-20.45025,108.0713,2.710212,-13.75615,0.00515095,628.9509,15.95508,41.48775,0.00515095,84.30951,32.45631,1.749367,-14.25458,0.01514839,733.5048,39.9827,40.98932,0.01514839,20.92999,11.1839,1.127217,-14.7503,0.04289084,234.9219,5.136375,40.4936,0.04289084,33.4183,3.463679,0.7011538,-15.2658,0.08337279,237.382,14.05571,39.97809,0.08337279,9.220472,1.764682,0.1880878,-15.50722,0.04666717,235.7293,13.6165,39.73668,0.04666717,5.194412,5.425952,0.5851781,-15.02892,0.04667197,232.3931,13.18273,40.21498,0.04667197,15.7173,4.021013,0.1242874,-15.18496,0.009697973,233.1537,4.857058,40.05894,0.009697973,12.37706,11.44396,0.2658225,-14.7158,0.009703892,244.283,5.175731,40.5281,0.009703892,34.54607,2.591597,0.1455984,-15.37186,0.02395605,237.5932,5.242784,39.87204,0.02395605,7.689728,2.297958,0.2127269,-15.42351,0.03976692,243.3829,5.685719,39.82038,0.03976692,6.651496,42.93636,0.04661205,1.34519,5.596916,0.0517843,43.90297,0.04661205,0.1661751,0.06967279,-999.0,111741750363254291,175.03632296955917,3.119832591930683,0.0003989760007243,1.550709953335172e-06,0.0006554289720952,1.8447400407239911e-06,7.2199201583862305,0.0009162659989669,1.4899600273565738e-06,0.0010247899917885,3.2376199214922963e-06,0.0012026800541207,8.509499821229838e-06,8,31,12,12,18,1.184190034866333,1.1327300071716309,1.1581742471177277,0.1434712623522087,1,True,ok,,6.692520000000001,2.342382,4.684764,4.044956112310963,True,resolved
37,barred,40,barred,z_0.10_masked/t177.6827+34.1882.r_ellipse.txt,177.6827,34.1882,0.1082603777341264,True,0.5,57.67617043425674,-17.324380000000005,41.77,0.35,21.44,79.79,11456,241.78,241.79,115043.85+341117.4,spec-2097-53491-0582,177.6827,34.18817,0.07139465,-21.15707,98.96647,1.741323,-13.4213,0.005926626,1633.849,27.31702,41.703,0.005926626,34.58591,22.06364,0.7841181,-14.00724,0.01268368,1975.689,68.04184,41.11706,0.01268368,12.26674,59.29702,1.407414,-13.68391,0.005831425,291.0587,2.396366,41.4404,0.005831425,150.9232,9.493087,0.3098401,-14.41023,0.0079966,264.9323,4.010977,40.71407,0.0079966,52.48518,4.271896,0.1616033,-14.71801,0.01646748,265.5881,4.48144,40.40629,0.01646748,25.21926,13.25906,0.5112984,-14.23965,0.01646805,272.162,3.602814,40.88465,0.01646805,73.08193,11.40469,0.1606601,-14.3451,0.005253491,296.0482,2.227436,40.7792,0.005253491,32.32376,33.7849,0.448475,-13.87587,0.005253226,290.1286,2.516791,41.24843,0.005253226,97.10413,7.813899,0.1828609,-14.50705,0.009805772,292.9111,2.398233,40.61725,0.009805772,22.00354,6.902793,0.1691764,-14.55779,0.01019982,289.2655,2.775217,40.56651,0.01019982,19.82167,43.23452,0.02494994,1.003163,6.711429,0.03195141,44.20113,0.02494994,-0.6501772,0.04053877,0.5528752,149021776827916415,177.6827301366826,34.188153330995874,0.0012011099606752,2.0814300114579964e-06,0.0018686299445107,2.744079893091111e-06,9.37598991394043,0.002583310008049,2.6489099127502413e-06,0.0028502200730144,7.253529929585056e-06,0.0034231198951601,1.093359969672747e-05,13,29,12,16,12,1.238800048828125,1.1878600120544434,1.2130626698295606,0.1904753495609724,2,True,ok,,10.776660000000001,3.771831,7.543662,6.218691076413975,True,resolved
38,barred,41,barred,z_0.05_masked/t178.4241+46.2117.r_ellipse.txt,178.4241,46.2117,0.1420640857578276,True,0.6,15.0,-28.82984,67.28,0.36,37.97,-26.66,11538,240.52,240.56,115341.77+461242.2,spec-1446-53080-0129,178.4241,46.21174,0.02425128,-20.06776,196.8311,2.277077,-12.72351,0.0033201,679.543,10.64262,41.4138,0.0033201,154.7569,55.08033,1.366171,-13.24444,0.006914338,695.6769,23.34318,40.89288,0.006914338,49.11827,16.84495,1.472953,-13.80355,0.03685511,222.0062,3.731434,40.33377,0.03685511,57.66325,3.305855,0.7353613,-14.48327,0.09370417,240.1137,7.936578,39.65405,0.09370417,12.12438,3.03481,0.1192594,-14.50043,0.01739451,241.2318,8.260323,39.63689,0.01739451,11.30385,9.328454,0.3652258,-14.02194,0.01738027,247.4051,7.300451,40.11538,0.01738027,32.87531,4.522183,0.1192259,-14.35594,0.01080137,221.8583,3.594102,39.78138,0.01080137,16.22197,13.27171,0.3297675,-13.88667,0.01080092,232.3092,4.42069,40.25065,0.01080092,44.88781,4.361021,0.1545584,-14.38485,0.01492302,227.3507,4.060757,39.75247,0.01492302,14.28216,3.489381,0.1450692,-14.47924,0.01775654,226.6148,4.417571,39.65808,0.01775654,11.52787,42.73317,0.02173386,0.8704291,5.625656,0.03074239,43.69978,0.02173386,-0.06575466,0.03764911,-999.0,163451784240244753,178.42406060239713,46.21171680973231,0.0032826499082148,3.3550700209161732e-06,0.0053638000972568,4.442869794729631e-06,15.61359977722168,0.0070824399590492,4.933459877065616e-06,0.0083578499034047,1.181940024252981e-05,0.0102733001112937,2.2554799215868115e-05,16,41,13,13,15,1.2974200248718262,1.228559970855713,1.2625206168392455,0.1153032658942582,1,True,ok,,17.358240000000002,6.075384000000001,12.150768000000001,9.624213528029172,True,resolved
39,barred,42,barred,z_0.10_masked/t181.8326+24.1989.r_ellipse.txt,181.8326,24.1989,0.142256552286467,True,0.37,28.166932762034772,37.92270066666668,61.16,0.1,21.44,23.81,11938,242.79,241.15,120719.81+241155.9,spec-2656-54484-0131,181.8326,24.19886,0.05026987,-21.33215,227.5738,2.198921,-12.97321,0.002385148,963.7968,8.2023,41.82477,0.002385148,110.3359,54.32407,0.8736766,-13.5319,0.006066058,1057.644,18.732,41.26609,0.006066058,38.12799,-999.0,-999.0,-999.0,-999.0,-999.0,-999.0,-999.0,-999.0,-999.0,5.012752,0.5255992,-14.5698,0.04477556,357.729,21.18682,40.22818,0.04477556,15.10428,1.454545,0.168145,-15.11079,0.05046263,357.1708,21.05822,39.68719,0.05046263,4.28717,4.470397,0.5195699,-14.63238,0.05046183,357.7882,21.78754,40.16561,0.05046183,12.74703,-999.0,-999.0,-999.0,-999.0,-999.0,-999.0,-999.0,-999.0,-999.0,-999.0,-999.0,-999.0,-999.0,-999.0,-999.0,-999.0,-999.0,-999.0,-999.0,-999.0,-999.0,-999.0,-999.0,-999.0,-999.0,-999.0,-999.0,-999.0,-999.0,-999.0,-999.0,-999.0,-999.0,-999.0,-999.0,-999.0,43.138,0.01098714,0.9127334,6.156888,0.01615863,44.10461,0.01098714,-0.1921551,0.01954018,-999.0,137031818325819164,181.83253703829723,24.19884059220571,0.0019555599428713,4.074900061823428e-06,0.0034359900746494,4.222610186843667e-06,17.04829978942871,0.0044027902185916,6.337690138025209e-06,0.0048733497969806,1.432289991498692e-05,0.0054285698570311,2.3538899768027477e-05,6,13,12,8,7,1.010769963264465,1.00108003616333,1.0059133319414744,0.2974609367966356,1,True,ok,,15.77928,5.522748,11.045496,10.980564278516436,True,resolved
40,barred,43,barred,z_0.10_masked/t184.2157+37.9106.r_ellipse.txt,184.2157,37.9106,0.0723980895652158,True,0.28,43.48381898007677,-34.70178,37.97,0.25,8.26,-25.03,12219,241.16,241.76,121651.75+375438.0,spec-2001-53493-0170,184.2157,37.91058,0.06302489,-20.79667,117.8882,3.260079,-13.54401,0.008193922,1189.396,33.46181,41.46346,0.008193922,33.92818,29.25685,1.968351,-14.09545,0.02156069,1086.929,84.96373,40.91201,0.02156069,12.67563,86.32758,2.428915,-13.68768,0.007828639,280.6934,2.631991,41.31979,0.007828639,148.3789,15.59339,1.007097,-14.39568,0.01902737,248.6008,7.189525,40.61179,0.01902737,40.51034,7.877032,0.4459308,-14.6549,0.0244537,245.8718,6.081816,40.35257,0.0244537,22.11162,24.51357,1.365963,-14.17659,0.02445719,245.2406,6.484507,40.83088,0.02445719,66.03243,17.27763,0.6602451,-14.38771,0.006125449,285.8166,2.39871,40.61975,0.006125449,29.11799,48.53378,0.799699,-13.91847,0.006124924,281.5306,2.730116,41.08899,0.006124924,86.7843,14.15757,0.3533223,-14.45287,0.01027212,285.2311,2.625293,40.5546,0.01027212,24.49245,13.42896,0.3555868,-14.47601,0.01053429,279.2013,2.891157,40.53145,0.01053429,23.63467,42.92625,0.05234368,0.441944,6.2501,0.07186614,43.89286,0.05234368,-0.4971171,0.08890784,0.6490489,153491842156903309,184.2156838779203,37.910576287682886,0.0008450180175714,1.633060037420364e-06,0.0015254199970513,2.8996601031394675e-06,11.666600227355955,0.0019343399908393,2.3390100523101864e-06,0.0022945699747651,6.6996499299420975e-06,0.0028921400662511,1.103409977076808e-05,18,24,18,25,13,1.3560999631881714,1.3063900470733645,1.331012958143377,0.0968706733411672,1,True,ok,,9.79626,3.4286909999999997,6.857381999999999,5.152002433969783,True,resolved
41,barred,44,barred,z_0.10_masked/t184.5567+26.4050.r_ellipse.txt,184.5567,26.405,0.1485533285787434,True,0.28,36.18190116522335,41.64082666666666,34.52,0.18,9.09,27.59,12244,241.36,240.94,121813.61+262418.1,spec-2231-53816-0207,184.5567,26.40504,0.06334908,-20.05417,108.6116,2.256424,-13.6986,0.006067453,1631.024,24.84223,41.31374,0.006067453,29.91211,31.37325,1.081897,-14.20949,0.0115043,1681.389,64.83884,40.80286,0.0115043,11.85199,-999.0,-999.0,-999.0,-999.0,-999.0,-999.0,-999.0,-999.0,-999.0,-999.0,-999.0,-999.0,-999.0,-999.0,-999.0,-999.0,-999.0,-999.0,2.347938,0.05914647,-15.31801,0.01091225,210.907,5.781945,39.69433,0.01091225,10.20125,7.379228,0.1861409,-14.83968,0.01091256,206.9579,5.343249,40.17266,0.01091256,31.65184,-999.0,-999.0,-999.0,-999.0,-999.0,-999.0,-999.0,-999.0,-999.0,-999.0,-999.0,-999.0,-999.0,-999.0,-999.0,-999.0,-999.0,-999.0,-999.0,-999.0,-999.0,-999.0,-999.0,-999.0,-999.0,-999.0,-999.0,-999.0,-999.0,-999.0,-999.0,-999.0,-999.0,-999.0,-999.0,-999.0,42.37324,0.0921571,0.2276245,6.455191,0.05330798,43.33985,0.0921571,-1.255218,0.1064644,-999.0,139681845567196590,184.55671050309027,26.405034091088144,0.0004615419893525,2.0503900941548636e-06,0.0007759379805065,1.6598600041106693e-06,8.123100280761719,0.0010872000129893,2.140219976354274e-06,0.0012471600202843,4.435160008142702e-06,0.0014872499741613,8.195380360120907e-06,10,18,15,24,15,1.0564600229263306,0.9980340003967284,1.0268315455518424,0.1273148637554986,2,True,ok,,8.906160000000002,3.1171560000000005,6.234312000000001,6.071406772616769,True,resolved
42,barred,45,barred,z_0.05_masked/t189.2132+45.6512.r_ellipse.txt,189.2132,45.6512,0.1436500443177469,True,0.62,22.065474993378995,24.630384333333335,81.4,0.07,23.58,81.15,12784,242.59,242.25,123651.18+453904.1,spec-1372-53062-0412,189.2132,45.65116,0.03034499,-21.10007,166.0278,3.836858,-13.08352,0.007367755,1066.043,29.54318,41.25491,0.007367755,58.3345,42.91615,1.353575,-13.66767,0.00920982,1276.121,34.14391,40.67076,0.00920982,20.21113,10.75312,2.334122,-14.29943,0.09175449,413.7466,10.51742,40.039,0.09175449,13.21012,2.44788,0.2878115,-14.955,0.04673919,208.6392,5.914954,39.38343,0.04673919,9.319912,4.213595,0.1784956,-14.6667,0.01804468,207.3171,5.434606,39.67174,0.01804468,18.12772,13.07237,0.5520018,-14.18831,0.01804448,210.1033,6.095443,40.15012,0.01804448,52.3916,8.149472,0.2600179,-14.37294,0.01341348,417.2281,10.24242,39.96549,0.01341348,11.03504,24.09863,0.7644113,-13.90374,0.01341461,412.5866,11.15183,40.43469,0.01341461,32.72185,8.557625,0.3016965,-14.34677,0.0146157,414.8953,10.9804,39.99166,0.0146157,11.50044,6.856743,0.2907981,-14.44025,0.01787373,411.4935,11.02668,39.89818,0.01787373,9.329741,42.34716,0.05151659,0.3293821,6.168287,0.03282565,43.31377,0.05151659,-0.9943947,0.06108586,0.7655205,162781892132522060,189.21323676556497,45.65115911672406,0.0045218300074338,3.506600023683859e-06,0.0075035798363387,4.989869921701029e-06,19.97529983520508,0.0089056901633739,5.243729901849292e-06,0.0106995003297925,1.1567200090212282e-05,0.012971700169146,2.0714400307042524e-05,18,28,19,20,15,1.1586699485778809,1.1336699724197388,1.1461017968085847,0.1738443877797387,1,True,ok,,21.0012,7.35042,14.70084,12.826818735417486,True,resolved
43,barred,46,barred,z_0.05_masked/t196.2373+39.9249.r_ellipse.txt,196.2373,39.9249,0.1210981049591007,True,0.42,23.7434553648393,-54.461555,74.0,0.07,17.72,17.67,13579,240.95,242.59,130456.95+395529.7,spec-2088-53493-0397,196.2373,39.92493,0.02744432,-20.58341,42.14838,0.6620826,-13.78183,0.005700012,1318.395,23.52948,40.46625,0.005700012,36.20999,12.82372,0.6913173,-14.33596,0.021187,1625.347,106.362,39.91212,0.021187,7.236082,2.843083,0.1759159,-15.0158,0.02552094,222.8401,6.131024,39.23228,0.02552094,17.97602,1.119837,0.1393539,-15.46297,0.05298704,213.158,6.421562,38.78511,0.05298704,5.995539,1.422738,0.05421587,-15.28294,0.01664981,212.4059,6.046369,38.96514,0.01664981,8.960303,4.450549,0.1709812,-14.8046,0.01665055,216.5921,6.773203,39.44348,0.01665055,25.7513,1.0484,0.03223967,-15.37115,0.01349937,230.0096,7.165375,38.87693,0.01349937,7.643377,3.054322,0.09430472,-14.90208,0.01350415,221.3177,5.869151,39.34599,0.01350415,23.52674,0.8898894,0.06362211,-15.45615,0.03084209,223.7752,6.203077,38.79193,0.03084209,6.336107,0.8056525,0.06433344,-15.48504,0.0344672,220.6665,5.815622,38.76304,0.0344672,6.054219,41.84334,0.06257578,0.4000974,6.126927,0.06343288,42.80995,0.06257578,-1.456853,0.08910364,-999.0,155911962373340518,196.2373347982854,39.924926538438264,0.0030648899264633,4.3382101466704626e-06,0.0053615500219166,6.217680038389517e-06,21.683000564575195,0.006279719993472,4.506040113483323e-06,0.008320240303874,1.1152599654451478e-05,0.0095692398026585,2.151989974663593e-05,10,26,11,18,13,1.210170030593872,1.1525399684906006,1.1810035262135885,0.1354886471998529,1,True,ok,,19.092,6.682199999999999,13.364399999999998,11.316138947398029,True,resolved
44,barred,47,barred,z_0.10_masked/t197.8150+18.6309.r_ellipse.txt,197.815,18.6309,0.0770503979239076,True,0.46,29.04152154089802,-31.80494666666667,31.38,0.11,11.0,33.87,13768,242.19,241.82,131115.60+183751.1,spec-2618-54506-0316,197.815,18.63088,0.09425858,-20.73802,74.26207,1.706372,-13.90364,0.007508678,1852.612,38.79448,41.48486,0.007508678,22.72684,24.06682,1.317895,-14.36929,0.02016574,2069.073,123.7176,41.01921,0.02016574,7.22304,12.44701,0.5423788,-14.74286,0.01389357,267.6819,6.347827,40.64564,0.01389357,32.1981,4.240654,0.398806,-15.21765,0.03416246,316.5797,17.32517,40.17085,0.03416246,9.696376,2.625163,0.400866,-15.30545,0.06634063,316.1305,17.36571,40.08305,0.06634063,7.734878,8.342196,1.280712,-14.82705,0.06633633,317.8459,16.96605,40.56145,0.06633633,22.82409,2.654465,0.07943134,-15.3413,0.01288127,274.3012,5.774202,40.0472,0.01288127,7.926579,7.70177,0.2275099,-14.8722,0.01288747,265.8185,6.798274,40.5163,0.01288747,23.95176,3.267757,0.1676984,-15.24966,0.02201266,270.0994,6.372155,40.13885,0.02201266,9.737584,2.321507,0.1606997,-15.39034,0.02962882,263.8798,6.37115,39.99816,0.02962882,7.154001,42.31254,0.2904756,0.419132,6.541063,0.1406539,43.27915,0.2904756,-1.401792,0.3227377,-999.0,130351978149667657,197.81499226923097,18.63086998166689,0.0004028709954582,1.6797199577922584e-06,0.0006891069933772,2.2218800950213335e-06,7.756849765777588,0.0009406700264662,2.09577001442085e-06,0.0010262200376018,4.000330136477714e-06,0.0012942800531163,1.0400999599369244e-05,13,16,9,10,12,1.0831600427627563,0.9768509864807128,1.0286330523025642,0.1112374046664589,1,True,ok,,8.09604,2.833614,5.667228,5.509474916554626,True,resolved
45,barred,48,barred,z_0.10_masked/t199.5180+41.2930.r_ellipse.txt,199.518,41.293,0.1418978767915751,True,0.35,23.635471861648533,20.729371666666665,55.6,0.08,8.26,31.57,13945,241.31,241.81,131804.32+411734.6,spec-1460-53138-0004,199.518,41.29296,0.0672392,-21.54611,77.06963,2.036602,-13.78068,0.006807173,1200.907,26.93129,41.28738,0.006807173,32.91551,28.10349,1.289886,-14.16184,0.01626358,1571.996,81.8949,40.90623,0.01626358,9.003472,17.34392,0.825381,-14.4792,0.01118595,196.0185,3.317731,40.58886,0.01118595,58.9341,4.457819,0.3238676,-15.02177,0.02712975,205.5317,7.239046,40.0463,0.02712975,13.77679,1.36186,0.07940178,-15.46199,0.02512166,203.9957,6.722456,39.60607,0.02512166,4.98276,4.23188,0.24569,-14.98362,0.02512506,206.951,7.467464,40.08445,0.02512506,14.28289,2.759597,0.07214009,-15.21248,0.01092613,195.5587,3.227334,39.85559,0.01092613,11.03573,8.098414,0.2083286,-14.74336,0.01092847,200.1219,3.620323,40.32471,0.01092847,29.94849,2.063885,0.1348764,-15.35651,0.02800026,197.2273,3.612158,39.71156,0.02800026,7.446351,1.552765,0.1286092,-15.47017,0.03570966,198.6406,3.723151,39.5979,0.03570966,5.593668,42.85332,0.05202103,1.131151,6.29656,0.0509468,43.81993,0.05202103,-0.6165065,0.07281321,-999.0,157551995180082192,199.51801795765857,41.29296225263861,0.0015680500073358,4.038489805680001e-06,0.0025929498951882,5.650460025208304e-06,15.945300102233888,0.0034668699372559,5.1377001000219025e-06,0.003795119933784,8.95528955879854e-06,0.0041170702315866,1.5946199710015208e-05,8,22,9,17,12,1.1204099655151367,1.1082299947738647,1.114303338515786,0.1443105277853012,1,True,ok,,14.344800000000001,5.0206800000000005,10.041360000000001,9.011334394254575,True,resolved
46,barred,49,barred,z_0.05_masked/t200.7310+8.1616.r_ellipse.txt,200.731,8.1616,0.1475658408579628,True,0.37,30.048785081219496,66.49234333333334,61.16,0.13,14.64,-18.65,14086,241.9,241.62,132255.43+080941.6,spec-1799-53556-0369,200.731,8.161559,0.04994618,-22.01931,192.8019,1.840397,-12.65955,0.002670309,1253.2,13.64996,42.13256,0.002670309,96.98638,51.67967,0.8507507,-13.09424,0.006190773,1387.629,29.56374,41.69787,0.006190773,25.06695,7.250583,0.7058488,-14.09302,0.04189362,274.869,6.438973,40.69909,0.04189362,23.44885,1.084045,0.3071987,-14.78232,0.1240276,280.8748,26.62882,40.00979,0.1240276,3.684556,1.160383,0.1571742,-14.75828,0.05947226,283.0387,25.7854,40.03382,0.05947226,3.813527,3.617498,0.4896358,-14.27988,0.05947695,281.442,25.32002,40.51223,0.05947695,11.38449,3.404945,0.1193715,-14.41476,0.01422895,271.877,7.084258,40.37735,0.01422895,11.32215,9.904662,0.3226455,-13.94545,0.01423163,265.0639,7.14509,40.84666,0.01423163,33.88381,2.045138,0.1188439,-14.64554,0.0249476,264.8889,7.326832,40.14657,0.0249476,6.622456,1.915161,0.1131413,-14.67429,0.02531408,268.1318,7.000935,40.11782,0.02531408,6.133044,43.53918,0.01514885,0.8630041,6.590692,0.01972116,44.50579,0.01514885,-0.2247789,0.02486788,0.4053436,117792007309674368,200.73096733817368,8.16154376592052,0.0042056301608681,2.9089299005136127e-06,0.0064871800132095,3.9868400563136674e-06,14.39109992980957,0.0082498099654912,3.925730197806843e-06,0.0093833804130554,7.713199920544866e-06,0.0114091001451015,1.780559978215024e-05,18,22,15,9,14,1.1385999917984009,1.096160054206848,1.1171785124722244,0.2335167222406971,1,True,ok,,15.77928,5.522748,11.045496,9.886957076857147,True,resolved
47,barred,50,barred,z_0.10_masked/t206.0079+25.9412.r_ellipse.txt,206.0079,25.9412,0.0131447858463144,True,0.46,43.15011180678504,-47.959195,45.95,0.25,16.11,80.17,14672,240.88,241.32,134401.90+255628.3,spec-2115-53535-0350,206.0079,25.9412,0.06208789,-21.00497,45.32516,1.219045,-13.75479,0.00905572,1305.069,34.31084,41.2388,0.00905572,29.31523,16.48502,1.055059,-14.2113,0.0224273,1425.297,71.47601,40.7823,0.0224273,9.726828,18.23594,0.544654,-14.18172,0.009565444,307.5797,3.259244,40.81188,0.009565444,67.12528,3.618603,0.2120529,-14.92239,0.02225729,259.3881,5.601212,40.07121,0.02225729,15.10061,4.788008,0.1739868,-14.72727,0.01561193,250.5694,5.096906,40.26633,0.01561193,23.86242,15.23569,0.5474606,-14.24883,0.0156146,257.2039,5.618587,40.74477,0.0156146,69.66992,5.774904,0.0806164,-14.63894,0.005870304,308.9649,2.968157,40.35466,0.005870304,23.18056,16.87641,0.2254079,-14.1698,0.005872619,308.4445,3.039069,40.8238,0.005872619,68.07344,3.655953,0.1094688,-14.84745,0.01270967,311.4878,2.969714,40.14615,0.01270967,13.81549,3.256949,0.1086588,-14.89038,0.01412198,307.6042,3.2796,40.10322,0.01412198,12.75973,42.61664,0.1023788,0.9884422,6.154908,0.06340188,43.58325,0.1023788,-0.7115379,0.120421,-999.0,139122060079739965,206.00793471889904,25.94117080341936,0.0012978799641132,3.420120037844754e-06,0.002322610002011,2.5613999241613783e-06,11.3572998046875,0.0034282999113202,3.614730076151318e-06,0.0038839499466121,5.055239853390958e-06,0.0048986901529133,1.425440041202819e-05,8,14,18,16,16,1.2149100303649902,1.1879899501800537,1.201374590394916,0.1538836973980225,1,True,ok,,11.8551,4.149285,8.29857,6.907562442511867,True,resolved
48,barred,51,barred,z_0.10_masked/t206.1101+44.2722.r_ellipse.txt,206.1101,44.2722,0.1383592194764764,True,0.44,36.70258286642674,-12.207368333333331,50.54,0.18,21.44,24.46,14687,239.63,240.79,134426.41+441620.0,spec-1345-52814-0367,206.1101,44.27224,0.05435376,-21.26191,188.2097,3.80383,-13.04228,0.004208632,1048.688,15.02901,41.82772,0.004208632,99.39283,56.03666,0.9100471,-13.44468,0.005617694,1138.051,20.81137,41.42532,0.005617694,30.30565,7.708818,0.7572966,-14.43682,0.04162828,259.2492,7.424116,40.43319,0.04162828,23.44289,-999.0,-999.0,-999.0,-999.0,-999.0,-999.0,-999.0,-999.0,-999.0,3.02187,0.06612569,-14.72169,0.009143357,280.7292,7.129048,40.14831,0.009143357,9.292459,9.362826,0.2104341,-14.24335,0.00913411,276.7451,8.170958,40.62665,0.00913411,27.99055,3.604623,0.1237703,-14.77286,0.01375394,251.3567,7.829868,40.09714,0.01375394,11.13915,9.993885,0.3088139,-14.30366,0.01375382,251.0354,7.615723,40.56634,0.01375382,32.65682,1.882296,0.1223137,-15.04121,0.02784358,248.4823,7.168035,39.82879,0.02784358,5.903889,1.590794,0.1277182,-15.11492,0.03433539,255.7749,7.523004,39.75508,0.03433539,4.861615,43.25671,0.01868003,0.8026073,6.312495,0.01797094,44.22332,0.01868003,-0.2290533,0.025921,-999.0,161122061100907331,206.1100920280191,44.27222018253451,0.0017486499855294,3.6656999782280768e-06,0.0027062299195677,3.749270035768859e-06,11.72070026397705,0.0035427100956439,3.554210024958593e-06,0.0038884601090103,6.299530014075572e-06,0.0046843700110912,1.5249200259859208e-05,8,18,12,14,15,1.007580041885376,1.000849962234497,1.0042093640617038,0.0755072102313001,1,True,ok,,13.03932,4.563762,9.127524,9.089263978860046,True,resolved
49,barred,52,barred,z_0.10_masked/t206.2205+0.0890.r_ellipse.txt,206.2205,0.089,0.1122267774150043,True,0.4,38.62018219771016,-15.638526666666664,37.97,0.2,13.31,-22.0,14699,241.27,240.94,134452.91+000520.2,spec-0299-51671-0549,206.2205,0.08896919,0.08696799,-20.67953,109.0027,11.35632,-13.50031,0.0423891,1809.39,186.9863,41.81107,0.0423891,44.97817,61.12554,1.877349,-13.71666,0.00817332,1822.384,33.53262,41.59473,0.00817332,22.9532,26.20448,6.429831,-14.13182,0.09820053,887.0369,46.68008,41.17957,0.09820053,30.11467,-999.0,-999.0,-999.0,-999.0,-999.0,-999.0,-999.0,-999.0,-999.0,4.390839,0.08448847,-14.84511,0.008166659,535.4212,10.86589,40.46628,0.008166659,8.206101,13.82428,0.2720748,-14.36671,0.008166069,532.6585,10.81867,40.94468,0.008166069,24.59204,9.066135,0.7556298,-14.57192,0.03655283,886.6466,46.24601,40.73947,0.03655283,10.9155,27.01867,2.288227,-14.10269,0.03655256,887.3463,46.13552,41.20869,0.03655256,31.95617,1.25569,0.233108,-15.43719,0.07946861,887.1022,45.82439,39.8742,0.07946861,1.549565,1.769179,0.2639987,-15.28748,0.06446209,887.3208,46.6109,40.02391,0.06446209,2.223707,43.1768,0.05769476,0.5179155,6.785134,0.03048763,44.14341,0.05769476,-0.7816025,0.06525474,-999.0,108102062204697176,206.22045169866763,0.0889772785627021,0.0005858659860678,1.6985100046440491e-06,0.0009536930010654,2.4591599867562763e-06,7.931739807128906,0.0014008400030434,4.656490091292653e-06,0.0016649699537083,5.982889888400678e-06,0.0020163198933005,1.333920044999104e-05,10,9,10,7,9,1.1232600212097168,1.068019986152649,1.0952918114814088,0.19216302253444,1,True,ok,,9.79626,3.4286909999999997,6.857381999999999,6.260780851383545,True,resolved
50,barred,53,barred,z_0.10_masked/t206.9791+44.7390.r_ellipse.txt,206.9791,44.739,0.0410164065088919,True,0.45,27.81357476782689,-79.79262000000001,37.97,0.11,11.0,-25.07,14804,241.12,241.71,134754.97+444420.3,spec-1465-53082-0008,206.9791,44.73899,0.09156122,-21.23587,99.71971,2.5224,-13.74442,0.008120332,1726.512,34.91419,41.61618,0.008120332,25.09995,38.92855,1.566328,-14.17252,0.01352683,1872.07,92.6116,41.18808,0.01352683,9.504418,3.869839,0.5879042,-15.20389,0.06276512,321.0683,18.718,40.15671,0.06276512,6.633619,0.926376,0.3476377,-15.8565,0.1602509,268.2107,27.60494,39.5041,0.1602509,2.070668,1.502908,0.3224495,-15.57057,0.09194008,265.4887,27.98631,39.79003,0.09194008,3.748658,4.803335,1.032404,-15.09218,0.09193181,268.6815,28.09544,40.26842,0.09193181,11.0548,2.038766,0.1305841,-15.42178,0.02820604,320.4469,18.8406,39.93882,0.02820604,4.047023,5.985649,0.3833215,-14.95256,0.02820501,322.3666,18.00679,40.40804,0.02820501,11.66943,1.33584,0.2041452,-15.61446,0.06590027,321.2906,18.31287,39.74614,0.06590027,2.515792,1.201455,0.1943635,-15.6538,0.06944657,322.5948,18.04822,39.70679,0.06944657,2.273014,42.5066,0.161483,0.345978,6.567087,0.08442097,43.47321,0.161483,-1.233755,0.1822187,-999.0,161682069790327448,206.9790593553504,44.73897487481196,0.0007014499860815,2.244870074719074e-06,0.0011915899813175,2.6080099360115128e-06,10.20300006866455,0.0017080400139093,2.89357990368444e-06,0.002049810020253,7.063650173222413e-06,0.0022672500927001,1.858669929788448e-05,12,18,16,5,6,1.037670016288757,1.0148799419403076,1.0262117159165218,0.1377814778159368,2,True,ok,,9.79626,3.4286909999999997,6.857381999999999,6.682229303799743,True,resolved
51,barred,54,barred,z_0.10_masked/t209.1437+21.6312.r_ellipse.txt,209.1437,21.6312,0.1090559356566172,True,0.41,50.242612911054245,8.37006415,37.97,0.31,12.1,35.78,15033,241.66,241.78,135634.47+213752.4,spec-2769-54527-0624,209.1437,21.63123,0.06490238,-20.39751,91.34231,2.155741,-13.78288,0.007963709,1714.986,37.46369,41.25204,0.007963709,29.24191,25.9028,1.302535,-14.31911,0.01786648,1917.235,79.26065,40.71581,0.01786648,8.436391,14.20244,0.8919553,-14.63074,0.02237077,351.144,10.09164,40.40418,0.02237077,28.65489,2.660339,0.2376326,-15.36902,0.03305645,219.5661,5.740093,39.6659,0.03305645,9.480815,4.700375,0.2295167,-15.05248,0.02149605,220.9978,5.974931,39.98244,0.02149605,19.11946,14.54986,0.72393,-14.57411,0.02149747,228.2084,6.582949,40.46081,0.02149747,54.78711,3.187042,0.1215294,-15.22691,0.01630973,349.1997,9.691691,39.80801,0.01630973,7.358125,9.451255,0.3625093,-14.75768,0.01630928,350.5409,9.787576,40.27724,0.01630928,21.38729,3.056689,0.1616372,-15.24513,0.02248297,349.3195,9.63457,39.78979,0.02248297,6.858331,2.514669,0.167351,-15.32621,0.02855826,352.2932,10.26839,39.70871,0.02855826,5.593415,42.57673,0.05994783,0.5077729,6.562723,0.04491268,43.54334,0.05994783,-1.159262,0.07490588,-999.0,133952091436227955,209.1436282454466,21.631238055768307,0.0005572360241785,3.1155200304056052e-06,0.000884136010427,2.4340399704669835e-06,10.181400299072266,0.0011830100556835,3.7964700823067687e-06,0.0012976600555703,5.773959856014699e-06,0.0015286300331354,1.1686999641824514e-05,10,10,13,16,13,1.260259985923767,1.224079966545105,1.2420382447443796,0.2764580643546611,2,True,ok,,9.79626,3.4286909999999997,6.857381999999999,5.521071536256356,True,resolved
52,barred,55,barred,z_0.10_masked/t209.9336+4.9471.r_ellipse.txt,209.9336,4.9471,0.0420512994640099,True,0.38,9.005713227923083,-90.0,37.97,0.01,9.09,79.87,15124,242.27,242.84,135944.07+045649.5,spec-0856-52339-0493,209.9336,4.94709,0.08578548,-21.03864,76.36538,1.820709,-13.82167,0.007446444,1264.535,20.76283,41.47667,0.007446444,35.19831,23.49202,1.231678,-14.29671,0.0182508,1502.261,64.92872,41.00163,0.0182508,9.051515,20.61531,0.7412609,-14.42512,0.01068891,276.502,4.157084,40.87322,0.01068891,57.59325,4.00568,0.3098061,-15.11655,0.02811844,240.0388,13.08647,40.18179,0.02811844,12.50618,1.612626,0.2582204,-15.45568,0.07111967,237.5361,12.28101,39.84266,0.07111967,5.703536,5.013768,0.8077084,-14.97729,0.07111716,240.0119,13.19792,40.32105,0.07111716,16.76298,4.958639,0.09275027,-14.99043,0.008095902,282.6041,3.864344,40.30791,0.008095902,15.3049,14.66143,0.2753932,-14.52115,0.008096487,274.4981,4.424151,40.77719,0.008096487,46.28698,2.893878,0.1431678,-15.22361,0.02103881,278.165,4.137725,40.07473,0.02103881,8.88839,2.661014,0.1479121,-15.25599,0.02380066,272.4415,4.448329,40.04234,0.02380066,8.364241,42.97647,0.05567161,0.7977583,6.429252,0.04513247,43.94308,0.05567161,-0.6260493,0.07166776,-999.0,113932099335197062,209.93364711772537,4.947102548010432,0.000651646987535,2.023150045715738e-06,0.0011158899869769,2.400799985480262e-06,9.617300033569336,0.0015208499971777,2.8402901079971343e-06,0.0016880600014701,5.4872398322913796e-06,0.0018672000151127,1.2640300155908337e-05,14,15,12,13,12,1.040220022201538,1.0035099983215332,1.0217001481518395,0.1692406850226414,2,True,ok,,9.79626,3.4286909999999997,6.857381999999999,6.711736327340625,True,resolved
53,barred,56,barred,z_0.10_masked/t210.5394+32.2573.r_ellipse.txt,210.5394,32.2573,0.0716986368602757,True,0.28,37.96625413451436,39.54601666666666,34.52,0.17,10.0,49.92,15193,240.75,241.86,140209.45+321526.2,spec-2121-54180-0475,210.5394,32.25728,0.08107937,-20.44781,56.49787,1.517704,-14.14658,0.009708804,1513.57,37.62658,41.09802,0.009708804,19.36134,14.89296,1.40686,-14.72807,0.03524901,1383.849,112.4206,40.51653,0.03524901,4.895871,11.7719,0.5008726,-14.88571,0.01527212,269.666,5.846955,40.35889,0.01527212,28.32042,2.579878,0.3165278,-15.54827,0.05005407,229.7063,12.8315,39.69633,0.05005407,6.453288,2.905352,0.3241042,-15.41736,0.04807483,228.496,13.31628,39.82724,0.04807483,8.587563,9.156279,1.018597,-14.93908,0.0480866,234.9988,13.27742,40.30552,0.0480866,24.77162,3.084685,0.08794582,-15.39516,0.01224634,263.2575,6.198703,39.84944,0.01224634,8.957673,9.008615,0.2560185,-14.92591,0.01224336,268.1063,5.615602,40.31869,0.01224336,25.89892,2.518085,0.1595768,-15.49002,0.02685658,263.6923,5.966294,39.75459,0.02685658,7.004631,2.045973,0.2195119,-15.57067,0.04614859,272.359,5.353235,39.67393,0.04614859,5.636617,42.48462,0.1093076,0.8140541,6.130902,0.0860146,43.45123,0.1093076,-0.8195509,0.1390923,-999.0,146702105394359325,210.5393911236592,32.25727162594638,0.0003607060061767,1.697409970802255e-06,0.00055145699298,2.2320700736599974e-06,8.567790031433105,0.0008005669806152,2.244569941467489e-06,0.0008977630059234,4.478400114749093e-06,0.000905369000975,7.747429663140792e-06,14,27,19,18,15,1.2740800380706787,1.249119997024536,1.261538288504898,0.1056606101800917,1,True,ok,,8.906160000000002,3.1171560000000005,6.234312000000001,4.941833360752408,True,resolved
54,barred,57,barred,z_0.10_masked/t212.8577+25.4300.r_ellipse.txt,212.8577,25.43,0.0386123191733308,True,0.54,59.30256739468405,-35.84704166666666,37.97,0.43,17.72,-57.73,15442,241.44,240.91,141125.83+252548.0,spec-2124-53770-0568,212.8577,25.43001,0.06808099,-20.23676,107.8214,1.677567,-13.61732,0.004186124,1184.858,19.08933,41.46238,0.004186124,52.11505,34.81254,1.530057,-14.1152,0.01299735,1278.001,44.51773,40.9645,0.01299735,16.02848,21.93343,0.7162753,-14.32572,0.01000307,214.7337,2.375325,40.75398,0.01000307,81.8553,5.701746,0.3991143,-14.9789,0.02249584,207.804,5.607337,40.1008,0.02249584,19.38767,6.748626,0.3929101,-14.80146,0.02491371,203.9085,4.743575,40.27824,0.02491371,29.86262,21.17031,1.221619,-14.32306,0.02491611,207.7899,5.654596,40.75665,0.02491611,84.8771,5.209825,0.09871758,-14.92681,0.007188394,217.8549,2.556536,40.15289,0.007188394,20.01135,15.35643,0.2802291,-14.4575,0.007187211,216.9194,2.582185,40.6222,0.007187211,59.07323,4.918447,0.143329,-14.95825,0.01221674,221.0985,3.059028,40.12145,0.01221674,17.71126,4.037704,0.1402334,-15.04123,0.01440407,215.067,2.439563,40.03847,0.01440407,15.31537,42.50203,0.1021227,0.4239882,6.206145,0.05502115,43.46864,0.1021227,-0.8773833,0.1160016,-999.0,138512128575816567,212.8576547753441,25.430018201331375,0.0005169949727132,1.829939947128878e-06,0.0008621179731562,2.640080083438079e-06,8.902729988098145,0.0011981800198554,3.3810099466791144e-06,0.0013777000131085,6.310000117082382e-06,0.0015461799921467,1.3097400369588286e-05,7,17,13,11,10,1.3297899961471558,1.277940034866333,1.3036072545215438,0.1609738640821337,1,True,ok,,9.79626,3.4286909999999997,6.857381999999999,5.260312855896792,True,resolved
55,barred,58,barred,z_0.10_masked/t213.1869+7.0251.r_ellipse.txt,213.1869,7.0251,0.0850010568884129,True,0.35,42.170340619179946,-20.382763333333333,37.97,0.25,7.51,-45.09,15468,239.54,241.19,141244.86+070130.4,spec-1825-53504-0468,213.1869,7.025123,0.09874205,-21.48478,66.55048,1.368774,-13.75301,0.0070074,1806.72,33.72102,41.68022,0.0070074,32.09311,23.60949,1.015388,-14.19701,0.01570942,1925.94,89.26976,41.23622,0.01570942,9.863489,9.566816,0.4615095,-14.62292,0.01793881,371.6623,8.263845,40.81032,0.01793881,29.79468,1.594773,0.2280932,-15.40375,0.05837217,268.8341,20.01744,40.02948,0.05837217,6.261401,1.012222,0.1256503,-15.55918,0.05212665,269.1935,18.82554,39.87406,0.05212665,4.225343,3.168097,0.3942605,-15.08373,0.05322521,264.5886,19.7992,40.3495,0.05322521,12.7884,2.989893,0.08998705,-15.09466,0.0130446,372.0496,8.287688,40.33858,0.0130446,10.06671,8.753583,0.2620124,-14.62542,0.01304125,376.9966,8.846106,40.80782,0.01304125,29.0485,1.891727,0.1103259,-15.30022,0.02500327,376.6711,8.825393,40.13302,0.02500327,6.018239,1.552084,0.1074843,-15.38047,0.02963391,373.9861,8.654766,40.05276,0.02963391,5.038396,43.24204,0.03160916,0.6635434,6.811528,0.04269906,44.20865,0.03160916,-0.742757,0.05312578,-999.0,116432131869690613,213.18690621121615,7.025103523705857,0.0007528360001742,1.975859959202353e-06,0.0013674499932676,2.032270003837766e-06,9.892930030822754,0.0019374600378796,2.807099917845335e-06,0.00233582011424,5.337330094334902e-06,0.0028708099853247,1.4054799976292998e-05,16,19,19,17,16,0.9869549870491028,0.9467549920082092,0.966646037014654,0.0255621875942581,1,True,ok,,9.79626,3.4286909999999997,6.857381999999999,7.093994841356851,True,resolved
56,barred,59,barred,z_0.10_masked/t213.5131+35.3865.r_ellipse.txt,213.5131,35.3865,0.0214525680750655,True,0.39,15.0,-38.00928,41.77,0.39,16.11,-38.01,15512,241.32,241.25,141403.15+352311.3,spec-1643-53143-0122,213.5131,35.3865,0.05743051,-20.32607,192.4513,5.030194,-13.07845,0.01084776,765.0013,21.80587,41.84259,0.01084776,114.7507,38.36106,0.8694732,-13.66989,0.008761005,936.095,38.12687,41.25116,0.008761005,27.83235,14.31224,4.48088,-14.20688,0.1339247,474.2958,19.43575,40.71417,0.1339247,20.08244,7.005689,0.7304031,-14.41017,0.04449468,359.1299,11.27783,40.51088,0.04449468,19.26818,4.543478,0.1346701,-14.60178,0.01273531,361.197,12.20741,40.31927,0.01273531,12.02539,13.87301,0.4130245,-14.12341,0.01273291,358.1977,11.38958,40.79764,0.01273291,36.29608,4.138469,0.201219,-14.75291,0.02128501,474.2336,19.40418,40.16814,0.02128501,5.688656,11.85757,0.5740205,-14.28369,0.02128374,473.4548,19.6419,40.63736,0.02128374,16.76635,1.835112,0.2056783,-15.11516,0.04805183,473.5182,19.69341,39.80589,0.04805183,2.408122,2.456198,0.2048065,-14.99071,0.03561812,473.689,19.6623,39.93034,0.03561812,3.186635,43.33102,0.01308075,1.01735,6.101091,0.03586373,44.29763,0.01308075,0.0566609,0.03817477,1.469308,150462135131544347,213.5131257239162,35.386491375858995,0.000886136025656,2.2089500362199033e-06,0.0012632600264623,3.218789970560465e-06,11.348600387573242,0.0018601199844852,2.382869979555835e-06,0.0020917700603604,5.230199803918367e-06,0.0022296500392258,1.1606700354604982e-05,14,32,14,19,17,1.1560100317001345,1.11572003364563,1.1356863790074967,0.0816328726604458,1,True,ok,,10.776660000000001,3.771831,7.543662,6.642381329423521,True,resolved
57,barred,60,barred,z_0.10_masked/t215.0179+47.1213.r_ellipse.txt,215.0179,47.1213,0.1576924891481042,True,0.26,51.53022996759432,-23.795546666666667,45.95,0.34,12.1,36.42,15693,242.27,242.13,142004.29+470716.8,spec-1287-52728-0402,215.0179,47.12134,0.0703766,-21.11197,84.27995,3.759726,-13.36338,0.01738769,2052.864,76.50005,41.74752,0.01738769,27.01962,25.05784,1.097742,-13.89962,0.01569811,2003.262,79.61829,41.21128,0.01569811,10.74174,9.231635,1.560528,-14.35336,0.07104228,692.5571,40.64071,40.75754,0.07104228,11.53403,0.3344175,0.1053317,-15.81015,0.1331292,113.2121,20.47066,39.30075,0.1331292,3.785573,6.87904,0.07330111,-14.44528,0.004385107,546.2758,6.950415,40.66562,0.004385107,15.81885,21.65349,0.2431186,-13.96688,0.004384339,549.1473,6.751392,41.14402,0.004384339,46.92325,5.490778,0.4337756,-14.55394,0.03411592,692.2686,40.88198,40.55696,0.03411592,7.065094,15.74983,1.207,-14.08473,0.03411578,690.3683,40.79834,41.02617,0.03411578,20.75521,2.016166,0.2191548,-14.98106,0.04680862,690.5791,40.8251,40.12984,0.04680862,2.578699,1.850602,0.223692,-15.01708,0.05176929,691.1211,40.76085,40.09382,0.05176929,2.391303,43.19817,0.03936706,0.6298347,6.837775,0.03880155,44.16478,0.03936706,-0.812873,0.055275,0.6050879,164542150179096226,215.0178995481297,47.12132449565576,0.00123028003145,2.571199956946657e-06,0.0021434500813484,2.7934900117543293e-06,9.778940200805664,0.003031289903447,3.1151801067608176e-06,0.0036291999276727,4.955129952577408e-06,0.0044439597986638,1.2406700079736764e-05,10,18,16,17,20,1.1274800300598145,1.116170048713684,1.1218107862182325,0.0881913074831181,1,True,ok,,11.8551,4.149285,8.29857,7.39747745515582,True,resolved
58,barred,61,barred,z_0.10_masked/t216.6059+15.6105.r_ellipse.txt,216.6059,15.6105,0.1131803008713996,True,0.42,40.10339006873561,-28.99804333333334,50.54,0.22,17.72,-72.3,15862,241.25,241.7,142625.42+153637.9,spec-2746-54232-0633,216.6059,15.61053,0.05523665,-20.95942,126.4323,3.067239,-13.22027,0.009350182,1350.124,37.28456,41.66475,0.009350182,47.0693,46.68628,1.029639,-13.63629,0.007566567,1450.529,42.74805,41.24873,0.007566567,19.83557,32.12749,1.894815,-13.82692,0.02440099,405.9339,9.299953,41.0581,0.02440099,55.35997,6.90814,0.4286314,-14.49718,0.02532097,314.466,6.698094,40.38784,0.02532097,18.46235,15.23395,0.5796682,-14.11268,0.01635675,314.2854,6.657346,40.77234,0.01635675,43.8359,48.28284,1.840383,-13.63432,0.01635943,314.8589,6.481034,41.2507,0.01635943,129.3333,6.829331,0.2084186,-14.49721,0.01323634,409.7512,9.123451,40.38781,0.01323634,11.69219,19.29046,0.5784855,-14.028,0.01323625,403.7288,9.675353,40.85703,0.01323625,34.76843,5.752252,0.2245543,-14.56287,0.01619704,406.1787,9.686375,40.32215,0.01619704,9.905203,4.473535,0.2229831,-14.67156,0.02109385,403.0783,9.377975,40.21346,0.02109385,7.741908,42.83899,0.04233855,0.4830609,6.447092,0.03190994,43.8056,0.04233855,-0.7813704,0.05301695,-999.0,126732166059623186,216.6059156739058,15.610521337098463,0.0015661299694329,2.7063499601354124e-06,0.0026820199564099,2.824240027621272e-06,12.017600059509276,0.0037837100680917,3.2418799946754007e-06,0.004346549976617,8.069509931374341e-06,0.0053569399751722,1.862640056060627e-05,9,17,13,10,9,1.1131500005722046,1.1003700494766235,1.1067415783300727,0.0940939262300183,2,True,ok,,13.03932,4.563762,9.127524,8.247204386928546,True,resolved
59,barred,62,barred,z_0.10_masked/t219.3064+54.9719.r_ellipse.txt,219.3064,54.9719,0.2553452646385495,True,0.34,25.15065968796737,34.80070666666666,25.94,0.11,10.0,-49.14,16154,240.88,240.99,143713.54+545818.6,spec-1162-52668-0156,219.3065,54.97186,0.09336096,-20.10576,107.8191,1.708477,-13.78678,0.005282799,788.3909,19.19975,41.59249,0.005282799,68.79285,24.32773,1.139109,-14.4523,0.01685168,662.1395,56.43777,40.92698,0.01685168,18.48974,30.83788,1.340989,-14.34128,0.01784844,321.877,3.769628,41.038,0.01784844,67.90527,5.936487,0.8569282,-15.08898,0.06022662,271.9843,5.439844,40.2903,0.06022662,15.30185,5.98863,0.1597546,-15.04156,0.01124818,275.0469,4.927795,40.33772,0.01124818,16.47291,18.58631,0.4890792,-14.56318,0.01124632,268.2459,5.388711,40.8161,0.01124632,50.34505,6.128485,0.1044427,-15.0177,0.006897513,321.0456,3.708596,40.36158,0.006897513,14.48616,18.43564,0.314785,-14.54849,0.006897639,322.1176,3.614177,40.83079,0.006897639,41.90088,8.15211,0.2367628,-14.90896,0.01232088,321.2239,3.718727,40.47031,0.01232088,18.09888,5.938722,0.2205043,-15.04669,0.01563612,324.5484,3.369884,40.33258,0.01563612,12.85841,42.98918,0.03335012,1.144641,5.601971,0.07554036,43.95579,0.03335012,0.2139421,0.08257468,-999.0,173962193064476913,219.30647829598723,54.97183647913863,0.0002889139868784,1.4464500281974324e-06,0.00047327298671,1.6784199488029117e-06,6.312870025634766,0.0007048689876683,1.844950020313263e-06,0.0007647720049135,3.335939936732757e-06,0.0008778130286373,7.669350452488288e-06,12,22,13,14,20,1.1256599426269531,1.082360029220581,1.1037976845392214,0.2801189367923489,2,True,ok,,6.692520000000001,2.342382,4.684764,4.244223434800597,True,resolved
60,barred,63,barred,z_0.10_masked/t219.4634+6.8326.r_ellipse.txt,219.4634,6.8326,0.031161822593052,True,0.34,24.94876832776459,-64.6048,31.38,0.1,9.09,-66.14,16177,241.07,241.66,143751.21+064957.3,spec-1828-53504-0569,219.4634,6.832607,0.08554875,-20.20527,156.69,3.437186,-13.70117,0.003707607,1094.32,12.49199,41.5945,0.003707607,74.61684,52.74237,3.340693,-14.13387,0.01482466,1258.371,49.85736,41.1618,0.01482466,15.26346,4.851059,0.5136511,-15.25264,0.0406523,203.9308,6.214022,40.04303,0.0406523,16.48984,1.267478,0.4770868,-15.81662,0.1551368,183.8881,14.74718,39.47905,0.1551368,3.256205,2.351923,0.3987686,-15.44577,0.07112649,183.4722,15.36426,39.8499,0.07112649,7.229496,7.434058,1.260733,-14.96883,0.07133682,186.2549,14.17203,40.32684,0.07133682,20.37889,1.923604,0.07100052,-15.59937,0.01601484,203.556,5.963705,39.6963,0.01601484,7.444873,5.642206,0.2082099,-15.13001,0.01600957,209.228,7.121611,40.16566,0.01600957,20.40137,1.935497,0.1419886,-15.60703,0.03134797,206.4493,6.442626,39.68864,0.03134797,6.904985,1.542189,0.1358986,-15.69789,0.03816873,207.2222,7.147056,39.59779,0.03816873,5.52747,42.55515,0.210585,0.3167931,6.254122,0.1008186,43.52176,0.210585,-0.8722408,0.2334747,-999.0,116192194634139569,219.4633922068651,6.832597917219915,0.0002792850136756,1.4079499806030071e-06,0.0004787810030393,1.896110006782692e-06,8.5726900100708,0.0006344519788399,2.02754995370924e-06,0.0007367780199274,3.859850039589219e-06,0.0008156319963745,7.760750122542959e-06,16,17,15,14,18,1.1229900121688845,1.1057900190353394,1.114356831061185,0.0288475109729661,1,True,ok,,8.09604,2.833614,5.667228,5.085649266046302,True,resolved
61,barred,64,barred,z_0.10_masked/t222.7889+29.4406.r_ellipse.txt,222.7889,29.4406,0.1795038743332233,True,0.48,32.63873235254398,-22.92825,41.77,0.13,17.72,3.96,16578,240.95,240.0,145109.32+292626.3,spec-2141-53764-0593,222.7889,29.44065,0.07547154,-21.07041,64.19434,1.124777,-13.84336,0.006218686,1660.805,27.78272,41.33333,0.006218686,32.6979,16.12131,0.7031701,-14.5038,0.01788019,1861.83,100.8039,40.67289,0.01788019,7.06385,4.031004,0.2701795,-15.09147,0.02752815,261.6189,8.855607,40.08522,0.02752815,16.62878,1.528502,0.1579712,-15.5819,0.04421373,259.8256,9.441338,39.59479,0.04421373,6.142884,2.330592,0.1389765,-15.32908,0.02591792,261.2243,9.58157,39.84761,0.02591792,10.6837,7.414384,0.4517759,-14.85073,0.02591916,255.3406,9.289538,40.32597,0.02591916,32.36985,1.169578,0.05282636,-15.5725,0.01978647,255.5633,9.698516,39.60419,0.01978647,5.65276,3.411921,0.1539944,-15.10318,0.01978376,251.2028,9.065208,40.07352,0.01978376,16.7792,1.276824,0.09675362,-15.54579,0.03226849,249.9523,8.869492,39.6309,0.03226849,5.956999,0.788363,0.1014656,-15.74498,0.05545785,255.0714,9.381836,39.43171,0.05545785,3.706478,42.38676,0.06517821,0.5923113,6.422178,0.05542421,43.35337,0.06517821,-1.208686,0.08555725,-999.0,143322227888669340,222.78884399629575,29.440645512118987,0.0007441000198014,2.1116200059623225e-06,0.0013545899419113,2.935519887614646e-06,12.209500312805176,0.0018755500204861,4.002929927082732e-06,0.0021440400741994,6.692840088362573e-06,0.00273123010993,1.8819799151970074e-05,13,9,12,8,17,1.178380012512207,1.1154899597167969,1.146503847655262,0.2401507983630611,1,True,ok,,10.776660000000001,3.771831,7.543662,6.579709274790219,True,resolved
62,barred,65,barred,z_0.10_masked/t226.2804+43.8347.r_ellipse.txt,226.2804,43.8347,0.1026407995888231,True,0.48,49.812245838097375,19.8112315,45.95,0.32,17.72,-7.9,16967,241.46,242.27,150507.30+435004.8,spec-1677-53148-0266,226.2804,43.83467,0.09348072,-20.66005,198.462,4.200122,-13.40325,0.004524643,1266.183,16.4971,41.97727,0.004524643,69.798,49.25814,1.343392,-13.97558,0.009106745,1482.724,50.81322,41.40494,0.009106745,17.15506,14.09123,1.089096,-14.58464,0.02849123,318.524,7.196438,40.79587,0.02849123,26.10534,4.659061,0.3987776,-15.03895,0.03729542,271.8472,11.73311,40.34157,0.03729542,11.74303,5.019959,0.4760786,-14.9619,0.0410972,269.4094,11.48112,40.41861,0.0410972,13.92178,15.77518,1.495675,-14.48352,0.04110117,266.5044,12.32831,40.897,0.04110117,41.7392,5.264955,0.1531098,-14.96269,0.01288331,320.0011,7.216588,40.41783,0.01288331,10.86427,15.57078,0.4602356,-14.49347,0.01288139,316.7889,7.62827,40.88705,0.01288139,32.61162,4.865525,0.217752,-14.99726,0.0187682,316.9749,7.698003,40.38325,0.0187682,9.988323,3.656982,0.206048,-15.11737,0.02376404,316.894,7.633339,40.26315,0.02376404,7.575332,43.00002,0.04784639,0.1722219,6.647417,0.03673738,43.96663,0.04784639,-0.8206655,0.0603234,-999.0,160602262804582266,226.2804480085262,43.834660906937195,0.0004953530151396,2.232060069218278e-06,0.0009231209987774,2.780659997370094e-06,10.058899879455566,0.0013105500256642,3.0533899462170666e-06,0.001548449974507,6.2630101638205815e-06,0.0017452000174671,1.187799989565974e-05,8,18,12,13,13,1.015910029411316,0.996810019016266,1.0063147100864167,0.1880131099192227,1,True,ok,,11.8551,4.149285,8.29857,8.24649576998369,True,resolved
63,barred,66,barred,z_0.10_masked/t226.7036+34.2186.r_ellipse.txt,226.7036,34.2186,0.151243324666729,True,0.27,36.30523047488666,-24.46559016666667,37.97,0.13,21.44,-34.56,17017,240.41,241.91,150648.85+341306.7,spec-1385-53108-0233,226.7036,34.21856,0.08801956,-21.30517,76.51245,1.027535,-13.78501,0.00477087,618.6962,16.2492,41.53784,0.00477087,90.79868,23.00264,0.5222726,-14.24817,0.008217838,487.8608,6.552777,41.07468,0.008217838,30.76876,13.14987,0.8380744,-14.55731,0.02847457,255.2312,4.216897,40.76554,0.02847457,54.13579,-999.0,-999.0,-999.0,-999.0,-999.0,-999.0,-999.0,-999.0,-999.0,1.685251,0.05808227,-15.38397,0.01476635,361.5906,17.32516,39.93888,0.01476635,4.353494,5.198479,0.1809693,-14.90558,0.01476234,360.1113,16.67309,40.41727,0.01476234,13.04424,3.131607,0.07016367,-15.17054,0.007523476,248.7553,4.677566,40.15231,0.007523476,13.55822,9.098647,0.1628636,-14.70131,0.007521939,243.2127,4.17936,40.62154,0.007521939,40.47009,2.320922,0.1128672,-15.30687,0.02058569,242.6236,4.159004,40.01598,0.02058569,9.869514,2.215301,0.1168799,-15.32544,0.02222145,245.9592,4.483318,39.99741,0.02222145,9.339171,43.28251,0.01353764,1.06664,5.495962,0.01316134,44.24912,0.01353764,0.613279,0.01888091,-999.0,149062267036572905,226.70359590232664,34.218563921485,0.0007218500250019,2.8255299184820615e-06,0.0010089100105687,2.9303300834726542e-06,10.669899940490724,0.0013642599806189,2.844929895218229e-06,0.0013992299791425,5.067190159024904e-06,0.0016000199830159,1.2661999789997935e-05,12,19,12,10,14,1.3201899528503418,1.3031799793243408,1.3116573925609198,0.1304541960191301,1,True,ok,,9.79626,3.4286909999999997,6.857381999999999,5.2280283242344545,True,resolved
64,barred,67,barred,z_0.10_masked/t229.0481+15.0771.r_ellipse.txt,229.0481,15.0771,0.1404345723102875,True,0.28,34.56593720075002,-69.05259666666666,31.38,0.15,17.72,-60.62,17259,242.61,240.97,151611.53+150437.4,spec-2766-54242-0072,229.0481,15.07706,0.08271035,-20.3926,177.7843,3.016554,-13.27359,0.004267059,1350.736,14.95797,41.98993,0.004267059,72.64671,56.40721,1.283548,-13.72518,0.007415345,1502.588,33.29588,41.53833,0.007415345,20.94072,9.08007,0.7600178,-14.60931,0.03328545,301.8239,12.42291,40.65421,0.03328545,21.47037,2.117915,0.2705729,-15.18842,0.05341326,236.2018,6.337905,40.0751,0.05341326,6.691659,6.459022,0.2661326,-14.66485,0.01743189,231.7661,5.526891,40.59866,0.01743189,22.15791,20.05247,0.8316049,-14.18658,0.01743144,231.0129,5.365498,41.07693,0.01743144,66.30644,3.724651,0.1601513,-14.93879,0.01875033,305.6656,11.43088,40.32472,0.01875033,9.918709,10.8676,0.4598384,-14.46953,0.01874415,301.4057,12.87182,40.79398,0.01874415,29.69662,1.823357,0.1569354,-15.25336,0.03712214,303.2969,12.11236,40.01015,0.03712214,4.73155,1.622239,0.1478954,-15.29784,0.03939272,301.1123,13.35862,39.96568,0.03939272,4.318578,43.2113,0.03120133,0.2721031,6.719094,0.02382412,44.17791,0.03120133,-0.6810618,0.03925699,-999.0,126092290479962973,229.0480310412098,15.077053811425383,0.000458794995211,1.233810053236084e-06,0.0007589919841848,1.8258399450132856e-06,6.660220146179199,0.0011891999747604,2.3007798972685123e-06,0.0013112899614498,4.167869974480709e-06,0.0015634200535714,1.0013899554905947e-05,17,22,13,15,12,1.067759990692139,1.0441900491714478,1.055909256131477,0.2917321367537434,1,True,ok,,8.09604,2.833614,5.667228,5.367154390485183,True,resolved
65,barred,68,barred,z_0.05_masked/t229.1436+20.9772.r_ellipse.txt,229.1436,20.9772,0.0037394760461512,True,0.35,43.22164079535905,34.81066666666667,31.38,0.25,10.0,-11.5,17270,241.66,243.08,151634.45+205837.9,spec-2156-54525-0504,229.1436,20.9772,0.0397765,-19.13696,85.63025,1.608806,-13.77842,0.004658874,808.7491,15.51143,40.8053,0.004658874,61.84895,25.98659,1.148083,-14.28887,0.01429567,745.7978,29.76998,40.29485,0.01429567,18.29925,4.320686,0.5905523,-15.12641,0.05666623,225.784,4.71499,39.45732,0.05666623,14.48802,0.4430193,0.2904654,-16.1086,0.2961763,252.335,4.146469,38.47512,0.2961763,1.192357,8.149342,0.08529017,-14.73876,0.004040788,247.5652,2.328554,39.84496,0.004040788,27.95245,25.68845,0.2753233,-14.26029,0.004041007,251.1536,2.587925,40.32344,0.004041007,82.2997,2.34611,0.06533105,-15.31346,0.01191091,231.9393,5.444032,39.27026,0.01191091,9.141687,6.817421,0.1879601,-14.8443,0.0119103,225.8881,4.841781,39.73943,0.0119103,27.66118,3.141601,0.1351778,-15.18903,0.01821907,229.4245,5.414703,39.3947,0.01821907,11.99124,2.521149,0.1316526,-15.27542,0.02220383,224.5967,4.658504,39.30831,0.02220383,10.06357,41.79989,0.1335084,0.613356,5.356082,0.06936547,42.7665,0.1335084,-0.7294618,0.1504529,-999.0,133172291435623258,229.14357668976433,20.97722594395004,0.000409803004004,1.7845000002125744e-06,0.0007786779897287,2.146749920939328e-06,7.836770057678223,0.0010315700201317,1.7350199641441575e-06,0.0012635700404644,4.8348902055295184e-06,0.0014800500357523,1.0402000043541191e-05,7,29,12,12,12,1.0567699670791626,1.0135799646377563,1.034949692430671,0.1219128634975987,1,True,ok,,8.09604,2.833614,5.667228,5.475848769702045,True,resolved
66,barred,69,barred,z_0.10_masked/t230.5398+45.1900.r_ellipse.txt,230.5398,45.19,0.1472530289911326,True,0.39,49.16437714710969,-13.2036335,55.6,0.32,12.1,35.48,17431,242.52,240.97,152209.55+451124.1,spec-1051-52468-0469,230.5398,45.19004,0.06582694,-21.32227,77.05948,1.994128,-13.74883,0.01007794,1426.467,29.35561,41.2994,0.01007794,34.12538,27.96205,1.077048,-14.208,0.01435788,1781.188,68.2626,40.84023,0.01435788,9.622219,11.83895,0.7758312,-14.59335,0.02803345,453.8002,10.9854,40.45488,0.02803345,21.81445,2.526033,0.3285478,-15.2934,0.05542985,399.7011,19.5663,39.75483,0.05542985,5.126174,3.259419,0.3130075,-15.12727,0.04180187,402.6659,19.50148,39.92096,0.04180187,7.244067,10.41534,1.007453,-14.64888,0.04180262,400.2928,19.78085,40.39935,0.04180262,21.76046,4.865577,0.1628756,-14.93558,0.01460644,452.7986,11.39572,40.11265,0.01460644,9.974366,14.34092,0.4706129,-14.46639,0.01460949,451.1814,11.8176,40.58184,0.01460949,29.44381,3.624845,0.1705148,-15.07612,0.01998841,451.1987,11.85256,39.97211,0.01998841,7.090729,2.878965,0.1667961,-15.17079,0.0246148,451.5068,11.62152,39.87744,0.0246148,5.674684,42.493,0.06047002,0.9042972,6.32233,0.04299483,43.45961,0.06047002,-1.002598,0.07419689,-999.0,162222305398438678,230.53981861870295,45.190029753168105,0.0011941799893975,3.207979943908867e-06,0.0018067499622702,3.0505900667776582e-06,13.57289981842041,0.0025140200741589,4.607719802152133e-06,0.0027304401155561,8.127260116452817e-06,0.0031982199288904,2.0971699996152893e-05,11,21,17,10,13,1.0764199495315552,1.0433399677276611,1.059750893090288,0.1170653037888425,2,True,ok,,14.344800000000001,5.0206800000000005,10.041360000000001,9.475207867689434,True,resolved
67,barred,70,barred,z_0.10_masked/t232.1350+28.9642.r_ellipse.txt,232.135,28.9642,0.0730625612168717,True,0.37,35.736038504431704,71.53623333333333,41.77,0.15,21.44,63.89,17611,240.69,241.41,152832.40+285751.2,spec-1652-53555-0279,232.135,28.96422,0.06333345,-20.68439,91.28011,1.083306,-13.421,0.004326192,1975.907,28.43805,41.59105,0.004326192,39.2617,17.93031,0.8135811,-14.13341,0.01815539,2123.066,140.1616,40.87863,0.01815539,7.880213,10.81372,0.3293268,-14.36165,0.01271188,274.2333,5.237342,40.6504,0.01271188,45.66597,2.725911,0.1716768,-14.99269,0.02571805,258.6901,8.090132,40.01936,0.02571805,13.01682,2.35085,0.1146453,-15.01013,0.02106458,263.2751,7.511778,40.00191,0.02106458,12.02427,7.416112,0.3633106,-14.5318,0.02106788,262.0396,7.132571,40.48025,0.02106788,36.07826,1.857933,0.0550694,-15.10513,0.01296697,267.5317,5.678806,39.90692,0.01296697,8.488586,5.630614,0.16847,-14.63601,0.01297149,266.761,5.525457,40.37604,0.01297149,24.91568,1.741672,0.1028524,-15.14861,0.02526335,263.602,5.421862,39.86344,0.02526335,7.564322,1.638215,0.09494473,-15.17647,0.02483529,270.726,5.199116,39.83558,0.02483529,6.932323,42.93255,0.03253081,0.7527122,6.725689,0.05918199,43.89916,0.03253081,-0.966409,0.06753341,-999.0,142752321350307666,232.13504425489865,28.964227696200084,0.0009108529775403,2.2438000542024383e-06,0.0016829799860715,3.338670012453804e-06,11.59340000152588,0.002379149897024,3.534880079314462e-06,0.0028140200302004,6.962990028114291e-06,0.0033787700813263,1.2900200090371072e-05,11,19,8,14,15,1.004649996757507,0.9366430044174194,0.9700507158653624,0.1713799232480734,1,True,ok,,10.776660000000001,3.771831,7.543662,7.776564541030676,True,resolved
68,barred,71,barred,z_0.10_masked/t233.4196+18.5183.r_ellipse.txt,233.4196,18.5183,0.0692831665215594,True,0.43,25.28077993344026,18.601235,37.97,0.09,13.31,63.45,17751,241.86,241.22,153340.69+183105.9,spec-2164-53886-0135,233.4196,18.51832,0.09151086,-20.94664,132.1492,1.377328,-13.48184,0.003604203,1671.786,17.474,41.87823,0.003604203,47.79885,36.64626,0.8548574,-14.05497,0.009047417,2062.634,66.11742,41.3051,0.009047417,11.9937,-999.0,-999.0,-999.0,-999.0,-999.0,-999.0,-999.0,-999.0,-999.0,1.122661,0.2468035,-15.61522,0.0951724,271.2361,34.60653,39.74485,0.0951724,3.637319,0.4689879,0.08179655,-15.94453,0.07604887,269.98,35.08482,39.41555,0.07604887,1.667235,1.484802,0.2604681,-15.46615,0.07605836,270.5354,35.16322,39.89393,0.07605836,4.957228,-999.0,-999.0,-999.0,-999.0,-999.0,-999.0,-999.0,-999.0,-999.0,0.3647129,0.0900623,-16.01776,0.1017609,68.96649,0.0,39.34232,0.1017609,4.898551,-999.0,-999.0,-999.0,-999.0,-999.0,-999.0,-999.0,-999.0,-999.0,-999.0,-999.0,-999.0,-999.0,-999.0,-999.0,-999.0,-999.0,-999.0,42.88996,0.04790821,0.6644548,6.712333,0.03521337,43.85657,0.04790821,-0.9956395,0.05945736,-999.0,130222334195752511,233.41956530451353,18.51829057419251,0.000531725003384,2.610199999253382e-06,0.0010118499631062,2.0396500985953026e-06,9.447380065917969,0.0015115400310605,2.6291199901606888e-06,0.0019729300402104,6.150659828563221e-06,0.0023354100994765,1.230850011779694e-05,8,19,13,13,10,1.045259952545166,0.9959049820899964,1.0202840753039737,0.123201670561361,1,True,ok,,9.79626,3.4286909999999997,6.857381999999999,6.7210516815691514,True,resolved
69,barred,72,barred,z_0.05_masked/t239.7901+35.0299.r_ellipse.txt,239.7901,35.0299,0.142597116819391,True,0.66,15.0,59.86055166666666,81.4,0.66,67.28,59.51,18407,244.18,240.8,155909.62+350147.4,spec-1417-53141-0078,239.7901,35.02986,0.03102375,-20.90197,212.2999,3.8801,-12.44458,0.004658363,699.267,16.80459,41.91383,0.004658363,80.86625,43.86343,0.7284752,-13.01738,0.006520038,1066.225,37.07185,41.34103,0.006520038,33.85598,-999.0,-999.0,-999.0,-999.0,-999.0,-999.0,-999.0,-999.0,-999.0,8.041144,0.658285,-13.75629,0.03519465,323.4024,12.70273,40.60213,0.03519465,29.61746,1.593397,0.1095993,-14.46781,0.02965739,321.3517,13.10506,39.8906,0.02965739,5.705335,4.901908,0.3366761,-13.9894,0.02965571,320.8969,13.36812,40.36901,0.02965571,17.07796,-999.0,-999.0,-999.0,-999.0,-999.0,-999.0,-999.0,-999.0,-999.0,1.926743,0.4085246,-14.44359,0.0970277,69.10942,0.0,39.91482,0.0970277,11.49984,0.4385945,0.3928845,-14.91608,0.2381857,69.10942,0.0,39.44233,0.2381857,2.497941,0.0001483984,0.0001483984,-14.98458,3.627554,69.10942,0.0,39.37383,3.627554,0.0008362186,43.33791,0.01110959,1.189006,6.15717,0.03061119,44.30452,0.01110959,0.007471715,0.03256482,-0.01797863,150032397898586488,239.7900958146644,35.02987498896186,0.0027023099828511,2.9744298899458954e-06,0.0085453996434807,5.454910024127457e-06,19.069700241088867,0.0114454003050923,6.869349817861803e-06,0.0135514996945858,1.4345299859996883e-05,0.0112862000241875,2.0533099814201705e-05,9,19,12,15,14,0.9882439970970154,0.9578830003738404,0.9729450781214352,0.0908811103005261,1,True,ok,,21.0012,7.35042,14.70084,15.109629855350539,True,resolved
70,barred,73,barred,z_0.10_masked/t241.0388+23.2421.r_ellipse.txt,241.0388,23.2421,0.1745286372683039,True,0.4,39.40137294864623,-12.830374133333336,28.53,0.19,10.0,12.45,18527,241.61,241.76,160409.30+231431.7,spec-1852-53534-0326,241.0388,23.24215,0.08844264,-19.90588,134.7724,3.613131,-13.92084,0.006292691,1387.794,22.8379,41.40656,0.006292691,29.34289,45.38321,3.063242,-14.34094,0.0201325,1744.457,78.78106,40.98646,0.0201325,7.218739,14.4692,1.085088,-14.94245,0.01751784,193.1407,4.542965,40.38495,0.01751784,27.8089,3.465993,0.4747072,-15.52453,0.04641103,182.2236,7.494901,39.80287,0.04641103,6.659182,5.125091,0.4632531,-15.27755,0.03862765,184.4051,7.221276,40.04985,0.03862765,10.89379,16.0193,1.433089,-14.79912,0.03863092,183.8226,6.98632,40.52829,0.03863092,32.49649,3.809512,0.1186634,-15.45605,0.0128928,189.4021,4.810264,39.87135,0.0128928,9.058343,11.13233,0.3331201,-14.98687,0.01289185,189.164,4.601268,40.34053,0.01289185,26.87071,2.784107,0.3142696,-15.59577,0.0479576,188.9225,4.449754,39.73163,0.0479576,6.563383,3.129514,0.279083,-15.53884,0.03782726,189.7701,4.872919,39.78856,0.03782726,7.176975,42.69535,0.08958849,0.790363,6.435166,0.05624924,43.66196,0.08958849,-0.9130836,0.1057832,-999.0,135892410387791151,241.0387419125892,23.2421506849852,0.0002457759983371,1.5697399931013931e-06,0.0004077769990544,1.8767100300465245e-06,8.417340278625488,0.0005711219855584,2.0312199922045693e-06,0.0006869729841127,4.773230102728121e-06,0.0007441249908879,8.947020432970021e-06,15,24,19,17,15,1.1937099695205688,1.090250015258789,1.1408077456277936,0.264977671138811,1,True,ok,,7.360740000000001,2.5762590000000003,5.152518000000001,4.516552433788515,True,resolved
71,barred,74,barred,z_0.05_masked/t241.7335+37.3216.r_ellipse.txt,241.7335,37.3216,0.036937562542079,True,0.47,15.0,41.06444,50.54,0.38,8.26,33.57,18614,241.78,241.25,160656.03+371917.8,spec-1055-52761-0086,241.7335,37.32161,0.04112531,-20.37442,62.81138,1.547213,-14.02468,0.008139926,1048.236,28.97203,40.58945,0.008139926,27.13715,12.58171,1.314445,-14.71169,0.04198391,1281.717,159.4643,39.90244,0.04198391,3.97098,14.84005,0.7092202,-14.703,0.0162809,239.5021,4.403365,39.91113,0.0162809,35.9265,3.60947,0.3625087,-15.29731,0.04093373,264.1529,6.405494,39.31682,0.04093373,7.322718,5.124928,0.09751987,-15.09137,0.007358881,270.4779,5.38333,39.52276,0.007358881,11.23196,15.92963,0.3090563,-14.61302,0.00736203,269.4661,5.411846,40.00111,0.00736203,33.63636,3.79621,0.08940025,-15.22163,0.00970639,232.7095,4.585187,39.3925,0.00970639,11.23763,11.0759,0.2564309,-14.75253,0.009710117,228.5702,3.957149,39.8616,0.009710117,33.67754,3.071073,0.1679393,-15.31036,0.02300901,228.1785,3.996517,39.30377,0.02300901,9.151035,3.051465,0.1642794,-15.30538,0.022692,230.562,4.053204,39.30875,0.022692,9.107114,42.18599,0.04567176,0.607542,6.002205,0.1100021,43.1526,0.04567176,-0.9894834,0.1191066,-999.0,152782417335146556,241.7334864945904,37.32160894919466,0.0012685500551015,3.036399903066922e-06,0.0021125699859112,3.784479986279621e-06,14.23799991607666,0.0027650999836623,2.8127799396315822e-06,0.0033644000068306,8.179939868568908e-06,0.0039620301686227,2.1751000531367023e-05,12,34,14,13,13,0.9415270090103148,0.8833770155906677,0.9119886618360667,0.0503276928694404,1,True,ok,,13.03932,4.563762,9.127524,10.008374426085469,True,resolved
72,barred,75,barred,z_0.10_masked/t242.0278+42.6827.r_ellipse.txt,242.0278,42.6827,0.0686391104288193,True,0.3,23.50666256192593,-21.02063233333333,41.77,0.09,9.09,68.2,18644,241.06,241.48,160806.68+424057.8,spec-1170-52756-0162,242.0278,42.68272,0.0844035,-21.4723,173.9874,3.290693,-13.25425,0.003529945,1254.442,14.74406,42.02852,0.003529945,76.98035,47.25037,2.077692,-13.73496,0.01217851,1467.231,53.21074,41.54781,0.01217851,16.6709,16.90771,0.9207084,-14.30296,0.01862617,278.4387,5.802669,40.97981,0.01862617,44.51797,3.51177,0.5076882,-14.90606,0.05786927,304.6996,15.74698,40.37671,0.05786927,7.87829,1.968448,0.1567085,-15.10821,0.03471692,302.6547,16.3954,40.17456,0.03471692,4.879732,6.184931,0.4934814,-14.6298,0.03471703,304.8901,15.27909,40.65297,0.03471703,14.37951,4.057528,0.10302,-14.87352,0.01096771,284.1967,5.397874,40.40925,0.01096771,11.72496,11.93279,0.3017218,-14.40434,0.01096608,277.0058,6.0847,40.87843,0.01096608,35.31007,2.982663,0.1588949,-15.01503,0.02264488,280.5077,5.724038,40.26774,0.02264488,8.38325,2.137043,0.140779,-15.15366,0.02803536,275.0363,6.279147,40.12911,0.02803536,6.186051,43.23771,0.06751645,0.4367761,6.652659,0.04376484,44.20432,0.06751645,-0.5882183,0.08046013,-999.0,159212420278679879,242.02782609708353,42.682737569273606,0.000923921004869,2.2078199890529504e-06,0.0015237299958243,2.3033999241306446e-06,9.264650344848633,0.0021516100969165,2.091959913741448e-06,0.0024177900049835,5.405519914347678e-06,0.0029672300443053,1.5881500075920485e-05,9,40,12,11,12,1.0547000169754028,1.0466099977493286,1.0506472207134243,0.1518625769849536,1,True,ok,,10.776660000000001,3.771831,7.543662,7.1800142343474755,True,resolved
73,barred,76,barred,z_0.10_masked/t247.3751+42.1176.r_ellipse.txt,247.3751,42.1176,0.1082205561873895,True,0.26,32.388457219074525,-16.159636666666668,34.52,0.13,10.0,54.91,19134,241.5,241.96,162930.01+420703.2,spec-0816-52379-0489,247.3751,42.11757,0.07168863,-20.0926,88.48368,1.537426,-13.70578,0.004755693,1210.442,15.44401,41.42246,0.004755693,54.80366,22.20499,1.251178,-14.27348,0.0191852,1370.341,44.05348,40.85477,0.0191852,12.75692,5.544286,0.3811587,-14.97296,0.02547396,222.6561,6.636683,40.15529,0.02547396,23.31106,1.527529,0.1636687,-15.51,0.03972752,194.6784,8.185794,39.61825,0.03972752,7.551261,2.090259,0.2340626,-15.27494,0.04879973,193.5579,8.079065,39.8533,0.04879973,12.98366,6.557655,0.7371745,-14.79656,0.04879907,196.3466,7.977763,40.33169,0.04879907,36.77886,1.31722,0.05510822,-15.51315,0.01834387,222.6773,6.619687,39.6151,0.01834387,6.727363,3.845478,0.1604352,-15.04389,0.01834035,232.0163,7.839558,40.08435,0.01834035,18.73359,1.514464,0.1004008,-15.45474,0.02857427,228.7571,7.646013,39.67351,0.02857427,7.251425,1.077162,0.09204391,-15.59475,0.03668927,227.1205,7.540173,39.5335,0.03668927,5.284879,42.69124,0.07176775,0.5180201,6.318972,0.04269316,43.65785,0.07176775,-0.8010021,0.08350638,-999.0,158542473750721704,247.3750639624292,42.11755624550068,0.0004726990009658,1.435819967809948e-06,0.0007379670278169,1.6970700471574671e-06,7.318319797515869,0.0010354899568483,2.1779799226351315e-06,0.0011878199875354,3.920919880329166e-06,0.0012376400409266,8.270860234915745e-06,15,23,14,12,17,1.0410000085830688,0.984266996383667,1.0122361145915657,0.1845867937097362,1,True,ok,,8.906160000000002,3.1171560000000005,6.234312000000001,6.1589503774181455,True,resolved
74,barred,77,barred,z_0.10_masked/t247.9676+34.8913.r_ellipse.txt,247.9676,34.8913,0.0729140363781926,True,0.5,20.43843881607101,-41.86761833333333,41.77,0.06,14.64,62.83,19200,242.0,242.04,163152.23+345328.7,spec-1338-52765-0049,247.9676,34.89132,0.07238188,-21.20273,98.37797,5.404953,-13.52722,0.02054737,1496.823,49.08428,41.61004,0.02054737,49.95143,33.26544,1.365818,-13.97564,0.01705459,1821.862,43.90392,41.16162,0.01705459,13.71963,8.46666,2.467236,-14.62451,0.1299483,640.5507,63.15406,40.51275,0.1299483,13.42434,2.198232,0.8916243,-15.15883,0.1703308,753.785,102.6507,39.97843,0.1703308,3.146145,1.235205,0.3267207,-15.39608,0.1167382,753.8157,102.9743,39.74118,0.1167382,1.900213,3.909949,1.040572,-14.91767,0.1167315,754.0638,102.7435,40.21959,0.1167315,5.659816,3.873176,0.4573847,-14.92517,0.05168399,640.3344,63.55373,40.21209,0.05168399,6.601181,11.24528,1.308902,-14.45596,0.05168314,639.3668,63.42924,40.6813,0.05168314,19.38979,1.84173,0.1668692,-15.24772,0.03897674,639.4852,63.7745,39.88954,0.03897674,3.052321,1.32061,0.1520564,-15.38941,0.04963636,639.6956,63.32232,39.74786,0.04963636,2.217006,43.03147,0.02726243,0.8052138,6.618933,0.02426185,43.99808,0.02726243,-0.7607299,0.0364949,-999.0,149872479675500203,247.96761267559577,34.891309477975675,0.0010024500079452,1.798410039555165e-06,0.0016654500504955,1.9790900296356995e-06,9.323129653930664,0.0023890100419521,2.053169964710833e-06,0.0028594699688255,5.461500222736504e-06,0.0033597201108932,1.250100012839539e-05,15,28,19,16,16,1.011389970779419,0.9808260202407836,0.995990762984788,0.0506475255099457,1,True,ok,,10.776660000000001,3.771831,7.543662,7.574028073707363,True,resolved
75,barred,78,barred,z_0.05_masked/t248.2396+11.8445.r_ellipse.txt,248.2396,11.8445,0.0440269332304172,True,0.3,32.25133036749867,-51.038153333333334,41.77,0.13,9.09,-49.06,19221,241.72,240.9,163257.50+115040.1,spec-2533-54585-0434,248.2396,11.84449,0.0463713,-20.28109,122.8793,1.435296,-13.56415,0.002927797,989.8519,10.96328,41.15963,0.002927797,90.52601,45.18215,1.055543,-14.00047,0.006997482,1251.51,26.21349,40.72332,0.006997482,24.44656,6.835083,0.4752147,-14.86194,0.02836885,211.5204,4.372385,39.86184,0.02836885,31.24779,1.692398,0.1965681,-15.47015,0.04935585,189.4584,6.363105,39.25363,0.04935585,7.97085,3.587008,0.3090373,-15.10241,0.03734559,187.759,6.783516,39.62137,0.03734559,18.44515,11.08592,0.9596871,-14.62399,0.03734562,191.7186,5.789207,40.09979,0.03734562,52.08488,2.035276,0.05695081,-15.32782,0.01217697,212.9429,4.524999,39.39596,0.01217697,10.56582,5.963747,0.1671518,-14.85869,0.01218136,216.1071,5.127795,39.8651,0.01218136,30.08109,1.941094,0.09597415,-15.36585,0.02102097,219.6756,5.633741,39.35793,0.02102097,8.959247,1.334665,0.09275094,-15.51757,0.02993051,213.2983,4.666766,39.20621,0.02993051,6.613682,42.47927,0.02976695,0.824619,6.037489,0.02259238,43.44588,0.02976695,-0.731486,0.0373696,-999.0,122212482395993857,248.239585915262,11.8444799425258,0.0007584430277347,2.083429990307195e-06,0.0013195800129324,1.705319959910412e-06,10.707300186157228,0.0018750099698081,3.478420012470451e-06,0.0022698999382555,6.27349982096348e-06,0.0027546999044716,1.2690399671555497e-05,19,24,27,16,14,1.135010004043579,1.0719399452209473,1.1030242796782406,0.0876157732414097,1,True,ok,,10.776660000000001,3.771831,7.543662,6.839071577101219,True,resolved
76,barred,79,barred,z_0.10_masked/t248.7189+28.8158.r_ellipse.txt,248.7189,28.8158,0.0759854115688695,True,0.48,52.66031515987798,27.516656666666663,31.38,0.3,12.1,16.78,19274,242.07,240.6,163452.53+284856.8,spec-2948-54553-0407,248.7189,28.81578,0.09767059,-20.43571,57.98825,2.106195,-14.17405,0.01275357,2043.178,61.17515,41.24866,0.01275357,13.53097,13.2727,1.348148,-14.8282,0.04060038,2150.818,219.2938,40.59452,0.04060038,3.158371,10.53652,0.6175575,-14.95191,0.01792733,288.5682,6.63815,40.47081,0.01792733,22.40892,3.340019,0.3722605,-15.50777,0.04233939,309.5376,20.14093,39.91494,0.04233939,6.619597,2.799249,0.3361398,-15.48051,0.05310898,311.2135,18.19338,39.9422,0.05310898,6.789267,8.812799,1.065232,-15.00213,0.05310641,309.0638,19.62357,40.42059,0.05310641,20.56568,3.129378,0.1086012,-15.43906,0.01365884,287.3289,6.733222,39.98365,0.01365884,7.363271,9.090642,0.2866371,-14.96993,0.01365954,280.9342,7.773576,40.45279,0.01365954,22.06542,4.05182,0.206994,-15.32372,0.0216635,281.4417,7.538058,40.099,0.0216635,9.573235,3.129718,0.2004089,-15.43231,0.02725254,282.9867,7.194832,39.99041,0.02725254,7.404428,42.54406,0.09760798,0.2009447,6.755269,0.09885409,43.51067,0.09760798,-1.384477,0.1389225,-999.0,142572487189149497,248.71886348296647,28.815751249382668,0.0002786290133371,1.422860009370197e-06,0.0005109750200062,1.6150600004039006e-06,8.197179794311523,0.0007449589902535,2.459760025885771e-06,0.0008522109710611,4.838459972233977e-06,0.0009016129770316,9.103139746002851e-06,16,17,17,16,13,0.9400259852409364,0.8672739863395691,0.9029175396915756,0.2099241567538127,1,True,ok,,8.09604,2.833614,5.667228,6.276573165181671,True,resolved
77,barred,80,barred,z_0.10_masked/t248.7561+30.9034.r_ellipse.txt,248.7561,30.9034,0.141541598421289,True,0.45,50.530664749053656,-38.1165,41.77,0.35,9.09,-23.53,19275,241.1,242.48,163501.45+305412.1,spec-1685-53463-0581,248.7561,30.90336,0.05442749,-20.76803,149.9968,2.453182,-13.20305,0.005188176,1096.39,17.22027,41.6683,0.005188176,58.42535,31.52481,1.299341,-13.91058,0.01418283,1149.798,42.7891,40.96078,0.01418283,15.80835,2.926532,0.8046803,-14.94082,0.1163719,305.4546,11.35937,39.93054,0.1163719,5.562294,0.9033227,0.3490764,-15.46109,0.164655,331.6863,8.404295,39.41026,0.164655,2.242449,7.807593,0.2343691,-14.49652,0.01289962,332.1815,8.21379,40.37484,0.01289962,20.15368,24.55908,0.7387191,-14.01808,0.01289782,330.7512,8.239845,40.85328,0.01289782,60.88837,4.430698,0.1817771,-14.72507,0.01781929,305.5243,11.23137,40.14629,0.01781929,9.111983,12.83832,0.5211766,-14.25584,0.01781809,309.6076,10.00622,40.61552,0.01781809,26.09699,4.756397,0.230037,-14.70634,0.02058699,309.2744,10.07512,40.16502,0.02058699,9.090728,3.826591,0.2049077,-14.7947,0.02257164,307.3112,10.42844,40.07665,0.02257164,7.467749,42.74996,0.05092186,0.5530564,6.180721,0.0396224,43.71657,0.05092186,-0.6040273,0.06452109,0.759028,145082487561084641,248.7560859976779,30.9033670834396,0.0010216799564659,1.9008399476661e-06,0.0016343799652531,2.3666300421609776e-06,8.832509994506836,0.0021442999131977,2.5237200134142768e-06,0.0026751600671559,4.69366977995378e-06,0.0033330998849123,1.333719956164714e-05,13,15,12,12,15,0.983161985874176,0.954272985458374,0.9686097890530188,0.1261463627400816,2,True,ok,,10.776660000000001,3.771831,7.543662,7.788133142217379,True,resolved
78,barred,81,barred,z_0.10_masked/t326.2658+6.0386.r_ellipse.txt,326.2658,6.0386,0.0717142754266929,True,0.45,20.402605732820547,7.858845166666665,37.97,0.06,12.1,-69.52,20356,242.29,242.76,214503.80+060218.8,spec-4091-55498-0594,326.2658,6.038582,0.05963278,-20.92357,57.89013,1.172942,-13.79713,0.005446772,1079.465,18.50307,41.15884,0.005446772,52.88257,14.63418,0.493614,-14.36668,0.01277361,685.6639,24.64785,40.58929,0.01277361,23.02942,14.29797,0.4759955,-14.4416,0.009291471,216.1977,2.583615,40.51437,0.009291471,86.26567,0.4103285,0.05125269,-15.95086,0.05346456,68.96649,0.0,39.00511,0.05346456,9.204576,2.853301,0.04738683,-15.06673,0.006973113,316.8008,5.739414,39.88924,0.006973113,14.26781,8.875727,0.1462335,-14.58839,0.006975056,316.9147,5.78762,40.36758,0.006975056,42.40654,2.606117,0.04165057,-15.12949,0.006896196,213.1108,2.367777,39.82648,0.006896196,18.23419,7.665974,0.122678,-14.66022,0.006893682,216.4163,2.582737,40.29575,0.006893682,51.89944,2.475006,0.07546411,-15.16751,0.01295222,213.7827,2.409346,39.78846,0.01295222,16.1799,2.06184,0.07027467,-15.23936,0.01460425,220.9967,3.076584,39.7166,0.01460425,12.97978,42.8588,0.01731704,0.9324384,5.647894,0.03218128,43.82541,0.01731704,0.03763737,0.03654469,-999.0,115243262658316810,326.2658356010741,6.038578712009466,0.0010160099482163,1.9044199461859537e-06,0.0017615299439057,2.586109985713847e-06,9.64799976348877,0.0024447001051157,2.061540044451249e-06,0.0028631100431084,6.686109827569453e-06,0.0035957801155745,1.4052199730940629e-05,16,29,11,17,15,1.1094900369644165,1.0743900537490845,1.0917990018534882,0.1487191638770015,1,True,ok,,9.79626,3.4286909999999997,6.857381999999999,6.280809918637581,True,resolved
79,barred,82,barred,z_0.10_masked/t330.6410-7.5403.r_ellipse.txt,330.641,-7.5403,0.0582852130733071,True,0.41,51.83382129124638,-46.47047,50.54,0.35,21.44,-72.6,20571,241.89,241.06,220233.84-073225.0,spec-0717-52468-0492,330.641,-7.540286,0.05932403,-20.80231,274.5807,5.902109,-12.98712,0.005424228,1492.777,22.22626,41.964,0.005424228,64.75226,78.67986,1.785072,-13.44995,0.006895894,1708.512,40.23972,41.50117,0.006895894,22.43094,24.1746,1.996813,-14.06642,0.03280177,395.2871,12.2961,40.8847,0.03280177,28.96433,3.032531,0.384964,-14.89325,0.0533866,243.8331,7.545649,40.05787,0.0533866,8.219939,10.50123,0.5186885,-14.32314,0.02073503,241.4904,7.279694,40.62798,0.02073503,30.02315,32.88462,1.633626,-13.84477,0.02073471,249.603,8.334948,41.10636,0.02073471,86.91333,7.889789,0.3555143,-14.53273,0.01851984,392.0874,11.91101,40.4184,0.01851984,9.996267,22.37023,0.9334587,-14.0635,0.01851667,395.9449,12.0042,40.88763,0.01851667,29.03475,5.408099,0.2551994,-14.68772,0.01969108,393.1296,12.02549,40.2634,0.01969108,6.801481,5.47384,0.2746112,-14.68122,0.02094202,397.8797,11.94592,40.2699,0.02094202,6.804817,43.03658,0.03848534,0.3667874,6.718886,0.02680362,44.00319,0.03848534,-0.8555749,0.04689942,0.2716432,98953306409792378,330.64101521583444,-7.54029947800092,0.0013354700058698,2.4821999886626145e-06,0.0021422200370579,2.7972200768999755e-06,13.903400421142578,0.0029327198863029,3.457689899732941e-06,0.0032233500387519,7.794969860697165e-06,0.0035888201091438,2.0833500457229093e-05,18,29,22,12,14,1.1765400171279907,1.1481900215148926,1.162278584324481,0.0543358422860629,1,True,ok,,13.03932,4.563762,9.127524,7.8531292954218355,True,resolved
80,barred,83,barred,z_0.10_masked/t335.4006+0.8479.r_ellipse.txt,335.4006,0.8479,0.1477373455008538,True,0.26,35.44333420309418,0.7656700000000013,31.38,0.17,10.0,4.9,20862,241.28,241.33,222136.14+005052.2,spec-0375-52140-0402,335.4006,0.8478592,0.06084904,-19.9024,51.32617,1.192971,-13.79225,0.007894676,1671.875,33.02133,41.18256,0.007894676,28.55642,11.90703,0.9560052,-14.44097,0.03111411,1441.837,90.82887,40.53384,0.03111411,5.884161,3.680205,0.2659421,-14.98788,0.02729239,265.1787,9.24774,39.98693,0.02729239,16.21858,-999.0,-999.0,-999.0,-999.0,-999.0,-999.0,-999.0,-999.0,-999.0,3.043601,0.07017936,-15.01923,0.009629444,313.175,7.525116,39.95558,0.009629444,10.06821,9.574013,0.2151332,-14.54077,0.009629091,310.4894,8.697807,40.43403,0.009629091,30.51527,1.240053,0.05038245,-15.39853,0.01763202,269.8352,8.983989,39.57628,0.01763202,6.258123,3.622755,0.1472987,-14.92929,0.01763324,271.908,8.777582,40.04551,0.01763324,18.20981,1.561627,0.08908888,-15.30805,0.02443101,275.7042,8.276184,39.66675,0.02443101,7.32643,1.324885,0.08575054,-15.37038,0.0277921,268.1377,9.273972,39.60443,0.0277921,6.507393,42.6023,0.06523627,0.4585574,6.343937,0.06209461,43.56891,0.06523627,-0.9149059,0.09006393,-999.0,109013354005567853,335.4005940065571,0.847874043083989,0.0004321429878473,1.5552600416413045e-06,0.000852130993735,2.294020077897585e-06,8.51863956451416,0.0007448309916071,1.1763199836423157e-06,0.0014805799582973,5.362389856600203e-06,0.0016369100194424,9.104140190174805e-06,16,34,12,15,14,1.190369963645935,1.1465100049972534,1.1682341687214433,0.0959030121757506,1,True,ok,,8.09604,2.833614,5.667228,4.851106183790544,True,resolved
81,barred,84,barred,z_0.10_masked/t343.9592+12.8486.r_ellipse.txt,343.9592,12.8486,0.0070403973226307,True,0.38,49.69358464102591,18.06806966666667,45.95,0.32,13.31,-12.79,21389,242.01,242.07,225550.22+125054.9,spec-0741-52261-0140,343.9592,12.8486,0.07972758,-21.15831,48.08765,1.011884,-13.68352,0.007856309,1017.12,32.09206,41.54514,0.007856309,45.6573,14.74351,0.5495356,-14.16404,0.01509539,1526.719,119.716,41.06462,0.01509539,8.547605,20.78179,0.6967824,-14.05815,0.01407569,366.3148,4.074102,41.17051,0.01407569,77.04471,4.286777,0.3697067,-14.71918,0.0370218,379.1723,18.6552,40.50948,0.0370218,13.89262,0.7754932,0.08533625,-15.44378,0.04782076,376.6886,18.07803,39.78487,0.04782076,2.583441,2.411141,0.2658397,-14.96538,0.04782025,375.9345,18.08571,40.26328,0.04782025,7.722319,3.931983,0.07186665,-14.77092,0.007134001,370.6888,4.354071,40.45774,0.007134001,14.74601,11.38009,0.193586,-14.30174,0.007132774,365.4355,4.106019,40.92692,0.007132774,44.00939,2.065505,0.1056197,-15.05612,0.02180707,366.8529,4.23248,40.17254,0.02180707,7.543709,2.177605,0.1040779,-15.03288,0.02045999,365.0673,4.069458,40.19578,0.02045999,8.00137,43.39899,0.01554036,2.151079,6.159751,0.06846753,44.3656,0.01554036,0.0659713,0.07020901,-999.0,123413439592358832,343.9592426872524,12.848600288925482,0.0009646780090406,2.3997599782887846e-06,0.0016045899828895,2.812550064845709e-06,10.031900405883787,0.0022548199631273,3.226799890398979e-06,0.0026363099459558,6.465099886554526e-06,0.0032574699725955,1.2722000064968595e-05,12,22,18,14,12,1.1039400100708008,1.0992799997329712,1.1016075408129005,0.1498298851502961,1,True,ok,,11.8551,4.149285,8.29857,7.533145600906383,True,resolved
82,barred,85,barred,z_0.10_masked/t348.0702-10.2362.r_ellipse.txt,348.0702,-10.2362,0.0339639224265764,True,0.36,22.05946371254376,46.03810166666667,41.77,0.06,13.31,83.45,21657,241.82,241.94,231216.84-101410.3,spec-0726-52226-0152,348.0702,-10.2362,0.06563584,-20.7131,109.1664,1.887552,-13.44363,0.003808651,1087.019,11.97787,41.60189,0.003808651,78.72592,23.11153,0.6332244,-14.05308,0.009148478,1159.38,24.56769,40.99244,0.009148478,20.72018,4.509621,0.3870271,-14.8826,0.03375593,213.4024,4.267436,40.16292,0.03375593,21.32488,0.2297586,0.04720213,-16.09286,0.08722915,68.96649,0.0,38.95266,0.08722915,4.881662,4.611828,0.05001793,-14.74948,0.004393103,237.5789,2.154604,40.29604,0.004393103,29.0614,14.26718,0.1550081,-14.27108,0.004393889,244.1583,2.538474,40.77444,0.004393889,84.41828,2.259277,0.05607791,-15.10603,0.01087967,216.7802,4.670487,39.93949,0.01087967,12.38258,6.589957,0.1633016,-14.6369,0.01087873,214.9406,4.502875,40.40862,0.01087873,36.88127,1.82082,0.08656096,-15.20417,0.02035381,218.4601,5.022743,39.84135,0.02035381,9.496369,1.320758,0.08374066,-15.33595,0.02737713,213.3575,4.30748,39.70957,0.02737713,7.317057,43.09349,0.02322556,0.7111954,6.287169,0.02116612,44.0601,0.02322556,-0.3669464,0.03142342,-999.0,95713480701127007,348.07016285997554,-10.236172158394496,0.0008779380004853,2.417740006421809e-06,0.0014874699991196,2.5945100787794217e-06,9.565030097961426,0.0021372400224208,3.432500079725287e-06,0.0025414701085537,6.503250006062444e-06,0.002893789904192,1.4651200217485894e-05,10,15,12,7,10,1.1013400554656982,1.066349983215332,1.0837038108543404,0.1654032998368595,1,True,ok,,10.776660000000001,3.771831,7.543662,6.9609997902036875,True,resolved
83,barred,86,barred,new_sample_masked/t001.4173+0.3187.r_ellipse.txt,1.4173,0.3187,0.115290514704546,True,0.49,55.37924472627713,38.085225,25.94,0.39,8.26,30.75,135,242.58,240.61,000540.14+001907.3,spec-1490-52994-0423,1.417268,0.318698,0.08481899,-19.0453,77.0881,3.37794,-14.26835,0.01409952,1199.289,49.24327,41.01915,0.01409952,15.19638,16.13937,2.390696,-14.98043,0.05720311,1610.889,230.068,40.30707,0.05720311,2.746454,30.88009,1.546626,-14.68122,0.01201031,262.1089,4.930504,40.60628,0.01201031,38.69905,10.45655,0.8662467,-15.23613,0.02275607,261.4618,5.822529,40.05138,0.02275607,13.68499,15.90564,0.6739949,-14.97292,0.01756286,262.4091,5.217227,40.31458,0.01756286,24.3926,49.19669,2.104021,-14.49454,0.01756314,254.2451,5.731043,40.79296,0.01756314,74.98837,7.045888,0.2153193,-15.29871,0.01075416,256.2187,4.764796,39.98879,0.01075416,9.505743,20.5574,0.5138397,-14.82956,0.01075285,263.911,4.645226,40.45794,0.01075285,27.22617,9.93834,0.3995703,-15.13871,0.01665179,258.7006,4.996374,40.1488,0.01665179,13.31815,9.589796,0.4087181,-15.15245,0.0174396,268.3214,4.455332,40.13506,0.0174396,12.43146,42.38691,0.09305245,0.8218097,6.216172,0.1309289,43.35352,0.09305245,-1.002531,0.1606273,-999.0,108380014172532885,1.4173012362273802,0.318680590549002,0.0001102239984902,1.2285299817449411e-06,0.000250582001172,1.681819981058652e-06,7.4096999168396,0.0003126089868601,1.5529200254604802e-06,0.0003461499873083,3.2268499126075767e-06,0.000336644006893,6.400489837687928e-06,12,28,22,11,12,1.0761499404907229,1.0427299737930298,1.0593081701021954,0.0700156038730798,1,True,ok,,6.692520000000001,2.342382,4.684764,4.422475094804606,True,resolved
84,barred,87,barred,new_sample_masked/t011.5386+10.1435.r_ellipse.txt,11.5386,10.1435,0.0492334868778306,True,0.49,47.29614351620797,29.146478333333334,37.97,0.31,23.58,19.35,1191,241.1,241.54,004609.26+100836.5,spec-6205-56187-0254,11.53859,10.14349,0.08029077,-20.88671,41.97574,1.668729,-13.97797,0.01627183,1300.109,76.89248,41.25734,0.01627183,21.38234,15.95271,0.907979,-14.48094,0.01831937,552.329,16.97608,40.75437,0.01831937,20.17037,28.28273,1.272806,-14.17661,0.01803557,470.9012,4.396119,41.0587,0.01803557,53.5703,0.1395673,0.1158294,-16.4039,0.3075958,71.86728,9.478197,38.83141,0.3075958,1.736465,10.80123,0.135604,-14.60391,0.005073147,471.5531,5.310541,40.6314,0.005073147,25.46618,34.39621,0.4239032,-14.12551,0.005073559,470.9258,5.323011,41.10979,0.005073559,76.16222,10.32721,0.1439958,-14.5764,0.006070484,471.0453,4.387086,40.6589,0.006070484,21.34498,30.16373,0.4165552,-14.1072,0.006071141,472.9674,4.391301,41.12811,0.006071141,61.91042,7.164882,0.1803845,-14.74319,0.01056705,472.716,4.339301,40.49211,0.01056705,14.05387,6.471077,0.1845905,-14.78055,0.01188265,471.7976,4.489848,40.45475,0.01188265,12.93188,42.6742,0.08339415,0.499093,5.528667,0.04605437,43.64081,0.08339415,-0.02773709,0.09526588,-999.0,120170115385842659,11.538607487686413,10.143482992917404,0.0005477410159073,1.7011800537147792e-06,0.0009908779757097,1.713980054773856e-06,8.655170440673828,0.0014769999543204,2.794839929265436e-06,0.0018814400536939,6.012439826008631e-06,0.0022842399775981,1.1243500011914875e-05,14,13,18,13,13,1.1789599657058716,1.163540005683899,1.171224609201198,0.0667280536974046,1,True,ok,,9.79626,3.4286909999999997,6.857381999999999,5.854882100434084,True,resolved
85,barred,88,barred,new_sample_masked/t011.8308+14.7035.r_ellipse.txt,11.8308,14.7035,0.0699648414686173,True,0.45,45.85133191711917,74.89455666666667,74.0,0.29,31.38,42.74,1214,241.79,243.33,004719.39+144212.6,spec-0420-51871-0314,11.83082,14.7035,0.0390731,-21.34617,207.5561,2.589676,-12.70955,0.00318391,1917.679,19.3198,41.8578,0.00318391,72.94084,51.84124,2.134706,-13.27685,0.0112224,1924.934,44.44332,41.29049,0.0112224,18.95996,3.303621,0.6029692,-14.53882,0.07641234,341.8538,14.97607,40.02852,0.07641234,8.524676,-999.0,-999.0,-999.0,-999.0,-999.0,-999.0,-999.0,-999.0,-999.0,5.219823,0.09556992,-14.25164,0.007421151,523.0782,8.254194,40.3157,0.007421151,10.4391,16.77545,0.313359,-13.77325,0.007420137,523.0095,8.368437,40.79409,0.007420137,31.10937,2.225748,0.1152989,-14.66892,0.0227099,340.3051,14.64797,39.89842,0.0227099,6.402785,6.624419,0.3505262,-14.19972,0.02271781,340.5733,14.4561,40.36762,0.02271781,18.71904,1.793982,0.1274638,-14.76466,0.03043884,339.8353,14.36917,39.80268,0.03043884,5.018681,1.312739,0.1204502,-14.89752,0.03936873,341.5138,14.65576,39.66982,0.03936873,3.636139,42.6504,0.1474323,0.267984,6.683281,0.06930922,43.61701,0.1474323,-1.206151,0.1629112,-999.0,125640118307304682,11.83080046475612,14.703487245717664,0.0032535400241613,5.2323198360682e-06,0.0060453601181507,4.768960025103297e-06,20.3710994720459,0.0090294703841209,6.876290171931032e-06,0.0115350997075438,1.42995995702222e-05,0.0145076997578144,2.5973100491683e-05,8,18,14,13,13,1.273650050163269,1.241819977760315,1.257634317664787,0.0459439273340403,1,True,ok,,19.092,6.682199999999999,13.364399999999998,10.626618415451174,True,resolved
86,barred,89,barred,new_sample_masked/t132.3640+32.8147.r_ellipse.txt,132.364,32.8147,0.0819022520648435,True,0.46,52.19716944183171,-15.411905,41.77,0.37,17.72,-10.57,6005,241.43,241.42,084927.37+324852.8,spec-1210-52701-0126,132.364,32.81468,0.06401076,-20.51252,111.1217,1.865281,-13.35352,0.005091743,1759.727,25.25604,41.66851,0.005091743,49.5838,13.87056,0.4463761,-14.30844,0.01271124,708.481,14.74286,40.71358,0.01271124,16.22068,12.74692,0.640216,-14.32257,0.01822776,380.1769,6.680499,40.69945,0.01822776,34.79662,0.2572435,0.1660496,-16.05375,0.307396,680.067,5.062304,38.96827,0.307396,0.4438177,9.993482,0.08625816,-14.41732,0.003452571,680.4965,5.004956,40.6047,0.003452571,18.81737,32.08243,0.2873271,-13.93894,0.003452436,682.228,5.05714,41.08308,0.003452436,55.90746,3.574104,0.09713943,-14.83828,0.01156041,377.6101,6.272568,40.18374,0.01156041,10.72206,10.50929,0.2858421,-14.36909,0.01156095,381.0107,6.766585,40.65294,0.01156095,31.10551,4.24828,0.1357043,-14.76796,0.01343529,378.3019,6.368762,40.25407,0.01343529,12.27649,3.679815,0.1329305,-14.82592,0.01523861,383.9007,6.646556,40.1961,0.01523861,10.55347,42.76784,0.0352951,0.4362076,5.809077,0.02406144,43.73445,0.0352951,-0.214504,0.04271647,-999.0,147371323640338209,132.36404394690075,32.81465999974974,0.0007160989916883,2.148869953089161e-06,0.0012717300560325,2.2669000827590935e-06,9.910499572753906,0.0017687600338831,2.477200041539618e-06,0.0021567100193351,6.232330179045675e-06,0.0026899299118667,1.3463300092553254e-05,10,22,14,10,11,1.226140022277832,1.2013599872589111,1.213686764178195,0.1959985899124879,1,True,ok,,10.776660000000001,3.771831,7.543662,6.2154933403331,True,resolved
87,barred,90,barred,new_sample_masked/t134.0743-1.6354.r_ellipse.txt,134.0743,-1.6354,0.0777713001408067,True,0.46,41.3129537093773,16.19463766666667,67.28,0.23,25.94,-16.6,6216,240.13,240.93,085617.82-013807.3,spec-12533-58931-0295,134.0743,-1.635379,0.05956338,-21.04342,84.36627,2.467754,-13.37657,0.008956947,756.5889,27.00903,41.57831,0.008956947,47.35377,25.21735,1.341249,-13.83597,0.01867861,1031.623,67.6566,41.11891,0.01867861,13.4525,15.59394,1.490704,-14.12024,0.0409092,285.7011,8.124666,40.83463,0.0409092,32.95938,3.677483,0.5705087,-14.68381,0.06795433,312.731,12.18414,40.27106,0.06795433,9.156524,2.574155,0.1626546,-14.81947,0.02703735,312.2096,12.02339,40.1354,0.02703735,6.567821,8.007665,0.5063919,-14.3411,0.02703758,311.3636,12.58694,40.61378,0.02703758,19.71853,3.081181,0.107803,-14.81012,0.01370689,290.0757,7.338121,40.14476,0.01370689,6.609597,9.007138,0.2940524,-14.34085,0.01370549,287.2334,8.052911,40.61403,0.01370549,19.59774,3.078305,0.1975689,-14.8178,0.02698699,290.8003,7.743114,40.13707,0.02698699,6.304257,2.436603,0.1729739,-14.91922,0.03033875,285.1405,8.544168,40.03565,0.03033875,5.087318,43.24261,0.03695155,1.455985,5.992187,0.05934171,44.20922,0.03695155,0.07715586,0.06990605,-999.0,106031340742697986,134.07429299110515,-1.6353675655602422,0.0006867300253361,1.93061009667872e-06,0.0026684000622481,5.067990059615113e-06,16.114999771118164,0.0033578400034457,4.848230219067773e-06,0.0037603699602186,8.487660124956165e-06,0.0044894302263855,2.1570500393863767e-05,6,14,12,16,16,1.2953599691390991,1.2863500118255615,1.290847129454313,0.1194569551064866,1,True,ok,,17.358240000000002,6.075384000000001,12.150768000000001,9.413018569547088,True,resolved
88,barred,91,barred,new_sample_masked/t153.1605+10.2887.r_ellipse.txt,153.1605,10.2887,0.0765936721827897,True,0.26,31.592280409394785,-5.375161433333333,37.97,0.13,14.64,-66.84,8532,240.37,240.48,101238.52+101719.2,spec-1597-52999-0227,153.1605,10.28868,0.0696065,-20.87912,214.251,3.204389,-13.05264,0.004775285,1734.052,25.13362,42.04792,0.004775285,48.00274,40.84378,2.991633,-13.65496,0.03002073,1626.208,241.8485,41.44559,0.03002073,10.95898,38.929,1.737044,-13.83208,0.01574878,364.9841,5.261308,41.26847,0.01574878,53.73873,3.534219,2.960646,-14.73494,0.3704403,961.4763,31.31927,40.36562,0.3704403,2.344994,11.22024,1.996768,-14.21044,0.08666763,961.8388,31.03053,40.89012,0.08666763,8.080693,35.35309,6.40977,-13.73204,0.08666766,961.1515,31.30792,41.36852,0.08666766,24.08764,12.50799,0.3346601,-14.28062,0.009274779,366.4406,5.295941,40.81994,0.009274779,19.06408,36.38691,0.826344,-13.81141,0.009274556,367.3557,5.665963,41.28915,0.009274556,55.62848,9.661214,0.2846359,-14.38616,0.01222445,370.7465,5.910647,40.7144,0.01222445,14.35953,8.7051,0.2787617,-14.4293,0.01307367,365.7498,5.400637,40.67126,0.01307367,13.19927,43.255,0.07360765,0.4066329,6.760346,0.1333551,44.22161,0.07360765,-0.678613,0.1523209,0.6959053,120341531605156871,153.1605131103823,10.28868235012821,0.0008020519744604,1.3751199503531095e-06,0.0012021500151604,1.4083300357015105e-06,7.380569934844971,0.0017281499458476,2.9288000860105967e-06,0.0018924600444734,4.671890110330423e-06,0.0022991199512034,8.834340405883268e-06,15,15,23,16,9,1.237030029296875,1.2028100490570068,1.219800045180998,0.0787007194554087,1,True,ok,,9.79626,3.4286909999999997,6.857381999999999,5.6217263043161125,True,resolved
89,barred,92,barred,new_sample_masked/t161.1632+38.7595.r_ellipse.txt,161.1632,38.7595,0.1707134227696539,True,0.54,51.12016117911416,-18.807744833333334,98.5,0.37,31.38,-63.9,9517,232.9,222.9,104439.16+384534.3,spec-1432-53003-0006,161.1632,38.75955,0.0356506,-21.44183,74.1713,1.826624,-13.24709,0.00851409,1370.385,43.52273,41.23706,0.00851409,43.18892,27.59351,0.8470187,-13.6898,0.01109691,1444.35,39.89503,40.79435,0.01109691,15.0007,5.881118,0.8129093,-14.3762,0.05789635,436.1922,9.959492,40.10796,0.05789635,14.40118,0.001630866,0.001630866,-15.85036,2.106203,68.93076,0.03851784,38.63379,2.106203,0.02546244,8.115599,0.08794659,-14.20259,0.004376453,528.5518,5.643275,40.28157,0.004376453,17.90392,25.98215,0.2823371,-13.72418,0.004376257,530.9147,5.749524,40.75997,0.004376257,53.13747,4.780769,0.1237947,-14.42699,0.01175878,435.7211,10.25043,40.05716,0.01175878,12.86074,14.03389,0.361643,-13.95779,0.01175879,439.7426,9.364717,40.52636,0.01175879,37.20086,3.266752,0.1343719,-14.60019,0.01745213,437.6861,9.474967,39.88396,0.01745213,8.352736,3.018427,0.1427222,-14.62946,0.02001861,439.2296,9.514201,39.85469,0.02001861,7.762745,42.52575,0.05323802,0.6389072,6.247879,0.03390492,43.49236,0.05323802,-0.8953983,0.06311759,-999.0,154511611631082092,161.1631694144958,38.75954912064011,0.0048714498989284,5.423450147645781e-06,0.0085636200383305,6.8762201408389956e-06,27.47559928894043,0.0100405002012848,6.492739885288756e-06,0.0125956004485487,1.3353599570109507e-05,0.0148278996348381,3.655239925137721e-05,12,25,15,10,13,1.2995200157165527,1.2673399448394775,1.283329117972476,0.1965764401457463,2,True,ok,,25.413,8.894549999999999,17.789099999999998,13.861681895058137,True,resolved
90,barred,93,barred,new_sample_masked/t171.4390+24.1400.r_ellipse.txt,171.439,24.14,0.0366359414181317,True,0.39,32.445552633070626,-17.388817016666668,89.54,0.14,14.64,-16.8,10692,242.19,243.17,112545.35+240823.9,spec-2501-54084-0312,171.439,24.13999,0.02373581,-20.84423,42.93864,1.182235,-13.9585,0.008010844,975.1522,24.86443,40.15965,0.008010844,32.88084,15.94324,1.065574,-14.43054,0.02240747,584.6548,29.11599,39.68761,0.02240747,17.38706,12.45947,0.5149268,-14.54448,0.01092483,207.8866,2.060413,39.57367,0.01092483,58.79433,0.4979718,0.09650829,-16.00159,0.0797958,69.10942,0.0,38.11655,0.0797958,6.02704,8.20226,0.08984229,-14.68323,0.004213253,223.8582,2.207371,39.43492,0.004213253,36.4855,25.69687,0.2654975,-14.20496,0.004211797,232.0166,2.515664,39.91318,0.004211797,104.2518,3.717818,0.05526686,-15.0042,0.005952999,209.7088,2.173113,39.11395,0.005952999,20.04969,10.86777,0.1574742,-14.53501,0.005953705,210.9978,2.315913,39.58314,0.005953705,57.9899,4.141531,0.116467,-14.96876,0.01188134,215.6059,2.8891,39.14938,0.01188134,20.16379,3.371699,0.1037931,-15.0472,0.01307774,208.9055,2.156022,39.07095,0.01307774,17.79675,41.48005,0.1238345,0.7767264,4.943532,0.07054371,42.44666,0.1238345,-0.6367507,0.1425181,-999.0,136961714389308566,171.43892104670405,24.139992982108577,0.0041215298697352,7.12431983629358e-06,0.0003056649875361,1.1893199598489446e-06,3.0675199031829834,0.0099593997001647,8.684340173203964e-06,0.0121863996610045,1.627080018806737e-05,0.0080179497599601,2.5150200599455275e-05,9,14,12,14,15,1.1099400520324707,1.0418800115585327,1.0753717283994726,0.2606030115972456,3,True,ok,,23.10132,8.085462,16.170924,15.037520117873996,True,resolved
91,barred,94,barred,new_sample_masked/t182.4776+6.4703.r_ellipse.txt,182.4776,6.4703,0.0761651118091282,True,0.44,34.341845007712685,35.44054866666667,41.77,0.16,16.11,26.4,12012,241.6,242.94,120954.61+062813.0,spec-1624-53386-0243,182.4776,6.470279,0.07985434,-21.44725,160.8562,2.597042,-13.26752,0.005259464,2017.571,30.27508,41.96258,0.005259464,31.63446,21.11587,0.4676391,-14.03635,0.008846617,491.1103,8.058291,41.19374,0.008846617,25.98297,66.51299,1.745925,-13.6828,0.00702785,291.0618,3.154936,41.54729,0.00702785,118.8981,1.596434,0.1766318,-15.17226,0.04820265,127.5427,6.383708,40.05783,0.04820265,12.04692,11.51273,0.1611131,-14.29255,0.00560348,520.3031,6.990355,40.93755,0.00560348,19.57325,36.14579,0.50807,-13.81416,0.005603541,520.3987,7.083499,41.41594,0.005603541,58.31789,12.23269,0.2509488,-14.3742,0.007486876,290.6657,3.358167,40.8559,0.007486876,24.27706,36.88489,0.7411713,-13.90508,0.007490562,298.5291,2.818583,41.32502,0.007490562,68.68395,11.08006,0.3034162,-14.41652,0.01137932,295.0189,2.921611,40.81356,0.01137932,21.09187,9.668423,0.2749302,-14.47509,0.01188132,295.4018,2.902666,40.755,0.01188132,18.35139,43.35717,0.01875047,0.1625982,5.85174,0.01656251,44.32378,0.01875047,0.3321619,0.02501793,0.443989,115761824775314807,182.4775554205663,6.470272829880224,0.0010775499977171,1.9666499611048498e-06,0.0015556999715045,2.39472001339891e-06,10.037799835205078,0.0021802999544888,2.5224198907380924e-06,0.0022995099425315,4.987969987269025e-06,0.0027697701007127,1.1634700058493763e-05,10,22,17,17,16,1.3187899589538574,1.2722100019454956,1.2952906145905585,0.1870720566109204,1,True,ok,,10.776660000000001,3.771831,7.543662,5.823914660560211,True,resolved
92,barred,95,barred,new_sample_masked/t196.7620+56.5329.r_ellipse.txt,196.762,56.5329,0.0417656613334985,True,0.4,48.21541828494669,27.081585,55.6,0.3,14.64,-29.54,13649,234.89,246.71,130702.89+563158.4,spec-1318-52781-0078,196.762,56.53289,0.08052007,-22.106,97.03941,2.307471,-13.44183,0.008309474,4640.64,106.7999,41.79619,0.008309474,16.1969,18.05301,1.409658,-14.16638,0.02919562,1605.309,131.068,41.07164,0.02919562,8.00501,18.17185,0.5822777,-14.20349,0.009772151,393.9218,4.872166,41.03452,0.009772151,43.31715,0.3231356,0.07022653,-15.95185,0.09245029,68.96649,0.0,39.28617,0.09245029,4.44941,6.538902,0.08799382,-14.57583,0.005456342,348.5916,4.63011,40.66218,0.005456342,20.17685,21.1596,0.2921529,-14.09742,0.005455509,348.3779,4.668173,41.14059,0.005455509,60.20408,5.681922,0.1257076,-14.69205,0.007885047,389.3185,4.888626,40.54596,0.007885047,14.25543,15.97363,0.3250384,-14.22283,0.007884724,390.0261,5.046683,41.01519,0.007884724,41.70659,3.439508,0.1497452,-14.89993,0.01815459,388.3443,4.749389,40.33808,0.01815459,8.619509,3.17899,0.1666888,-14.93197,0.02227829,392.9193,4.981709,40.30604,0.02227829,7.921886,42.68792,0.2212638,0.2994002,6.531456,0.1222424,43.65453,0.2212638,-1.016804,0.2527862,0.4525431,175841967620500175,196.7620571670828,56.53288070997351,0.0014991899952292,3.7775400869577425e-06,0.0029776799492537,3.898439899785444e-06,14.79599952697754,0.0044300500303506,4.733609785034787e-06,0.0047667399048805,1.0275999557052272e-05,0.0055122999474406,2.3895900085335597e-05,6,28,14,12,11,1.304059982299805,1.2443699836730957,1.2738654163149046,0.133051390235054,1,True,ok,,14.344800000000001,5.0206800000000005,10.041360000000001,7.882590948302923,True,resolved
93,barred,96,barred,new_sample_masked/t200.9889+14.8947.r_ellipse.txt,200.9889,14.8947,0.1432145358311994,True,0.31,24.908886374723828,74.80477333333333,37.97,0.1,12.1,10.06,14127,241.77,240.9,132357.33+145340.7,spec-5431-56011-0610,200.9889,14.89466,0.07172766,-20.72047,212.6662,4.237826,-13.48612,0.006045876,1590.265,20.3996,41.64264,0.006045876,66.26991,66.52219,0.8676238,-14.00311,0.004775125,1990.851,37.71566,41.12565,0.004775125,23.7906,4.539886,1.11746,-15.20757,0.1077283,431.2435,36.30923,39.9212,0.1077283,6.666344,0.7287736,0.212652,-16.00199,0.1246364,266.5192,5.546095,39.12677,0.1246364,2.566039,4.203736,0.09780061,-15.1978,0.0100094,261.5006,4.543993,39.93096,0.0100094,16.31511,13.08493,0.3031348,-14.71943,0.01000828,266.7441,4.688912,40.40933,0.01000828,47.98699,3.52244,0.3111207,-15.25427,0.03911432,429.8978,37.30313,39.87449,0.03911432,5.957211,10.2849,0.9109919,-14.78505,0.03911242,428.4467,37.37021,40.34372,0.03911242,17.52155,1.286447,0.1833294,-15.68996,0.06095373,427.9661,37.85767,39.4388,0.06095373,2.134322,0.8948068,0.1595591,-15.8414,0.07655597,429.5779,36.69277,39.28736,0.07655597,1.488861,42.64342,0.02079022,0.4295551,6.652838,0.01892864,43.61003,0.02079022,-1.182685,0.02811631,-999.0,125872009888434105,200.98889503733096,14.894664250677083,0.000841589004267,2.322879936400568e-06,0.0014626400079578,2.886909896915313e-06,10.219300270080566,0.0020889299921691,2.8960901090613338e-06,0.0024158100131899,8.019230335776228e-06,0.0030211200937628,1.4960000044084154e-05,11,16,8,7,8,1.3132799863815308,1.1915299892425537,1.2509246532248242,0.1298505062411298,1,True,ok,,9.79626,3.4286909999999997,6.857381999999999,5.481850551367739,True,resolved
94,barred,97,barred,new_sample_masked/t204.6119+32.2147.r_ellipse.txt,204.6119,32.2147,0.1541043105844887,True,0.38,20.599667105569484,14.178853333333334,31.38,0.06,9.09,-37.42,14503,241.06,240.77,133826.86+321252.7,spec-2109-53468-0064,204.6119,32.21466,0.08911669,-20.50303,108.4779,2.058705,-13.64828,0.006276046,1967.939,33.90058,41.68644,0.006276046,24.40047,22.04889,1.897898,-14.31085,0.02837728,1080.813,71.11278,41.02386,0.02837728,10.44381,17.51785,0.7463202,-14.51297,0.01311181,244.8912,5.298578,40.82175,0.01311181,37.70472,0.8583935,0.1092991,-15.78272,0.04964289,68.93076,0.0,39.552,0.04964289,8.411331,9.135587,0.1182055,-14.64965,0.005119323,528.6342,6.200522,40.68507,0.005119323,13.81962,29.18219,0.378918,-14.17125,0.00511932,526.3853,6.080627,41.16347,0.00511932,41.37184,3.61689,0.11103,-15.11476,0.01332996,248.6844,5.616929,40.21996,0.01332996,9.326229,10.53845,0.3238073,-14.64554,0.01332863,251.9301,6.05022,40.68918,0.01332863,27.03757,3.897587,0.2239443,-15.0826,0.02445511,257.1839,5.492561,40.25211,0.02445511,9.482256,3.457314,0.2033638,-15.12703,0.02496387,247.0443,5.822363,40.20769,0.02496387,8.877872,42.69648,0.170895,0.1743865,6.235447,0.09581275,43.66309,0.170895,-0.7122349,0.1959214,-999.0,146652046119428202,204.61194619299224,32.214655380672475,0.0004525590047705,1.3104099707561543e-06,0.0007612690096721,2.209169906564057e-06,7.383419990539551,0.0010672699427232,2.314060111530125e-06,0.0012337899534031,3.93486016037059e-06,0.0014365100068971,8.480949873046484e-06,16,18,13,18,14,1.1467399597167969,1.1209499835968018,1.133771643248472,0.2135342755524294,1,True,ok,,8.09604,2.833614,5.667228,4.99856212999146,True,resolved
95,barred,98,barred,new_sample_masked/t232.5076-2.0708.r_ellipse.txt,232.5076,-2.0708,0.1662285738080349,True,0.41,37.30035133115079,-12.004141666666664,34.52,0.13,10.0,-70.88,17660,242.25,241.47,153001.81-020415.0,spec-0925-52411-0266,232.5076,-2.070846,0.05120365,-20.12039,89.54894,2.433242,-13.50516,0.00628534,1097.561,19.06769,41.30972,0.00628534,47.88923,20.05728,0.4360365,-14.11033,0.007737256,491.6355,8.300319,40.70455,0.007737256,26.02346,29.96816,1.402211,-14.02721,0.008030596,209.0131,2.36762,40.78766,0.008030596,106.9266,1.744919,0.1355067,-15.20274,0.0322683,118.4442,7.415214,39.61214,0.0322683,14.28085,4.190361,0.07140417,-14.77531,0.007114884,278.7959,4.807106,40.03957,0.007114884,14.32858,13.02936,0.2236376,-14.29692,0.007114508,279.9149,4.860443,40.51796,0.007114508,42.59097,4.28725,0.08510335,-14.809,0.008112678,206.4437,2.16996,40.00587,0.008112678,18.19953,12.50398,0.2411439,-14.33981,0.008112625,203.7093,1.93737,40.47506,0.008112625,55.28981,6.327515,0.1510463,-14.63877,0.00996426,203.6537,1.939177,40.17611,0.00996426,27.23927,4.691531,0.138253,-14.76192,0.01247885,204.6633,2.026414,40.05296,0.01247885,20.19528,42.80411,0.02624237,0.1767895,5.598825,0.01882818,43.77072,0.02624237,0.03201819,0.03229802,-999.0,105512325075495443,232.50755865634883,-2.0708346255859076,0.0005085809971205,1.4434000377150369e-06,0.0009286070126108,1.499710037933255e-06,7.47422981262207,0.0012754000490531,2.5644999368523713e-06,0.0015741599490866,4.032070137327537e-06,0.002086600055918,1.0875100088014731e-05,20,18,26,15,14,0.9769539833068848,0.952344000339508,0.9645705078479724,0.1940662745931571,1,True,ok,,8.906160000000002,3.1171560000000005,6.234312000000001,6.463303562856393,True,resolved
96,barred,99,barred,new_sample_masked/t322.2133-1.0701.r_ellipse.txt,322.2133,-1.0701,0.1074075390655535,True,0.4,34.10176322469375,2.2866814999999994,67.28,0.16,12.1,11.9,20258,241.63,241.59,212851.19-010412.4,spec-0988-52520-0226,322.2133,-1.070127,0.05154388,-21.68938,62.17008,1.523759,-13.7303,0.00896211,1564.574,42.54761,41.09068,0.00896211,21.03417,21.57063,0.87503,-14.20184,0.01575194,2022.2,92.2972,40.61914,0.01575194,8.21199,-999.0,-999.0,-999.0,-999.0,-999.0,-999.0,-999.0,-999.0,-999.0,0.4245197,0.1275319,-15.97748,0.1336235,86.7205,17.78974,38.84349,0.1336235,4.760922,1.216146,0.04864208,-15.44599,0.01755191,283.9283,15.25978,39.37499,0.01755191,4.706651,3.869559,0.1546651,-14.96761,0.01755113,284.0289,15.32642,39.85337,0.01755113,14.0102,-999.0,-999.0,-999.0,-999.0,-999.0,-999.0,-999.0,-999.0,-999.0,0.6800011,0.145933,-15.64157,0.0817386,69.14514,0.0,39.17941,0.0817386,8.028794,-999.0,-999.0,-999.0,-999.0,-999.0,-999.0,-999.0,-999.0,-999.0,0.0006336698,0.0006336698,-16.2856,2.434471,69.14514,0.0,38.53538,2.434471,0.007176538,42.38512,0.05010999,0.5821101,6.496779,0.04560851,43.35173,0.05010999,-1.284926,0.067758,-999.0,106713222132796300,322.21328991668673,-1.0701164447386162,0.0031876401044428,4.171130058239214e-06,0.0053786002099514,4.584920134220738e-06,19.62700080871582,0.0070973602123558,5.350440005713608e-06,0.0087020397186279,1.5078800061019138e-05,0.0104791997000575,3.589039988582954e-05,14,18,13,10,10,1.0353699922561646,1.0142199993133545,1.0247404319314797,0.0694405541067745,1,True,ok,,17.358240000000002,6.075384000000001,12.150768000000001,11.857410541611648,True,resolved
97,barred,100,barred,new_sample_masked/t004.7186+1.1329.r_ellipse.txt,4.7186,1.1329,0.1202592184829354,True,0.51,31.01644777102988,10.952083166666668,41.77,0.12,14.64,43.91,431,241.15,242.67,001852.47+010758.5,spec-0390-51900-0327,4.718625,1.132922,0.06387177,-20.41305,66.42316,1.785729,-13.86197,0.008116715,1613.576,36.62904,41.158,0.008116715,28.23735,12.23142,1.029665,-14.62957,0.03254405,1587.089,153.5418,40.3904,0.03254405,5.247249,22.77221,0.6604775,-14.34761,0.007006928,238.8821,2.320045,40.67236,0.007006928,88.74334,5.412426,0.2695743,-15.05795,0.01626352,222.0732,2.931616,39.96202,0.01626352,20.65499,6.338842,0.1791108,-14.8873,0.01213953,227.2142,2.685727,40.13268,0.01213953,29.07992,19.7524,0.550881,-14.40896,0.01213941,222.1068,2.687299,40.61101,0.01213941,89.38268,4.472337,0.0734492,-15.02689,0.006140575,243.6364,2.29206,39.99308,0.006140575,18.26515,13.20585,0.2401034,-14.5578,0.006140581,232.5016,2.004218,40.46218,0.006140581,56.15567,4.897532,0.1238087,-14.99193,0.01043338,233.8521,2.059622,40.02804,0.01043338,20.13511,3.920648,0.1153779,-15.08567,0.01232981,233.0335,1.998891,39.93431,0.01232981,16.2571,42.49562,0.07005381,0.998165,6.190439,0.08974959,43.46223,0.07005381,-0.8680864,0.1138531,-999.0,109350047186219953,4.7186373745905055,1.1329066976570992,0.0005890000029467,1.898430014080077e-06,0.0010153099428862,2.143360006812145e-06,9.66137981414795,0.0014785700477659,3.0115500067040557e-06,0.0017171800136566,4.901519787381403e-06,0.0019297800026834,9.924459845933598e-06,16,20,18,21,18,1.140220046043396,1.078580021858215,1.1089718491398517,0.1366660035084488,1,True,ok,,10.776660000000001,3.771831,7.543662,6.802392689995753,True,resolved
98,barred,101,barred,new_sample_masked/t050.0264+40.3663.r_ellipse.txt,50.0264,40.3663,0.1469443176299017,True,0.42,40.110359727501766,78.62402166666668,37.97,0.23,12.1,63.03,3855,242.84,241.33,032006.32+402158.7,spec-1665-52976-0121,50.02635,40.36631,0.04717364,-20.1764,56.02669,1.127094,-13.66214,0.006929681,1904.728,34.14858,41.07734,0.006929681,28.4025,10.7449,0.726056,-14.40296,0.02677341,1714.326,127.6553,40.33652,0.02677341,6.175859,12.73818,0.3869779,-14.35613,0.009434008,256.4006,3.322637,40.38335,0.009434008,60.38786,3.389851,0.1590224,-14.97933,0.01684879,231.3162,5.111176,39.76015,0.01684879,17.75773,5.97482,0.3960144,-14.63625,0.02865145,229.8487,5.053719,40.10323,0.02865145,38.63116,18.71376,1.238897,-14.15783,0.02865011,236.909,6.094059,40.58165,0.02865011,111.3363,2.621183,0.04988802,-14.98255,0.008181412,249.2464,3.19075,39.75693,0.008181412,14.63093,7.667464,0.144614,-14.51322,0.008181136,253.9266,3.383562,40.22625,0.008181136,42.2889,3.215179,0.09118227,-14.89794,0.0119543,249.2473,3.17321,39.84153,0.0119543,17.36125,2.719529,0.09161548,-14.9624,0.01438049,258.9444,3.189846,39.77708,0.01438049,14.44421,42.42314,0.04944818,0.5296493,6.388788,0.06839913,43.38975,0.04944818,-1.138915,0.08440121,-999.0,156440500263260190,50.026352214226726,40.366311147045074,0.0006521160248667,1.8846800458049984e-06,0.0013011699775233,2.8250799459783593e-06,9.001429557800293,0.0018131199758499,2.5608599116822006e-06,0.0022891999687999,6.018150088493712e-06,0.0027989100199192,1.442420034436509e-05,10,24,14,10,13,1.0855000019073486,0.963463008403778,1.0226627486419757,0.1370775295523681,2,True,ok,,9.79626,3.4286909999999997,6.857381999999999,6.70541877965744,True,resolved
99,barred,102,barred,new_sample_masked/t057.7817-5.4436.r_ellipse.txt,57.7817,-5.4436,0.1805384495087008,True,0.35,38.513778337026814,45.53071333333333,37.97,0.18,16.11,78.6,3938,241.54,240.89,035107.59-052637.0,spec-0463-51908-0534,57.78166,-5.443628,0.0688624,-20.80959,197.1447,3.396852,-13.05669,0.002734189,964.8157,7.392335,42.03371,0.002734189,137.4989,48.1148,1.089683,-13.59667,0.00621374,1108.454,16.0953,41.49372,0.00621374,37.33103,0.1750671,0.1227563,-16.14634,0.3360462,358.5997,13.47343,38.94405,0.3360462,0.4330957,-999.0,-999.0,-999.0,-999.0,-999.0,-999.0,-999.0,-999.0,-999.0,4.055513,0.07435107,-14.66035,0.007724088,622.8009,14.33104,40.43004,0.007724088,8.154757,12.70213,0.2345018,-14.18195,0.007724405,621.6243,14.24084,40.90844,0.007724405,24.38835,2.475418,0.115314,-14.93401,0.02030096,357.0168,13.42874,40.15638,0.02030096,7.127063,7.233755,0.3350598,-14.46481,0.02030641,355.3022,12.5748,40.62558,0.02030641,21.06841,1.993675,0.1222793,-15.03521,0.02623165,355.0691,12.65765,40.05519,0.02623165,5.550292,1.863532,0.1187841,-15.05885,0.02738412,356.2641,12.71309,40.03154,0.02738412,5.224116,43.28272,0.02434465,0.8307016,6.291478,0.01670584,44.24933,0.02434465,-0.1820275,0.02952536,-999.0,101460577816728058,57.781673636967135,-5.443645998420896,0.0008273199782706,1.9231099486205494e-06,0.0013423799537122,1.953510036400985e-06,8.473219871520996,0.0020087601151317,2.5099200229306007e-06,0.0023371500428766,4.498070211411687e-06,0.0028970600105822,1.113479993364308e-05,8,25,16,15,15,1.233199954032898,1.1710100173950195,1.2017027501106925,0.1906508274004829,1,True,ok,,9.79626,3.4286909999999997,6.857381999999999,5.706387872848211,True,resolved
100,barred,103,barred,new_sample_masked/t006.0796-1.6382.r_ellipse.txt,6.0796,-1.6382,0.1224004350195362,True,0.63,31.316127122121827,6.445756666666665,74.0,0.31,37.97,76.42,594,233.05,255.41,002419.09-013817.5,spec-7865-56955-0894,6.079566,-1.638201,0.038,-17.94772,182.5404,2.655251,-13.21628,0.003812144,1534.05,18.01116,41.32581,0.003812144,64.16148,52.76474,0.8362079,-13.73184,0.006026453,1778.624,28.48825,40.81025,0.006026453,26.45303,3.969481,0.6931484,-14.92188,0.07195424,309.7257,8.605311,39.62021,0.07195424,8.907802,3.299088e-05,3.299088e-05,-16.12888,3.836509,68.93076,13.8565,38.41321,3.836509,0.0005943747,5.183021,0.06806523,-14.73636,0.005560921,297.5503,3.816145,39.80573,0.005560921,22.25142,16.27645,0.2203444,-14.25797,0.005563617,297.1692,4.121086,40.28412,0.005563617,66.6315,4.276195,0.1444701,-14.8367,0.0140866,312.2935,7.703832,39.70539,0.0140866,10.71594,12.40819,0.4037557,-14.36756,0.01408819,309.9696,8.703689,40.17453,0.01408819,31.8292,3.350572,0.160871,-14.93881,0.02035603,311.9641,8.349847,39.60328,0.02035603,8.287582,3.037493,0.1471143,-14.97553,0.02067609,309.5866,8.765044,39.56656,0.02067609,7.725643,42.45575,0.01880075,0.3182944,6.509417,0.01628271,43.42236,0.01880075,-1.226936,0.02487157,-999.0,106030060795264578,6.079567289340285,-1.6382111015333791,0.0033294199965894,5.300909833749756e-06,0.0046596801839768,3.1109300380194327e-06,18.464399337768555,0.0077916397713124,6.893530098750489e-06,0.0092719998210668,1.3148100151738618e-05,0.0112635996192693,2.61172008322319e-05,9,12,30,11,14,1.2138999700546265,1.1818499565124512,1.1977677683171837,0.1243098723690717,3,True,ok,,19.092,6.682199999999999,13.364399999999998,11.157755579594909,True,resolved
