pair_id,matched_class,original_index,class,file,RA,Dec,match_sep_arcsec,match_ok,emax,inc,pa,sma_max,e_outer,sma_at_emax,pa_at_emax,paliya_catalog_index,x0,y0,paliya_SDSS_NAME,paliya_P-M-F,paliya_RA,paliya_DEC,paliya_Z,paliya_M_B,paliya_BR_H_ALPHA_EW,paliya_BR_H_ALPHA_EW_ERR,paliya_BR_H_ALPHA_FLUX,paliya_BR_H_ALPHA_FLUX_ERR,paliya_BR_H_ALPHA_FWHM,paliya_BR_H_ALPHA_FWHM_ERR,paliya_BR_H_ALPHA_LUM,paliya_BR_H_ALPHA_LUM_ERR,paliya_BR_H_ALPHA_SNR,paliya_BR_H_BETA_EW,paliya_BR_H_BETA_EW_ERR,paliya_BR_H_BETA_FLUX,paliya_BR_H_BETA_FLUX_ERR,paliya_BR_H_BETA_FWHM,paliya_BR_H_BETA_FWHM_ERR,paliya_BR_H_BETA_LUM,paliya_BR_H_BETA_LUM_ERR,paliya_BR_H_BETA_SNR,paliya_NA_H_ALPHA_EW,paliya_NA_H_ALPHA_EW_ERR,paliya_NA_H_ALPHA_FLUX,paliya_NA_H_ALPHA_FLUX_ERR,paliya_NA_H_ALPHA_FWHM,paliya_NA_H_ALPHA_FWHM_ERR,paliya_NA_H_ALPHA_LUM,paliya_NA_H_ALPHA_LUM_ERR,paliya_NA_H_ALPHA_SNR,paliya_NA_H_BETA_EW,paliya_NA_H_BETA_EW_ERR,paliya_NA_H_BETA_FLUX,paliya_NA_H_BETA_FLUX_ERR,paliya_NA_H_BETA_FWHM,paliya_NA_H_BETA_FWHM_ERR,paliya_NA_H_BETA_LUM,paliya_NA_H_BETA_LUM_ERR,paliya_NA_H_BETA_SNR,paliya_NA_OIII_4960_EW,paliya_NA_OIII_4960_EW_ERR,paliya_NA_OIII_4960_FLUX,paliya_NA_OIII_4960_FLUX_ERR,paliya_NA_OIII_4960_FWHM,paliya_NA_OIII_4960_FWHM_ERR,paliya_NA_OIII_4960_LUM,paliya_NA_OIII_4960_LUM_ERR,paliya_NA_OIII_4960_SNR,paliya_NA_OIII_5007_EW,paliya_NA_OIII_5007_EW_ERR,paliya_NA_OIII_5007_FLUX,paliya_NA_OIII_5007_FLUX_ERR,paliya_NA_OIII_5007_FWHM,paliya_NA_OIII_5007_FWHM_ERR,paliya_NA_OIII_5007_LUM,paliya_NA_OIII_5007_LUM_ERR,paliya_NA_OIII_5007_SNR,paliya_NA_NII_6549_EW,paliya_NA_NII_6549_EW_ERR,paliya_NA_NII_6549_FLUX,paliya_NA_NII_6549_FLUX_ERR,paliya_NA_NII_6549_FWHM,paliya_NA_NII_6549_FWHM_ERR,paliya_NA_NII_6549_LUM,paliya_NA_NII_6549_LUM_ERR,paliya_NA_NII_6549_SNR,paliya_NA_NII_6585_EW,paliya_NA_NII_6585_EW_ERR,paliya_NA_NII_6585_FLUX,paliya_NA_NII_6585_FLUX_ERR,paliya_NA_NII_6585_FWHM,paliya_NA_NII_6585_FWHM_ERR,paliya_NA_NII_6585_LUM,paliya_NA_NII_6585_LUM_ERR,paliya_NA_NII_6585_SNR,paliya_NA_SII_6718_EW,paliya_NA_SII_6718_EW_ERR,paliya_NA_SII_6718_FLUX,paliya_NA_SII_6718_FLUX_ERR,paliya_NA_SII_6718_FWHM,paliya_NA_SII_6718_FWHM_ERR,paliya_NA_SII_6718_LUM,paliya_NA_SII_6718_LUM_ERR,paliya_NA_SII_6718_SNR,paliya_NA_SII_6732_EW,paliya_NA_SII_6732_EW_ERR,paliya_NA_SII_6732_FLUX,paliya_NA_SII_6732_FLUX_ERR,paliya_NA_SII_6732_FWHM,paliya_NA_SII_6732_FWHM_ERR,paliya_NA_SII_6732_LUM,paliya_NA_SII_6732_LUM_ERR,paliya_NA_SII_6732_SNR,paliya_L_CONT_AGN_5100,paliya_L_CONT_AGN_5100_ERR,paliya_R4570,paliya_M_BH,paliya_M_BH_ERR,paliya_L_BOL,paliya_L_BOL_ERR,paliya_R_EDD,paliya_R_EDD_ERR,paliya_RL,ps1_objID,ps1_raMean,ps1_decMean,ps1_gKronFlux,ps1_gKronFluxErr,ps1_rKronFlux,ps1_rKronFluxErr,ps1_rKronRad,ps1_iKronFlux,ps1_iKronFluxErr,ps1_zKronFlux,ps1_zKronFluxErr,ps1_yKronFlux,ps1_yKronFluxErr,ps1_ng,ps1_ni,ps1_nr,ps1_ny,ps1_nz,ps1_rpsfMajorFWHM,ps1_rpsfMinorFWHM,ps1_rFWHM_eff,ps1_match_sep_arcsec,ps1_n_candidates,ps1_query_ok,ps1_status,ps1_error,R_gal_arcsec,a_bar_arcsec_assumed,L_bar_arcsec_assumed,N_FWHM_ps1,ps1_resolved,ps1_resolved_status
0,unbarred,140,unbarred,z_0.05_masked/t246.0391+26.0752.r_ellipse.txt,246.0391,26.0752,0.1890483692499549,True,0.15,27.929990318570407,-84.58936,41.77,0.11,13.31,66.42,19027,241.87,241.18,162409.37+260430.9,spec-1575-53493-0640,246.0391,26.07525,0.0392371,-20.88306,182.5803,2.392428,-12.75383,0.002801344,1332.164,14.29604,41.81745,0.002801344,79.41116,46.07095,0.9650714,-13.31231,0.006849783,1707.906,35.51765,41.25898,0.006849783,22.39183,25.07912,1.054698,-13.62837,0.01317399,236.2543,3.368239,40.94291,0.01317399,85.76811,5.802148,0.255914,-14.24618,0.01571737,216.6561,3.90275,40.3251,0.01571737,29.60817,4.322492,0.1256564,-14.33834,0.01263141,211.9896,3.325349,40.23294,0.01263141,24.50871,13.38756,0.3871038,-13.85998,0.01262873,213.3645,3.624322,40.7113,0.01262873,72.09156,5.337389,0.1181005,-14.28375,0.009433438,236.093,3.342365,40.28753,0.009433438,19.00997,15.81319,0.3443542,-13.81462,0.009437395,248.1259,3.552231,40.75666,0.009437395,52.96533,5.033684,0.1521082,-14.3232,0.01278797,243.7484,3.72877,40.24809,0.01278797,16.39506,3.805552,0.132145,-14.44441,0.01478264,242.5633,3.924186,40.12687,0.01478264,12.43849,43.08195,0.0226177,0.5870152,6.661916,0.02073331,44.04856,0.0226177,-0.7532325,0.03068274,0.2886381,139292460390790859,246.03908701811343,26.075252540350967,0.002040039980784,2.1172299966565333e-06,0.003173140110448,2.973670007122564e-06,7.385479927062988,0.0038363300263881,3.3376300052623264e-06,0.0043675201013684,5.859219982085051e-06,0.005340619944036,1.3274900084070396e-05,12,13,8,12,11,1.0175100564956665,0.9703220129013062,0.9936359525330174,0.1937474765239414,1,True,ok,,10.776660000000001,3.771831,7.543662,7.591977706492392,True,resolved
1,unbarred,109,unbarred,z_0.10_masked/t214.4814+43.1989.r_ellipse.txt,214.4814,43.1989,0.14998806618534,True,0.3,38.42233736511759,37.64090166666666,25.94,0.2,11.0,31.18,15629,241.09,241.45,141755.54+431155.9,spec-1394-53108-0107,214.4814,43.19886,0.07890935,-20.34131,261.2487,2.788461,-13.11502,0.003657377,853.3592,13.48792,42.10383,0.003657377,139.3635,67.61346,0.9952433,-13.6094,0.005322197,967.5826,26.6895,41.60947,0.005322197,36.33995,9.087685,2.081391,-14.57471,0.09813015,327.0428,11.04476,40.64415,0.09813015,18.3401,3.750246,0.6792434,-14.86722,0.07773529,318.4313,9.849689,40.35163,0.07773529,8.976581,4.86389,0.1991406,-14.76063,0.01819397,319.0852,9.122868,40.45823,0.01819397,11.08138,14.83876,0.6125127,-14.28227,0.01819471,317.4737,10.11619,40.93658,0.01819471,33.49371,3.930922,0.1687921,-14.948,0.01822512,327.067,10.95792,40.27087,0.01822512,7.76684,11.20981,0.4646085,-14.47878,0.01823023,329.6884,10.65451,40.74009,0.01823023,22.29674,3.64118,0.2037157,-14.98656,0.02371984,328.8757,10.58913,40.23229,0.02371984,6.827246,3.373268,0.1915242,-15.02133,0.02411579,328.3041,11.1686,40.19752,0.02411579,6.304322,43.45139,0.009362398,0.9342917,6.213064,0.0243265,44.418,0.009362398,0.06505718,0.02606594,-999.0,159832144814889275,214.48144813901436,43.19886137400267,0.0004699460114352,1.2186000049041468e-06,0.0005783369997516,1.698290020613058e-06,4.775869846343994,0.0008268089732155,1.1111900448668166e-06,0.0008509019971825,2.8480999390012585e-06,0.0009343179990537,9.255680197384208e-06,10,25,10,8,11,1.068619966506958,1.0048799514770508,1.0362599963768355,0.1878720445760404,2,True,ok,,6.692520000000001,2.342382,4.684764,4.520838415436031,True,resolved
2,unbarred,138,unbarred,z_0.05_masked/t244.5391+36.3327.r_ellipse.txt,244.5391,36.3327,0.1058655261699167,True,0.32,48.87339068291278,52.07770333333334,34.52,0.31,17.72,54.29,18880,241.02,242.03,161809.37+361957.8,spec-1056-52764-0067,244.5391,36.33273,0.03376276,-19.62802,114.182,1.766241,-13.23899,0.003215865,660.792,11.25173,41.19585,0.003215865,116.6203,33.99686,1.662104,-13.74063,0.01229197,691.9122,21.08749,40.69421,0.01229197,31.77014,1.510954,0.6590592,-15.12612,0.1906264,206.2212,5.925477,39.30872,0.1906264,6.949487,0.8293262,0.3484417,-15.40486,0.1780677,214.1747,3.593874,39.02998,0.1780677,3.266876,4.134055,0.06216792,-14.60555,0.006256319,216.8329,3.317189,39.82929,0.006256319,19.71803,12.95926,0.2028923,-14.12714,0.006256457,212.4657,2.875761,40.3077,0.006256457,61.08919,2.089277,0.07115723,-14.98334,0.01347213,202.9179,5.220057,39.4515,0.01347213,10.10209,5.840172,0.1838569,-14.51418,0.01347033,203.3553,5.248937,39.92066,0.01347033,29.41098,1.171245,0.09535115,-15.2259,0.03519889,202.2351,5.013918,39.20895,0.03519889,5.699117,1.179545,0.08743118,-15.2229,0.03193852,205.3294,5.680221,39.21194,0.03193852,5.463387,42.36679,0.08688976,0.9376596,5.432542,0.04721877,43.3334,0.08688976,-0.2390191,0.09889106,-999.0,151592445390759873,244.53906065916243,36.33274212962494,0.0009039919823408,2.170730112993624e-06,0.001532890019007,2.116129962814739e-06,7.307380199432373,0.0019853198900818,2.170349944208283e-06,0.0023454099427908,4.498810085351579e-06,0.0027831299230456,1.1793799785664303e-05,7,28,13,11,11,0.9845029711723328,0.967831015586853,0.9761314001905652,0.1897895077968782,1,True,ok,,8.906160000000002,3.1171560000000005,6.234312000000001,6.386754896710532,True,resolved
3,unbarred,40,unbarred,z_0.05_masked/t156.3803+51.6763.r_ellipse.txt,156.3803,51.6763,0.1888403170132838,True,0.39,50.72593985048912,29.68778466666667,45.95,0.3,17.72,39.61,8939,241.53,240.41,102531.28+514034.8,spec-1008-52707-0558,156.3803,51.67635,0.04458556,-20.73737,211.7617,2.117759,-12.61539,0.002864362,1202.222,15.08487,42.07253,0.002864362,92.2444,59.73472,0.9731268,-13.01475,0.004832498,1398.565,20.23712,41.67316,0.004832498,32.50268,4.441213,0.8765984,-14.30396,0.08452314,268.4785,8.741156,40.38396,0.08452314,12.21034,0.1872649,0.1257155,-15.53049,0.323087,281.3604,14.51014,39.15742,0.323087,0.7143705,2.242864,0.1911933,-14.45388,0.03673381,280.9076,15.09124,40.23404,0.03673381,8.337848,6.941336,0.5916053,-13.97544,0.03671438,285.9397,13.95012,40.71248,0.03671438,24.3134,2.871291,0.1499387,-14.48658,0.02205609,272.6382,9.027716,40.20133,0.02205609,7.901722,8.290971,0.4200432,-14.01743,0.02205732,262.2732,9.802009,40.67049,0.02205732,23.94576,2.666661,0.1520466,-14.53061,0.02455966,265.3914,10.31131,40.1573,0.02455966,7.142467,2.13719,0.1390455,-14.62715,0.02791537,262.5968,9.406565,40.06076,0.02791537,5.735135,43.49063,0.01671125,0.7366331,6.619893,0.01464637,44.45724,0.01671125,-0.3025295,0.02222121,-0.6407823,170011563803372284,156.38031663905306,51.676353961646186,0.001892969943583,3.3325600270472933e-06,0.0026927900034934,2.6208699637209065e-06,7.299580097198486,0.0034342999570071,1.8867899598262736e-06,0.0036367899738252,5.751810022047721e-06,0.0039913798682391,1.1934699614357667e-05,7,41,15,15,13,1.0566500425338743,1.0206400156021118,1.038488958004728,0.1977812265816746,1,True,ok,,11.8551,4.149285,8.29857,7.991004561034743,True,resolved
4,unbarred,176,unbarred,new_sample_masked/t021.9831-10.6456.r_ellipse.txt,21.9831,-10.6456,0.1277847914067478,True,0.23,24.866051747137913,-72.839655,37.97,0.09,8.26,-37.94,2209,242.69,241.29,012755.93-103844.2,spec-0661-52163-0005,21.98308,-10.64563,0.08240458,-20.87843,59.35857,1.457243,-14.04333,0.00891678,2089.816,54.12363,41.21662,0.00891678,15.89672,16.73045,1.258029,-14.60361,0.03079725,1291.596,104.1237,40.65634,0.03079725,5.720992,9.606464,0.3916998,-14.89953,0.01274217,195.9031,4.24264,40.36042,0.01274217,33.81694,0.4965526,0.184825,-16.19032,0.1594013,73.66541,4.555994,39.06963,0.1594013,3.362826,2.113609,0.1010926,-15.46494,0.02056549,320.3391,15.1101,39.79501,0.02056549,4.534873,6.780908,0.3262496,-14.98658,0.02055767,318.657,15.34775,40.27337,0.02055767,13.68161,1.356791,0.05367082,-15.67497,0.01703356,195.5304,4.098597,39.58497,0.01703356,5.741545,3.962045,0.1553742,-15.20566,0.01704194,200.0195,4.418614,40.05429,0.01704194,15.56764,1.562022,0.1308514,-15.635,0.03607867,197.2124,4.538989,39.62495,0.03607867,5.907235,1.030092,0.1430878,-15.80154,0.05990849,198.3808,4.739977,39.4584,0.05990849,3.931201,41.82074,0.3506291,0.2115411,5.983112,0.1726228,42.78735,0.3506291,-1.33564,0.3908189,-999.0,95220219830435585,21.983074529013972,-10.645673433158024,0.0005502480198629,2.511189904907951e-06,0.0008368390263058,2.5002100301207975e-06,10.086400032043455,0.001152170007117,2.30644991461304e-06,0.0012313700281083,4.921710115013411e-06,0.001360040041618,1.151549986389e-05,9,35,15,11,14,1.1000399589538574,1.0738699436187744,1.0868761883030549,0.279297349963756,1,True,ok,,9.79626,3.4286909999999997,6.857381999999999,6.309257736804836,True,resolved
5,unbarred,7,unbarred,z_0.10_masked/t122.2947+11.1053.r_ellipse.txt,122.2947,11.1053,0.0720284264358325,True,0.41,53.393444635944505,86.19700999999999,28.53,0.39,25.94,86.62,4838,240.81,241.6,080910.72+110619.1,spec-2421-54153-0324,122.2947,11.10532,0.05273705,-19.29782,30.82648,0.9254003,-14.21366,0.01053465,1000.134,33.4993,40.62854,0.01053465,24.59223,7.773232,0.9862009,-14.84554,0.05160877,1126.246,138.981,39.99667,0.05160877,3.564471,11.36526,0.4837137,-14.68779,0.0147675,295.2176,4.011232,40.15442,0.0147675,40.26264,2.745034,0.3086895,-15.33615,0.04477624,283.1358,4.083371,39.50606,0.04477624,6.661046,5.595946,0.06985676,-14.97138,0.005205701,283.832,3.586851,39.87083,0.005205701,15.12376,17.45888,0.227961,-14.49299,0.005205595,280.3447,4.04162,40.34922,0.005205595,45.47832,3.141214,0.06202695,-15.18884,0.008632413,298.8467,4.01413,39.65337,0.008632413,12.51381,9.200625,0.1819343,-14.71964,0.008633246,291.5406,4.781763,40.12257,0.008633246,37.87067,4.160291,0.1194816,-15.08002,0.01229041,292.7888,4.331251,39.76219,0.01229041,16.10419,3.031213,0.1073983,-15.20752,0.01503931,291.6207,4.58757,39.63469,0.01503931,12.04182,42.44113,0.05328725,0.764391,5.949804,0.1098352,43.40774,0.05328725,-0.6819402,0.122079,-999.0,121321222946466839,122.29466472941456,11.105312041750029,0.0003333069907967,9.635349442760344e-07,0.0006069369846954,1.4700500514663872e-06,6.039010047912598,0.0008594120154157,1.4906099750078283e-06,0.0010502500226721,3.561189942047349e-06,0.0012785600265488,8.627030183561146e-06,15,18,15,17,15,1.237630009651184,1.228309988975525,1.232961193026944,0.131922459550119,1,True,ok,,7.360740000000001,2.5762590000000003,5.152518000000001,4.178978242900304,True,resolved
6,unbarred,188,unbarred,new_sample_masked/t232.4191+30.4859.r_ellipse.txt,232.4191,30.4859,0.1024247537015032,True,0.26,20.40328478714237,49.957188333333335,61.16,0.06,28.53,-80.93,17652,243.01,241.19,152940.58+302909.3,spec-1651-53442-0620,232.4191,30.48593,0.03571216,-20.81766,120.2945,1.355968,-12.76492,0.0024454,1515.331,9.91112,41.72077,0.0024454,111.2461,35.24448,0.6631979,-13.32041,0.006152539,2024.468,32.47686,41.16528,0.006152539,28.79987,10.17392,0.3742063,-13.87137,0.01192834,275.0367,3.75299,40.61431,0.01192834,68.22401,2.331853,0.1215301,-14.54885,0.01985678,263.2131,6.557259,39.93684,0.01985678,18.89454,2.363998,0.1283976,-14.48598,0.02357466,256.0923,6.189456,39.99971,0.02357466,21.87203,7.332802,0.3998463,-14.00755,0.02357384,260.329,7.321721,40.47813,0.02357384,64.42831,3.173578,0.0466762,-14.33587,0.006339862,279.5247,3.365085,40.14981,0.006339862,23.1845,9.32176,0.135617,-13.86668,0.006339455,280.6571,3.404445,40.619,0.006339455,67.63396,2.258678,0.05954882,-14.49329,0.01130829,285.0414,3.277631,39.99239,0.01130829,15.3618,2.138082,0.06003404,-14.51139,0.01205754,277.4498,3.569203,39.97429,0.01205754,15.16495,42.99231,0.02143674,1.039143,6.611026,0.01694737,43.95892,0.02143674,-0.7919845,0.02732668,-999.0,144582324190943698,232.41909039834695,30.485927819840295,0.002816260093823,2.829689947247971e-06,0.0052888100035488,4.246920070727356e-06,11.82409954071045,0.0068381400778889,4.0290401557285804e-06,0.0078410897403955,7.189709776866948e-06,0.0100394003093242,1.8721999367699027e-05,13,19,11,11,16,0.9796329736709596,0.9148449897766112,0.9466849094513128,0.1044872899827483,2,True,ok,,15.77928,5.522748,11.045496,11.667552624665621,True,resolved
7,unbarred,49,unbarred,z_0.10_masked/t160.2450+58.2843.r_ellipse.txt,160.245,58.2843,0.1527442313560827,True,0.47,59.67765732907056,70.19528166666667,31.38,0.47,19.49,70.66,9402,241.97,241.32,104058.79+581703.3,spec-0948-52428-0454,160.245,58.28426,0.07118206,-19.87023,259.8539,8.518045,-13.31121,0.01163163,869.243,45.98936,41.81031,0.01163163,71.408,65.40466,3.052212,-13.84446,0.01062936,970.7025,31.99525,41.27707,0.01062936,23.15508,29.02267,8.100448,-14.27614,0.1158449,435.4977,8.919921,40.84538,0.1158449,22.36977,6.024047,0.6495755,-14.91015,0.042089,212.8824,4.951831,40.21138,0.042089,13.36004,17.52896,0.5466778,-14.39727,0.01256668,211.9052,4.789048,40.72426,0.01256668,43.15358,54.73797,1.620439,-13.91894,0.01256989,212.2612,4.974939,41.20258,0.01256989,128.2112,13.84614,0.4748435,-14.57869,0.01186027,438.3001,8.86406,40.54284,0.01186027,11.0486,40.01144,1.202129,-14.10947,0.01185929,433.8455,9.564594,41.01205,0.01185929,32.80909,19.68842,0.5872846,-14.41576,0.01156483,434.9465,9.174648,40.70576,0.01156483,15.84775,17.39521,0.5161178,-14.46889,0.01192295,433.8077,9.616879,40.65263,0.01192295,14.06787,42.89794,0.07843664,0.1146951,6.253668,0.04544766,43.86455,0.07843664,-0.5289941,0.09065207,0.6723288,177941602450201867,160.24501719736105,58.28427796095247,0.0003838920092675,6.425399874387949e-07,0.0005118940025568,6.914260097801161e-07,6.192190170288086,0.0007590469904243,1.8800999441737076e-06,0.0007715090177953,3.831059984804597e-06,0.0008038110099732,7.32138005332672e-06,17,18,22,14,11,1.446499943733215,1.224009990692139,1.330612784646635,0.0857566963815234,1,True,ok,,8.09604,2.833614,5.667228,4.2591113398215406,True,resolved
8,unbarred,84,unbarred,z_0.10_masked/t195.4783+32.0969.r_ellipse.txt,195.4783,32.0969,0.2874486037131798,True,0.28,41.58822780334528,-14.531263166666667,28.53,0.21,25.94,-23.16,13501,240.59,239.85,130154.80+320548.8,spec-2029-53819-0398,195.4784,32.09691,0.09530301,-20.83424,336.0906,6.122461,-12.98032,0.003139018,1201.987,11.86888,42.41874,0.003139018,109.3446,84.79398,2.096159,-13.45613,0.005835852,1351.484,22.06717,41.94292,0.005835852,34.38723,1.761472,1.059916,-15.28938,0.266827,344.2379,18.73143,40.10968,0.266827,2.678722,0.4902381,0.2700767,-15.72308,0.2373926,216.0105,7.369177,39.67597,0.2373926,1.70746,5.06975,0.3398654,-14.67371,0.02909011,213.392,6.678743,40.72535,0.02909011,19.14107,15.71303,1.057145,-14.19541,0.02909106,214.4707,6.974185,41.20364,0.02909106,56.4582,3.688278,0.2644031,-14.93177,0.02959636,343.5792,18.08871,40.46728,0.02959636,6.156147,10.64582,0.7395092,-14.46251,0.02958659,345.7742,18.39018,40.93654,0.02958659,17.80886,2.879913,0.2157986,-15.03398,0.03205945,344.6747,17.96215,40.36507,0.03205945,4.705439,2.526987,0.2287684,-15.0886,0.0386289,345.8694,18.8689,40.31045,0.0386289,4.121588,43.52909,0.03611024,0.2970251,6.761319,0.02156828,44.4957,0.03611024,-0.405496,0.04206115,-999.0,146511954783476840,195.47833632281623,32.09691090446788,0.0005239130114205,1.138580046244897e-06,0.0007070419960655,1.1398100241422071e-06,4.541210174560547,0.0010092200245708,2.0648799363698345e-06,0.0010142199462279,3.1918500553729245e-06,0.0011040200479328,6.298139851423912e-06,11,14,14,16,13,1.267199993133545,1.2306599617004397,1.2487963384861942,0.1175252782829644,1,True,ok,,7.360740000000001,2.5762590000000003,5.152518000000001,4.125987433824434,True,resolved
9,unbarred,11,unbarred,z_0.10_masked/t125.9691+18.2449.r_ellipse.txt,125.9691,18.2449,0.1503831865466398,True,0.16,31.84895354563032,6.138628333333332,25.94,0.1,17.72,13.6,5244,240.77,241.52,082352.57+181441.4,spec-2273-53709-0378,125.9691,18.24486,0.09764575,-21.20239,75.60416,1.570216,-13.62984,0.007199889,1380.092,33.78938,41.79268,0.007199889,29.89526,12.52462,0.9583463,-14.33819,0.03029547,1256.3,108.4342,41.08433,0.03029547,8.336659,30.67041,0.9431528,-14.06108,0.00896716,303.3593,3.894367,41.36143,0.00896716,71.90324,5.285905,0.3215949,-14.73909,0.02375717,287.6202,11.16237,40.68343,0.02375717,21.76654,1.359036,0.07234427,-15.29964,0.0232157,288.2419,10.65047,40.12287,0.0232157,5.815262,4.216945,0.2252707,-14.82132,0.02321586,289.1121,10.82323,40.6012,0.02321586,17.30491,5.738448,0.1120587,-14.72878,0.008486791,306.1657,3.954282,40.69373,0.008486791,15.26819,17.04956,0.3363478,-14.25963,0.008488265,300.6098,4.481467,41.16289,0.008488265,46.08951,5.56452,0.1905135,-14.74146,0.01453068,300.8523,4.269465,40.68106,0.01453068,14.81691,4.336565,0.1721034,-14.8458,0.01681929,300.6042,4.478553,40.57672,0.01681929,11.67567,43.43875,0.0242862,0.7682451,6.492304,0.07576233,44.40536,0.0242862,-0.2268208,0.07955973,0.4820768,129891259690894359,125.96907046429683,18.24485706188255,0.0005587029736489,1.7761400386007151e-06,0.0008709329995326,1.9326100755279185e-06,5.397649765014648,0.0012033999664708,1.5374099575637956e-06,0.0013535800389945,3.9371097955154255e-06,0.0015744899865239,9.458940439799337e-06,6,23,8,8,14,1.0436500310897827,1.0065900087356567,1.0249525325163271,0.1846393840720319,1,True,ok,,6.692520000000001,2.342382,4.684764,4.570713131952161,True,resolved
10,unbarred,169,unbarred,new_sample_masked/t191.0311+1.1093.r_ellipse.txt,191.0311,1.1093,0.0335997548077533,True,0.51,48.815427889093336,7.216971666666659,41.77,0.3,16.11,72.79,13008,240.13,242.23,124407.46+010633.5,spec-0291-51928-0457,191.0311,1.109309,0.08999462,-21.0985,172.1462,4.227943,-13.3088,0.007286341,3593.656,110.2234,42.03522,0.007286341,20.54658,22.15178,1.28333,-14.14613,0.02197037,1591.255,85.23554,41.19789,0.02197037,8.378174,17.4903,0.9297205,-14.31808,0.0204958,381.4406,10.81993,41.02594,0.0204958,25.57145,0.4240216,0.08118699,-15.905,0.08192427,69.10942,0.0,39.43902,0.08192427,5.173959,14.82657,0.1746785,-14.3026,0.004691643,911.818,11.41597,41.04142,0.004691643,14.50327,47.73334,0.6203122,-13.82421,0.004691755,910.7204,11.17511,41.51981,0.004691755,43.2982,4.919624,0.2680115,-14.8801,0.01998721,379.9981,10.51862,40.46392,0.01998721,7.054046,13.48865,0.6715915,-14.41089,0.0199877,385.6004,11.14861,40.93312,0.0199877,20.3465,7.348766,0.3371823,-14.68527,0.01873693,382.1526,11.01754,40.65875,0.01873693,10.65628,6.144296,0.2995473,-14.76391,0.01994876,386.1297,11.13171,40.58011,0.01994876,8.790188,43.07557,0.06855816,0.03558319,6.790597,0.05582525,44.04218,0.06855816,-0.8882954,0.08841199,1.042589,109331910311321629,191.0311231630424,1.109299085150208,0.0006835469976067,1.6940699651968316e-06,0.0011221599997952,2.0260199562471826e-06,9.120550155639648,0.0015342499827966,2.821770067384932e-06,0.0017759000184014,5.413280177890556e-06,0.0020833699963986,1.05834997157217e-05,14,18,14,13,10,1.2519700527191162,1.236780047416687,1.244351871926193,0.0834363507900217,1,True,ok,,10.776660000000001,3.771831,7.543662,6.062322217848877,True,resolved
11,unbarred,89,unbarred,z_0.10_masked/t199.3274+32.6766.r_ellipse.txt,199.3274,32.6766,0.101816312575928,True,0.25,46.80202957277716,57.78784166666666,28.53,0.3,8.26,83.75,13926,241.09,242.75,131718.58+324035.6,spec-2093-53818-0006,199.3274,32.67657,0.0614082,-19.17603,53.02734,1.355558,-14.01096,0.009827393,2398.425,79.17558,40.97237,0.009827393,14.31692,10.38382,1.048459,-14.74266,0.0410994,888.5106,122.0529,40.24068,0.0410994,6.05098,8.359032,0.4279284,-14.8678,0.01803346,255.1622,8.711599,40.11554,0.01803346,26.02965,0.6138572,0.1949405,-16.03456,0.1317859,119.0694,14.89995,38.94877,0.1317859,3.837948,7.021497,0.1453261,-14.87515,0.00870504,312.2466,6.835406,40.10819,0.00870504,18.48699,22.40138,0.4656525,-14.39677,0.008703263,314.5874,6.669755,40.58656,0.008703263,54.17685,0.9403772,0.05629648,-15.75559,0.02610974,255.8622,8.981895,39.22775,0.02610974,3.371866,2.748853,0.163908,-15.28631,0.02611317,265.7202,8.252167,39.69703,0.02611317,9.537148,1.52216,0.1348552,-15.56702,0.03809127,264.4684,8.610896,39.41632,0.03809127,4.921989,1.937557,0.1273187,-15.4493,0.02825809,261.5235,8.716572,39.53404,0.02825809,6.530019,42.02775,0.2063432,0.229303,5.745121,0.1511897,42.99436,0.2063432,-0.8906407,0.2558043,-999.0,147211993274272541,199.327419552189,32.67657051008517,0.0002383130049565,1.4508200365526136e-06,0.0003971359983552,1.2930499906360635e-06,6.0026397705078125,0.0005489240284077,2.3046300157147925e-06,0.0005789779825136,3.0522598990501137e-06,0.0007096140179783,6.563930128322681e-06,11,13,14,14,16,1.1125099658966064,1.07683002948761,1.0945246179879655,0.1215772149384007,1,True,ok,,7.360740000000001,2.5762590000000003,5.152518000000001,4.707539616122781,True,resolved
12,unbarred,38,unbarred,z_0.10_masked/t155.5400+48.3538.r_ellipse.txt,155.54,48.3538,0.1047587817308714,True,0.33,48.50468411239548,-61.59265666666667,31.38,0.32,11.0,-58.79,8835,240.85,241.83,102209.60+482113.7,spec-0873-52674-0158,155.54,48.35383,0.0625544,-19.71089,70.88384,1.692789,-13.79743,0.007852523,1182.201,29.89965,41.20306,0.007852523,30.49831,17.61857,0.9108421,-14.37402,0.01856885,961.6451,60.86697,40.62647,0.01856885,11.22538,15.34588,0.8432546,-14.50795,0.01902018,300.8108,5.44161,40.49253,0.01902018,33.59143,2.59787,0.3367235,-15.24572,0.05315078,257.9283,7.669129,39.75476,0.05315078,8.229757,9.836393,0.501036,-14.61581,0.02207274,250.7849,6.610106,40.38467,0.02207274,35.19874,30.66068,1.58449,-14.13733,0.02206858,253.5443,7.660253,40.86315,0.02206858,103.9466,4.896695,0.1092201,-14.93782,0.009631339,305.3029,5.079477,40.06267,0.009631339,12.23538,14.37407,0.3191646,-14.46861,0.009633856,299.8572,5.974141,40.53188,0.009633856,36.80613,5.057679,0.185917,-14.92218,0.01547402,301.5326,5.503002,40.0783,0.01547402,12.58051,4.843691,0.1696141,-14.93538,0.01485764,299.8001,6.041043,40.06511,0.01485764,12.3414,42.70104,0.04550256,0.1928945,6.129549,0.05866639,43.66765,0.04550256,-0.6017784,0.07424438,-999.0,166021555400325248,155.5400336072675,48.35383033514306,0.0003883829922415,1.530620011180872e-06,0.0007245150045491,2.8639099127758527e-06,7.748330116271973,0.0010112100280821,1.5390800172099262e-06,0.0011740700574591,3.782150088227354e-06,0.0014144800370559,1.0064400157716593e-05,11,41,8,14,16,1.183650016784668,1.140660047531128,1.161956231708329,0.1356098371071497,1,True,ok,,8.09604,2.833614,5.667228,4.877316240791565,True,resolved
13,unbarred,196,unbarred,new_sample_masked/t327.2665-1.6866.r_ellipse.txt,327.2665,-1.6866,0.0362041908101752,True,0.25,35.1525079689075,-12.567626333333331,31.38,0.18,28.53,9.77,20394,240.43,239.33,214903.96-014111.7,spec-9143-57665-0092,327.2665,-1.686601,0.05270801,-19.64418,131.33,2.716818,-13.27716,0.004856128,1224.5,19.64452,41.56436,0.004856128,54.09223,38.00944,1.098354,-13.77054,0.008885998,1448.291,39.23611,41.07097,0.008885998,21.68542,48.92017,1.925032,-13.74042,0.009285595,249.3177,2.265768,41.10109,0.009285595,130.8531,10.02033,0.4168018,-14.38666,0.0135117,255.2623,5.432095,40.45486,0.0135117,43.20897,5.292214,0.3015786,-14.62073,0.02452519,255.6033,5.81313,40.22079,0.02452519,24.7149,16.35554,0.9325402,-14.14235,0.02452607,249.5991,5.29802,40.69916,0.02452607,75.45356,10.53445,0.1815742,-14.36173,0.005792036,253.693,2.520373,40.47979,0.005792036,30.98083,30.53601,0.4556902,-13.89255,0.005792097,256.5726,2.39741,40.94897,0.005792097,89.91016,9.009669,0.1907996,-14.42208,0.008816909,262.282,2.265304,40.41943,0.008816909,25.38758,7.547709,0.1743205,-14.49473,0.009629196,251.7227,2.497971,40.34678,0.009629196,22.30266,42.95775,0.03175465,0.5001775,6.493201,0.02753018,43.92436,0.03175465,-0.7087209,0.042027,-999.0,105973272665206536,327.2665271434978,-1.6866127105730913,0.0005469089956022,1.9272999907116173e-06,0.0009876550175249,2.319060058653122e-06,7.037869930267334,0.0013359499862417,1.956610049091978e-06,0.0015527900541201,4.065459961566376e-06,0.0018010500352829,8.58468956721481e-06,10,17,10,19,14,1.150730013847351,1.13673996925354,1.1437136007584956,0.1078613045901954,1,True,ok,,8.09604,2.833614,5.667228,4.955111136425736,True,resolved
14,unbarred,189,unbarred,new_sample_masked/t238.7831+19.1924.r_ellipse.txt,238.7831,19.1924,0.0360681244774483,True,0.49,56.616608442429246,34.05590333333333,55.6,0.42,28.53,29.34,18315,242.21,242.34,155507.94+191132.6,spec-2172-54230-0164,238.7831,19.19239,0.03584296,-20.49391,64.15611,1.175507,-13.24466,0.005054744,1085.265,17.28299,41.24439,0.005054744,58.39852,15.26347,0.5976992,-13.76798,0.01420224,1370.698,45.58655,40.72107,0.01420224,14.73289,46.01416,1.001371,-13.41457,0.003607938,227.8892,1.110373,41.07448,0.003607938,271.8704,9.578402,0.2501331,-14.01078,0.007096695,269.8275,1.687055,40.47826,0.007096695,62.54877,6.541533,0.04424625,-14.12684,0.002727916,266.515,1.606529,40.36221,0.002727916,47.31179,20.28529,0.1354189,-13.64844,0.002727412,272.4413,1.517578,40.8406,0.002727412,138.7663,8.063963,0.08028305,-14.13651,0.00365134,233.7742,1.324967,40.35254,0.00365134,50.16975,23.74272,0.2223327,-13.66731,0.003651415,228.6969,1.146128,40.82174,0.003651415,150.6761,7.337942,0.1112635,-14.19179,0.006368153,233.0938,1.401752,40.29725,0.006368153,43.19635,6.089398,0.095621,-14.26804,0.006695797,227.0774,1.100058,40.221,0.006695797,37.34261,43.01003,0.021098,1.245756,6.207947,0.03040761,43.97664,0.021098,-0.3711861,0.03701011,0.05063421,131032387830971439,238.78308326504788,19.19237695224461,0.0020568999461829,2.6195500595349586e-06,0.003162520006299,2.3806499029888073e-06,11.095000267028809,0.003904249984771,2.7710000267688883e-06,0.0048143798485398,5.9240601331111975e-06,0.0057044699788093,1.3134200344211422e-05,10,29,22,20,20,0.9825289845466614,0.9728630185127258,0.9776840561665656,0.1006064105502197,2,True,ok,,14.344800000000001,5.0206800000000005,10.041360000000001,10.270557177102292,True,resolved
15,unbarred,162,unbarred,new_sample_masked/t167.7701+35.2308.r_ellipse.txt,167.7701,35.2308,0.0152463041461504,True,0.31,46.419623160085926,-33.82830166666667,37.97,0.29,25.94,-34.38,10239,242.16,242.35,111104.81+351350.8,spec-4627-55626-0922,167.7701,35.2308,0.06065429,-20.61775,151.417,4.7822,-13.18392,0.01042376,6817.013,258.8918,41.78782,0.01042376,9.234049,15.1387,0.6531498,-14.18187,0.01678887,574.5759,25.39897,40.78988,0.01678887,17.12269,46.50472,1.778279,-13.72495,0.009440469,523.1859,5.690269,41.24679,0.009440469,42.74208,-999.0,-999.0,-999.0,-999.0,-999.0,-999.0,-999.0,-999.0,-999.0,7.315478,0.09239653,-14.46823,0.005294578,485.7893,8.72628,40.50352,0.005294578,15.01938,23.81124,0.3087763,-13.98981,0.005290867,486.921,8.639733,40.98193,0.005290867,44.57195,11.87523,0.3172525,-14.29498,0.008864474,524.152,5.687438,40.67676,0.008864474,11.52301,35.27172,1.024492,-13.82577,0.008864176,520.2386,5.439187,41.14597,0.008864176,34.03199,8.367974,0.3489581,-14.43582,0.0165014,520.6562,5.503725,40.53592,0.0165014,8.168572,7.252385,0.3532178,-14.49735,0.01971926,520.5259,5.455198,40.47439,0.01971926,7.077289,42.66121,0.06471466,0.131087,5.685923,0.04819025,43.62782,0.06471466,-0.1979824,0.08068635,1.11877,150271677700677624,167.7700431318109,35.23083061141896,0.0009681779774837,1.858159976109164e-06,0.0019973299931734,2.297430000908207e-06,11.314200401306152,0.0029428598936647,2.639739932419616e-06,0.0035476800985634,5.818179943162249e-06,0.0043510301038622,1.150919979409082e-05,15,27,16,12,14,1.01187002658844,0.9807069897651672,0.9961666566439316,0.2002726056607988,2,True,ok,,9.79626,3.4286909999999997,6.857381999999999,6.883769853432359,True,resolved
16,unbarred,39,unbarred,z_0.05_masked/t156.0108+6.4955.r_ellipse.txt,156.0108,6.4955,0.0896844778918747,True,0.25,21.4482473544075,-38.01543333333333,45.95,0.05,9.09,-43.57,8892,241.54,241.43,102402.59+062943.8,spec-0998-52750-0192,156.0108,6.495525,0.04379382,-20.83448,141.8804,3.297737,-13.26752,0.004623652,1244.989,17.735,41.40383,0.004623652,70.94228,52.46778,1.774431,-13.6226,0.009119452,1514.45,38.51451,41.04876,0.009119452,18.00192,3.136241,0.5957682,-14.95516,0.07810388,290.4586,16.02555,39.71619,0.07810388,9.002588,1.12726,0.2969463,-15.35773,0.1127245,228.1464,10.28177,39.31363,0.1127245,3.229535,2.910601,0.233945,-14.85507,0.03495475,228.8942,10.22938,39.81629,0.03495475,9.942645,9.14257,0.732201,-14.37681,0.03496965,224.9531,9.557137,40.29455,0.03496965,30.31818,2.126262,0.1236351,-15.08095,0.02467262,292.7978,14.38301,39.5904,0.02467262,6.665169,6.239517,0.3551853,-14.6117,0.02467696,294.3956,14.67292,40.05966,0.02467696,19.38848,1.88732,0.1382107,-15.1451,0.03141082,296.6952,13.77227,39.52626,0.03141082,5.490405,1.527016,0.1292679,-15.23183,0.03613729,291.9923,15.28813,39.43952,0.03613729,4.590404,42.61663,0.07344139,0.4148829,6.40835,0.03975114,43.58324,0.07344139,-0.964987,0.08350923,-999.0,115791560108605114,156.01082082830013,6.495526999814315,0.0014203699538484,2.3598399820912164e-06,0.0022338200360536,3.270479965067352e-06,11.8016996383667,0.0028111999854445,3.046129904760164e-06,0.0031432099640369,5.6226199376396835e-06,0.0035864498931914,1.2377099665172864e-05,12,25,12,20,17,1.2837899923324585,1.258780002593994,1.2712234932844797,0.1224664937277577,1,True,ok,,11.8551,4.149285,8.29857,6.528018120998422,True,resolved
17,unbarred,165,unbarred,new_sample_masked/t018.7028-0.4961.r_ellipse.txt,18.7028,-0.4961,0.1427225510679698,True,0.27,34.63618726396328,68.18563,81.4,0.17,13.31,76.46,1853,242.39,242.59,011448.67-002946.0,spec-0398-51789-0261,18.70282,-0.4961343,0.03384342,-21.4369,74.18754,1.22449,-13.3312,0.00550716,2244.739,35.23242,41.10578,0.00550716,29.73574,14.18925,0.3606535,-14.03642,0.01012301,485.4801,5.186885,40.40057,0.01012301,24.15568,34.48084,0.7487463,-13.72472,0.004426789,260.6197,2.232848,40.71227,0.004426789,144.4368,0.5216284,0.1213728,-15.49269,0.1070336,68.96649,0.0004647206,38.9443,0.1070336,8.478154,4.380856,0.08434681,-14.53025,0.007876073,314.7073,5.552149,39.90673,0.007876073,17.4192,13.80881,0.2597642,-14.05185,0.007875849,315.0732,5.64809,40.38513,0.007875849,51.52525,5.239727,0.07201403,-14.47518,0.005791699,266.9353,2.162894,39.9618,0.005791699,25.28455,15.27081,0.2060786,-14.00599,0.005791841,265.3902,2.327973,40.431,0.005791841,74.49263,3.814612,0.1075932,-14.61341,0.01201524,270.4793,2.212022,39.82357,0.01201524,17.64956,3.305047,0.0956257,-14.66786,0.01227785,261.4113,2.446383,39.76912,0.01227785,16.02367,42.59398,0.02346823,0.7832019,5.281078,0.01405871,43.56059,0.02346823,0.1396332,0.027357,1.050571,107400187027945086,18.70282012163884,-0.49612733853757,0.0057710101827979,6.015399776515551e-06,0.0100464997813105,5.332599812390981e-06,19.318599700927734,0.0137114003300666,6.48969989924808e-06,0.0151810003444552,1.0203300007560756e-05,0.0082535399124026,2.7523899916559454e-05,10,20,15,11,16,1.240339994430542,1.1324000358581543,1.185141786525751,0.1222010776408029,1,True,ok,,21.0012,7.35042,14.70084,12.404287965489416,True,resolved
18,unbarred,88,unbarred,z_0.10_masked/t198.7147+42.3054.r_ellipse.txt,198.7147,42.3054,0.1092294295060875,True,0.28,55.770648901460575,44.743115,41.77,0.43,9.09,62.49,13849,242.29,239.68,131451.52+421819.3,spec-1460-53138-0481,198.7147,42.30537,0.07328262,-20.75712,163.7354,1.76022,-13.03992,0.002827368,1086.541,10.58699,42.10898,0.002827368,102.6647,48.47858,0.7002313,-13.49737,0.005214354,1157.693,25.07145,41.65154,0.005214354,32.00766,17.78147,0.6692892,-14.01977,0.01433312,217.9783,3.579988,41.12913,0.01433312,78.07066,3.488539,0.2926371,-14.66139,0.03640861,238.7335,12.87151,40.48751,0.03640861,15.58655,1.493946,0.1581608,-15.01589,0.04611678,237.8021,11.85138,40.13301,0.04611678,6.758971,4.619856,0.4890243,-14.53738,0.04610538,231.6267,11.33836,40.61152,0.04610538,20.70849,3.494915,0.08298917,-14.70627,0.01011483,220.1811,3.713878,40.44263,0.01011483,15.84102,10.29602,0.2430431,-14.23704,0.01011529,222.3243,4.038005,40.91186,0.01011529,45.65007,2.865332,0.1137872,-14.80067,0.01673549,228.4332,4.424181,40.34823,0.01673549,11.83996,2.495658,0.1117912,-14.85772,0.01915012,219.5305,3.757758,40.29118,0.01915012,10.92756,43.48667,0.01422562,0.6629398,6.479725,0.01986994,44.45328,0.01422562,-0.1663216,0.02443732,-999.0,158761987147567036,198.71472697445137,42.30536316614824,0.0008577830158174,2.0872801087534754e-06,0.0013062499929219,2.6394700398668647e-06,7.990200042724609,0.0020335700828582,2.5986200853367336e-06,0.0021489199716597,5.013429927203106e-06,0.0024842100683599,1.0497699804545846e-05,10,24,12,13,13,0.9379569888114928,0.9042050242424012,0.9209263932620378,0.1508014477130925,1,True,ok,,10.776660000000001,3.771831,7.543662,8.191384300844495,True,resolved
19,unbarred,3,unbarred,z_0.10_masked/t119.7935+11.8658.r_ellipse.txt,119.7935,11.8658,0.1078373958156413,True,0.31,35.61602361019234,16.35052166666667,41.77,0.15,16.11,76.04,4556,241.84,241.57,075910.44+115156.7,spec-2265-53674-0046,119.7935,11.86577,0.05014399,-20.10439,149.5768,1.211861,-13.2005,0.002360881,1095.689,10.90455,41.5951,0.002360881,108.6667,47.40965,1.289559,-13.64431,0.007719233,1433.0,33.88268,41.15129,0.007719233,26.23438,16.63425,0.5516718,-14.1776,0.01290406,217.9968,3.482532,40.618,0.01290406,82.22997,4.668582,0.3003878,-14.6948,0.02183438,234.0161,4.7621,40.10081,0.02183438,20.84909,3.499968,0.09031996,-14.76756,0.01084722,238.8037,4.73948,40.02805,0.01084722,16.88314,10.89299,0.28339,-14.28916,0.0108476,232.7114,4.183531,40.50645,0.0108476,51.68727,2.580038,0.06137348,-14.95529,0.01019137,213.058,2.920297,39.84032,0.01019137,14.32582,7.571957,0.1768706,-14.48592,0.0101893,213.2724,2.875865,40.30968,0.0101893,41.92225,3.559407,0.1037691,-14.83365,0.01224998,211.8674,2.787202,39.96196,0.01224998,18.68234,2.739629,0.09239647,-14.94146,0.01441094,215.8303,3.06508,39.85414,0.01441094,14.04028,42.92217,0.0352852,0.7779328,6.370757,0.02595972,43.88878,0.0352852,-0.6218561,0.04380585,-999.0,122231197935429416,119.79351513772332,11.86577549968051,0.0006754680071026,2.2028000330465147e-06,0.0011028900044038,2.111140020133462e-06,8.046409606933594,0.0014876199420541,3.522460019667051e-06,0.0017666099593043,5.57808016310446e-06,0.002019640058279,1.023660024657147e-05,7,10,19,16,12,1.2661099433898926,1.214840054512024,1.2402100921400343,0.1030712089350273,1,True,ok,,10.776660000000001,3.771831,7.543662,6.082567822829999,True,resolved
20,unbarred,101,unbarred,z_0.05_masked/t205.7533+36.1656.r_ellipse.txt,205.7533,36.1656,0.1724931466483295,True,0.26,36.80736500667158,62.614036666666664,31.38,0.21,25.94,62.5,14626,241.38,241.75,134300.79+360956.3,spec-2101-53858-0063,205.7533,36.16565,0.02366029,-18.91567,63.96083,0.8286788,-13.39987,0.004480277,1588.228,24.49862,40.71542,0.004480277,42.09431,12.0084,0.4997504,-14.11828,0.01642733,1866.658,87.59238,39.99701,0.01642733,8.885075,7.751895,0.3368476,-14.38806,0.01795901,277.8425,8.065656,39.72722,0.01795901,35.20523,1.385764,0.09603931,-15.13286,0.02987606,274.205,6.10817,38.98243,0.02987606,8.520729,3.054918,0.1189923,-14.68808,0.01666617,277.4114,5.665333,39.42721,0.01666617,22.86543,9.594371,0.3757634,-14.20979,0.01666822,272.1829,5.972065,39.9055,0.01666822,69.13448,0.7134153,0.0395537,-15.33835,0.02416191,271.895,8.762318,38.77693,0.02416191,4.038826,2.074071,0.1147532,-14.86916,0.02416689,273.0044,8.887002,39.24612,0.02416689,11.79635,1.226256,0.07510793,-15.10877,0.02641354,269.5371,9.173243,39.00652,0.02641354,6.732477,1.110797,0.07529749,-15.14127,0.02916635,276.7502,8.471925,38.97401,0.02916635,6.07837,41.98592,0.04285168,0.5201305,6.269313,0.04508971,42.95253,0.04285168,-1.456661,0.06220408,-999.0,151392057533589391,205.75333459245576,36.16565044355363,0.0010258400579914,1.885739948193077e-06,0.0018145999638363,2.19636990550498e-06,6.878069877624512,0.0025170799344778,2.1815699255967047e-06,0.0028344199527055,3.962440132454503e-06,0.0033585499040782,9.162179594568444e-06,10,28,12,17,13,1.1506400108337402,1.1079599857330322,1.1290983526634015,0.2075695485405891,1,True,ok,,8.09604,2.833614,5.667228,5.019250968378192,True,resolved
21,unbarred,16,unbarred,z_0.10_masked/t131.3901+12.3690.r_ellipse.txt,131.3901,12.369,0.077035757273667,True,0.27,40.65589967297088,-49.244775,25.94,0.16,19.49,-43.44,5872,241.41,241.41,084533.62+122208.3,spec-2428-53801-0173,131.3901,12.36898,0.09564623,-19.96862,121.295,2.394077,-13.7392,0.006228955,1506.645,26.76555,41.66339,0.006228955,33.52362,37.89801,1.751608,-14.17739,0.01506484,1729.035,70.57893,41.22519,0.01506484,10.93784,25.97187,0.989162,-14.44904,0.01275863,315.195,4.890995,40.95354,0.01275863,44.76956,5.013586,0.4269653,-15.1154,0.02889797,260.7631,9.457777,40.28718,0.02889797,12.25012,4.720818,0.3326548,-15.07389,0.03045092,257.6667,8.314782,40.32869,0.03045092,13.2532,14.69267,1.038374,-14.59558,0.03045312,253.9428,8.466568,40.807,0.03045312,39.89462,7.393052,0.1456953,-14.93234,0.008501812,316.1277,4.685583,40.47025,0.008501812,14.58111,22.07233,0.4209713,-14.46311,0.008502597,315.7269,4.848102,40.93948,0.008502597,42.84999,5.969872,0.2405889,-15.02937,0.01702517,318.3134,4.600872,40.37321,0.01702517,11.24798,5.537135,0.2103658,-15.05923,0.01592845,315.2543,4.92147,40.34336,0.01592845,10.70754,42.98517,0.05659813,0.5473343,6.642931,0.04365526,43.95178,0.05659813,-0.8310309,0.07147818,-999.0,122841313901003239,131.3900941514211,12.368954652421356,0.000216949993046,9.36146989261033e-07,0.0003629619895946,9.28166002722719e-07,5.210999965667725,0.000524592003785,1.4156900078887702e-06,0.0006291170138865,3.0855599106871523e-06,0.0006265399861149,7.766720045765396e-06,12,14,20,11,15,1.181439995765686,1.1275399923324585,1.154175395582015,0.1645416319492405,1,True,ok,,6.692520000000001,2.342382,4.684764,4.058970601810151,True,resolved
22,unbarred,61,unbarred,z_0.05_masked/t171.3605+2.3442.r_ellipse.txt,171.3605,2.3442,0.0630281524771623,True,0.29,50.601204223042586,-81.05348500000001,37.97,0.34,17.72,-85.72,10674,242.42,242.45,112526.51+022039.0,spec-0511-52636-0031,171.3605,2.344183,0.0486976,-19.92878,55.06825,1.279438,-13.76743,0.006726826,1069.06,25.1124,41.00136,0.006726826,41.34273,15.70504,0.9572945,-14.33791,0.02233735,1127.737,67.44376,40.43088,0.02233735,9.168227,6.217563,0.4405935,-14.7528,0.02741555,268.6154,7.371108,40.01599,0.02741555,24.59885,1.521966,0.241514,-15.41114,0.06667883,239.6295,7.103295,39.35765,0.06667883,5.335042,3.986586,0.2297336,-14.90145,0.02476917,236.4534,6.336304,39.86734,0.02476917,17.2127,12.67991,0.7264817,-14.42304,0.02476746,242.5175,7.415156,40.34575,0.02476746,50.0431,1.908388,0.06003471,-15.21346,0.01365359,265.8188,7.120782,39.55534,0.01365359,8.577495,5.572755,0.1738361,-14.74417,0.01365123,276.6086,6.542196,40.02462,0.01365123,24.22966,1.759947,0.0986108,-15.26056,0.02404934,272.2019,6.867537,39.50823,0.02404934,7.374852,1.907897,0.1039143,-15.21593,0.02332249,275.5773,6.750374,39.55286,0.02332249,8.025561,42.06702,0.1547247,0.4088555,5.90704,0.08686849,43.03363,0.1547247,-1.013288,0.1774426,-999.0,110811713605083476,171.36048588708098,2.344168629659635,0.0006905460031703,2.1806699805893004e-06,0.0013294500531628,3.967500106227817e-06,11.025400161743164,0.0018704299582168,2.5963099687942304e-06,0.0020417699124664,4.836860171053559e-06,0.0024960699956864,1.2522399629233403e-05,12,27,8,16,17,1.3942300081253052,1.2557599544525146,1.3231848742710757,0.1238179961291819,1,True,ok,,9.79626,3.4286909999999997,6.857381999999999,5.18248215600079,True,resolved
23,unbarred,182,unbarred,new_sample_masked/t220.2192-2.5851.r_ellipse.txt,220.2192,-2.5851,0.0738534463965197,True,0.19,20.18615934206268,49.10265,31.38,0.07,10.0,34.27,16262,240.63,242.3,144052.60-023506.2,spec-0920-52411-0289,220.2192,-2.585081,0.04443099,-20.4996,56.05608,1.268268,-13.62488,0.005855262,889.8344,16.99549,41.05977,0.005855262,59.36041,19.57034,0.902194,-14.03405,0.01565436,1256.03,50.57811,40.65061,0.01565436,13.46235,26.50673,0.7616706,-13.98219,0.006448153,214.3312,1.75136,40.70246,0.006448153,158.7795,6.987824,0.310114,-14.54594,0.01315498,239.7143,3.375856,40.13871,0.01315498,31.71217,2.886107,0.04055339,-14.84315,0.005881633,239.6352,3.352689,39.84151,0.005881633,15.68417,9.003986,0.1274147,-14.36487,0.005885283,248.0624,3.226368,40.31978,0.005885283,45.13896,3.726596,0.04868551,-14.78898,0.005394141,214.5737,1.743467,39.89567,0.005394141,24.76588,10.94147,0.1397425,-14.31984,0.005393211,222.4902,2.30258,40.36481,0.005393211,68.549,3.972558,0.08892711,-14.77477,0.009408965,219.707,1.965718,39.90988,0.009408965,23.93793,2.927462,0.08310867,-14.90035,0.0120618,217.7017,1.911646,39.78431,0.0120618,18.16343,42.66333,0.04568188,1.097113,6.028074,0.04057022,43.62994,0.04568188,-0.5380118,0.06109645,-999.0,104892202191758347,220.21919139808483,-2.585074166418664,0.0010893699945881,1.898740038086544e-06,0.0017598900012671,2.3950999548105756e-06,6.687719821929932,0.0023689200170338,2.1017199287598487e-06,0.0026597299147397,4.563099992083153e-06,0.0031064499635249,1.1444500159996096e-05,10,24,12,11,12,1.1197999715805054,1.11667001247406,1.1182338969255292,0.0980110394649945,1,True,ok,,8.09604,2.833614,5.667228,5.068016642655413,True,resolved
24,unbarred,131,unbarred,z_0.10_masked/t235.5595+9.9485.r_ellipse.txt,235.5595,9.9485,0.1221691567355107,True,0.4,48.905146202076054,78.87097833333333,28.53,0.31,28.53,77.32,17969,242.58,241.47,154214.27+095654.7,spec-1725-54266-0497,235.5595,9.948533,0.05045299,-19.36613,86.3061,1.48185,-13.61289,0.005257206,1078.983,21.71211,41.18839,0.005257206,54.04496,22.48632,1.029652,-14.16224,0.01554027,1351.389,44.37674,40.63905,0.01554027,13.99379,12.12083,0.7110953,-14.51542,0.02216126,318.228,5.591974,40.28586,0.02216126,32.78194,2.563316,0.2095094,-15.15113,0.02986507,207.981,5.576322,39.65015,0.02986507,13.79167,3.142068,0.190189,-14.99805,0.02599112,208.0168,5.702617,39.80323,0.02599112,19.29144,9.773768,0.5908715,-14.51967,0.02599272,211.1897,6.46133,40.28162,0.02599272,55.48529,3.102055,0.08422304,-15.0356,0.01181851,315.8202,6.067876,39.76568,0.01181851,10.05109,9.043089,0.2457005,-14.5663,0.01181651,314.3881,6.285964,40.23498,0.01181651,29.86222,4.847374,0.1501769,-14.84033,0.0131556,314.369,6.286985,39.96095,0.0131556,15.56337,4.109108,0.1304558,-14.90513,0.01345368,314.6458,6.227059,39.89615,0.01345368,13.3021,42.68383,0.03924276,0.6913477,6.242878,0.03354681,43.65044,0.03924276,-0.7323154,0.05162734,-999.0,119932355595488682,235.55946847670543,9.94854068195146,0.0003622130025178,1.2951300050190184e-06,0.0005775699974037,1.180310050585831e-06,5.378270149230957,0.0008173689711838,1.4743600331712514e-06,0.0009947279468178,3.1894201129034627e-06,0.0011410500155761,6.999920060479781e-06,17,22,20,12,14,1.1568299531936646,1.1281800270080566,1.1424151819009398,0.1842369993499124,1,True,ok,,7.360740000000001,2.5762590000000003,5.152518000000001,4.510197414766833,True,resolved
25,unbarred,98,unbarred,z_0.10_masked/t205.6486+26.2594.r_ellipse.txt,205.6486,26.2594,0.1837931631361381,True,0.48,55.717345549983264,-17.94981166666667,34.52,0.41,34.52,-20.91,14609,242.51,243.59,134235.66+261534.0,spec-2246-53767-0501,205.6486,26.25945,0.06401554,-19.96851,99.18649,0.9016491,-13.49087,0.003371286,923.3447,8.820543,41.53129,0.003371286,121.8479,30.29932,0.4583946,-13.97405,0.005704049,1055.0,26.52505,41.04811,0.005704049,28.80784,5.068125,0.4766873,-14.79062,0.03967509,306.8526,9.278825,40.23154,0.03967509,26.41592,1.246733,0.2039793,-15.37879,0.07010877,268.5872,7.699354,39.64337,0.07010877,6.525283,1.563378,0.05379557,-15.25994,0.0149725,274.6496,6.856929,39.76222,0.0149725,8.199021,4.860814,0.1684672,-14.78157,0.01497404,269.9818,7.328856,40.24059,0.01497404,24.90997,1.152591,0.05592717,-15.42481,0.02043404,304.9641,9.66395,39.59735,0.02043404,6.197869,3.363766,0.1588808,-14.95564,0.02043249,302.0519,10.63734,40.06652,0.02043249,18.43823,1.197511,0.07608721,-15.41694,0.02715573,302.034,10.67315,39.60522,0.02715573,6.246905,1.085422,0.07188595,-15.45898,0.02858086,302.7866,10.01385,39.56318,0.02858086,5.627349,43.05592,0.01238118,1.086937,6.056806,0.02253778,44.02253,0.01238118,-0.1741541,0.02571469,-999.0,139512056486021879,205.6485844536901,26.25941838550928,0.0005777709884569,1.7682000361674e-06,0.0009668929851613,2.019680096054799e-06,8.003170013427734,0.0014321600319817,2.4304899852722883e-06,0.0017217099666595,4.120000085094944e-06,0.0020098499953746,1.1009099580405746e-05,11,14,14,16,18,1.4195899963378906,1.366760015487671,1.392924565574503,0.0830660060455835,1,True,ok,,8.906160000000002,3.1171560000000005,6.234312000000001,4.475699656735322,True,resolved
26,unbarred,185,unbarred,new_sample_masked/t227.2276+21.3572.r_ellipse.txt,227.2276,21.3572,0.0677949446767272,True,0.16,30.537738798512617,-28.618785333333335,41.77,0.13,21.44,-47.12,17080,241.58,242.04,150854.63+212125.9,spec-2153-54212-0080,227.2276,21.35722,0.08011348,-21.01187,129.4106,3.77598,-13.35626,0.009963059,5982.946,143.2309,41.87691,0.009963059,12.44083,12.3259,0.5221078,-14.40625,0.01812391,907.8954,59.83515,40.82693,0.01812391,10.31555,18.94804,1.00914,-14.22177,0.01454651,544.0714,7.604476,41.01141,0.01454651,23.58818,-999.0,-999.0,-999.0,-999.0,-999.0,-999.0,-999.0,-999.0,-999.0,4.436692,0.07084566,-14.80981,0.006877146,596.1396,12.42061,40.42336,0.006877146,8.799804,14.54993,0.2341186,-14.33143,0.006876573,597.7223,12.00328,40.90175,0.006876573,26.11543,7.464804,0.211914,-14.60625,0.009152892,546.3875,7.626275,40.62693,0.009152892,9.741366,21.61596,0.5669147,-14.13705,0.009152229,546.3296,7.581713,41.09612,0.009152229,28.53826,8.909626,0.2766048,-14.51532,0.01274645,548.2747,7.455112,40.71786,0.01274645,11.65766,8.467032,0.2930793,-14.5359,0.01405028,544.7721,7.637375,40.69727,0.01405028,11.17388,41.94488,0.2116117,0.06638321,5.783599,0.1111072,42.91149,0.2116117,-1.011986,0.2390069,-999.0,133622272276609203,227.22763832455007,21.35720660511995,0.0007235510274767,1.9742299173231004e-06,0.0013299500569701,2.039110086116125e-06,9.314029693603516,0.0021965000778436,3.660409902295214e-06,0.0025479800533503,6.354329798341496e-06,0.0030628100503236,1.238549975823844e-05,13,15,21,14,16,1.0306400060653689,0.9789639711380004,1.0044697273444565,0.1306754681329149,1,True,ok,,10.776660000000001,3.771831,7.543662,7.5100939278114245,True,resolved
27,unbarred,100,unbarred,z_0.10_masked/t205.6815+46.7067.r_ellipse.txt,205.6815,46.7067,0.1169945632868418,True,0.14,28.58862528163418,-2.6652733333333316,25.94,0.1,23.58,79.22,14618,241.31,242.39,134243.57+464224.0,spec-1465-53082-0534,205.6815,46.70667,0.08637511,-20.54215,182.7637,2.461777,-13.2711,0.003681392,1058.63,14.96985,42.03378,0.003681392,94.72723,52.28388,0.9963545,-13.73773,0.006464694,1294.119,34.74584,41.56715,0.006464694,25.19073,9.808558,0.9335451,-14.54703,0.04056041,322.5172,6.969561,40.75785,0.04056041,23.88345,2.537056,0.401976,-15.0672,0.06785979,311.2628,8.306265,40.23768,0.06785979,7.128727,4.321176,0.1788709,-14.82218,0.01826955,310.0515,8.586493,40.4827,0.01826955,12.38487,13.38834,0.5601356,-14.34378,0.01827062,311.9715,8.296059,40.9611,0.01827062,36.41314,7.286757,0.1589614,-14.68945,0.009135067,322.4503,6.912574,40.61543,0.009135067,17.24237,19.95763,0.4069487,-14.22027,0.009133353,326.0026,6.597464,41.08461,0.009133353,49.25517,2.949793,0.1577757,-15.06175,0.02295382,324.1429,6.584978,40.24313,0.02295382,7.016536,2.697795,0.1766177,-15.1017,0.02817897,323.8818,7.003473,40.20318,0.02817897,6.406283,43.37582,0.01975923,0.890485,6.446963,0.02495836,44.34243,0.01975923,-0.2444106,0.03183311,0.3828219,164042056815998667,205.6815839458046,46.70668301087427,0.0004145730054005,1.3893800314690452e-06,0.0006242070230655,1.475789986216114e-06,5.0552802085876465,0.0009238239726983,1.9738699847948737e-06,0.0009622970246709,2.707899966480909e-06,0.0011583700543269,9.425880307389887e-06,7,20,16,9,13,1.087049961090088,1.0442899465560913,1.0654554640014613,0.2160688365307782,1,True,ok,,6.692520000000001,2.342382,4.684764,4.39695900793989,True,resolved
28,unbarred,64,unbarred,z_0.10_masked/t175.4686+19.2545.r_ellipse.txt,175.4686,19.2545,0.1074463700916926,True,0.16,25.473145722087793,7.076125,25.94,0.09,17.72,67.05,11194,241.89,242.18,114152.46+191516.0,spec-2509-54180-0303,175.4686,19.25447,0.09563332,-19.69634,47.21834,1.862552,-14.13925,0.01445725,1473.542,56.80139,41.26313,0.01445725,15.53569,11.7569,1.239105,-14.72301,0.03904016,715.9285,63.99372,40.67937,0.03904016,8.460289,17.16102,0.7429134,-14.62347,0.01417592,294.2748,5.559759,40.77892,0.01417592,36.346,1.093492,0.1608455,-15.79932,0.05965962,124.7885,8.514033,39.60307,0.05965962,6.635103,3.099265,0.0889663,-15.27018,0.0124695,541.2658,15.69148,40.13221,0.0124695,4.502826,9.819547,0.2923607,-14.79178,0.0124696,539.4696,16.03531,40.61061,0.0124696,13.46036,4.709324,0.1083227,-15.12605,0.01007692,289.7118,5.837478,40.27634,0.01007692,11.66221,13.81933,0.3090616,-14.65687,0.01007809,291.127,5.336118,40.74552,0.01007809,34.00162,3.814779,0.1935664,-15.21819,0.02164322,288.8462,5.916574,40.1842,0.02164322,9.218053,2.956069,0.1861091,-15.32318,0.02671319,294.1472,5.076004,40.0792,0.02671319,7.070009,42.90284,0.07071833,0.6972454,5.787546,0.08390823,43.86945,0.07071833,-0.05797458,0.1097346,-999.0,131101754685785915,175.46859205898429,19.25447173818342,0.0001738209975883,8.834500135890266e-07,0.0003101170004811,1.1729299558282946e-06,4.279890060424805,0.0004769949882756,1.8631000102686812e-06,0.0005140079883858,2.944309926533606e-06,0.0005643600015901,5.814480118715437e-06,12,16,12,8,7,1.0769100189208984,1.0252699851989746,1.050772819956653,0.1052612296677203,1,True,ok,,6.692520000000001,2.342382,4.684764,4.458398533941198,True,resolved
29,unbarred,52,unbarred,z_0.10_masked/t162.9627+21.6240.r_ellipse.txt,162.9627,21.624,0.071892516601001,True,0.24,34.70831026210132,77.653615,34.52,0.18,17.72,58.1,9744,241.65,240.82,105151.04+213726.4,spec-2484-54144-0422,162.9627,21.62402,0.07850423,-21.0366,178.9681,3.974089,-13.21475,0.004138429,1222.891,16.14464,41.99917,0.004138429,77.01621,49.68868,1.269717,-13.68148,0.007680969,1460.528,34.22673,41.53244,0.007680969,21.12886,19.12951,1.073279,-14.199,0.02136604,294.054,6.389378,41.01493,0.02136604,47.69633,4.154335,0.3463444,-14.78661,0.03260645,280.5239,8.173326,40.42731,0.03260645,12.58769,4.596333,0.2181378,-14.71624,0.02069828,279.7664,8.811569,40.49769,0.02069828,14.52928,14.2898,0.6846755,-14.23776,0.02069372,281.4588,7.143975,40.97616,0.02069372,43.05128,4.630828,0.1399477,-14.79641,0.01163884,297.8578,5.741976,40.41752,0.01163884,11.88478,13.62966,0.3772128,-14.32716,0.01163651,294.9726,6.28709,40.88677,0.01163651,35.26447,4.537087,0.1906495,-14.80426,0.01776129,298.0323,6.068993,40.40967,0.01776129,11.35392,3.212677,0.1562811,-14.95411,0.02072094,293.6657,6.765165,40.25982,0.02072094,8.177346,43.31084,0.02942023,0.4744053,6.668421,0.02428163,44.27745,0.02942023,-0.5308485,0.0381464,-999.0,133941629626799339,162.9626519583529,21.624005233013055,0.0008210249943658,1.410459958606225e-06,0.0011967900209128,1.663440002630523e-06,7.024429798126221,0.0016622799448668,2.4546000076952623e-06,0.0018479799618944,5.342670192476362e-06,0.0022174599580466,1.0423100320622323e-05,12,16,16,15,12,1.1305899620056152,1.0902099609375,1.110216392562491,0.1618780312885211,1,True,ok,,8.906160000000002,3.1171560000000005,6.234312000000001,5.615402584365182,True,resolved
30,unbarred,175,unbarred,new_sample_masked/t206.5338+29.6362.r_ellipse.txt,206.5338,29.6362,0.1366659819235682,True,0.11,19.547244075996343,-103.90448499999998,37.97,0.05,19.49,-84.22,14733,241.6,241.8,134608.11+293810.4,spec-2017-53474-0605,206.5338,29.63624,0.07666916,-21.23754,191.0014,2.302911,-13.06483,0.003300874,1559.315,17.42382,42.12676,0.003300874,58.37213,34.21548,1.235485,-13.67558,0.01182121,1934.589,57.2862,41.51602,0.01182121,15.26161,38.83407,1.356557,-13.80161,0.009457817,218.8037,2.545816,41.38999,0.009457817,108.8035,7.296205,0.3155128,-14.38796,0.01200411,218.7363,5.204659,40.80364,0.01200411,38.19942,3.148333,0.1940483,-14.70902,0.02646257,218.2369,5.085021,40.48258,0.02646257,17.97585,9.821377,0.600665,-14.23055,0.02645615,220.8313,5.704496,40.96105,0.02645615,52.55296,7.891118,0.1536856,-14.43621,0.007897855,225.5832,3.097484,40.75538,0.007897855,24.28278,23.11242,0.4649276,-13.96702,0.007897364,215.621,2.399371,41.22458,0.007897364,75.99499,6.757406,0.1813375,-14.50044,0.01138252,217.0709,2.52548,40.69116,0.01138252,21.54413,5.337019,0.1901318,-14.59932,0.01493815,215.6665,2.381272,40.59228,0.01493815,17.33227,43.41749,0.03345105,0.4924213,6.954265,0.02980142,44.3841,0.03345105,-0.7100445,0.04480064,-999.0,143562065337564045,206.5337649441121,29.636248742794844,0.0011171699734404,2.09479003387969e-06,0.0014263000339269,2.0651000340876635e-06,7.799560070037842,0.0020594499073922,2.4707399006729247e-06,0.0022439700551331,4.0398999772151e-06,0.0026015699841082,9.916049748426303e-06,7,11,14,17,15,1.210919976234436,1.2015399932861328,1.2062208670532808,0.2069382807325405,1,True,ok,,9.79626,3.4286909999999997,6.857381999999999,5.685013571977193,True,resolved
31,unbarred,77,unbarred,z_0.05_masked/t188.7329+15.5656.r_ellipse.txt,188.7329,15.5656,0.0381342688940157,True,0.25,42.90444058048902,2.652087,55.6,0.25,14.64,2.65,12723,240.36,241.48,123455.90+153356.1,spec-1768-53442-0547,188.7329,15.56561,0.04582256,-21.85603,132.2812,1.75074,-13.06604,0.003683606,1322.691,15.82355,41.6468,0.003683606,65.32191,30.69884,0.8480413,-13.66971,0.00954741,1881.846,46.70528,41.04314,0.00954741,17.42367,32.7068,0.8898292,-13.72077,0.008370406,236.0813,2.253371,40.99208,0.008370406,116.2368,6.965722,0.2366875,-14.3588,0.009864573,245.7336,3.982965,40.35404,0.009864573,39.42239,6.0871,0.1497567,-14.36792,0.010606,244.6068,3.945063,40.34492,0.010606,37.96517,18.91603,0.4671378,-13.88963,0.01060544,253.8421,3.694417,40.82321,0.01060544,109.1962,7.315022,0.1130042,-14.31032,0.006389972,244.4216,2.381551,40.40252,0.006389972,28.98073,21.22039,0.3174148,-13.84122,0.006390558,235.0703,2.348779,40.87162,0.006390558,88.2523,5.39004,0.1321904,-14.43591,0.0104212,238.7769,2.779397,40.27694,0.0104212,21.6274,4.868819,0.1286514,-14.47411,0.01108499,233.9612,2.269626,40.23873,0.01108499,20.20238,42.95092,0.03029406,0.8935204,6.579915,0.02550611,43.91753,0.03029406,-0.8022629,0.03960166,0.8816358,126671887329439295,188.7329201024576,15.565661968872869,0.0007759829750284,1.4887100405758249e-06,0.0059342700988054,3.292780093033798e-06,12.728799819946287,-999.0,-999.0,0.0096296295523643,9.604429578757843e-06,0.0115783000364899,1.766340028552804e-05,14,18,16,15,8,1.3350900411605835,1.304569959640503,1.3197417781949996,0.2337271039295831,2,True,ok,,14.344800000000001,5.0206800000000005,10.041360000000001,7.608579319003971,True,resolved
32,unbarred,2,unbarred,z_0.10_masked/t118.1900+26.2933.r_ellipse.txt,118.19,26.2933,0.1147008973365401,True,0.16,29.47193096942685,74.60294999999999,28.53,0.12,16.11,62.65,4420,243.08,240.78,075245.60+261735.7,spec-0858-52316-0104,118.19,26.29327,0.08193932,-21.08027,270.4451,1.878912,-12.90761,0.002079601,1110.47,10.4331,42.34701,0.002079601,140.0513,65.28204,0.7274053,-13.38079,0.004199429,1267.599,24.96003,41.87383,0.004199429,36.83978,4.142896,0.912196,-14.72353,0.09544789,250.135,14.43401,40.53109,0.09544789,13.64942,1.625215,0.3596571,-14.98526,0.09669755,279.2519,11.07057,40.26936,0.09669755,6.057692,2.170067,0.139362,-14.87014,0.02740962,283.463,9.876202,40.38448,0.02740962,7.628238,6.630254,0.4245032,-14.3917,0.02740234,278.4738,10.66877,40.86292,0.02740234,23.20611,1.47021,0.1043699,-15.18386,0.03091228,254.7828,15.39904,40.07076,0.03091228,4.663164,4.185482,0.2969655,-14.71452,0.0309019,255.6717,14.32411,40.5401,0.0309019,13.60564,1.647285,0.1355075,-15.14142,0.03550683,259.2502,13.99673,40.1132,0.03550683,4.928062,1.468355,0.1239507,-15.19345,0.03643204,251.9674,14.31881,40.06117,0.03643204,4.499802,43.72984,0.005769982,0.7064226,6.652709,0.01729917,44.69645,0.005769982,-0.0961372,0.01823607,0.1018912,139551181899962491,118.18999603662644,26.293266915299355,0.0008379039936698,1.3221599601820344e-06,0.0008486530277878,6.923889941390371e-07,3.6948399543762207,0.0012417900143191,1.2281000181246782e-06,0.0011784599628299,2.7782800771092298e-06,0.001291129970923,6.748200121364789e-06,12,16,28,14,12,1.1962499618530271,1.1611000299453735,1.1785439603721628,0.1197898836516802,1,True,ok,,7.360740000000001,2.5762590000000003,5.152518000000001,4.3719353484047625,True,resolved
33,unbarred,143,unbarred,z_0.10_masked/t258.2686+35.3927.r_ellipse.txt,258.2686,35.3927,0.1534584045026419,True,0.23,28.827481035244308,81.85906333333334,25.94,0.13,9.09,43.28,19921,241.93,242.39,171304.46+352333.5,spec-2972-54586-0148,258.2686,35.39266,0.0839,-21.57371,318.4072,3.193637,-12.72877,0.002397633,1078.55,13.62633,42.54834,0.002397633,83.97811,57.30152,2.366198,-13.38508,0.0168534,1546.154,95.7885,41.89203,0.0168534,11.83497,-999.0,-999.0,-999.0,-999.0,-999.0,-999.0,-999.0,-999.0,-999.0,14.19554,1.905437,-13.9929,0.05837037,683.5579,40.29741,41.28421,0.05837037,9.690116,4.357071,0.3112176,-14.51176,0.03057486,683.375,40.26161,40.76535,0.03057486,2.8567,13.27986,0.9489629,-14.03338,0.03057499,683.6235,40.4572,41.24373,0.03057499,8.512886,-999.0,-999.0,-999.0,-999.0,-999.0,-999.0,-999.0,-999.0,-999.0,1.172229,0.2039038,-15.16013,0.07552213,68.96649,0.0,40.11698,0.07552213,7.397748,-999.0,-999.0,-999.0,-999.0,-999.0,-999.0,-999.0,-999.0,-999.0,0.004886129,0.004886129,-15.88228,1.682403,68.96649,0.0,39.39483,1.682403,0.02853778,43.80967,0.00796807,1.112206,6.71915,0.05393081,44.77628,0.00796807,-0.08274804,0.05451625,0.9741069,150472582686091806,258.26858756688887,35.39266035906655,0.00079778698273,1.1157400194861111e-06,0.0009842440485954,1.15934994937561e-06,3.790410041809082,0.0015689500141888,8.459800255877781e-07,0.0014754299772903,2.985279934364371e-06,0.0016408399678766,8.640709893370513e-06,12,54,16,10,13,1.0262099504470823,0.9796519875526428,1.0026607689551754,0.1472981630074222,2,True,ok,,6.692520000000001,2.342382,4.684764,4.672332004055337,True,resolved
34,unbarred,127,unbarred,z_0.10_masked/t232.3896+55.2516.r_ellipse.txt,232.3896,55.2516,0.191609860168881,True,0.35,42.74855261577774,-48.90586166666666,28.53,0.25,28.53,85.88,17648,241.7,242.42,152933.51+551505.9,spec-0614-53437-0146,232.3896,55.25165,0.07239492,-20.10295,94.14214,1.735616,-13.82978,0.005403319,1266.982,19.28782,41.30762,0.005403319,51.32442,19.91646,1.556105,-14.46923,0.02635727,1165.199,63.23427,40.66816,0.02635727,10.31278,6.734927,0.4344353,-14.99616,0.02469957,254.4748,5.89509,40.14124,0.02469957,25.00286,1.992526,0.2690679,-15.51719,0.05169049,229.5589,7.671591,39.6202,0.05169049,6.885048,2.613724,0.1750526,-15.32507,0.02861746,236.1561,8.064754,39.81232,0.02861746,10.09466,8.171353,0.5479195,-14.84667,0.02862296,229.1409,6.93113,40.29072,0.02862296,31.11633,1.972363,0.08374391,-15.51324,0.01557455,248.618,6.782996,39.62415,0.01557455,7.784681,5.528367,0.200749,-15.04405,0.01557358,243.0866,5.927374,40.09335,0.01557358,23.23552,2.226914,0.10095,-15.44237,0.01930417,242.5431,5.976071,39.69502,0.01930417,9.154205,1.829823,0.09986795,-15.52638,0.02326163,245.8912,6.214336,39.61102,0.02326163,7.448183,42.68357,0.08417543,0.8784395,6.048518,0.06047115,43.65018,0.08417543,-0.5382154,0.1036449,-999.0,174302323895782692,232.38965953,55.2516606,0.0003805340093094,1.4575100522051798e-06,0.0005585519829764,1.7951100517166196e-06,6.906869888305664,0.0007789569790475,2.5379599719599355e-06,0.0008321559871546,4.125949999433942e-06,0.0009422000148333,9.9623703135876e-06,11,14,18,10,12,1.0833799839019775,1.0556800365447998,1.0694403307326428,0.2500287441040485,2,True,ok,,7.360740000000001,2.5762590000000003,5.152518000000001,4.817957441786545,True,resolved
35,unbarred,87,unbarred,z_0.05_masked/t198.2742+1.4655.r_ellipse.txt,198.2742,1.4655,0.1477063716571803,True,0.28,38.01494633933565,-22.153491666666664,45.95,0.16,17.72,-14.25,13811,240.94,242.32,131305.80+012755.9,spec-0525-52295-0091,198.2742,1.465541,0.02935044,-19.92522,61.20633,0.7438758,-13.3911,0.003758643,1320.998,14.36654,40.91746,0.003758643,63.29016,15.56359,0.5652886,-13.99018,0.01330933,1521.423,50.44926,40.31838,0.01330933,13.39657,3.049393,0.1756526,-14.74999,0.02280062,208.7372,4.11726,39.55857,0.02280062,25.40352,1.142333,0.09599613,-15.17794,0.03409142,205.7898,2.957922,39.13062,0.03409142,9.378583,2.601433,0.05093994,-14.75811,0.00835611,208.9115,3.13296,39.55045,0.00835611,23.35278,8.206801,0.1587756,-14.27972,0.00835536,208.2476,3.099563,40.02884,0.00835536,69.96979,1.109712,0.02850305,-15.11732,0.01120063,208.0339,4.016247,39.19124,0.01120063,11.03349,3.23684,0.08308069,-14.64806,0.01120485,214.961,5.177097,39.6605,0.01120485,30.25005,1.122275,0.05229991,-15.12478,0.01998339,210.9725,4.404785,39.18378,0.01998339,10.22945,0.8041536,0.04631587,-15.25756,0.02499606,212.9032,4.711187,39.051,0.02499606,7.378208,42.2738,0.04382033,0.6249237,6.184552,0.0349054,43.24041,0.04382033,-1.08402,0.05602328,-999.0,109751982742229106,198.27421152195873,1.4655527478322747,0.0014122900320217,2.5165400074911304e-06,0.0026283499319106,2.9750599424005486e-06,11.254799842834473,0.0037022300530225,3.501980017972528e-06,0.0044842101633548,7.954519787745085e-06,0.0054750898852944,1.5499599612667225e-05,11,12,13,12,9,1.1757800579071045,1.1231499910354614,1.1491637661787109,0.194366747373937,1,True,ok,,11.8551,4.149285,8.29857,7.221398937416077,True,resolved
36,unbarred,116,unbarred,z_0.10_masked/t220.2981-2.2098.r_ellipse.txt,220.2981,-2.2098,0.098148796581193,True,0.42,50.058886630900545,15.213953333333334,45.95,0.34,17.72,12.86,16272,241.12,242.18,144111.54-021235.1,spec-0919-52409-0023,220.2981,-2.209773,0.08226972,-21.51403,121.9594,1.40876,-13.08475,0.004824188,1049.622,21.91446,42.1737,0.004824188,86.75643,35.10427,0.4707146,-13.47743,0.00489457,1016.639,17.46557,41.78102,0.00489457,30.34923,11.99731,1.327838,-14.09508,0.04792089,358.8719,18.06157,41.16337,0.04792089,35.66279,-999.0,-999.0,-999.0,-999.0,-999.0,-999.0,-999.0,-999.0,-999.0,1.82698,0.05697787,-14.76954,0.01364133,653.2225,28.36793,40.48891,0.01364133,3.435585,5.690681,0.1813461,-14.29116,0.01364204,652.4885,28.001,40.96729,0.01364204,10.25134,1.049215,0.07813618,-15.15988,0.03228752,357.1793,17.6271,40.09857,0.03228752,3.106715,2.993966,0.2229566,-14.69062,0.03228669,359.2119,18.60991,40.56783,0.03228669,9.011597,0.926277,0.1236317,-15.22382,0.05739238,357.6808,17.93858,40.03462,0.05739238,2.602268,0.5598268,0.1208124,-15.44468,0.09251812,360.4561,18.99883,39.81376,0.09251812,1.539204,43.81249,0.01127466,1.118142,6.354169,0.01576105,44.7791,0.01127466,0.2850518,0.01937857,-999.0,105342202981328734,220.2981097381413,-2.209758286148748,0.0010061300126835,2.0729200969071826e-06,0.001482340041548,2.348120005990495e-06,7.744850158691406,0.0020323300268501,2.3068300833983812e-06,0.0023367700632661,5.323579898686148e-06,0.0026094899512827,1.0400999599369244e-05,9,22,15,13,10,1.1035900115966797,1.0311000347137451,1.0667294405176406,0.1542017375503311,1,True,ok,,11.8551,4.149285,8.29857,7.779451550500978,True,resolved
37,unbarred,153,unbarred,new_sample_masked/t131.4508+29.3487.r_ellipse.txt,131.4508,29.3487,0.1413780847540189,True,0.31,57.36988510858705,-62.671145,37.97,0.44,16.11,-54.71,5880,241.17,240.31,084548.19+292055.1,spec-1588-52965-0438,131.4508,29.34866,0.07136694,-20.59252,158.6814,3.152143,-13.18328,0.006208628,1479.466,18.16174,41.94075,0.006208628,62.73502,56.2658,1.290049,-13.59451,0.006629636,1940.542,35.73734,41.52953,0.006629636,25.33466,1.042041,0.7229084,-15.38119,0.3290267,998.2425,2.399803,39.74285,0.3290267,0.8367377,0.7147574,0.2960648,-15.52815,0.1741673,406.7112,12.96688,39.59588,0.1741673,2.020946,2.908923,0.1541739,-14.87223,0.0234497,404.1661,13.07316,40.2518,0.0234497,9.038007,9.273563,0.4926268,-14.39384,0.02344994,407.2243,12.93906,40.7302,0.02344994,26.76332,10.70619,0.2425174,-14.35443,0.01036183,998.6844,2.406187,40.7696,0.01036183,8.914713,31.02302,0.7182689,-13.88522,0.0103621,998.7175,2.339626,41.23882,0.0103621,26.12741,3.219331,0.2805859,-14.87525,0.03711837,999.0398,2.319129,40.24878,0.03711837,2.621506,1.132809,0.2857237,-15.32864,0.1089019,998.3862,2.393126,39.79539,0.1089019,0.9211841,43.00731,0.05639846,0.4923811,6.772367,0.02999973,43.97392,0.05639846,-0.9383257,0.0638809,-999.0,143211314508198938,131.45082233936205,29.34863667856419,0.0007447670213878,2.2533099581778515e-06,0.0012637500185519,2.861040002244408e-06,8.421660423278809,0.001923119998537,2.6816398985829437e-06,0.0021971201058477,5.182069799047895e-06,0.0026496399659663,1.457069993193727e-05,6,12,6,10,15,1.223420023918152,1.145009994506836,1.183565864185883,0.238492051183578,1,True,ok,,9.79626,3.4286909999999997,6.857381999999999,5.793832187545267,True,resolved
38,unbarred,181,unbarred,new_sample_masked/t218.7109+3.6452.r_ellipse.txt,218.7109,3.6452,0.1347197399652135,True,0.44,30.9644915577285,75.25539333333332,55.6,0.13,19.49,-29.78,16079,242.7,241.63,143450.62+033842.5,spec-0586-52023-0234,218.7109,3.645163,0.02833738,-20.16683,35.0016,0.8510639,-14.05213,0.008043085,994.027,27.80953,40.22486,0.008043085,29.62365,8.783429,0.9460041,-14.64265,0.04134818,1016.597,95.8852,39.63434,0.04134818,6.18164,12.06288,0.4279859,-14.57405,0.01144043,233.2679,3.760684,39.70294,0.01144043,54.72788,3.718209,0.3190611,-15.06862,0.03250578,292.3408,4.759452,39.20837,0.03250578,11.84089,3.649571,0.0578401,-15.00156,0.006504337,291.6781,4.970675,39.27543,0.006504337,13.57049,11.458,0.1919027,-14.52318,0.006504844,293.0028,4.448937,39.75381,0.006504844,40.17209,2.234876,0.04372514,-15.22407,0.008361227,226.7326,3.110548,39.05292,0.008361227,12.69081,6.525419,0.126746,-14.75474,0.008358452,227.9172,3.108693,39.52225,0.008358452,36.92131,2.093232,0.08698066,-15.25824,0.01772401,225.7237,3.007551,39.01875,0.01772401,11.50797,1.854666,0.09286712,-15.30083,0.0217149,232.0535,3.567714,38.97616,0.0217149,10.05425,41.79619,0.08988792,0.9920736,5.490922,0.0913668,42.7628,0.08988792,-0.8680012,0.1281707,-999.0,112372187109504650,218.7109480804789,3.64515400751856,0.0020047898869961,3.5403700167080387e-06,0.0035821499768644,4.555120085569797e-06,16.434900283813477,0.0009424890158697,2.3948900889081415e-06,0.0052104401402175,9.77867966867052e-06,0.0061976602301001,2.3337099264608696e-05,12,15,12,11,12,1.1303000450134275,1.0585099458694458,1.0938161817523984,0.2392767174629509,1,True,ok,,14.344800000000001,5.0206800000000005,10.041360000000001,9.18011652004707,True,resolved
39,unbarred,136,unbarred,z_0.10_masked/t241.9417+34.8469.r_ellipse.txt,241.9417,34.8469,0.1403131975204423,True,0.21,26.544859433537837,-36.742195,31.38,0.1,10.0,-21.87,18635,241.55,241.42,160746.01+345048.9,spec-1683-53436-0341,241.9417,34.84694,0.05361078,-19.92401,145.1632,2.761923,-13.30142,0.005177849,1107.005,16.44044,41.5559,0.005177849,49.2692,36.9282,1.421223,-13.87107,0.01186413,1264.768,26.25161,40.98625,0.01186413,19.45116,16.016,1.009316,-14.31109,0.02327443,236.8228,5.122391,40.54623,0.02327443,32.44465,4.993398,0.3218464,-14.78397,0.02391271,282.9974,6.587937,40.07335,0.02391271,15.45021,4.956302,0.1514093,-14.73367,0.01338615,280.2678,6.959013,40.12365,0.01338615,17.10089,15.36957,0.4745206,-14.25519,0.0133839,285.8735,6.537669,40.60213,0.0133839,49.82106,5.585975,0.1519756,-14.69764,0.01133686,239.4861,5.246183,40.15968,0.01133686,13.22162,16.14696,0.422989,-14.22842,0.01133609,229.8251,4.3961,40.6289,0.01133609,40.51836,4.945601,0.229128,-14.74902,0.01962897,230.7877,4.52702,40.1083,0.01962897,11.90291,4.303451,0.212348,-14.80281,0.02097904,230.6235,4.414345,40.05451,0.02097904,10.49508,42.80404,0.04428896,0.9656989,6.14341,0.02687439,43.77065,0.04428896,-0.5126386,0.05180487,0.6396027,149812419416866908,241.94168185510105,34.84695069887283,0.000635611009784,1.3989299532113364e-06,0.0009984839707612,1.919959913720959e-06,6.514269828796387,0.0014081200351938,1.6437199974461691e-06,0.0015598899917677,3.291909933977877e-06,0.0019194399937987,9.38220000534784e-06,11,21,14,15,15,1.077430009841919,0.9900140166282654,1.0327975656823702,0.1902259568409148,1,True,ok,,8.09604,2.833614,5.667228,5.487259254194366,True,resolved
40,unbarred,114,unbarred,z_0.10_masked/t219.3930+26.2806.r_ellipse.txt,219.393,26.2806,0.1469379240259687,True,0.37,44.214795161122694,26.716443166666668,31.38,0.25,12.1,30.25,16167,241.98,242.06,143734.32+261650.3,spec-2137-54206-0082,219.393,26.28064,0.06479261,-20.18805,39.70873,1.132187,-13.97605,0.009845708,1548.838,41.10901,41.05728,0.009845708,21.55276,13.49321,1.224906,-14.48659,0.03447688,1931.97,146.0955,40.54675,0.03447688,4.879522,5.862537,0.2921787,-14.84524,0.01850557,254.9451,6.434382,40.18809,0.01850557,25.22596,1.907947,0.2061424,-15.41227,0.04073083,237.5926,9.185196,39.62106,0.04073083,6.833441,1.872312,0.1205736,-15.32233,0.02763874,230.2793,7.660463,39.71101,0.02763874,8.452464,5.884014,0.3776139,-14.84393,0.02764036,230.8916,7.834422,40.18941,0.02764036,25.09859,1.58755,0.05407484,-15.3654,0.01474081,257.6592,6.937181,39.66794,0.01474081,7.552437,4.64157,0.1568552,-14.89611,0.01474239,264.2565,6.442285,40.13722,0.01474239,21.65532,2.0151,0.09766358,-15.27352,0.02068755,266.5626,6.296806,39.75981,0.02068755,8.808219,1.689792,0.08955653,-15.34151,0.02283505,259.7046,6.840895,39.69183,0.02283505,7.72583,42.47354,0.1046625,0.9683171,6.361748,0.08082355,43.44015,0.1046625,-1.061475,0.1322372,-999.0,139532193930057333,219.39299795044133,26.2806242130697,0.0005040189716964,1.5263899513229262e-06,0.0009062670287676,2.0121999568800675e-06,7.419209957122803,0.0012670999858528,2.622829924803227e-06,0.0014801600482314,4.276570052752504e-06,0.001770669943653,1.2824900295527186e-05,11,16,13,14,14,1.1584700345993042,1.143710017204285,1.1510663678529656,0.0874177495409031,1,True,ok,,8.09604,2.833614,5.667228,4.92345894057424,True,resolved
41,unbarred,37,unbarred,z_0.10_masked/t155.4537+3.1256.r_ellipse.txt,155.4537,3.1256,0.3519151254778169,True,0.23,38.19392351414558,12.606598333333336,34.52,0.19,19.49,18.81,8828,240.87,241.15,102148.90+030732.2,spec-0575-52319-0202,155.4538,3.125617,0.06183925,-20.827,69.1522,1.228894,-13.52033,0.005992513,1830.597,28.46393,41.46951,0.005992513,31.90854,16.53425,1.012507,-14.12336,0.02164762,1266.92,46.36766,40.86648,0.02164762,9.773596,8.272121,0.3459994,-14.49578,0.01476364,267.831,5.882045,40.49406,0.01476364,32.73763,0.5329745,0.1831631,-15.67757,0.1454463,110.8026,24.13403,39.31227,0.1454463,5.13376,4.48392,0.07978543,-14.66044,0.007564436,509.022,10.22621,40.3294,0.007564436,10.14686,14.29833,0.2609302,-14.18205,0.007564432,509.3685,10.48907,40.80779,0.007564432,30.19219,1.98035,0.05426727,-15.05436,0.01182165,262.4546,5.783431,39.93548,0.01182165,9.19498,5.779786,0.1563111,-14.58521,0.01182464,270.7018,5.311576,40.40463,0.01182464,26.27579,2.434019,0.1094866,-14.97202,0.01942199,265.9403,5.703753,40.01782,0.01942199,10.75364,1.757232,0.09477451,-15.10453,0.02308901,274.0114,5.201972,39.88531,0.02308901,7.642859,42.73795,0.08628704,0.05028005,6.435543,0.05018227,43.70456,0.08628704,-0.8708612,0.0998184,0.3504919,111751554537541101,155.45374242575824,3.125626099522924,0.000967658997979,2.4064599983830703e-06,0.0016199699603021,2.4482499156874837e-06,9.753979682922363,0.0022889100946485,2.482370064171846e-06,0.0025713199283927,4.5230799514683895e-06,0.0030032598879188,9.384700206283014e-06,8,22,13,19,16,1.1779500246047974,1.1505299806594849,1.1641592756261478,0.179125915594451,1,True,ok,,8.906160000000002,3.1171560000000005,6.234312000000001,5.355205366247544,True,resolved
42,unbarred,26,unbarred,z_0.05_masked/t141.5136+12.7344.r_ellipse.txt,141.5136,12.7344,0.1085789554332613,True,0.12,19.859982499893103,-39.31766,81.4,0.06,8.26,68.31,7180,241.36,241.9,092603.26+124403.7,spec-2578-54093-0195,141.5136,12.73437,0.02878478,-21.14466,187.1125,8.084283,-12.39868,0.01741472,2220.796,110.2077,41.89223,0.01741472,32.36918,79.53333,1.138391,-12.71657,0.005029136,1872.287,42.04856,41.57435,0.005029136,27.33188,86.68663,4.307186,-12.75169,0.01869985,995.7376,4.44988,41.53923,0.01869985,44.89891,4.317678,0.449889,-14.0005,0.04421204,367.829,6.381032,40.29042,0.04421204,10.41878,9.574384,0.2047032,-13.63421,0.009087507,367.4781,6.179219,40.65671,0.009087507,23.78627,29.73853,0.6289658,-13.15581,0.009087474,371.6493,6.72121,41.13511,0.009087474,69.938,16.47126,1.209264,-13.4559,0.02978703,995.5293,4.556013,40.83502,0.02978703,8.889327,48.44817,3.29004,-12.98669,0.02978697,995.759,4.515712,41.30423,0.02978697,26.04175,1.718786,0.4197039,-14.43871,0.10496,995.6449,4.548996,39.85221,0.10496,0.9011143,7.964449,0.4357873,-13.77289,0.02296205,995.8328,4.477094,40.51803,0.02296205,4.165847,43.17895,0.01756939,0.3472628,6.869296,0.02104842,44.14556,0.01756939,-0.8636126,0.0274175,0.428155,123281415136371799,141.5136224379858,12.734372568977454,0.0053508500568568,2.5926099169737427e-06,0.0090436404570937,4.361710125522222e-06,12.811800003051758,0.0116485003381967,4.404550054459833e-06,0.0130511000752449,7.5503999141801614e-06,0.0172914005815982,1.9009099560207687e-05,14,17,15,15,15,1.2025699615478516,1.1761300563812256,1.1892765349899252,0.1263318365412922,1,True,ok,,21.0012,7.35042,14.70084,12.361162074155054,True,resolved
43,unbarred,55,unbarred,z_0.05_masked/t165.0668+46.2709.r_ellipse.txt,165.0668,46.2709,0.0445978593313234,True,0.22,26.21973944038364,-0.2007249999999985,28.53,0.12,28.53,54.71,9943,242.62,242.17,110016.03+461615.2,spec-1436-53054-0495,165.0668,46.27089,0.03138351,-19.36567,101.0662,2.320665,-13.46093,0.006584582,1365.043,19.76037,40.90789,0.006584582,34.04903,26.15769,2.399315,-14.04074,0.03636062,1010.335,103.7592,40.32807,0.03636062,4.800687,18.50219,0.893688,-14.26047,0.01532809,233.5614,6.06657,40.10835,0.01532809,45.24228,0.1613162,0.1613162,-15.50707,0.7991764,68.93076,0.02166583,38.86175,0.7991764,0.5658526,13.44265,0.5551682,-14.3017,0.01655524,356.2775,12.40976,40.06712,0.01655524,10.57056,42.87801,1.740881,-13.8233,0.01655469,356.2731,11.42723,40.54552,0.01655469,31.56125,2.273926,0.09494748,-15.09591,0.0179286,236.9134,6.594163,39.27291,0.0179286,6.516154,6.606491,0.2732904,-14.62667,0.01792983,238.6822,6.928661,39.74215,0.01792983,18.96441,2.724235,0.1686464,-15.0245,0.02635361,244.8905,6.73866,39.34432,0.02635361,7.257598,2.59869,0.1740022,-15.03455,0.02849639,235.0245,6.233243,39.33427,0.02849639,7.379338,41.79417,0.2876293,0.3708255,5.702084,0.1571941,42.76078,0.2876293,-1.081181,0.3277813,-999.0,163521650667935766,165.06680622953454,46.27090067049915,0.0008572150254622,2.045499968517106e-06,0.0013114999746903,1.7052000202966155e-06,7.406519889831543,0.0016904199728742,1.4954099469832729e-06,0.001977110048756,3.9882897908682935e-06,0.0022886099759489,1.0030499652202708e-05,11,56,18,13,16,1.2608599662780762,1.2402900457382202,1.2505327125847312,0.0156889825812644,2,True,ok,,7.360740000000001,2.5762590000000003,5.152518000000001,4.1202584691689035,True,resolved
44,unbarred,113,unbarred,z_0.10_masked/t219.0105+33.1316.r_ellipse.txt,219.0105,33.1316,0.070416457087519,True,0.19,33.70552893493548,21.120323666666664,31.38,0.16,25.94,18.3,16112,242.67,244.31,143602.52+330753.6,spec-1841-53491-0584,219.0105,33.13158,0.09384374,-20.90611,79.70678,2.455387,-13.52813,0.01044661,1264.522,36.53204,41.85609,0.01044661,28.35489,17.7051,0.7864516,-14.24437,0.01348299,483.1429,3.384663,41.13984,0.01348299,23.09178,47.5615,1.81698,-13.78078,0.01050445,368.7418,3.705101,41.60343,0.01050445,77.85163,0.003451487,0.003451487,-15.82659,2.153619,68.93076,0.005515199,39.55762,2.153619,0.0452739,7.964602,0.1060783,-14.54607,0.005316956,617.6602,9.665786,40.83814,0.005316956,12.93696,24.54653,0.3392572,-14.06766,0.005317925,616.6136,9.433611,41.31656,0.005317925,38.70656,13.14421,0.2424381,-14.30355,0.006425896,367.0308,3.547306,41.08067,0.006425896,23.60945,38.02102,0.6162485,-13.83439,0.006427076,370.3886,3.771757,41.54983,0.006427076,68.30708,9.3795,0.2532308,-14.43775,0.01116677,367.9885,3.534808,40.94646,0.01116677,16.8219,7.421448,0.2437656,-14.53608,0.0135786,373.4289,3.798624,40.84814,0.0135786,13.16054,43.41659,0.03141857,0.8241479,5.632731,0.01539218,44.3832,0.03141857,0.610593,0.03498637,1.110541,147752190105428514,219.01054623447172,33.13156939091016,0.0006109050009399,1.5038899618957655e-06,0.0010832999832928,1.8765699678624512e-06,7.225059986114502,0.0016528699779883,1.7521899735584157e-06,0.0018250599969178,3.593780093069654e-06,0.0022592800669372,8.749039807298686e-06,11,24,13,17,16,1.2603399753570557,1.2509000301361084,1.2556111313443676,0.1776798105254288,1,True,ok,,8.09604,2.833614,5.667228,4.513521629847425,True,resolved
45,unbarred,56,unbarred,z_0.10_masked/t165.4116+1.4136.r_ellipse.txt,165.4116,1.4136,0.3688897964784804,True,0.18,25.999642187684437,49.777964999999995,50.54,0.1,45.95,88.82,9970,241.93,241.76,110138.79+012448.8,spec-0508-52366-0084,165.4117,1.413568,0.06498668,-21.29865,63.79778,1.373854,-13.88258,0.007865582,2395.402,59.65129,41.15363,0.007865582,18.68221,11.47438,1.114453,-14.62649,0.03999201,2125.215,273.8097,40.40972,0.03999201,3.471342,9.40214,0.4341616,-14.76846,0.01559677,262.4659,6.391215,40.26775,0.01559677,30.95188,2.188957,0.1991876,-15.40767,0.0364851,243.0543,6.177065,39.62854,0.0364851,7.357027,3.667889,0.1404563,-15.11754,0.01671308,251.1384,5.621046,39.91867,0.01671308,13.59802,11.59016,0.4532711,-14.63917,0.01671335,244.36,6.116776,40.39703,0.01671335,41.58818,1.61944,0.05854757,-15.47186,0.01569673,259.4095,6.688541,39.56435,0.01569673,6.232559,4.745397,0.170898,-15.00269,0.0156926,251.7014,6.522028,40.03352,0.0156926,18.70499,1.944278,0.1154861,-15.41128,0.02545753,251.7406,6.52257,39.62493,0.02545753,7.135158,1.737519,0.1193157,-15.44862,0.02932821,254.2009,6.965209,39.58759,0.02932821,6.483194,42.47511,0.05992119,0.757058,6.5192,0.1151105,43.44172,0.05992119,-1.217358,0.1297728,-999.0,109691654116876737,165.41167772538142,1.413561178894747,0.0011794799938797,4.012859790236689e-06,0.0018520900048315,4.097079909115564e-06,14.843500137329102,0.0024095999542623,3.179150098731043e-06,0.0026252199895679,9.638660230848473e-06,0.002830560086295,1.8665999959921464e-05,7,27,12,12,8,1.3167799711227417,1.2735300064086914,1.2949744418569742,0.3126955242151171,1,True,ok,,13.03932,4.563762,9.127524,7.048420188827252,True,resolved
46,unbarred,145,unbarred,z_0.10_masked/t315.6106+0.1173.r_ellipse.txt,315.6106,0.1173,0.0280468893803893,True,0.36,30.78869782424997,14.61565,31.38,0.13,7.51,59.18,20117,242.14,241.11,210226.54+000702.3,spec-0985-52431-0396,315.6106,0.1173065,0.05175861,-19.50419,50.6527,1.245145,-14.02001,0.008398429,1131.203,29.53001,40.8049,0.008398429,29.96069,15.92766,0.9975901,-14.53685,0.02567541,1596.971,115.5578,40.28806,0.02567541,5.349459,5.894046,0.4196685,-15.00052,0.02878242,266.0982,8.573986,39.82439,0.02878242,19.21803,1.559652,0.2348832,-15.62343,0.06379731,234.0989,11.52466,39.20148,0.06379731,4.36607,2.277482,0.1933377,-15.3596,0.03621982,233.2583,11.70239,39.4653,0.03621982,7.813251,7.173945,0.6081412,-14.88124,0.0362291,239.7565,11.9038,39.94367,0.0362291,22.66202,1.882383,0.06723826,-15.43035,0.01574976,272.4586,7.736065,39.39455,0.01574976,6.992088,5.519049,0.197554,-14.96114,0.01574987,267.3488,9.200808,39.86377,0.01574987,20.8533,2.246485,0.1199203,-15.35815,0.0227284,271.8748,8.7367,39.46676,0.0227284,8.071424,1.816186,0.1145166,-15.44273,0.02690819,264.3383,9.044675,39.38218,0.02690819,6.783071,41.93187,0.1085378,1.000535,5.941313,0.07959818,42.89848,0.1085378,-1.182711,0.1345969,-999.0,108143156105851207,315.61058443930506,0.1173033579772376,0.0001743070024531,6.361510145325155e-07,0.0005607589846476,1.4294599850472878e-06,5.970570087432861,0.00070722901728,1.016279952636978e-06,-999.0,-999.0,0.0011413400061428,9.740439963934476e-06,12,34,16,14,8,1.0527900457382202,1.0101200342178345,1.03123436571193,0.0573079094450481,3,True,ok,,8.09604,2.833614,5.667228,5.495577133998568,True,resolved
47,unbarred,107,unbarred,z_0.10_masked/t210.7460+17.3489.r_ellipse.txt,210.746,17.3489,0.0076442536737356,True,0.25,44.07530361103326,-50.05677333333333,31.38,0.28,13.31,-44.66,15217,238.8,240.29,140259.04+172056.0,spec-2757-54509-0132,210.746,17.3489,0.06008187,-20.46825,108.82,2.163355,-13.15755,0.005222874,903.2714,19.1545,41.80541,0.005222874,92.81038,33.38725,0.7152541,-13.67109,0.007321794,1102.606,29.59239,41.29187,0.007321794,25.19483,18.6866,0.9190236,-13.92632,0.02020698,327.7408,3.744541,41.03664,0.02020698,63.32408,3.118497,0.2638626,-14.71658,0.03525351,253.514,6.396179,40.24638,0.03525351,14.37029,3.847596,0.1398583,-14.60992,0.01596997,252.0635,6.088852,40.35304,0.01596997,18.0744,11.74413,0.4301717,-14.13162,0.01597131,259.5316,6.256751,40.83134,0.01597131,52.60807,7.838718,0.1548259,-14.31646,0.005953885,328.601,3.848771,40.6465,0.005953885,25.5324,21.73082,0.2909262,-13.84728,0.005953439,328.5905,3.856228,41.11568,0.005953439,74.84412,4.610507,0.1293883,-14.53278,0.01189406,330.5852,3.706503,40.43018,0.01189406,14.93391,3.921102,0.1160643,-14.60443,0.01247417,327.9525,3.774498,40.35853,0.01247417,12.89761,43.36825,0.01406406,1.632208,6.044846,0.02415553,44.33486,0.01406406,0.1501378,0.02795152,0.3855153,128812107460269194,210.7460258724516,17.34888486605977,0.0007914869929663,1.2762900496454677e-06,0.001278780051507,1.2271500509086763e-06,5.278570175170898,0.0019263400463387,1.4285600400398837e-06,0.0021833900827914,3.4166100704169367e-06,0.002573860110715,7.148089935071766e-06,12,23,19,17,14,1.256450057029724,1.2402199506759644,1.248308626805173,0.1042695936048734,1,True,ok,,8.09604,2.833614,5.667228,4.539925366457072,True,resolved
48,unbarred,35,unbarred,z_0.10_masked/t154.1880+42.1737.r_ellipse.txt,154.188,42.1737,0.1497035375885034,True,0.28,35.23464309950332,1.1910589999999983,31.38,0.18,28.53,-21.09,8676,243.88,243.27,101645.11+421025.4,spec-1218-52709-0054,154.188,42.17374,0.05502596,-21.08772,256.8873,3.067248,-12.57472,0.003035116,1292.278,14.94356,42.30677,0.003035116,99.52834,69.34344,1.011005,-13.01949,0.004902895,1513.226,29.34182,41.862,0.004902895,33.38749,7.993882,1.08314,-14.08799,0.05775772,300.9872,8.196867,40.7935,0.05775772,18.75043,1.580387,0.2794865,-14.67319,0.07628362,260.8126,8.249019,40.2083,0.07628362,6.254098,2.763535,0.1051767,-14.42819,0.01667416,260.9338,7.739012,40.45331,0.01667416,10.77619,8.574882,0.3267785,-13.94981,0.0166744,256.0934,7.60269,40.93169,0.0166744,32.54584,4.129698,0.166722,-14.36864,0.01669663,297.0268,8.732597,40.51286,0.01669663,10.01943,12.16219,0.4810193,-13.89943,0.01669691,297.9462,8.256503,40.98207,0.01669691,29.26452,3.269987,0.1508866,-14.4775,0.01979952,296.3808,9.067062,40.404,0.01979952,7.627335,2.58878,0.158151,-14.57933,0.02607601,300.5004,7.903562,40.30216,0.02607601,5.936325,43.5895,0.01611661,0.6536966,6.761854,0.0183373,44.55611,0.01611661,-0.3456215,0.02441314,-0.1723004,158601541879779141,154.18796694511525,42.173755337802014,0.0015925200423225,1.671900008659577e-06,0.0023500600364059,1.8501400518289304e-06,5.515039920806885,0.0030998100992292,1.5634300325473305e-06,0.003152810037136,3.2333200579159893e-06,0.0038677200209349,9.98602990875952e-06,12,30,15,13,19,1.1477500200271606,1.121500015258789,1.134549102054969,0.2178637912785201,1,True,ok,,8.09604,2.833614,5.667228,4.9951368254887765,True,resolved
49,unbarred,160,unbarred,new_sample_masked/t140.7156-1.7767.r_ellipse.txt,140.7156,-1.7767,0.0300847278696121,True,0.24,37.57157281543578,78.51456666666667,41.77,0.2,13.31,76.78,7088,242.12,241.4,092251.73-014636.1,spec-12545-58930-0214,140.7156,-1.776695,0.08774788,-20.32337,47.38612,1.177488,-13.9914,0.00890198,1588.856,35.1419,41.32851,0.00890198,24.45318,11.46237,0.9542649,-14.63785,0.03293388,1992.344,138.276,40.68206,0.03293388,4.734343,13.58416,0.4214866,-14.57683,0.01039253,305.8435,4.989878,40.74308,0.01039253,47.06282,3.817062,0.2625612,-15.17726,0.02632832,301.6866,12.7159,40.14265,0.02632832,13.07973,1.322107,0.1606605,-15.55757,0.05236461,303.7465,12.19311,39.76234,0.05236461,5.246253,4.181057,0.5103114,-15.07919,0.05236498,302.8328,12.13384,40.24072,0.05236498,15.76027,2.699505,0.05825538,-15.22305,0.009434144,305.8173,4.981897,40.09686,0.009434144,10.68039,7.929965,0.1695825,-14.75378,0.009434998,311.2068,4.350822,40.56613,0.009434998,30.34366,2.657842,0.1120001,-15.23667,0.01790113,308.1952,4.513346,40.08324,0.01790113,9.919854,2.41912,0.134284,-15.27026,0.02377732,308.7192,4.449061,40.04965,0.02377732,9.135119,42.66087,0.08810877,0.8489826,6.514541,0.07215339,43.62748,0.08810877,-1.026939,0.1138827,-999.0,105861407155448390,140.71557526925196,-1.7766943546802525,0.0003673809987958,1.6812699641377549e-06,0.0007466449751518,2.9389700557658216e-06,8.789549827575684,0.0011198699939996,3.7685299503209535e-06,0.0011706999503076,6.814389962528367e-06,0.0013690800406038,1.1115499546576755e-05,8,9,10,12,7,1.2102400064468384,1.193519949913025,1.2018509025154367,0.0912791067876079,1,True,ok,,10.776660000000001,3.771831,7.543662,6.276703694452739,True,resolved
50,unbarred,80,unbarred,z_0.10_masked/t190.8333+2.8823.r_ellipse.txt,190.8333,2.8823,0.097570966790088,True,0.19,30.769987234964137,-20.83850666666667,28.53,0.14,25.94,-26.82,12981,242.22,243.4,124319.98+025256.1,spec-0521-52326-0639,190.8333,2.882273,0.08670225,-20.30584,86.83923,1.617809,-13.60856,0.005310371,1011.903,19.61498,41.69985,0.005310371,59.28592,25.85338,1.406715,-14.09817,0.01621571,875.6805,32.28854,41.21024,0.01621571,16.67323,11.56791,0.7734734,-14.52834,0.02670311,315.7803,9.28975,40.78007,0.02670311,33.1375,0.03888783,0.03888783,-16.07527,0.8960513,68.93076,0.0,39.23314,0.8960513,0.4141664,5.879241,0.08718147,-14.7119,0.006270841,309.3939,4.156411,40.59651,0.006270841,16.4313,18.4754,0.2958199,-14.2335,0.006270144,309.2542,4.169347,41.07491,0.006270144,49.18425,2.301755,0.07638588,-15.16304,0.01439196,318.494,8.496397,40.14537,0.01439196,7.534256,6.725461,0.2222933,-14.69388,0.01438967,315.6331,9.443278,40.61453,0.01438967,22.5094,1.67701,0.1210655,-15.29721,0.03083738,316.6198,9.183155,40.0112,0.03083738,5.44935,1.474166,0.1411949,-15.34725,0.04124398,315.4862,9.34551,39.96115,0.04124398,4.918932,43.08435,0.07737663,0.1379232,6.239941,0.04730887,44.05096,0.07737663,-0.3288584,0.09069328,-999.0,111451908333099205,190.83326487746675,2.8822712577829783,0.0003587960090953,1.0051600156657514e-06,0.000637135002762,1.4501699752145214e-06,5.86338996887207,0.0009331150213256,1.509799972154724e-06,0.0010955299949273,3.5315099466970423e-06,0.0012399699771776,6.718500117131043e-06,17,22,14,14,14,1.2255200147628784,1.181939959526062,1.2035327484731004,0.1632586404845908,1,True,ok,,7.360740000000001,2.5762590000000003,5.152518000000001,4.281161444536432,True,resolved
51,unbarred,36,unbarred,z_0.10_masked/t154.7783+23.3105.r_ellipse.txt,154.7783,23.3105,0.0380432665489159,True,0.34,50.168953509196186,77.0938,34.52,0.34,14.64,77.09,8740,244.07,242.17,101906.78+231837.7,spec-2346-53734-0045,154.7783,23.31049,0.06456219,-20.17341,328.4012,5.090939,-12.93817,0.00285199,1099.667,11.22827,42.09184,0.00285199,130.735,92.84338,2.997028,-13.42707,0.006525369,1321.43,22.35989,41.60294,0.006525369,36.25016,6.092927,1.425312,-14.67697,0.1009766,322.0278,8.559225,40.35304,0.1009766,11.77775,2.442285,0.422958,-15.04222,0.07177333,257.8865,7.036433,39.98779,0.07177333,6.580256,10.02059,0.4784896,-14.38164,0.02086207,252.4704,5.958499,40.64837,0.02086207,29.94649,31.57907,1.50159,-13.90326,0.02086428,256.6771,6.820015,41.12675,0.02086428,88.12563,6.094381,0.2193158,-14.67741,0.01326569,323.019,8.307798,40.3526,0.01326569,11.664,17.28918,0.5363262,-14.20821,0.01326672,322.6792,8.718992,40.8218,0.01326672,34.2769,4.692074,0.1899554,-14.78598,0.01708951,324.5867,8.470119,40.24403,0.01708951,8.764533,4.034191,0.1929196,-14.85158,0.02031243,322.1122,8.655357,40.17843,0.02031243,7.663515,43.01097,0.06931424,0.3767248,6.480737,0.03448067,43.97758,0.06931424,-0.6430336,0.07741693,-999.0,135971547782273222,154.77825417990726,23.31050009608665,0.0004654059885069,1.3661000366482767e-06,0.0007505660178139,1.7572599517734488e-06,6.215149879455566,0.0010230200132355,2.17406000047049e-06,0.001057959976606,3.232180006307317e-06,0.0012647600378841,6.8879799073329195e-06,6,15,12,16,14,1.1724900007247925,1.1402900218963623,1.156277928786907,0.1514883094725538,1,True,ok,,8.906160000000002,3.1171560000000005,6.234312000000001,5.391707170732424,True,resolved
52,unbarred,148,unbarred,z_0.10_masked/t334.8272+12.1314.r_ellipse.txt,334.8272,12.1314,0.1511243677021917,True,0.16,14.297971254427484,-6.198361666666667,28.53,0.04,12.1,69.84,20821,241.76,241.41,221918.53+120753.1,spec-0736-52221-0049,334.8272,12.13144,0.08127831,-20.91771,107.4927,1.812505,-13.25228,0.004977989,962.7854,16.73368,41.99466,0.004977989,71.30923,27.95603,0.8903838,-13.76544,0.00999043,1062.345,29.76741,41.4815,0.00999043,23.75092,10.22488,0.587715,-14.28538,0.02350496,234.0358,3.722793,40.96156,0.02350496,39.2766,2.502065,0.2128706,-14.84419,0.03395286,254.6749,9.706212,40.40275,0.03395286,12.13215,2.175651,0.1545361,-14.87114,0.03091453,258.7639,8.572404,40.3758,0.03091453,10.93189,6.744109,0.4792023,-14.39274,0.03091376,252.2892,8.837706,40.8542,0.03091376,33.45861,4.786201,0.147009,-14.60656,0.007907307,236.4741,3.854235,40.64038,0.007907307,18.55877,13.77721,0.2583509,-14.13744,0.007910207,241.1578,4.401834,41.1095,0.007910207,53.41633,2.369524,0.1263133,-14.91593,0.0226345,246.596,3.988781,40.33101,0.0226345,8.49454,2.11029,0.1191891,-14.96495,0.02418714,236.4407,3.881444,40.28199,0.02418714,7.934863,43.52583,0.02426277,1.15055,6.252027,0.02667508,44.49244,0.02426277,0.1005347,0.03605886,0.2032881,122553348271808225,334.82720845359745,12.131443836718864,0.0006053139804862,1.8462900470694876e-06,0.0009414730011485,1.5276100384653546e-06,5.035449981689453,0.0013837399892508,1.3600299553218065e-06,0.0015409899642691,3.3640098990872502e-06,0.0018543900223448,7.758460014883894e-06,11,30,16,12,12,1.0952500104904177,1.0822499990463257,1.0887306015763232,0.1605924875937421,1,True,ok,,7.360740000000001,2.5762590000000003,5.152518000000001,4.732592243241722,True,resolved
53,unbarred,195,unbarred,new_sample_masked/t026.6868-0.6787.r_ellipse.txt,26.6868,-0.6787,0.1422647570683279,True,0.23,40.23019654486819,24.79392,61.16,0.23,31.38,24.79,2731,243.47,244.6,014644.82-004043.2,spec-0401-51788-0031,26.68677,-0.6786749,0.08236677,-21.66961,283.36,6.045203,-13.02996,0.003383614,1156.357,13.10145,42.22963,0.003383614,105.1376,84.35085,1.857062,-13.46709,0.005758351,1206.014,24.52703,41.7925,0.005758351,34.1164,23.18967,1.40729,-14.12556,0.02336356,264.5548,6.991765,41.13403,0.02336356,52.92828,2.99602,0.4416967,-14.93529,0.0626807,221.5129,6.86678,40.3243,0.0626807,9.216385,5.672429,0.3130578,-14.64352,0.02375176,217.9765,6.064163,40.61608,0.02375176,18.14171,17.62112,0.9776295,-14.16522,0.02375209,220.0867,6.426383,41.09438,0.02375209,53.17478,3.967095,0.1688298,-14.89088,0.01518919,271.2937,6.410857,40.36872,0.01518919,8.897858,11.29099,0.3859501,-14.42168,0.01518602,263.8316,7.319769,40.83792,0.01518602,26.76469,3.847083,0.1992399,-14.89245,0.02195661,268.4326,7.007766,40.36714,0.02195661,8.740332,2.628577,0.1792213,-15.05843,0.02914313,261.576,6.879789,40.20117,0.02914313,6.086258,43.41149,0.03279214,0.4003014,6.573335,0.02301729,44.3781,0.03279214,-0.3351119,0.04006395,0.8503146,107180266867726117,26.68678868025347,-0.6786411152847068,0.0012838200200349,2.693760052352445e-06,0.0019643199630081,2.9039999844826525e-06,9.957929611206056,0.0025662700645625,1.946259999385802e-06,0.00290296995081,5.43410988029791e-06,0.0032762899063527,1.2470700312405825e-05,8,22,16,15,14,1.1654800176620483,1.114789962768555,1.1398532473511531,0.2158658096963606,1,True,ok,,15.77928,5.522748,11.045496,9.690279012379941,True,resolved
54,unbarred,206,unbarred,new_sample_masked/t008.0876+24.3998.r_ellipse.txt,8.0876,24.3998,0.0968308181479669,True,0.28,55.9701908796997,-41.36589,31.38,0.42,8.26,-41.96,818,241.15,243.18,003221.03+242359.3,spec-7661-57286-0991,8.087626,24.39981,0.066,-19.79772,118.4481,1.428414,-13.52932,0.002874045,852.8537,8.867675,41.52132,0.002874045,112.872,39.78598,1.808013,-13.93087,0.01207607,1007.425,27.80466,41.11977,0.01207607,26.75064,3.568595,0.4428012,-15.07386,0.05296388,228.5607,7.075759,39.97678,0.05296388,17.35652,1.184473,0.3416198,-15.49723,0.119896,243.0714,6.44665,39.55341,0.119896,4.361887,4.61561,0.1763964,-14.84934,0.01624995,250.525,5.309997,40.2013,0.01624995,18.45995,14.46458,0.5523577,-14.37097,0.01624969,241.7197,5.1991,40.67968,0.01624969,56.89261,1.674226,0.05455327,-15.36741,0.01403562,221.993,6.018731,39.68324,0.01403562,9.162153,4.942023,0.1608237,-14.89833,0.01403918,221.7706,5.88729,40.15231,0.01403918,26.87719,1.531462,0.08951552,-15.42591,0.02509308,220.2366,5.736002,39.62473,0.02509308,7.904235,1.321393,0.08096651,-15.4853,0.0263277,224.7827,6.366503,39.56534,0.0263277,6.671337,42.88755,0.06147372,0.7210543,6.069019,0.03660529,43.85416,0.06147372,-0.3547367,0.07154695,-999.0,137280080876430376,8.087644973726086,24.399831631037575,0.0003957519948016,8.612129818175163e-07,0.0006672919844277,9.920589718603878e-07,5.032750129699707,0.0009433460072614,1.381049969495507e-06,0.0010925600072368,2.971860112666036e-06,0.0012246699770912,6.291079898801399e-06,16,20,27,15,16,1.0682300329208374,1.0492199659347534,1.058682331368424,0.1862974771743864,2,True,ok,,8.09604,2.833614,5.667228,5.353095855179424,True,resolved
55,unbarred,4,unbarred,z_0.10_masked/t120.7216+13.0999.r_ellipse.txt,120.7216,13.0999,0.0380549365430685,True,0.26,43.56901397665871,-85.83376,37.97,0.26,17.72,-85.83,4655,238.74,241.17,080253.18+130559.6,spec-2268-53682-0299,120.7216,13.09991,0.09489593,-20.15351,281.2485,3.564282,-13.2995,0.003353361,1486.212,17.61351,42.0955,0.003353361,62.44973,75.9386,2.105201,-13.75634,0.008173597,1739.501,47.53644,41.63866,0.008173597,17.34509,14.0254,1.164373,-14.63472,0.03355355,260.2404,8.572907,40.76029,0.03355355,23.58948,2.571238,0.3942403,-15.25588,0.06134606,204.157,8.223805,40.13913,0.06134606,6.872005,6.826185,0.6298297,-14.80273,0.03948812,206.3265,9.274709,40.59227,0.03948812,18.50447,21.19393,1.935937,-14.32431,0.03950468,207.204,8.606686,41.0707,0.03950468,54.59718,3.668065,0.1883086,-15.17206,0.02131153,257.2139,9.340147,40.22295,0.02131153,6.945004,10.81581,0.5309724,-14.70277,0.02130426,249.8705,8.747231,40.69224,0.02130426,20.8365,4.288662,0.2502175,-15.0978,0.02472743,249.7198,8.897294,40.29721,0.02472743,8.24055,3.178959,0.2983545,-15.22578,0.0402076,252.4651,9.029237,40.16922,0.0402076,6.073594,43.27652,0.03796636,0.1101389,6.9323,0.02924573,44.24313,0.03796636,-0.8290478,0.0479245,-999.0,123721207215670422,120.72159545886416,13.099910278920694,0.0002075469965348,1.0691900342862937e-06,0.0003402429865673,1.1875599739141762e-06,5.465539932250977,0.000495424028486,1.7257500530831749e-06,0.000540898006875,3.2661300792824477e-06,0.0006295010098256,6.7543101067713e-06,12,18,15,13,9,1.2530100345611572,1.2100800275802612,1.2313579565585748,0.0402844304061654,1,True,ok,,9.79626,3.4286909999999997,6.857381999999999,5.568959020791286,True,resolved
56,unbarred,154,unbarred,new_sample_masked/t133.6635+17.6896.r_ellipse.txt,133.6635,17.6896,0.1838422289219398,True,0.18,16.230006393290022,-82.3385015,41.77,0.03,5.13,-51.91,6171,241.33,241.67,085439.24+174122.3,spec-2281-53711-0151,133.6635,17.68955,0.06521195,-21.84673,179.7182,2.13782,-12.69514,0.002613442,1820.16,15.59192,42.34424,0.002613442,71.39936,36.39032,1.221838,-13.29889,0.0118834,1860.415,49.77719,41.74049,0.0118834,15.99405,29.45015,0.8420523,-13.53499,0.007286222,207.9422,2.507807,41.50439,0.007286222,127.4345,1.24648,0.1211994,-14.79155,0.03865926,69.10942,0.0,40.24783,0.03865926,21.01667,11.59176,0.138287,-13.78895,0.004880115,729.2408,6.8404,41.25042,0.004880115,18.63972,36.14629,0.4381608,-13.31057,0.004879759,730.4188,6.772242,41.72881,0.004879759,55.40791,5.684202,0.1024341,-14.18548,0.00766585,210.4716,2.80547,40.85389,0.00766585,27.77808,16.63944,0.2922227,-13.71634,0.007666394,204.8563,2.25796,41.32304,0.007666394,86.88512,4.148983,0.1091985,-14.32082,0.01117609,205.5852,2.328395,40.71856,0.01117609,20.95766,3.46351,0.1057142,-14.39394,0.01300307,205.1164,2.274209,40.64544,0.01300307,17.78539,43.68968,0.02795837,0.4587452,7.054579,0.02642693,44.65629,0.02795837,-0.5381688,0.03847146,0.4940439,129221336635138009,133.66350967052205,17.68956697996251,0.0022185400594025,2.0904299162793905e-06,0.0033675900194793,1.7251800272788389e-06,6.52908992767334,0.0046908599324524,2.968869921460282e-06,0.0049294200725853,4.419389824761311e-06,0.0057371999137103,1.2377399798424449e-05,10,16,16,14,19,1.2426600456237793,1.1821099519729614,1.2120069334995751,0.1234126620235218,1,True,ok,,10.776660000000001,3.771831,7.543662,6.224107958044652,True,resolved
57,unbarred,119,unbarred,z_0.10_masked/t223.6062+46.7567.r_ellipse.txt,223.6062,46.7567,0.0845915796700383,True,0.41,50.938943343551166,-85.08724666666667,41.77,0.34,14.64,-86.52,16676,241.12,241.74,145425.47+464524.1,spec-1675-53466-0638,223.6062,46.75672,0.06914386,-20.19656,62.69681,1.753101,-13.69971,0.0100539,1776.652,50.06767,41.3945,0.0100539,24.26855,11.95514,1.083916,-14.42249,0.03442217,962.7181,71.77612,40.67172,0.03442217,8.237351,12.96814,0.7058712,-14.42245,0.02111219,433.2407,7.471235,40.67176,0.02111219,26.7029,0.4319468,0.1333686,-15.91399,0.1378032,111.2106,20.62448,39.18022,0.1378032,3.771508,8.53038,0.09195386,-14.53476,0.004303491,604.8876,6.98629,40.55944,0.004303491,14.353,27.20259,0.2943453,-14.05636,0.004303618,603.568,6.991796,41.03784,0.004303618,42.93766,5.562259,0.1319166,-14.74755,0.009527235,434.3711,6.878094,40.34666,0.009527235,12.61825,16.05004,0.3513917,-14.27834,0.009528133,436.0001,6.987823,40.81587,0.009528133,36.81295,6.550153,0.1811269,-14.67172,0.01142775,437.989,6.742508,40.42249,0.01142775,14.48356,5.545692,0.1678216,-14.73927,0.01274802,434.1631,7.082711,40.35493,0.01274802,12.50608,42.78814,0.07457871,0.1533467,6.183555,0.07293788,43.75475,0.07457871,-0.5686833,0.1043164,0.8146053,164102236061738722,223.6061382220152,46.75672247984805,0.0005634180270135,1.408179969075718e-06,0.0010256799869239,2.0233499071764527e-06,8.252840042114258,0.001487569999881,2.547029907873366e-06,0.0017161599826067,3.392590087969438e-06,0.0020677400752902,8.082810381893069e-06,12,21,19,19,22,0.9614059925079346,0.9314370155334472,0.9463028734911262,0.1725245529903512,1,True,ok,,10.776660000000001,3.771831,7.543662,7.971720483284298,True,resolved
58,unbarred,149,unbarred,z_0.10_masked/t342.1027+0.1558.r_ellipse.txt,342.1027,0.1558,0.0921279811496402,True,0.24,40.33560042644345,79.18841166666665,31.38,0.22,25.94,77.75,21284,242.53,241.75,224824.63+000920.7,spec-0675-52590-0593,342.1027,0.1557758,0.05378426,-20.54565,107.7177,2.34847,-13.37589,0.006061068,1080.889,21.9293,41.48436,0.006061068,53.85156,25.33951,0.7042845,-13.96038,0.009593558,1260.449,46.69453,40.89986,0.009593558,18.36267,38.03244,1.442193,-13.8581,0.01142899,296.8768,3.284592,41.00215,0.01142899,93.39001,8.820943,0.3530062,-14.4503,0.01445298,291.1259,5.454293,40.40995,0.01445298,37.3834,5.813805,0.2620887,-14.594,0.01946611,285.7632,6.025704,40.26624,0.01946611,26.95176,18.13025,0.8166929,-14.11552,0.01946329,291.0799,5.766137,40.74473,0.01946329,78.5685,9.472528,0.1502984,-14.41551,0.006083235,297.967,2.928208,40.44474,0.006083235,25.76554,27.69766,0.4141198,-13.94629,0.006083098,300.5996,2.910721,40.91396,0.006083098,74.60549,8.34294,0.19165,-14.46845,0.00950652,303.8526,2.77874,40.3918,0.00950652,21.64773,7.266271,0.1805353,-14.52423,0.0105202,298.0267,3.001028,40.33602,0.0105202,19.51192,42.91339,0.02470449,0.6222075,6.309869,0.03404398,43.88,0.02470449,-0.5697458,0.0420631,0.4867806,108183421026117339,342.1026398898226,0.1557433352449397,0.0006761170225217,1.4030999864189653e-06,0.0011774400481954,1.4589099919248838e-06,6.403989791870117,0.0017208299832418,1.6476800510645262e-06,0.0021071198862046,4.236339918861631e-06,0.0026475999038666,1.1920599717996083e-05,18,24,18,14,15,1.281149983406067,1.2064900398254397,1.243259705171026,0.2973892253800514,1,True,ok,,8.09604,2.833614,5.667228,4.558362163937744,True,resolved
59,unbarred,174,unbarred,new_sample_masked/t204.7856+11.9817.r_ellipse.txt,204.7856,11.9817,0.0052131573662995,True,0.09,22.19172471777949,-8.607373333333333,41.77,0.04,25.94,-149.62,14518,241.43,240.24,133908.53+115854.1,spec-1700-53502-0506,204.7856,11.9817,0.09246644,-20.55188,382.6263,5.2007,-12.9314,0.004143968,1716.84,21.87027,42.43869,0.004143968,64.4691,78.32791,1.640675,-13.50676,0.006009601,2003.237,34.41157,41.86332,0.006009601,24.15082,18.90504,2.177296,-14.27309,0.04721257,389.4166,17.33114,41.09699,0.04721257,18.30937,4.645098,0.3326588,-14.7729,0.02768549,291.1137,3.736154,40.59719,0.02768549,12.9783,16.38498,0.2920213,-14.18247,0.007655027,294.3586,3.016417,41.18762,0.007655027,48.77149,51.65069,0.9558551,-13.70407,0.007655795,296.5046,3.192522,41.66601,0.007655795,143.8808,6.662823,0.4112242,-14.67054,0.02617486,386.6778,17.00289,40.69954,0.02617486,7.405239,20.31664,1.237096,-14.20133,0.02617462,389.7719,17.60494,41.16875,0.02617462,21.52579,4.66911,0.3499524,-14.83139,0.031537,387.427,17.40927,40.53869,0.031537,4.971543,4.552296,0.282041,-14.84259,0.02613124,391.3354,17.46915,40.52749,0.02613124,4.791428,43.3201,0.04586768,0.05315752,7.094469,0.02546867,44.28671,0.04586768,-0.9476381,0.05246425,-999.0,122372047855538422,204.7855639930026,11.98163728166977,0.0007124969852156,1.4569000086339656e-06,0.000988028012216,2.319409986739629e-06,9.861470222473145,0.001762090018019,2.195250090153422e-06,0.0017156900139525,3.898710019711871e-06,0.0020243700128048,9.58481996349292e-06,13,17,16,19,20,1.366729974746704,1.3285399675369265,1.347499683221384,0.2589553115032471,2,True,ok,,10.776660000000001,3.771831,7.543662,5.598266251139915,True,resolved
60,unbarred,48,unbarred,z_0.10_masked/t160.1830+33.0164.r_ellipse.txt,160.183,33.0164,0.180598911419818,True,0.14,27.064548681839785,-48.49775283333333,28.53,0.08,19.49,-81.72,9391,239.17,242.31,104043.92+330059.2,spec-2025-53431-0292,160.183,33.01645,0.08178837,-21.32066,170.9159,5.787901,-12.95224,0.01265511,1775.026,53.59383,42.30064,0.01265511,50.40907,52.88359,1.479907,-13.35268,0.009471479,1765.543,47.21861,41.9002,0.009471479,17.51851,41.40987,3.574238,-13.58382,0.0344177,554.3327,21.3673,41.66906,0.0344177,53.24342,6.215466,0.5917112,-14.32121,0.03884485,436.5921,15.53353,40.93167,0.03884485,11.00983,6.646875,0.7597477,-14.23746,0.04959133,437.3383,14.89739,41.01542,0.04959133,13.06458,20.88664,2.38986,-13.75906,0.04958848,435.6807,15.29997,41.49382,0.04958848,39.098,9.050632,0.4823461,-14.2258,0.02115584,556.7619,20.86291,41.02708,0.02115584,12.12742,26.72956,1.352224,-13.75659,0.02115565,554.5368,21.93803,41.49629,0.02115565,35.69339,3.06766,0.2061985,-14.69626,0.02867593,556.2993,21.73829,40.55661,0.02867593,4.026188,2.645166,0.2187427,-14.76062,0.03536174,553.6046,21.83189,40.49226,0.03536174,3.474786,43.54978,0.05330287,0.2646324,7.014102,0.03339124,44.51639,0.05330287,-0.6375882,0.0628981,-999.0,147621601830050361,160.1830079179408,33.01645495147891,0.0008982950239442,2.3368199890683172e-06,0.0012628199765458,1.7384700186084956e-06,6.045849800109863,0.0017470399616286,1.9531200905476e-06,0.0018948899814859,3.311979980935575e-06,0.002084240084514,7.58578016757383e-06,7,10,10,16,14,1.2218199968338013,1.168429970741272,1.1948268088520693,0.1992639978642863,1,True,ok,,7.360740000000001,2.5762590000000003,5.152518000000001,4.312355532891236,True,resolved
61,unbarred,10,unbarred,z_0.10_masked/t124.6489+28.8396.r_ellipse.txt,124.6489,28.8396,0.0770326300945227,True,0.21,32.731147701309524,-69.78992666666667,28.53,0.14,11.0,-60.59,5098,241.46,241.21,081835.73+285022.4,spec-1207-52672-0298,124.6489,28.83958,0.07704285,-20.45581,138.5608,2.021899,-13.37965,0.003717058,1380.659,13.54323,41.8165,0.003717058,49.63935,29.06838,1.278668,-14.00037,0.01516632,1405.116,44.4261,41.19579,0.01516632,15.80022,-999.0,-999.0,-999.0,-999.0,-999.0,-999.0,-999.0,-999.0,-999.0,1.924511,0.3166256,-15.16243,0.07119694,534.4805,35.97998,40.03373,0.07119694,4.146279,1.632454,0.2202484,-15.22577,0.06001921,535.1755,36.10084,39.97038,0.06001921,3.502973,5.178187,0.7059213,-14.74739,0.06002407,535.4297,36.21436,40.44876,0.06002407,10.44461,-999.0,-999.0,-999.0,-999.0,-999.0,-999.0,-999.0,-999.0,-999.0,-999.0,-999.0,-999.0,-999.0,-999.0,-999.0,-999.0,-999.0,-999.0,-999.0,-999.0,-999.0,-999.0,-999.0,-999.0,-999.0,-999.0,-999.0,-999.0,-999.0,-999.0,-999.0,-999.0,-999.0,-999.0,-999.0,-999.0,42.94437,0.05935974,0.7815966,6.362397,0.03831076,43.91098,0.05935974,-0.5912949,0.07064909,-999.0,142601246488748043,124.64887213305148,28.839563604236655,0.0005065519944764,1.3930599607192562e-06,0.0008190990192815,1.2063300118825282e-06,5.6873698234558105,0.0011157300323247,1.5277199736374314e-06,0.0013407700462266,4.834720130020287e-06,0.0015778699889779,1.0555800145084504e-05,10,17,15,12,10,1.1353299617767334,1.1105400323867798,1.1228665871425754,0.1577660515946883,1,True,ok,,7.360740000000001,2.5762590000000003,5.152518000000001,4.588717893113122,True,resolved
62,unbarred,110,unbarred,z_0.10_masked/t215.1271+44.5458.r_ellipse.txt,215.1271,44.5458,0.068558898635373,True,0.4,48.11556118519329,-60.805856666666664,31.38,0.32,14.64,-69.52,15709,243.03,239.66,142030.49+443244.8,spec-1394-53108-0576,215.1271,44.54578,0.0932774,-20.46722,45.237,1.511001,-14.2624,0.01210439,1489.708,52.2095,41.11605,0.01210439,14.88854,14.62903,1.397665,-14.77833,0.03542099,1211.383,109.583,40.60012,0.03542099,4.996765,11.91491,0.5427888,-14.89382,0.0158882,265.8371,6.792135,40.48464,0.0158882,27.84757,2.449836,0.3692941,-15.62917,0.05808109,224.7521,12.63138,39.74928,0.05808109,5.521039,2.602488,0.2826572,-15.50281,0.04757721,223.905,12.71379,39.87564,0.04757721,7.322387,8.124898,0.8889136,-15.02439,0.04756812,229.7761,13.97468,40.35406,0.04756812,21.08174,2.597501,0.07632632,-15.49081,0.01297029,264.0556,6.65521,39.88765,0.01297029,7.068375,7.581383,0.2239853,-15.02159,0.01296953,275.1951,6.065982,40.35687,0.01296953,19.93154,2.541526,0.1966455,-15.49427,0.03330394,271.0929,6.381986,39.88419,0.03330394,6.701925,2.42,0.1884432,-15.50835,0.033199,272.7694,6.176921,39.87011,0.033199,6.439484,42.5704,0.1059126,0.5266363,6.154485,0.09189849,43.53701,0.1059126,-0.7573531,0.1402241,-999.0,161452151270655570,215.12704669394932,44.54576934219164,0.0003411690122447,2.5403398922208e-06,0.0005838469951413,2.5363799522892805e-06,9.070690155029297,0.000823003007099,2.2103199626144487e-06,0.0010157800279557,4.93771995024872e-06,0.0011300999904051,1.0816200301633216e-05,10,22,15,11,13,1.191290020942688,1.1742899417877195,1.1827594384933398,0.1757446925347232,1,True,ok,,8.09604,2.833614,5.667228,4.791530564507021,True,resolved
63,unbarred,83,unbarred,z_0.10_masked/t192.3203-1.5478.r_ellipse.txt,192.3203,-1.5478,0.1121919078543169,True,0.23,35.232637791991976,-22.520935,25.94,0.18,21.44,-80.48,13177,239.91,241.43,124916.88-013252.1,spec-0336-51999-0611,192.3203,-1.547831,0.08692751,-20.20313,90.79434,2.829218,-13.663,0.007162078,965.6923,23.91431,41.64794,0.007162078,51.35635,20.87599,1.412598,-14.28734,0.02324637,989.119,60.7217,41.0236,0.02324637,11.17804,23.45782,1.372252,-14.27476,0.01773291,329.9191,3.844356,41.03618,0.01773291,53.42397,3.314967,0.5166563,-15.11505,0.06816738,324.2335,17.41936,40.19589,0.06816738,7.459837,4.144679,0.5455164,-14.96614,0.05758237,322.9422,18.01097,40.3448,0.05758237,10.37534,12.7525,1.684104,-14.48774,0.05758004,324.7434,17.98861,40.8232,0.05758004,30.46412,8.002023,0.1218172,-14.70173,0.006003247,329.9714,3.831982,40.6092,0.006003247,20.00787,23.62866,0.3526872,-14.23255,0.006002219,332.9843,3.831953,41.07839,0.006002219,57.24663,3.870462,0.1800214,-15.02179,0.01957251,331.718,3.845118,40.28915,0.01957251,9.17519,3.894653,0.2002959,-15.01561,0.02195786,331.0886,4.01377,40.29533,0.02195786,9.332187,43.2209,0.0410287,1.40647,5.963203,0.05642834,44.18751,0.0410287,0.08443015,0.06976755,-999.0,106141923203363015,192.32032442353585,-1.5478432735345256,0.0003500629973132,1.1388300436010468e-06,0.0005412449827417,1.4592000070479116e-06,5.63985013961792,0.0007629150059074,1.920360091389739e-06,0.0008644019835628,3.0069500098761637e-06,0.0009931520326063,5.746950137108797e-06,12,11,12,18,12,1.1094499826431274,1.091599941253662,1.100488771354399,0.178868660876255,1,True,ok,,6.692520000000001,2.342382,4.684764,4.2569848252375575,True,resolved
64,unbarred,147,unbarred,z_0.10_masked/t325.2273+0.4273.r_ellipse.txt,325.2273,0.4273,0.1416262210829148,True,0.19,34.663263362732586,55.26112833333334,31.38,0.17,21.44,88.17,20327,241.03,240.97,214054.55+002538.1,spec-9229-58015-0356,325.2273,0.427261,0.0837119,-21.29901,171.5196,4.430682,-12.889,0.01077951,1876.563,54.94205,42.38584,0.01077951,68.33752,64.04557,0.9946519,-13.21061,0.004889198,1598.207,25.64458,42.06423,0.004889198,34.35887,68.07051,3.373813,-13.2987,0.02085295,924.2575,15.74881,41.97614,0.02085295,76.2385,1.057862,0.255799,-14.99537,0.1048008,326.3822,24.95944,40.27947,0.1048008,3.988825,1.503028,0.1751577,-14.84218,0.05128588,325.3696,25.37348,40.43266,0.05128588,5.645044,4.593087,0.5378905,-14.3638,0.05127816,326.3125,25.49804,40.91104,0.05127816,16.67508,10.25628,0.3431216,-14.11812,0.01367206,923.6155,15.58055,41.15672,0.01367206,11.57123,29.69665,0.9463032,-13.64892,0.01367178,923.5148,15.65843,41.62592,0.01367178,33.91396,1.428908,0.1972821,-14.98447,0.05967709,923.2234,15.52284,40.29037,0.05967709,1.53691,2.335316,0.1933735,-14.77237,0.03550051,923.9816,15.75343,40.50246,0.03550051,2.492002,43.88207,0.01258653,0.5879469,6.96398,0.01504417,44.84868,0.01258653,-0.2551799,0.01961499,-0.2776232,108513252272993171,325.2273138189721,0.4272769293900274,0.0010205500293523,1.2494799648266053e-06,0.0014238699804991,1.6204199937419617e-06,4.750420093536377,0.0020476300269365,1.6690800066498923e-06,0.00215635006316,3.307179895273294e-06,0.002474799985066,1.0906100214924663e-05,12,16,11,11,11,1.1540100574493408,1.0827900171279907,1.1178329794166235,0.0968129904666733,1,True,ok,,8.09604,2.833614,5.667228,5.0698343172498115,True,resolved
65,unbarred,202,unbarred,new_sample_masked/t046.0741+0.4743.r_ellipse.txt,46.0741,0.4743,0.1319267145907983,True,0.37,36.94761642439368,6.027950333333332,55.6,0.15,14.64,40.0,3819,241.81,240.22,030417.78+002827.3,spec-0411-51817-0513,46.07408,0.4742684,0.04444674,-20.89434,119.4336,2.626064,-13.24056,0.004661289,924.8388,12.25505,41.44448,0.004661289,102.5317,36.52611,0.8842778,-13.7244,0.007676645,1119.541,26.53399,40.96065,0.007676645,26.92743,2.890245,0.6199329,-14.88068,0.08706506,254.3745,7.820885,39.80437,0.08706506,12.41395,0.6439493,0.2011325,-15.50566,0.1318486,202.861,7.302503,39.17938,0.1318486,3.569067,2.672843,0.1931852,-14.85977,0.03145469,205.8585,8.065188,39.82528,0.03145469,15.01982,8.250995,0.5951065,-14.38141,0.03145081,203.4765,7.113013,40.30364,0.03145081,46.0907,1.996806,0.0772896,-15.00781,0.01528958,248.5118,7.198538,39.67723,0.01528958,9.452002,5.808564,0.2024497,-14.53872,0.01529292,255.284,7.530015,40.14632,0.01529292,27.12155,2.040536,0.102794,-14.99992,0.02165751,250.1271,7.404509,39.68513,0.02165751,9.312066,1.725087,0.100303,-15.06834,0.02501055,259.5169,7.16916,39.61671,0.02501055,7.666391,42.8575,0.02389951,0.7211438,6.147119,0.02322624,43.82411,0.02389951,-0.4628886,0.03332634,-999.0,108560460740859571,46.07408582483529,0.4742441818002689,0.0011125600431114,3.4674899325182196e-06,0.0022136101033538,3.2505499802937265e-06,13.339699745178224,0.0031003800686448,3.06991000798007e-06,0.0038993800990283,8.99539008969441e-06,0.0049674701876938,1.9190800230717286e-05,8,24,14,13,10,1.1560300588607788,1.085199952125549,1.1200552506601686,0.2073235264289818,1,True,ok,,14.344800000000001,5.0206800000000005,10.041360000000001,8.965057745215292,True,resolved
66,unbarred,81,unbarred,z_0.10_masked/t191.5504+41.1366.r_ellipse.txt,191.5504,41.1366,0.3365706747755729,True,0.35,49.97579418194524,-40.702075,31.38,0.32,25.94,-39.87,13072,241.7,241.51,124612.10+410811.9,spec-1456-53115-0229,191.5505,41.13665,0.06673225,-20.76451,218.9748,4.980908,-12.97208,0.004340771,1180.37,16.73971,42.08887,0.004340771,90.2581,43.96817,0.8421947,-13.68313,0.006446122,1258.641,31.17693,41.37781,0.006446122,28.97027,27.09138,1.7757,-13.89245,0.0254122,378.4673,5.239459,41.16849,0.0254122,48.54997,5.419736,0.386371,-14.614,0.03066867,346.269,8.715533,40.44694,0.03066867,17.94606,4.815836,0.2498184,-14.63293,0.02284754,346.071,8.288198,40.42801,0.02284754,16.90618,14.8983,0.7803616,-14.15454,0.02284749,344.8157,8.245488,40.90641,0.02284749,50.79452,9.024671,0.2177675,-14.35526,0.009031731,376.0416,4.80683,40.70568,0.009031731,16.88429,26.26014,0.5892735,-13.88608,0.009032237,379.5476,5.033782,41.17486,0.009032237,48.98814,7.559884,0.212375,-14.42829,0.01157609,376.8357,4.799076,40.63265,0.01157609,13.87777,6.477405,0.2154097,-14.49424,0.01385988,382.4047,5.002836,40.5667,0.01385988,11.72495,43.22731,0.01902246,0.5622123,6.470884,0.02315556,44.19392,0.01902246,-0.4168418,0.02996722,0.9107206,157361915504594579,191.55044480642047,41.13663566534914,0.0009677070192992,1.6513199625478592e-06,0.0015143000055104,1.6833299696372706e-06,8.051899909973145,0.002252530073747,2.4375499378948007e-06,0.0024462100118398,3.6282799555920064e-06,0.0030747898854315,6.951890100026503e-06,12,18,22,29,20,1.1949000358581543,1.176259994506836,1.185543381582779,0.176759113111377,1,True,ok,,8.09604,2.833614,5.667228,4.78027888986557,True,resolved
67,unbarred,105,unbarred,z_0.10_masked/t210.2799+10.8106.r_ellipse.txt,210.2799,10.8106,0.1105931421682939,True,0.29,32.793122558767095,22.431821666666664,37.97,0.13,37.97,-86.19,15165,246.97,244.71,140107.17+104838.2,spec-1703-53799-0275,210.2799,10.81063,0.06531659,-20.50087,182.9107,2.796469,-12.94026,0.003761302,1462.02,15.87074,42.10069,0.003761302,73.32047,53.90727,1.106624,-13.38658,0.005861192,1608.191,30.00609,41.65437,0.005861192,27.33242,15.92076,0.8567644,-14.0087,0.02165647,310.6953,6.686939,41.03225,0.02165647,42.30277,0.8081609,0.1189123,-15.22937,0.06318074,124.2266,9.4525,39.81158,0.06318074,8.202795,4.416469,0.07089607,-14.47748,0.006628334,410.2383,7.685522,40.56347,0.006628334,12.30001,13.61894,0.2256305,-13.99909,0.006628904,412.2535,7.296596,41.04186,0.006628904,36.43409,5.318834,0.1516023,-14.474,0.0117417,310.5308,6.672554,40.56695,0.0117417,14.5477,15.75434,0.4297994,-14.00483,0.01173846,314.8636,5.816864,41.03612,0.01173846,41.47376,4.474858,0.1685823,-14.55818,0.01598937,311.9153,6.119591,40.48277,0.01598937,11.52022,3.908409,0.1512188,-14.61713,0.01660696,314.0088,6.314625,40.42382,0.01660696,9.941991,43.51613,0.02288811,0.6166405,6.794674,0.01920233,44.48274,0.02288811,-0.4518134,0.02987633,-999.0,120972102799203220,210.27991726856837,10.81063180638746,0.0007320080185309,2.023029992415104e-06,0.0011871700407937,2.548649945310899e-06,8.673379898071289,0.0017027100548148,2.053669959423132e-06,0.0017180299619212,3.5570999443734763e-06,0.0020008999854326,7.875580195104703e-06,11,23,14,18,15,1.1635799407958984,1.1206400394439695,1.1419081708919188,0.1297678383366942,2,True,ok,,9.79626,3.4286909999999997,6.857381999999999,6.005195667041994,True,resolved
68,unbarred,129,unbarred,z_0.10_masked/t234.5711+11.5466.r_ellipse.txt,234.5711,11.5466,0.1449845791048098,True,0.16,19.68612155490653,-34.36717666666666,28.53,0.08,25.94,77.15,17879,240.01,241.29,153817.06+113247.6,spec-2516-54241-0313,234.5711,11.54656,0.0928172,-20.33077,72.67321,1.475428,-13.80859,0.006875867,1546.084,27.42237,41.56512,0.006875867,29.06204,19.63926,1.473418,-14.35689,0.02608691,1675.906,96.144,41.01683,0.02608691,7.670981,33.70814,0.864378,-14.20309,0.005687109,261.5881,2.825251,41.17063,0.005687109,98.65144,7.400204,0.4421591,-14.85803,0.0171828,258.4313,7.868615,40.51568,0.0171828,22.84398,1.979101,0.1780263,-15.32534,0.03863105,261.1299,7.444707,40.04838,0.03863105,7.560159,6.259507,0.5646567,-14.84686,0.03862668,256.2068,7.01086,40.52685,0.03862668,23.0153,5.075146,0.08027688,-14.95003,0.006685806,259.0193,2.529361,40.42369,0.006685806,17.81783,14.82897,0.2294523,-14.48083,0.006685526,270.8771,2.388102,40.89288,0.006685526,50.10498,5.675318,0.2041877,-14.91105,0.01509099,265.662,2.520179,40.46266,0.01509099,18.66434,4.165534,0.1520831,-15.03557,0.01536856,269.2818,2.562317,40.33814,0.01536856,13.76306,42.77474,0.1305928,0.586413,6.507452,0.07704878,43.74135,0.1305928,-0.9059817,0.1516278,-999.0,121852345710866335,234.57108349933392,11.546537903715311,0.000273373996606,9.080570180231008e-07,0.0004546589916571,1.2486999594329973e-06,5.19359016418457,0.0006802220013923,1.6663000224070856e-06,0.0007794629782438,2.9651801014551893e-06,0.0009199819760397,7.578630174975842e-06,20,23,20,14,14,1.149799942970276,1.0814599990844729,1.1151065622943672,0.2309986158439237,1,True,ok,,7.360740000000001,2.5762590000000003,5.152518000000001,4.620650773858357,True,resolved
69,unbarred,166,unbarred,new_sample_masked/t182.3716+33.0917.r_ellipse.txt,182.3716,33.0917,0.0097484697393701,True,0.07,17.18298453390884,-15.765778333333335,34.52,0.04,21.44,31.54,12001,242.45,240.31,120929.17+330530.1,spec-2004-53737-0403,182.3716,33.0917,0.03037385,-18.4981,89.85022,1.596,-13.69531,0.005753795,1979.649,32.33579,40.64401,0.005753795,30.18919,18.30686,0.9627944,-14.36924,0.02071385,2057.697,106.2197,39.97009,0.02071385,7.159047,5.875338,0.3807772,-14.95422,0.02573725,267.4934,9.277205,39.3851,0.02573725,17.36389,0.4686868,0.1052727,-16.03988,0.09108469,122.5697,11.71904,38.29944,0.09108469,4.231794,3.811612,0.08557024,-15.04333,0.009661995,320.2077,9.801652,39.29599,0.009661995,13.82589,12.00066,0.2613259,-14.56495,0.00966166,322.4325,9.055735,39.77436,0.00966166,40.70172,1.99985,0.07499407,-15.33758,0.01642281,266.2502,9.027117,39.00174,0.01642281,7.210058,5.835569,0.2196173,-14.86844,0.01642767,276.5358,8.11908,39.47088,0.01642767,20.37416,1.679011,0.1389133,-15.42552,0.03558518,273.2218,8.304366,38.91381,0.03558518,5.625854,1.717597,0.1248341,-15.40421,0.03114229,274.0994,8.538772,38.93511,0.03114229,5.85861,41.77564,0.07795094,0.04371688,6.426064,0.05692829,42.74225,0.07795094,-1.823694,0.09652554,-999.0,147711823715430597,182.3715392560184,33.091708743739346,0.0004114040057174,1.735339992592344e-06,0.0007307929918169,1.7569300325703807e-06,7.450630187988281,0.0009438329725526,2.350770046177786e-06,0.0011585199972614,4.297070063330466e-06,0.001243710052222,8.339960004377645e-06,8,13,13,18,12,1.2666800022125244,1.2356499433517456,1.2510687722818017,0.1858926653818926,2,True,ok,,8.906160000000002,3.1171560000000005,6.234312000000001,4.9831888846760615,True,resolved
70,unbarred,191,unbarred,new_sample_masked/t242.4938+46.1639.r_ellipse.txt,242.4938,46.1639,0.1860412825119963,True,0.25,39.04358263690781,25.472084,28.53,0.2,25.94,9.47,18691,241.58,240.51,160958.52+460950.2,spec-0814-52443-0373,242.4938,46.16395,0.08852783,-20.34723,53.48645,1.600785,-13.82546,0.01145552,2067.917,61.63263,41.5029,0.01145552,15.98731,10.94239,1.552506,-14.51386,0.05837251,2312.345,372.394,40.81451,0.05837251,3.236391,16.47467,0.5742109,-14.38738,0.01377727,396.4981,7.040241,40.94099,0.01377727,32.06761,3.827351,0.4915248,-15.02801,0.04909036,442.123,22.01838,40.30036,0.04909036,7.47552,1.996165,0.2011382,-15.23047,0.04381766,441.7003,22.05713,40.0979,0.04381766,4.513976,6.341901,0.6449885,-14.75208,0.043818,440.4304,22.66597,40.57629,0.043818,13.49983,4.381589,0.128311,-14.90614,0.01244126,395.0991,6.648917,40.42223,0.01244126,9.769697,12.73041,0.36061,-14.43693,0.01244102,401.8923,6.639429,40.89145,0.01244102,28.16532,5.103784,0.201871,-14.83534,0.01655938,398.805,6.794168,40.49303,0.01655938,11.13002,4.693605,0.188531,-14.86563,0.01686027,401.1902,6.853117,40.46274,0.01686027,10.28497,42.84772,0.1161239,0.2099574,6.95166,0.1493247,43.81433,0.1161239,-1.277207,0.189163,-999.0,163392424938027407,242.4938153958384,46.163943607366264,0.000477846013382,1.7318300251645269e-06,0.0007504210225306,1.8138499626729752e-06,7.235770225524902,0.0010263000149279,1.5574099734294578e-06,0.0012312600156292,3.587909986890736e-06,0.001420610002242,7.207920134533197e-06,14,31,12,17,14,1.164330005645752,1.1194700002670288,1.1416796887617646,0.1616117150394432,1,True,ok,,7.360740000000001,2.5762590000000003,5.152518000000001,4.513102975133318,True,resolved
71,unbarred,128,unbarred,z_0.05_masked/t232.9219+20.3250.r_ellipse.txt,232.9219,20.325,0.0750343866101884,True,0.06,18.11032680821701,2.5579023333333333,25.94,0.05,21.44,11.43,17701,242.17,241.81,153141.26+201929.9,spec-2164-53886-0457,232.9219,20.32498,0.04937035,-20.45516,260.3956,2.599224,-12.8174,0.002054728,942.9415,8.323328,41.96396,0.002054728,163.6053,71.51579,2.494676,-13.27549,0.007834332,1131.615,26.13924,41.50587,0.007834332,32.74321,1.988715,0.8183123,-14.9432,0.1776017,215.0237,11.1018,39.83816,0.1776017,7.806929,1.505564,0.4324741,-14.97917,0.12363,241.3595,12.6125,39.80219,0.12363,4.47053,4.639041,0.449466,-14.45469,0.04149943,239.3187,13.49348,40.32668,0.04149943,14.62305,14.50501,1.409033,-13.97628,0.04149948,247.6501,13.84969,40.80508,0.04149948,42.2551,1.334578,0.09263599,-15.10747,0.02903272,218.8365,12.64929,39.67389,0.02903272,5.167505,3.925565,0.2663685,-14.63839,0.02902133,212.4522,10.63037,40.14297,0.02902133,15.9546,1.679156,0.141937,-15.01655,0.03669843,213.9238,11.22463,39.76481,0.03669843,6.455794,1.573749,0.1237574,-15.04429,0.03373624,212.3855,10.5272,39.73707,0.03373624,6.161123,43.13012,0.0522714,0.4678284,6.367776,0.03091663,44.09673,0.0522714,-0.4109248,0.06073004,-999.0,132392329218850501,232.92189605686215,20.324986770445108,0.0007765520131215,1.1130699704153812e-06,0.0011488000163808,1.365620050819416e-06,3.978090047836304,0.0014381799846887,9.498010058450744e-07,0.0014831200242042,3.190790039298008e-06,0.0018250100547447,6.52544986223802e-06,12,40,13,14,13,1.0223000049591064,0.971094012260437,0.996368111467646,0.0494516810467828,1,True,ok,,6.692520000000001,2.342382,4.684764,4.7018405608137765,True,resolved
72,unbarred,18,unbarred,z_0.10_masked/t131.9753+56.3427.r_ellipse.txt,131.9753,56.3427,0.1023958544584975,True,0.09,22.057453789778982,-28.52018666666667,28.53,0.06,21.44,-30.06,5955,240.85,241.21,084754.08+562033.6,spec-0448-51900-0440,131.9753,56.34267,0.08671735,-20.47327,105.4945,1.875751,-13.52788,0.005735391,2155.497,32.15088,41.78075,0.005735391,30.97816,13.65493,1.070931,-14.43871,0.03250667,1492.528,113.8557,40.86992,0.03250667,5.714063,5.408072,0.386839,-14.87119,0.02873578,318.4813,9.757822,40.43744,0.02873578,13.27235,0.5013279,0.206926,-15.93174,0.1673562,116.7852,20.69064,39.37689,0.1673562,3.807827,7.396297,0.2455763,-14.67932,0.01425151,571.8266,18.80303,40.62931,0.01425151,12.30632,23.73392,0.7503968,-14.20092,0.01425264,569.8067,19.2171,41.10771,0.01425264,36.84161,2.459291,0.0967233,-15.15355,0.01688448,315.5162,10.4288,40.15508,0.01688448,7.044337,7.153478,0.2758862,-14.6844,0.01689036,315.2462,10.40983,40.62423,0.01689036,20.70259,3.373019,0.1829612,-15.02148,0.02331237,315.0228,10.44158,40.28716,0.02331237,9.366528,2.792332,0.1828654,-15.09571,0.02785347,316.3134,9.877151,40.21292,0.02785347,7.792766,42.77892,0.1037169,0.7437888,6.353597,0.08104704,43.74553,0.1037169,-0.7479463,0.1316276,-999.0,175611319753621933,131.97532046389426,56.342698160301246,0.0003053559921681,1.7771400280253149e-06,0.000678987998981,1.5125699519558111e-06,5.453249931335449,0.0010273399529978,1.6883800526557025e-06,0.0012803199933841,3.92833999285358e-06,0.0014301900519058,8.455819624941796e-06,11,28,17,14,16,1.2599400281906128,1.1846799850463867,1.221730630604062,0.0413633707228144,2,True,ok,,7.360740000000001,2.5762590000000003,5.152518000000001,4.217392828607754,True,resolved
73,unbarred,93,unbarred,z_0.10_masked/t201.1614+29.1700.r_ellipse.txt,201.1614,29.17,0.0740740912534141,True,0.26,33.133557004409816,-74.21173,31.38,0.15,14.64,-81.42,14143,240.27,241.63,132438.72+291012.0,spec-2002-53471-0033,201.1614,29.17002,0.07251495,-19.57962,119.3927,4.800453,-13.65623,0.01538712,878.8386,27.0821,41.48272,0.01538712,65.35675,49.92879,2.453747,-14.04305,0.01275075,815.3444,16.96289,41.09591,0.01275075,31.40461,54.89607,3.526598,-14.00731,0.02691361,719.9767,14.21896,41.13164,0.02691361,51.30569,1.866703,0.3590479,-15.46859,0.08409035,291.4472,9.776515,39.67036,0.08409035,4.82517,2.825246,0.1207404,-15.26295,0.01877372,292.0584,9.16073,39.876,0.01877372,7.534504,8.771618,0.3763741,-14.78456,0.01877636,295.6618,8.830283,40.3544,0.01877636,22.08511,3.363657,0.2558938,-15.19496,0.03323782,720.5264,14.28041,39.94399,0.03323782,3.344322,9.911524,0.7380875,-14.72575,0.03323745,720.6236,13.74673,40.4132,0.03323745,9.795547,0.9850295,0.256968,-15.73197,0.1120339,720.9123,13.88719,39.40698,0.1120339,0.9430689,1.692276,0.255262,-15.49588,0.06474514,720.2312,13.81881,39.64307,0.06474514,1.623399,42.77172,0.0671927,0.4251864,5.936706,0.03522508,43.73833,0.0671927,-0.3382535,0.0758661,-999.0,143002011612924626,201.16136759206697,29.170030538935432,0.0002841429959516,1.2885400337836472e-06,0.0004757219867315,1.6120400232466636e-06,6.591469764709473,0.0006898649735376,2.0268898879294284e-06,0.0007789329974912,4.337469817983219e-06,0.0008565480238758,7.26154985386529e-06,9,15,13,14,12,1.4589200019836426,1.358989953994751,1.4080687576882644,0.1498826636011257,1,True,ok,,8.09604,2.833614,5.667228,4.0248233398092905,True,resolved
74,unbarred,76,unbarred,z_0.10_masked/t185.9568+7.4494.r_ellipse.txt,185.9568,7.4494,0.035217613157261,True,0.24,21.7523125959278,-50.64193,41.77,0.03,16.11,33.85,12385,241.03,242.98,122349.63+072657.8,spec-1625-53140-0071,185.9568,7.44941,0.07442579,-20.63287,48.89373,0.8860886,-13.97396,0.005796365,529.4628,9.327509,41.18963,0.005796365,48.46656,10.55501,0.7619103,-14.65578,0.0284162,682.8378,99.41589,40.50781,0.0284162,9.793303,-999.0,-999.0,-999.0,-999.0,-999.0,-999.0,-999.0,-999.0,-999.0,2.371404,0.707013,-15.34227,0.1272142,298.7153,22.50556,39.82133,0.1272142,6.974792,0.7587976,0.04762643,-15.7806,0.02833564,299.9696,22.13392,39.38299,0.02833564,2.373535,2.386697,0.154284,-15.30226,0.02834265,300.7679,21.3625,39.86134,0.02834265,7.049921,-999.0,-999.0,-999.0,-999.0,-999.0,-999.0,-999.0,-999.0,-999.0,0.6221821,0.08957702,-15.82301,0.06072762,69.10942,0.0,39.34059,0.06072762,7.740108,-999.0,-999.0,-999.0,-999.0,-999.0,-999.0,-999.0,-999.0,-999.0,-999.0,-999.0,-999.0,-999.0,-999.0,-999.0,-999.0,-999.0,-999.0,42.61089,0.05310559,1.634939,5.286872,0.128698,43.5775,0.05310559,0.1507497,0.1392242,-999.0,116931859568309835,185.95682222191064,7.449415349829084,0.0006526259821839,2.215819904449745e-06,0.0011320499470457,2.975149982376024e-06,10.329999923706056,0.0015720300143584,2.824609964591218e-06,0.0018953300314024,5.406760010373546e-06,0.0023436399642378,1.0237799870083109e-05,12,17,10,16,13,1.3733700513839722,1.3399499654769895,1.3565570953480304,0.0966739035028944,1,True,ok,,10.776660000000001,3.771831,7.543662,5.560887946308402,True,resolved
75,unbarred,5,unbarred,z_0.05_masked/t121.6242+24.3321.r_ellipse.txt,121.6242,24.3321,0.1073291409521076,True,0.17,32.83876759126554,12.557407233333334,45.95,0.13,28.53,56.21,4761,240.67,241.38,080629.80+241955.6,spec-1265-52705-0139,121.6242,24.33213,0.04134867,-20.44564,48.02594,0.781491,-13.88159,0.005189294,882.6366,17.07275,40.73741,0.005189294,46.77988,9.73867,0.6281204,-14.58391,0.02594476,1104.849,92.87634,40.03509,0.02594476,6.593655,5.567194,0.3410707,-14.87924,0.02513125,199.7347,6.002967,39.73977,0.02513125,30.10772,2.215211,0.2286378,-15.27593,0.04466715,258.6195,13.51371,39.34307,0.04466715,8.288643,0.8708732,0.03846312,-15.6223,0.01956515,256.9388,14.04895,38.99671,0.01956515,3.679885,2.71664,0.1218754,-15.14384,0.01956131,262.7351,13.71276,39.47517,0.01956131,10.75554,0.8319342,0.03137683,-15.62011,0.01648656,202.8783,6.215964,38.99889,0.01648656,5.252808,2.426854,0.0916685,-15.15094,0.01649513,198.0732,5.511101,39.46806,0.01649513,16.56383,1.076336,0.07904261,-15.52281,0.03167251,198.8945,5.786845,39.0962,0.03167251,6.783337,0.8806838,0.0776709,-15.59563,0.03806578,198.0775,5.512524,39.02337,0.03806578,5.813855,42.24943,0.0389417,0.7595496,5.848573,0.07508915,43.21604,0.0389417,-0.7724091,0.08458627,-999.0,137191216242119102,121.62420214320088,24.332133124161864,0.0007767389761283,1.898240043374244e-06,0.0012370500480756,1.812829964364937e-06,7.058169841766357,0.0015860899584367,1.948540102603147e-06,0.0018551800167188,7.268120043590898e-06,0.0020638098940253,9.853470146481412e-06,10,21,16,12,12,1.0983500480651855,1.028499960899353,1.062851344962618,0.1194540338815262,2,True,ok,,11.8551,4.149285,8.29857,7.8078369466539765,True,resolved
76,unbarred,177,unbarred,new_sample_masked/t211.5912+22.3963.r_ellipse.txt,211.5912,22.3963,0.1506949988493628,True,0.39,52.11803763776258,69.29168666666666,28.53,0.36,21.44,65.55,15304,240.95,241.13,140621.89+222346.5,spec-2784-54529-0010,211.5912,22.39626,0.0979,-22.23808,340.8117,2.333375,-12.61606,0.001612065,1117.892,11.16422,42.80893,0.001612065,106.132,59.47791,0.8214612,-13.16786,0.005586669,1808.357,57.55211,42.25713,0.005586669,27.62177,0.4923964,0.4923964,-14.76456,0.6946853,68.96649,0.0,40.66042,0.6946853,3.767933,11.90424,0.7447768,-13.86759,0.02683399,559.7589,15.49652,41.55739,0.02683399,25.68577,2.160244,0.09027614,-14.62261,0.01788662,559.2089,15.29909,40.80237,0.01788662,4.428816,6.653407,0.2782145,-14.14421,0.01788442,557.9744,15.59929,41.28078,0.01788442,13.22099,-999.0,-999.0,-999.0,-999.0,-999.0,-999.0,-999.0,-999.0,-999.0,-999.0,-999.0,-999.0,-999.0,-999.0,-999.0,-999.0,-999.0,-999.0,-999.0,-999.0,-999.0,-999.0,-999.0,-999.0,-999.0,-999.0,-999.0,-999.0,-999.0,-999.0,-999.0,-999.0,-999.0,-999.0,-999.0,-999.0,44.12862,0.01043506,0.8962789,7.074315,0.02803939,45.09523,0.01043506,-0.1189626,0.02991819,0.05940067,134872115912296045,211.5912107426007,22.396256579979628,0.0013871799455955,1.695430000836495e-06,0.0015727600548416,1.49764002799202e-06,4.72976016998291,0.0021462400909513,2.108279886670062e-06,0.0019616400822997,2.8354700134514133e-06,0.0021289899013936,7.016719791863579e-06,11,17,15,20,16,1.143720030784607,1.113569974899292,1.128544321669571,0.1603495384641412,2,True,ok,,7.360740000000001,2.5762590000000003,5.152518000000001,4.565631939361809,True,resolved
77,unbarred,187,unbarred,new_sample_masked/t230.2872+50.6686.r_ellipse.txt,230.2872,50.6686,0.0473624793044616,True,0.42,49.02078180541298,-28.503001166666664,37.97,0.33,23.58,-58.57,17394,241.99,242.62,152108.92+504006.9,spec-1166-52751-0424,230.2872,50.66861,0.05620557,-20.45576,233.3748,3.77664,-13.23618,0.004530157,1844.457,27.58209,41.66497,0.004530157,43.18968,46.26147,1.220034,-13.97717,0.01043521,1449.305,56.7072,40.92398,0.01043521,16.31127,25.73357,1.4605,-14.22171,0.02118601,340.3195,7.626302,40.67943,0.02118601,34.10005,0.9679189,0.1041032,-15.69942,0.04521274,68.93076,0.0,39.20173,0.04521274,10.00276,11.34411,0.122335,-14.57209,0.00430005,447.627,5.258906,40.32905,0.00430005,19.01793,35.68746,0.4145283,-14.09371,0.004300746,444.6093,5.560358,40.80744,0.004300746,57.22561,5.159353,0.2610394,-14.89848,0.01882199,338.9054,7.365502,40.00266,0.01882199,7.27877,14.62145,0.6367074,-14.4293,0.01882112,340.1134,7.63841,40.47184,0.01882112,21.11135,8.672646,0.3054648,-14.64898,0.01462103,339.0624,7.427135,40.25217,0.01462103,12.56275,6.439463,0.2792624,-14.77627,0.01800398,341.4821,7.653796,40.12488,0.01800398,9.189727,42.60475,0.0378637,0.1247047,6.466376,0.03801743,43.57136,0.0378637,-1.034893,0.05365617,-999.0,168802302872143039,230.2872055297151,50.66863006341768,0.0007253870135173,2.2830499801784754e-06,0.001313850050792,2.5236199689970817e-06,8.864580154418945,0.0017796099418774,2.7188700642000185e-06,0.0018454600358381,5.7144297898048535e-06,0.0024624899961054,1.226130007125903e-05,6,11,12,10,8,1.146299958229065,1.1067899465560913,1.126371727941356,0.1089612672518108,1,True,ok,,9.79626,3.4286909999999997,6.857381999999999,6.088027451233244,True,resolved
78,unbarred,45,unbarred,z_0.10_masked/t158.1842+39.2230.r_ellipse.txt,158.1842,39.223,0.0533489364956972,True,0.08,18.085908066604535,-2.939393333333323,34.52,0.05,11.0,76.4,9161,241.29,241.47,103244.20+391322.7,spec-1430-53002-0158,158.1842,39.22299,0.06428257,-20.13152,213.2656,2.785864,-13.10727,0.003351663,1414.914,15.9323,41.91868,0.003351663,70.35403,57.73109,1.199134,-13.58556,0.006603182,1609.907,33.23528,41.44039,0.006603182,22.67631,16.92687,1.155627,-14.25911,0.02464132,254.78,6.674806,40.76684,0.02464132,39.27945,3.569464,0.2686707,-14.8172,0.03037143,257.1945,7.728225,40.20876,0.03037143,12.07256,6.030505,0.389961,-14.56991,0.02835577,264.5668,6.879507,40.45604,0.02835577,20.33566,18.53522,1.204182,-14.09152,0.02835516,257.0918,7.496692,40.93443,0.02835516,62.31062,4.376614,0.14156,-14.77765,0.01394242,256.488,6.942078,40.2483,0.01394242,11.85569,12.85819,0.4177281,-14.30838,0.01394311,264.8602,6.66022,40.71757,0.01394311,33.7314,3.694176,0.1661771,-14.8506,0.01901457,265.603,6.361086,40.17535,0.01901457,9.457479,3.19645,0.1596651,-14.90825,0.02143073,260.2668,7.077108,40.1177,0.02143073,8.446387,43.23123,0.02160047,0.3028688,6.777217,0.02039646,44.19784,0.02160047,-0.719253,0.02970852,-999.0,155061581842268227,158.18419149561137,39.22298646871168,0.0005818189820274,1.7289399920628057e-06,0.0009278940269723,2.437300054225489e-06,7.74167013168335,0.0012352300109341,1.548929958516965e-06,0.0012735499767586,2.6403599804325495e-06,0.0014713399577885,9.049509571923409e-06,10,24,12,15,18,1.1081199645996094,1.060670018196106,1.0841354265106071,0.0541798308140586,1,True,ok,,8.906160000000002,3.1171560000000005,6.234312000000001,5.750491910467059,True,resolved
79,unbarred,44,unbarred,z_0.10_masked/t157.8929+28.7837.r_ellipse.txt,157.8929,28.7837,0.1427529279810618,True,0.39,52.60508957722931,-75.802465,41.77,0.37,28.53,-76.84,9126,240.83,241.26,103134.30+284701.1,spec-2354-53799-0123,157.8929,28.78366,0.06026049,-20.66918,226.9872,4.795872,-12.9176,0.003331466,1193.357,12.34082,42.04814,0.003331466,90.15484,55.16539,1.742652,-13.41559,0.007891546,1366.531,29.73697,41.55014,0.007891546,27.22306,28.51579,1.524236,-13.86071,0.01459929,211.8343,3.175727,41.10503,0.01459929,84.46281,6.633314,0.4196793,-14.3882,0.02163439,225.1436,7.124792,40.57754,0.02163439,25.68947,3.762502,0.2579199,-14.56826,0.02945577,222.8419,6.891895,40.39748,0.02945577,16.88348,11.76335,0.8030978,-14.08984,0.02946023,229.2171,8.225065,40.8759,0.02946023,48.4955,4.92245,0.1392097,-14.56594,0.01091685,214.6574,3.410898,40.39979,0.01091685,16.24362,14.35132,0.3744266,-14.09688,0.01091884,214.0549,3.396609,40.86885,0.01091884,47.80983,5.640799,0.1813617,-14.50946,0.01337504,218.1204,3.926865,40.45628,0.01337504,17.53988,4.348361,0.155012,-14.61844,0.0150918,212.2323,3.233978,40.3473,0.0150918,14.30257,43.18431,0.04880038,0.5588865,6.524134,0.02897426,44.15092,0.04880038,-0.5130907,0.05675372,0.05012152,142541578929000981,157.8929084656412,28.78366231501273,0.0008285630028694,1.422969944542274e-06,0.0012152700219303,1.4259500176194706e-06,4.695040225982666,0.0016592199681326,1.789990051292989e-06,0.0017246400238946,3.138309921268956e-06,0.0020120199769735,8.070570402196608e-06,10,17,13,15,13,1.2531800270080566,1.1848599910736084,1.2185412900736643,0.1382704470590229,2,True,ok,,10.776660000000001,3.771831,7.543662,6.190731542255712,True,resolved
80,unbarred,178,unbarred,new_sample_masked/t211.7483+23.2941.r_ellipse.txt,211.7483,23.2941,0.0414055265548468,True,0.22,37.52033448263149,8.60678,28.53,0.17,21.44,13.77,15323,241.3,240.65,140659.58+231738.7,spec-2784-54529-0607,211.7483,23.29409,0.06049831,-19.00894,28.78894,0.8070475,-14.24487,0.009841508,1271.819,39.28002,40.72454,0.009841508,22.75026,9.268577,0.6764898,-14.73086,0.02880843,1108.528,85.72382,40.23855,0.02880843,7.377341,3.765321,0.2333889,-15.16984,0.02324227,211.6542,5.790943,39.79957,0.02324227,23.61945,0.6851642,0.1561766,-15.90991,0.0969752,207.1835,4.858906,39.0595,0.0969752,3.793395,2.141867,0.09931681,-15.3585,0.01966231,207.7423,4.529372,39.61091,0.01966231,13.10432,6.698433,0.3120855,-14.88009,0.01966541,205.4395,4.230702,40.08933,0.01966541,40.11436,0.579211,0.03223382,-15.92975,0.02412853,214.1351,6.288535,39.03967,0.02412853,4.02908,1.693005,0.09354722,-15.46068,0.02413304,214.2493,6.267654,39.50873,0.02413304,11.78528,0.9792548,0.07070458,-15.71865,0.03130087,218.2258,7.183887,39.25076,0.03130087,6.194452,0.8716002,0.07017489,-15.75842,0.03486589,212.3248,5.917027,39.21099,0.03486589,5.904432,42.54314,0.03750649,0.7613763,5.98299,0.06925709,43.50975,0.03750649,-0.6131173,0.07876092,-999.0,135952117482533438,211.748265348307,23.294069129582073,0.0002430010063108,1.430729980711476e-06,0.0004253619990777,1.246300030288694e-06,5.975009918212891,0.0006425590254366,1.9661899841594277e-06,0.0007365369820035,2.8901199584652204e-06,0.0007002700003795,7.175910013756948e-06,11,20,19,15,18,1.2036099433898926,1.177090048789978,1.190276138964783,0.159620498643938,2,True,ok,,7.360740000000001,2.5762590000000003,5.152518000000001,4.32884255285609,True,resolved
81,unbarred,144,unbarred,z_0.10_masked/t313.4412-0.1644.r_ellipse.txt,313.4412,-0.1644,0.0650769707168821,True,0.32,49.166298503485386,68.49430833333332,34.52,0.29,9.09,82.42,20099,239.4,242.02,205345.88-000951.7,spec-0983-52443-0158,313.4412,-0.1643835,0.07818855,-20.02747,98.47549,1.939,-13.81648,0.006006123,1331.875,24.04196,41.3937,0.006006123,33.27833,22.0614,1.55013,-14.44896,0.0246632,1496.658,94.10059,40.76122,0.0246632,6.693959,30.19059,1.111529,-14.39009,0.008885317,227.1408,2.966424,40.82009,0.008885317,74.8064,7.131115,0.484129,-14.99992,0.02178326,265.8694,9.034224,40.21025,0.02178326,15.29841,5.589036,0.3745155,-15.03006,0.02896563,260.3059,8.879699,40.18011,0.02896563,14.24764,17.37364,1.165783,-14.55157,0.02895626,265.5775,9.599336,40.6586,0.02895626,41.90039,5.321624,0.09782892,-15.06789,0.007659825,234.3544,3.469439,40.14228,0.007659825,15.19862,15.49576,0.2772204,-14.59875,0.007661384,226.5463,2.913981,40.61142,0.007661384,46.28954,5.363945,0.2351816,-15.06166,0.01846604,229.7139,3.092521,40.14851,0.01846604,15.31705,4.57544,0.1845672,-15.12308,0.01678721,225.4401,2.859065,40.0871,0.01678721,13.62172,42.72639,0.07094491,0.2850748,6.49291,0.06325848,43.693,0.07094491,-0.9397869,0.09505165,-999.0,107803134411873184,313.44119066866153,-0.164385426878078,0.0003216020122636,1.391910018355702e-06,0.0005574569804593,1.852090008469531e-06,8.994119644165039,0.0008056089864112,1.8248499600304056e-06,0.0009289819863624,4.796119810634991e-06,0.0010683600557968,9.33322007767856e-06,16,23,14,16,13,0.980067014694214,0.9418389797210692,0.960762882910176,0.0622965456232159,1,True,ok,,8.906160000000002,3.1171560000000005,6.234312000000001,6.488918453131856,True,resolved
82,unbarred,201,unbarred,new_sample_masked/t351.6795-9.9911.r_ellipse.txt,351.6795,-9.9911,0.0854369384622214,True,0.23,19.414171302528825,-10.431665000000004,31.38,0.08,7.51,-82.83,21924,241.59,241.93,232643.08-095927.8,spec-0646-52523-0190,351.6795,-9.991077,0.06953399,-20.03054,68.14306,1.472126,-13.87619,0.007328877,1653.712,33.49341,41.22329,0.007328877,24.02308,17.58931,0.9714232,-14.4467,0.02122363,1679.003,101.0847,40.65278,0.02122363,6.786647,19.97835,0.7244899,-14.47483,0.007805301,191.6431,2.519517,40.62465,0.007805301,72.78531,5.505985,0.2641843,-15.05553,0.01848356,191.009,5.139521,40.04395,0.01848356,21.68666,4.205644,0.5680985,-15.0371,0.05943401,194.2528,5.875161,40.06239,0.05943401,20.81807,13.24402,1.790978,-14.55864,0.05943161,191.3831,5.400038,40.54084,0.05943161,65.4214,2.954977,0.06390361,-15.22646,0.009313834,191.7644,2.445193,39.87302,0.009313834,12.88903,8.621935,0.183495,-14.75729,0.009314374,189.6774,2.298292,40.3422,0.009314374,40.17701,4.116676,0.1360294,-15.0969,0.01373587,189.809,2.333902,40.00259,0.01373587,17.89615,2.793116,0.1264648,-15.25342,0.01934347,189.8872,2.366494,39.84606,0.01934347,12.41384,42.30214,0.08622305,0.4145402,6.356542,0.06511594,43.26875,0.08622305,-1.22767,0.1080486,-999.0,96013516795261132,351.67952134525865,-9.991109172352289,0.0004107750137336,1.8455200461175991e-06,0.0006503090262413,1.759579959070834e-06,6.782070159912109,0.0009150219848379,2.400659923296189e-06,0.0010399899911135,4.180779797025025e-06,0.0011725600343197,1.3216699699114542e-05,10,17,14,6,12,1.075510025024414,1.0294100046157837,1.052207574495025,0.0825678399726954,2,True,ok,,8.09604,2.833614,5.667228,5.386036118129841,True,resolved
83,unbarred,159,unbarred,new_sample_masked/t139.5959+35.9108.r_ellipse.txt,139.5959,35.9108,0.1696142412683731,True,0.4,54.6167167904006,40.98036,37.97,0.39,17.72,31.07,6942,243.16,239.81,091823.00+355438.7,spec-1274-52995-0352,139.5959,35.91075,0.08444937,-20.75494,139.9539,2.893214,-13.3607,0.006350315,2029.029,39.46944,41.92264,0.006350315,44.65646,33.54492,0.8101202,-13.94405,0.009433025,1536.054,52.28392,41.33929,0.009433025,16.6291,31.75624,1.457186,-14.03206,0.01654484,475.7973,8.0589,41.25128,0.01654484,56.76296,0.9191424,0.1012385,-15.53354,0.04776332,130.9964,4.626523,39.74979,0.04776332,8.080821,5.470491,0.07786994,-14.7246,0.005842861,437.3565,5.940582,40.55873,0.005842861,13.73501,17.34619,0.2509731,-14.2462,0.005842762,435.1318,6.432866,41.03714,0.005842762,41.21183,6.597296,0.1919526,-14.6808,0.0119247,474.5453,8.265606,40.60253,0.0119247,12.84674,19.62676,0.5951115,-14.21159,0.0119245,473.6497,8.071951,41.07174,0.0119245,37.83223,3.906405,0.1788086,-14.9095,0.01935355,473.5753,8.09213,40.37383,0.01935355,7.439995,3.17854,0.1812727,-14.99751,0.02405491,474.1373,8.115062,40.28582,0.02405491,6.04489,43.13832,0.02608712,0.6195471,6.583781,0.03181023,44.10493,0.02608712,-0.6187279,0.04113913,-999.0,151091395958013484,139.5958393997419,35.910753098408655,0.0005524849984794,9.843199677561645e-07,0.000971995992586,1.370349991702824e-06,7.5685601234436035,0.0014850900042802,1.5285399967979174e-06,0.0017409300198778,3.51881999449688e-06,0.0020681899040937,7.731199730187654e-06,34,45,32,33,20,1.1292599439620972,1.1228400468826294,1.126045420230053,0.2443974939465065,1,True,ok,,9.79626,3.4286909999999997,6.857381999999999,6.0897916520978566,True,resolved
84,unbarred,30,unbarred,z_0.10_masked/t147.8444+22.1215.r_ellipse.txt,147.8444,22.1215,0.0407094508498787,True,0.29,47.62917266362376,-28.44235,45.95,0.3,21.44,-8.65,7912,237.4,235.77,095122.64+220717.3,spec-2295-53734-0109,147.8444,22.12149,0.0787033,-21.31674,131.3749,2.41114,-13.44393,0.005312052,1231.25,18.99535,41.77241,0.005312052,62.70524,23.31163,1.198604,-14.17171,0.0193469,578.8273,28.92993,41.04463,0.0193469,28.50183,38.07903,1.45522,-14.02489,0.01210774,370.8542,5.015506,41.19145,0.01210774,78.17391,0.5151128,0.4453756,-15.83921,0.6790923,499.7449,44.70053,39.37713,0.6790923,0.9834907,2.49343,0.4636925,-15.12499,0.08167633,499.1864,44.67556,40.09135,0.08167633,5.248131,7.831475,1.464154,-14.64659,0.08167727,498.8863,44.86993,40.56975,0.08167727,15.68393,5.533927,0.1191383,-14.80332,0.008771168,375.4099,5.253573,40.41302,0.008771168,12.88921,16.16503,0.3353852,-14.33409,0.008770893,369.1387,4.90805,40.88225,0.008770893,38.54929,6.727294,0.1957553,-14.71648,0.01214064,370.2938,5.015503,40.49986,0.01214064,15.58061,4.641383,0.1655984,-14.87203,0.01493877,369.0305,4.890284,40.34431,0.01493877,10.92842,43.10643,0.02419722,0.6050968,5.726773,0.04475703,44.07304,0.02419722,0.2063895,0.05087924,-999.0,134541478444006332,147.84437645594872,22.121471317915873,0.0009118840098381,2.0120598946959944e-06,0.0013696299865841,2.4510000002919696e-06,10.74839973449707,0.0018121500033885,4.091630216862541e-06,0.0020025200210511,6.321649834717391e-06,0.002306800102815,1.393369984725723e-05,17,12,18,11,9,1.1791000366210938,1.101989984512329,1.139893166526831,0.129718842409824,2,True,ok,,11.8551,4.149285,8.29857,7.280129615378887,True,resolved
85,unbarred,9,unbarred,z_0.05_masked/t124.3274+52.0299.r_ellipse.txt,124.3274,52.0299,0.1117454972528966,True,0.32,44.658344410258465,-59.083988333333345,28.53,0.25,23.58,-59.56,5065,241.01,241.48,081718.56+520147.7,spec-1781-53297-0042,124.3274,52.02993,0.03854058,-18.7148,155.131,3.02876,-13.47809,0.003926175,1169.716,13.93126,41.07683,0.003926175,70.33607,38.89326,2.243312,-14.05346,0.01533994,1158.771,34.71815,40.50145,0.01533994,17.21921,20.50619,0.9664503,-14.38917,0.01406791,220.8278,4.548521,40.16574,0.01406791,65.48809,1.374393,0.1395917,-15.5659,0.03872556,68.96649,0.0,38.98901,0.03872556,13.40375,7.75534,0.1124089,-14.73642,0.006289439,248.5351,3.46045,39.81849,0.006289439,23.73214,24.15452,0.3346411,-14.25802,0.006290395,239.2152,3.591114,40.29689,0.006290395,73.41685,2.335886,0.08742173,-15.2893,0.01488463,216.5458,4.096297,39.26561,0.01488463,8.532865,6.778978,0.2398431,-14.81995,0.01488906,218.2436,4.328153,39.73496,0.01488906,24.64025,3.477769,0.1464481,-15.10975,0.01764124,216.1657,4.103971,39.44516,0.01764124,12.627,3.112297,0.1336443,-15.15435,0.01824358,221.8301,4.91751,39.40056,0.01824358,10.8757,42.25883,0.08488456,0.2019164,6.089363,0.04622053,43.22544,0.08488456,-1.0038,0.09665261,-999.0,170431243273436590,124.32735668002476,52.0299358585553,0.0003374500083737,1.177460035250988e-06,0.0005811890005134,1.7534299558974451e-06,5.742000102996826,0.0007931420113891,1.6617500477877911e-06,0.000921192986425,4.327030183048919e-06,0.0010519600473344,8.550429811293725e-06,10,25,12,14,13,1.0213899612426758,0.9574750065803528,0.9889162552319268,0.1608437809055928,1,True,ok,,7.360740000000001,2.5762590000000003,5.152518000000001,5.2102672726232,True,resolved
86,unbarred,164,unbarred,new_sample_masked/t018.3752+4.4644.r_ellipse.txt,18.3752,4.4644,0.1520341566202809,True,0.4,50.086329148352675,-8.034379433333333,37.97,0.34,37.97,-0.85,1820,243.42,246.46,011330.05+042751.9,spec-4312-55511-0732,18.37521,4.464441,0.05905792,-20.0399,286.3562,3.867687,-12.98568,0.004877342,861.5259,7.099817,41.96135,0.004877342,110.1671,58.50307,1.420846,-13.75987,0.006865342,850.0307,16.18696,41.18717,0.006865342,45.41305,19.27946,1.714725,-14.16608,0.03819893,841.0372,13.78356,40.78095,0.03819893,10.89022,5.78646,0.5333368,-14.80204,0.03954399,305.1461,4.166936,40.14499,0.03954399,16.8026,9.709786,0.1670805,-14.50877,0.007354181,307.2746,3.722479,40.43826,0.007354181,31.938,30.32401,0.525588,-14.03046,0.007358062,303.7166,4.15311,40.91658,0.007358062,96.91008,7.02297,0.594649,-14.58769,0.0362319,842.3552,13.49247,40.35935,0.0362319,4.104236,20.9231,1.721593,-14.11848,0.03623124,841.1104,13.70972,40.82855,0.03623124,12.04469,0.1239967,0.08503556,-16.34793,0.3184458,842.0274,13.64328,38.59911,0.3184458,0.0695062,3.258664,0.3303295,-14.93068,0.04353078,840.616,13.89678,40.01636,0.04353078,1.824674,42.69136,0.04695503,0.460141,5.924497,0.02683376,43.65797,0.04695503,-0.4064046,0.05408165,-999.0,113350183751867798,18.375208011195216,4.464434781516373,0.0006403640145435,2.3861000499891816e-06,0.0010478399926796,1.4601299653804745e-06,6.534850120544434,0.0016890700208023,1.5946700386848534e-06,0.0018704499816522,4.584459929901641e-06,0.0023348499089479,1.0159499652218074e-05,6,29,18,13,9,1.274340033531189,1.2217999696731567,1.2477934982687224,0.128472306986379,1,True,ok,,9.79626,3.4286909999999997,6.857381999999999,5.495606452120819,True,resolved
87,unbarred,122,unbarred,z_0.10_masked/t224.6781+21.6028.r_ellipse.txt,224.6781,21.6028,0.1096616807444874,True,0.27,39.027479852530654,43.64855166666666,28.53,0.22,23.58,48.22,16792,240.6,242.3,145842.74+213609.9,spec-2148-54526-0056,224.6781,21.60277,0.06334238,-20.72443,458.8054,11.35138,-12.58291,0.005107307,943.7398,19.32029,42.42928,0.005107307,70.81594,98.86657,1.348898,-13.15806,0.003885102,1387.016,21.25204,41.85413,0.003885102,40.22391,9.666101,3.986416,-14.18506,0.1259945,68.93102,0.01384095,40.82713,0.1259945,30.29019,10.69368,0.4842459,-14.13067,0.01817107,203.1997,2.094908,40.88152,0.01817107,43.03513,22.45014,0.3366311,-13.81053,0.00624826,204.496,2.215279,41.20166,0.00624826,86.33678,68.7354,1.049142,-13.33227,0.006247877,207.7386,2.373413,41.67992,0.006247877,247.6179,1.602346,1.090414,-14.91458,0.1674729,68.93076,0.2405232,40.09761,0.1674729,5.063536,3.853756,1.663532,-14.62857,0.1553255,69.48217,0.5514034,40.38362,0.1553255,12.15791,3.334222,1.523268,-14.62489,0.1393628,68.99564,29.06024,40.38729,0.1393628,8.177929,2.065559,0.4020489,-14.90403,0.07833064,68.95286,0.02536222,40.10816,0.07833064,6.401807,43.51205,0.01605477,0.4598546,6.719202,0.01514316,44.47866,0.01605477,-0.380419,0.02206968,-999.0,133922246781213800,224.6781001092193,21.60274798284291,0.000977930962108,1.494189973527682e-06,0.0011774599552154,1.676560032137786e-06,5.430679798126221,0.0017182100564241,1.9543099369911943e-06,0.0015642700018361,3.7146598970139166e-06,0.0017493499908596,6.733850113960216e-06,11,24,14,16,15,1.1337599754333496,1.109089970588684,1.1213571321430122,0.1872621223481047,2,True,ok,,7.360740000000001,2.5762590000000003,5.152518000000001,4.594894750571644,True,resolved
88,unbarred,183,unbarred,new_sample_masked/t220.7266+19.2872.r_ellipse.txt,220.7266,19.2872,0.049094295187376,True,0.29,32.95942570558523,47.14995,37.97,0.11,12.1,48.89,16320,241.46,241.43,144254.39+191713.8,spec-2776-54554-0409,220.7266,19.28719,0.07050572,-20.432,207.9982,2.681788,-13.06324,0.003508052,1522.49,17.62922,42.04939,0.003508052,82.00797,51.93037,1.250046,-13.61557,0.007704641,1861.402,49.79679,41.49706,0.007704641,18.39559,12.56995,1.086604,-14.32261,0.03435112,371.2795,10.79183,40.79003,0.03435112,26.36275,2.558037,0.3168612,-14.96431,0.05071692,294.9326,12.34565,40.14832,0.05071692,7.522027,4.704587,0.382397,-14.65574,0.03557924,291.224,13.35936,40.4569,0.03557924,15.21076,14.69368,1.203173,-14.17733,0.03557935,292.6777,13.16463,40.9353,0.03557935,45.05042,3.532922,0.1444007,-14.82434,0.01697049,373.4773,11.33552,40.2883,0.01697049,8.249683,10.23697,0.4025933,-14.35513,0.01697228,368.3993,10.4315,40.75751,0.01697228,24.60159,3.474697,0.1539258,-14.83182,0.01875251,369.1853,10.64488,40.28082,0.01875251,8.0056,3.245111,0.1468993,-14.85623,0.01923346,368.6415,10.37832,40.25641,0.01923346,7.589883,43.14326,0.03890779,0.199246,6.899977,0.02909458,44.10987,0.03890779,-0.9299837,0.04858303,-999.0,131142207266455147,220.72663251151351,19.287176509894167,0.0006301759858615,2.5936599286069395e-06,0.0010840400354936,2.391989937677863e-06,8.089070320129395,0.0013049599947407,3.1791801120562013e-06,0.0017853899626061,6.090100214350969e-06,0.0020349200349301,1.5980600437615067e-05,6,6,8,10,13,1.0981899499893188,1.065410017967224,1.0816758175856318,0.1391233370900652,1,True,ok,,9.79626,3.4286909999999997,6.857381999999999,6.339590742914181,True,resolved
89,unbarred,90,unbarred,z_0.05_masked/t199.7748+31.1480.r_ellipse.txt,199.7748,31.148,0.0329720481213152,True,0.52,53.16511062528238,-5.380201333333333,55.6,0.4,37.97,-8.68,13976,241.75,241.77,131905.95+310852.8,spec-2104-53852-0178,199.7748,31.14801,0.03201681,-20.31486,45.39157,0.5260828,-13.433,0.004281451,1919.341,26.62595,40.95403,0.004281451,39.98046,12.37648,0.5084256,-13.96076,0.01599638,1912.691,99.3216,40.42627,0.01599638,9.184011,6.620066,0.1514757,-14.31473,0.007962044,217.92,2.519456,40.07231,0.007962044,65.60259,1.709289,0.09380296,-14.87439,0.02198812,207.7138,5.135835,39.51265,0.02198812,15.12242,2.998881,0.2022995,-14.56582,0.02920107,207.38,5.218627,39.82121,0.02920107,30.12082,9.445782,0.6403071,-14.08744,0.02920217,206.4569,4.953601,40.29959,0.02920217,90.79298,1.309729,0.02423548,-14.96468,0.00799895,223.8945,3.151584,39.42236,0.00799895,14.15853,3.837359,0.07097473,-14.49547,0.007999723,217.1385,2.47076,39.89157,0.007999723,43.43557,1.196349,0.04368082,-15.02458,0.01572888,219.7192,2.636803,39.36246,0.01572888,12.36012,1.130052,0.04478224,-15.03827,0.01706511,216.3416,2.423044,39.34876,0.01706511,12.24455,42.57743,0.03466236,0.06366348,6.716416,0.04772476,43.54404,0.03466236,-1.312253,0.05898417,-999.0,145371997748078218,199.77478201176805,31.147989377605857,0.002332059899345,2.5184499463648535e-06,0.0041312598623335,3.242940010750317e-06,14.366100311279297,0.0056027499958872,4.269229975761846e-06,0.0068098898045718,8.104720109258778e-06,0.0078106098808348,1.7257400031667203e-05,18,20,23,17,19,1.2792600393295288,1.1869699954986572,1.2322513068057923,0.0673343895006003,1,True,ok,,14.344800000000001,5.0206800000000005,10.041360000000001,8.14879233200323,True,resolved
90,unbarred,139,unbarred,z_0.05_masked/t245.0531+40.1517.r_ellipse.txt,245.0531,40.1517,0.0649523438052318,True,0.18,33.26496935859665,-56.57125,55.6,0.15,34.52,89.91,18936,240.6,241.0,162012.75+400906.1,spec-1171-52753-0138,245.0531,40.15172,0.02850778,-20.39457,130.4582,2.1714,-13.01624,0.004622916,1092.151,12.12192,41.2662,0.004622916,105.0172,36.92638,1.072232,-13.52379,0.008252225,1251.116,25.29905,40.75865,0.008252225,26.04467,4.430215,0.6337342,-14.52959,0.06292718,344.9605,20.91159,39.75285,0.06292718,14.76652,0.9087839,0.2110591,-15.17923,0.0989232,230.8133,14.83225,39.10322,0.0989232,4.677136,1.92744,0.2833455,-14.79914,0.06235931,229.4302,13.78722,39.4833,0.06235931,10.79318,6.011535,0.8921351,-14.32076,0.06235999,227.4422,13.35442,39.96168,0.06235999,32.59391,1.876837,0.1254712,-14.83849,0.02965875,345.2218,20.62342,39.44396,0.02965875,7.225416,5.499164,0.3692279,-14.36922,0.02965106,347.6911,22.02344,39.91322,0.02965106,20.92639,1.289619,0.09372032,-15.00393,0.03132881,347.3948,20.8082,39.27851,0.03132881,4.745489,1.056133,0.089149,-15.08428,0.0365221,346.5188,21.95049,39.19816,0.0365221,3.949873,42.48734,0.04717112,0.2153612,6.254086,0.02755134,43.45395,0.04717112,-0.9400152,0.05462775,-999.0,156182450531812683,245.0531618777067,40.151717977814265,0.0025041799526661,3.84599979952327e-06,0.0039234100840985,4.0529798752686474e-06,13.665499687194824,0.0047437199391424,2.9124400953151053e-06,0.005528459791094,5.764370143879205e-06,0.0065048900432884,1.290989985136548e-05,11,30,12,19,19,1.014240026473999,0.9994450211524964,1.006815347873191,0.1821498563683911,1,True,ok,,14.344800000000001,5.0206800000000005,10.041360000000001,9.973387892041467,True,resolved
91,unbarred,31,unbarred,z_0.10_masked/t148.0398+21.7204.r_ellipse.txt,148.0398,21.7204,0.3689537435500949,True,0.23,35.98946788340458,-24.56758333333333,28.53,0.18,9.09,83.37,7933,240.96,242.11,095209.56+214313.3,spec-2295-53734-0017,148.0399,21.72036,0.07949206,-19.86422,109.4602,3.896029,-13.65836,0.01052392,1569.13,43.35498,41.56745,0.01052392,16.33336,16.63455,1.304994,-14.46837,0.03110328,1286.28,108.1866,40.75744,0.03110328,5.311156,1.414703,0.4605424,-15.50197,0.1147639,69.14514,0.0,39.72383,0.1147639,6.846757,2.751938,0.4233885,-15.32947,0.0653248,265.8749,23.77646,39.89634,0.0653248,5.188488,1.359684,0.2451288,-15.5171,0.07840316,265.5874,24.34416,39.70871,0.07840316,3.288715,4.285982,0.7728612,-15.03865,0.07839584,266.01,22.69867,40.18716,0.07839584,9.826412,2.046927e-05,2.046927e-05,-16.20364,4.165456,69.14514,0.0,39.02216,4.165456,0.0001096685,-999.0,-999.0,-999.0,-999.0,-999.0,-999.0,-999.0,-999.0,-999.0,-999.0,-999.0,-999.0,-999.0,-999.0,-999.0,-999.0,-999.0,-999.0,0.00561487,0.00561487,-16.02538,1.912519,69.14514,0.0,39.20043,1.912519,0.02872656,42.52896,0.09443378,0.2313514,6.291296,0.08451587,43.49557,0.09443378,-0.9356024,0.1267307,-999.0,134061480398615003,148.03983364110982,21.720367605167596,0.0002266550000058,9.88690999292885e-07,0.0004199350078124,1.4254000006985734e-06,5.472569942474365,0.0005895689828321,1.8922399931398104e-06,0.0006881260196678,3.817000106209889e-06,0.0007820510072633,7.521080078731757e-06,12,17,10,12,9,1.1359699964523315,1.0814499855041504,1.1083748175579071,0.1620460594996738,1,True,ok,,7.360740000000001,2.5762590000000003,5.152518000000001,4.648714422574661,True,resolved
92,unbarred,53,unbarred,z_0.10_masked/t163.6062+20.1968.r_ellipse.txt,163.6062,20.1968,0.0045436334238951,True,0.41,48.71089558422458,-27.95764166666667,28.53,0.29,14.64,-34.81,9801,241.62,241.72,105425.49+201148.4,spec-2484-54144-0136,163.6062,20.1968,0.07895705,-19.9779,48.83666,4.552613,-14.07788,0.03501116,1173.218,44.43071,41.14157,0.03501116,12.45219,8.540142,1.06314,-14.84905,0.050966,1389.854,161.5826,40.37041,0.050966,3.397031,8.822028,1.656098,-14.84287,0.065957,271.9797,23.82716,40.37659,0.065957,12.7684,2.521628,0.2557232,-15.43492,0.04097162,238.9856,13.20219,39.78454,0.04097162,7.568288,1.103602,0.134851,-15.72808,0.0530044,246.3053,14.08473,39.49137,0.0530044,3.684628,3.453487,0.4264101,-15.2496,0.05298284,241.4748,13.94859,39.96986,0.05298284,11.17876,2.131932,0.2713214,-15.40638,0.04811676,265.9538,25.64288,39.81308,0.04811676,3.601855,6.289116,0.7848288,-14.94101,0.04924037,268.162,24.96174,40.27845,0.04924037,10.25403,3.087331,0.6550826,-15.23907,0.0736309,264.5544,26.05242,39.98039,0.0736309,4.970863,1.987297,0.5115294,-15.43853,0.09461743,271.822,23.70273,39.78093,0.09461743,3.388703,42.53973,0.07905111,0.6650905,6.2116,0.1070635,43.50634,0.07905111,-0.8451381,0.1330852,-999.0,132231636061946693,163.60621135660713,20.196779020805916,0.000354537012754,2.1168100374779897e-06,0.0005694109713658,1.9317099031468388e-06,8.815279960632324,0.0007700379937887,3.579860049285344e-06,0.0008950909832492,4.501189778238768e-06,0.0010186999570578,9.007610060507432e-06,10,12,16,15,12,1.266160011291504,1.2508000135421753,1.2584565782219004,0.0847130020678681,1,True,ok,,7.360740000000001,2.5762590000000003,5.152518000000001,4.094315282041833,True,resolved
93,unbarred,85,unbarred,z_0.10_masked/t196.7980+39.7593.r_ellipse.txt,196.798,39.7593,0.0440198431374993,True,0.24,28.037363034335705,-56.32293666666666,34.52,0.09,8.26,-66.69,13655,240.57,241.36,130711.52+394533.4,spec-2088-53493-0266,196.798,39.75929,0.07318658,-20.96136,205.3819,3.316688,-13.19467,0.00299227,1400.327,11.55679,41.95307,0.00299227,87.08868,56.66203,1.187448,-13.69302,0.006627643,1597.761,30.39942,41.45473,0.006627643,23.35528,9.986187,0.5992934,-14.5523,0.02283342,221.6364,6.709215,40.59545,0.02283342,34.73583,0.5745214,0.08723246,-15.7335,0.0640151,69.10942,0.0,39.41425,0.0640151,7.568995,4.377356,0.07914865,-14.80806,0.007698228,275.3785,6.002576,40.33969,0.007698228,14.73686,13.6902,0.2493258,-14.3296,0.007700558,278.8296,5.709633,40.81815,0.007700558,43.56829,2.191828,0.09266344,-15.15204,0.01860911,226.7803,7.632852,39.99571,0.01860911,8.479228,6.441959,0.2713498,-14.68283,0.01860839,222.1998,6.942022,40.46491,0.01860839,25.5739,2.071944,0.1138008,-15.18992,0.02333031,225.7983,7.765681,39.95783,0.02333031,7.613153,1.27583,0.1088349,-15.39266,0.0368496,220.8097,6.673935,39.75509,0.0368496,4.915878,43.07945,0.0306345,0.6469185,6.581919,0.02152091,44.04606,0.0306345,-0.6757383,0.03743824,-999.0,155711967980461771,196.7980226594174,39.75928131623345,0.0008497909875586,1.7508200471638702e-06,0.0012375899823382,2.1178200313443085e-06,7.620530128479004,0.0017858799546957,2.6796099064085865e-06,0.0019649800378829,4.1119101297226734e-06,0.0022613399196416,8.848020115692634e-06,10,14,12,18,12,1.152359962463379,1.123479962348938,1.1378283382130985,0.0919594056833442,1,True,ok,,8.906160000000002,3.1171560000000005,6.234312000000001,5.47913230021206,True,resolved
94,unbarred,135,unbarred,z_0.10_masked/t241.2870+32.6560.r_ellipse.txt,241.287,32.656,0.0307503000236911,True,0.17,19.624142981068953,-15.788108833333334,25.94,0.06,5.64,86.0,18560,241.8,241.31,160508.87+323921.5,spec-1419-53144-0313,241.287,32.65599,0.09142557,-20.38368,87.00292,2.366619,-13.66161,0.007527228,1037.325,26.72836,41.69762,0.007527228,43.1318,23.29265,1.400735,-14.17971,0.01944155,1074.696,63.27916,41.17952,0.01944155,14.03384,23.38457,1.153527,-14.26094,0.01621608,329.851,5.302018,41.09829,0.01621608,48.67525,3.875029,0.6468834,-14.98521,0.06765489,359.1293,22.05064,40.37402,0.06765489,9.689752,2.081173,0.258002,-15.21521,0.05401097,358.1328,21.27842,40.14402,0.05401097,5.523517,6.475596,0.8102636,-14.73682,0.05401558,358.4052,22.04144,40.62241,0.05401558,16.45882,6.576083,0.1343048,-14.76958,0.008507094,327.1484,5.616197,40.58965,0.008507094,15.39891,19.35326,0.386385,-14.30035,0.008506116,326.7073,5.456066,41.05888,0.008506116,45.34172,4.5151,0.204917,-14.94664,0.01926744,326.4398,5.430707,40.41259,0.01926744,10.04913,4.086696,0.1967584,-14.98422,0.02034711,327.3618,5.51919,40.375,0.02034711,9.110987,43.28186,0.04527022,1.14799,6.153177,0.05505131,44.24847,0.04527022,-0.04458454,0.07127439,0.3989184,147182412869737748,241.28698500266265,32.65597769927592,0.0003291390021331,1.0646599548636004e-06,0.0005565470200963,1.290929958486231e-06,5.836259841918945,0.0007827910012565,1.3954199857835192e-06,0.0009307470172643,3.848870164802065e-06,0.001018609968014,7.0942701313470025e-06,13,22,17,15,14,0.9852330088615416,0.9278770089149476,0.956125021818131,0.0922579885734204,1,True,ok,,6.692520000000001,2.342382,4.684764,4.899739984935894,True,resolved
95,unbarred,167,unbarred,new_sample_masked/t019.8138+30.3215.r_ellipse.txt,19.8138,30.3215,0.1532732419881508,True,0.47,35.83173838685426,8.408268566666667,37.97,0.17,31.38,14.56,1979,240.36,247.08,011915.31+301917.2,spec-7727-58152-0732,19.81382,30.32146,0.05130247,-18.71454,115.2411,1.654214,-13.64714,0.004399586,1678.923,24.87693,41.16953,0.004399586,41.01258,22.946,0.8127801,-14.29264,0.01268038,1545.356,61.1735,40.52404,0.01268038,13.56122,15.31269,0.8386471,-14.58767,0.01616616,274.4077,5.145203,40.22901,0.01616616,40.88654,0.4983252,0.05466792,-16.0117,0.04605681,68.96649,0.0,38.80497,0.04605681,8.910177,10.72501,0.07529886,-14.61156,0.002645457,298.1021,1.931292,40.20512,0.002645457,47.94657,33.25232,0.2344207,-14.13315,0.002645643,297.1761,2.102184,40.68352,0.002645643,143.8892,2.802034,0.085733,-15.24896,0.01276278,268.6842,5.774117,39.56771,0.01276278,9.158957,8.157188,0.2404308,-14.77978,0.01276334,264.044,5.746483,40.0369,0.01276334,27.20152,3.663692,0.1405716,-15.13166,0.0163266,262.631,5.655496,39.68501,0.0163266,11.88773,3.087324,0.128603,-15.19955,0.01781302,267.756,5.452336,39.61713,0.01781302,10.00126,42.51051,0.04042566,0.3059421,6.416272,0.03889926,43.47712,0.04042566,-1.07903,0.05610157,-999.0,144380198137606331,19.813802893126685,30.321447166969705,0.0004167740116827,1.5498800394198042e-06,0.0008415629854425,2.058970039797714e-06,10.357199668884276,0.0011489000171422,3.065410055569373e-06,0.0013302699662745,4.765479843626963e-06,0.0013398299925029,9.048239917319734e-06,14,15,18,21,17,1.093019962310791,1.036460041999817,1.0643643718404336,0.1904112769322844,1,True,ok,,9.79626,3.4286909999999997,6.857381999999999,6.442701561066569,True,resolved
96,unbarred,62,unbarred,z_0.10_masked/t172.0543+10.3856.r_ellipse.txt,172.0543,10.3856,0.1789818460452918,True,0.22,33.22997710182216,-12.953689999999996,28.53,0.12,17.72,74.9,10766,240.63,242.1,112813.02+102308.3,spec-1223-52781-0471,172.0543,10.38565,0.05014781,-20.71338,204.2324,1.708049,-12.72329,0.002504726,1044.854,9.329929,42.07249,0.002504726,143.5126,45.2449,1.02964,-13.28263,0.007136203,1137.283,22.42511,41.51315,0.007136203,31.85181,19.38529,0.8552717,-13.74586,0.01896517,269.4915,5.531884,41.04992,0.01896517,76.23187,2.897321,0.2378092,-14.48706,0.03590595,228.9292,5.315916,40.30872,0.03590595,14.36253,4.352378,0.1205096,-14.30119,0.01179766,225.9918,4.182517,40.4946,0.01179766,21.96104,13.4093,0.3596134,-13.82276,0.01179687,223.7579,4.243262,40.97303,0.01179687,66.40572,2.50707,0.07595626,-14.6418,0.01269156,269.6929,5.880364,40.15399,0.01269156,9.732625,7.234228,0.2104016,-14.17256,0.01269239,260.1526,5.892004,40.62322,0.01269239,29.35393,2.646046,0.1037571,-14.62445,0.01674692,261.3799,6.284992,40.17133,0.01674692,10.13275,2.316039,0.1086229,-14.68372,0.02005828,262.1518,6.071455,40.11207,0.02005828,8.810246,43.45691,0.02248152,0.8415366,6.388373,0.01989171,44.42352,0.02248152,-0.1047322,0.03001831,-0.1820246,120461720542993285,172.05426717085038,10.385645193822866,0.0010447000386193,1.5322799526984454e-06,0.0014574900269508,2.1332400592655176e-06,4.628009796142578,0.0021775499917566,2.630139988468727e-06,0.0023275399580597,2.8281399409024743e-06,0.0024788200389593,7.728020136710256e-06,9,11,10,9,13,1.1596399545669556,1.128499984741211,1.1439640164944471,0.1999607920659409,2,True,ok,,7.360740000000001,2.5762590000000003,5.152518000000001,4.50409097288683,True,resolved
97,unbarred,118,unbarred,z_0.10_masked/t222.7865+27.1575.r_ellipse.txt,222.7865,27.1575,0.0770174248299724,True,0.18,31.875085629715084,46.523439999999994,41.77,0.15,37.97,68.64,16577,236.7,239.87,145108.76+270926.9,spec-2142-54208-0637,222.7865,27.15748,0.0645,-21.88569,209.1726,1.662215,-12.29202,0.003090263,957.2786,13.21337,42.73712,0.003090263,157.6726,45.14277,1.453474,-12.79301,0.008743333,1108.923,21.23757,42.23614,0.008743333,44.17165,12.02976,1.45767,-13.53369,0.05222151,309.257,11.09755,41.49545,0.05222151,40.56259,3.013582,0.2334185,-13.97844,0.03307546,241.2182,5.258088,41.0507,0.03307546,19.42408,3.751909,0.08111704,-13.87119,0.009197877,234.7543,3.777642,41.15795,0.009197877,25.03284,11.72504,0.2511908,-13.39282,0.009198254,236.0831,3.96109,41.63632,0.009198254,74.06776,2.596169,0.1004896,-14.20978,0.01659887,311.6701,10.23337,40.81936,0.01659887,8.408175,7.369775,0.2823185,-13.74052,0.01660313,309.5995,10.86133,41.28862,0.01660313,24.92832,1.998832,0.1044882,-14.33006,0.02246158,311.7548,10.36417,40.69909,0.02246158,6.225095,1.553571,0.1016485,-14.44144,0.02817431,309.1407,11.19199,40.58771,0.02817431,4.883494,44.10686,0.03332496,0.8066707,6.67112,0.02239651,45.07347,0.03332496,0.2624726,0.04015167,-0.1908618,140582227865539530,222.78652085417383,27.157489639724393,0.0032292599789798,1.90374998965126e-06,0.0037921899929642,1.9667700144054834e-06,5.470099925994873,0.0051035201177001,2.648330109877861e-06,0.0049115899018943,4.419910055730725e-06,0.0056247501634061,1.0986300367221702e-05,13,17,14,12,16,1.1791900396347046,1.0737799406051636,1.12525135446315,0.0765054994235848,1,True,ok,,10.776660000000001,3.771831,7.543662,6.7039794887419015,True,resolved
98,unbarred,12,unbarred,z_0.05_masked/t128.0090+46.2405.r_ellipse.txt,128.009,46.2405,0.0717587680310415,True,0.4,41.40647107816847,-31.083410000000004,61.16,0.24,19.49,-25.02,5446,242.4,242.72,083202.16+461425.7,spec-0549-51981-0183,128.009,46.24048,0.04566712,-20.46558,87.26706,0.8339006,-13.26614,0.003213583,1416.372,15.14125,41.4437,0.003213583,73.16161,26.52048,0.6349332,-13.75641,0.008389531,1754.19,42.66516,40.95342,0.008389531,18.68789,5.820276,0.2623259,-14.49055,0.01890141,274.2774,7.558619,40.21928,0.01890141,32.18498,1.310206,0.1226222,-15.11978,0.03918204,234.5977,10.09082,39.59005,0.03918204,8.828987,2.148996,0.246666,-14.83995,0.04943459,232.9725,9.690063,39.86988,0.04943459,16.43327,6.827601,0.7856408,-14.3616,0.04943273,241.1918,10.26122,40.34824,0.04943273,47.30239,1.393895,0.04397435,-15.0486,0.01380477,271.601,7.818255,39.66123,0.01380477,8.979657,4.078367,0.1292884,-14.57944,0.01380924,281.584,6.874537,40.13039,0.01380924,25.41026,0.9448375,0.06650838,-15.23711,0.03042608,277.4285,7.256384,39.47272,0.03042608,5.587937,0.8609785,0.06647013,-15.2669,0.03319181,280.5724,6.923101,39.44293,0.03319181,5.132183,42.52527,0.05852024,0.6236692,6.421805,0.03376063,43.49188,0.05852024,-1.069804,0.06756033,-999.0,163481280089779282,128.008987816395,46.24048331411888,-999.0,-999.0,0.0022589699365198,4.43775979874772e-06,11.947199821472168,0.0033396799117326,5.352490006771404e-06,0.0033332700841128,1.0302799637429416e-05,0.0043163900263607,1.7622000086703338e-05,1,10,10,15,9,1.101889967918396,1.0678499937057495,1.0847364635274723,0.0672945755874945,1,True,ok,,15.77928,5.522748,11.045496,10.182653917690727,True,resolved
99,unbarred,67,unbarred,z_0.10_masked/t178.3884+9.9023.r_ellipse.txt,178.3884,9.9023,0.0895383420438766,True,0.3,41.16683238940901,-14.770369000000002,31.38,0.24,11.0,10.73,11530,240.47,241.46,115333.22+095408.3,spec-1226-52734-0623,178.3884,9.902325,0.06897577,-20.35506,101.9392,2.890183,-13.46117,0.009111046,1331.198,35.05891,41.63086,0.009111046,34.9309,22.9811,1.336601,-14.04114,0.01931147,1074.218,39.97062,41.05089,0.01931147,12.63848,11.43881,1.129551,-14.4405,0.04059915,399.7264,9.932501,40.65152,0.04059915,17.40691,-999.0,-999.0,-999.0,-999.0,-999.0,-999.0,-999.0,-999.0,-999.0,13.85703,0.1289764,-14.23963,0.003658925,383.8082,3.4333,40.8524,0.003658925,31.99418,44.19074,0.4269335,-13.76124,0.003659076,379.1196,3.305357,41.33079,0.003659076,96.56329,4.558533,0.1698948,-14.80119,0.01545518,397.9937,10.39481,40.29084,0.01545518,7.641693,13.3309,0.4795494,-14.33198,0.01545743,393.8724,9.95049,40.76005,0.01545743,22.59755,5.418661,0.2285345,-14.72321,0.01757213,393.7646,10.02022,40.36881,0.01757213,9.000027,5.186975,0.2387567,-14.74005,0.0191252,395.5904,10.13078,40.35197,0.0191252,8.601879,42.84417,0.09911226,0.1514375,6.304623,0.05507946,43.81078,0.09911226,-0.6337214,0.1133887,-999.0,119881783884863259,178.38843810784994,9.902331702980188,0.0005814289906993,2.398430069661117e-06,0.0009335500071756,4.605270078172907e-06,7.363890171051025,0.0012256399495527,2.7638700430543395e-06,0.0013774200342595,4.62317984784022e-06,0.0016901700291782,1.01669002106064e-05,5,16,9,14,13,1.384160041809082,1.360200047492981,1.372127747189233,0.1768893832127336,2,True,ok,,8.09604,2.833614,5.667228,4.130248084851549,True,resolved
100,unbarred,14,unbarred,z_0.05_masked/t129.9569+48.7837.r_ellipse.txt,129.9569,48.7837,0.1839645528220684,True,0.26,32.541039904538245,-73.13764499999999,45.95,0.16,11.0,-74.38,5693,240.99,241.65,083949.64+484701.4,spec-0550-51959-0535,129.9569,48.78375,0.03919747,-20.62821,137.4703,2.573451,-12.99347,0.004048446,1100.018,15.56623,41.57689,0.004048446,88.59132,39.1283,1.506597,-13.47238,0.01019319,1171.227,29.20078,41.09798,0.01019319,27.43836,12.90922,0.7777521,-14.04898,0.02374177,283.1667,4.77897,40.52138,0.02374177,43.76391,3.070164,0.2834153,-14.64397,0.03635135,229.2271,7.287927,39.92639,0.03635135,13.77696,6.459008,0.5995998,-14.22098,0.04020632,224.4155,5.760803,40.34938,0.04020632,36.68832,20.47029,1.897593,-13.74261,0.04021028,222.7175,6.010657,40.82775,0.04021028,110.7016,3.901701,0.1032168,-14.52769,0.01020834,285.4959,5.101758,40.04267,0.01020834,14.40435,11.34399,0.2711098,-14.05856,0.0102095,276.359,5.722862,40.5118,0.0102095,43.55919,3.231314,0.1210038,-14.61891,0.01602333,278.5933,5.552495,39.95145,0.01602333,11.69013,2.620431,0.1150025,-14.70482,0.01877023,277.7449,5.32541,39.86554,0.01877023,9.602189,42.564,0.1112563,0.3534905,6.182925,0.05454812,43.53061,0.1112563,-0.7921939,0.1239091,-999.0,166541299568941174,129.95689181243765,48.78373590944795,0.0018680200446397,2.885770072680316e-06,0.003126349998638,3.0440201044257265e-06,9.80193042755127,0.0040029799565672,2.7540700102690607e-06,0.004709200002253,6.131710051704431e-06,0.0053597497753798,1.5897699995548464e-05,6,24,13,14,16,1.2007499933242798,1.1679500341415403,1.1842364610577345,0.1307247415391358,2,True,ok,,11.8551,4.149285,8.29857,7.007527865328429,True,resolved
